;Chain;Brand;Week;UnitSales;PricePU;PricePL;BasePricePU;BasePricePL;FeatOnly;DispOnly;FeatDisp;Average weekly COVID cases;Weekly holiday dummy;Average weekly temperature
1;Albert Heijn;PrivateLabel;1;266583;1.34;1.81;2.49;3.63;100;0;97;0;1;42.1428571428571
2;Albert Heijn;PrivateLabel;2;46122;2.35;3.51;2.49;3.61;0;31;0;0;0;66.8571428571429
3;Albert Heijn;PrivateLabel;3;46691;2.48;3.61;2.49;3.61;0;0;0;0;0;26.5714285714286
4;Albert Heijn;PrivateLabel;4;51753;2.49;3.6;2.51;3.59;0;0;0;0;0;33.2857142857143
5;Albert Heijn;PrivateLabel;5;36881;2.47;3.69;2.49;3.62;0;0;0;0;0;81.4285714285714
6;Albert Heijn;PrivateLabel;6;45623;2.49;3.6;2.48;3.65;0;0;0;0;0;25.4285714285714
7;Albert Heijn;PrivateLabel;7;50369;2.49;3.62;2.5;3.6;0;0;0;0;0;87.5714285714286
8;Albert Heijn;PrivateLabel;8;52684;2.46;3.59;2.5;3.61;0;0;0;0;0;100.142857142857
9;Albert Heijn;PrivateLabel;9;50113;2.46;3.57;2.5;3.61;0;0;0;0;0;96.1428571428571
10;Albert Heijn;PrivateLabel;10;62011;2.2;3.73;2.49;3.65;0;0;0;0;0;110.142857142857
11;Albert Heijn;PrivateLabel;11;57081;2.42;3.53;2.48;3.62;0;0;0;0;0;138.714285714286
12;Albert Heijn;PrivateLabel;12;54857;2.43;3.52;2.46;3.58;0;0;0;0;0;127
13;Albert Heijn;PrivateLabel;13;60509;2.41;3.5;2.47;3.56;0;0;0;0;0;175
14;Albert Heijn;PrivateLabel;14;60103;2.42;3.52;2.46;3.56;0;0;0;0;0;145.142857142857
15;Albert Heijn;PrivateLabel;15;59660;2.42;3.52;2.45;3.54;0;0;0;0;1;143.714285714286
16;Albert Heijn;PrivateLabel;16;51722;2.42;3.59;2.44;3.51;0;0;0;0;1;114.571428571429
17;Albert Heijn;PrivateLabel;17;52480;2.41;3.56;2.44;3.55;0;0;0;0;1;116.142857142857
18;Albert Heijn;PrivateLabel;18;36126;2.41;3.69;2.43;3.59;0;0;0;0;1;151
19;Albert Heijn;PrivateLabel;19;50701;2.45;3.61;2.44;3.59;0;0;0;0;0;177.428571428571
20;Albert Heijn;PrivateLabel;20;60824;2.42;3.58;2.45;3.58;0;0;0;0;0;215.428571428571
21;Albert Heijn;PrivateLabel;21;67125;2.45;3.7;2.45;3.64;0;0;0;0;1;242.285714285714
22;Albert Heijn;PrivateLabel;22;70980;2.44;3.67;2.45;3.64;0;0;0;0;0;246.142857142857
23;Albert Heijn;PrivateLabel;23;63536;2.45;3.65;2.46;3.7;0;0;0;0;1;205.571428571429
24;Albert Heijn;PrivateLabel;24;47231;2.43;3.75;2.47;3.71;0;0;0;0;0;225.285714285714
25;Albert Heijn;PrivateLabel;25;72440;2.36;3.53;2.47;3.66;0;5;0;0;0;267.285714285714
26;Albert Heijn;PrivateLabel;26;55291;2.45;3.67;2.46;3.69;0;0;0;0;0;209.714285714286
27;Albert Heijn;PrivateLabel;27;63782;2.44;3.72;2.46;3.71;0;0;0;0;0;238
28;Albert Heijn;PrivateLabel;28;57123;2.42;3.83;2.45;3.78;0;1;0;0;0;212.285714285714
29;Albert Heijn;PrivateLabel;29;46859;2.39;4.02;2.45;3.8;0;2;0;0;0;244.142857142857
30;Albert Heijn;PrivateLabel;30;45661;2.41;3.91;2.44;3.85;0;0;0;0;0;208.285714285714
31;Albert Heijn;PrivateLabel;31;45116;2.41;3.88;2.42;3.85;0;0;0;0;0;221.571428571429
32;Albert Heijn;PrivateLabel;32;72277;2.35;3.99;2.51;4.27;98;0;9;0;0;210.857142857143
33;Albert Heijn;PrivateLabel;33;60204;2.53;4.12;2.53;4.12;0;0;0;0;0;214.714285714286
34;Albert Heijn;PrivateLabel;34;75159;2.5;4.12;2.52;4.09;0;1;0;0;0;228.142857142857
35;Albert Heijn;PrivateLabel;35;93971;2.29;3.98;2.52;4.06;0;3;0;0;0;230.571428571429
36;Albert Heijn;PrivateLabel;36;59243;2.55;4.09;2.53;4.03;0;0;0;0;0;190.857142857143
37;Albert Heijn;PrivateLabel;37;71467;2.44;3.97;2.55;4.11;98;0;0;0;0;163.857142857143
38;Albert Heijn;PrivateLabel;38;65462;2.5;4.05;2.53;4.04;0;0;0;0;0;177.714285714286
39;Albert Heijn;PrivateLabel;39;63348;2.53;4.01;2.56;4.03;0;0;0;0;0;192.714285714286
40;Albert Heijn;PrivateLabel;40;62739;2.53;3.97;2.55;4.06;0;0;0;0;0;160.285714285714
41;Albert Heijn;PrivateLabel;41;55841;2.49;4.29;2.54;4.04;0;0;0;0;0;163.142857142857
42;Albert Heijn;PrivateLabel;42;58632;2.56;4.05;2.55;4.03;0;0;0;0;0;194.714285714286
43;Albert Heijn;PrivateLabel;43;60625;2.55;4.01;2.58;4.08;0;0;0;0;0;156.857142857143
44;Albert Heijn;PrivateLabel;44;64707;2.57;4.01;2.59;4.06;0;0;0;0;0;130.714285714286
45;Albert Heijn;PrivateLabel;45;68972;2.52;4.05;2.57;4.04;0;0;0;0;0;102.142857142857
46;Albert Heijn;PrivateLabel;46;65153;2.56;4.03;2.57;4.01;0;0;0;0;0;96.2857142857143
47;Albert Heijn;PrivateLabel;47;62655;2.57;3.98;2.58;4.04;0;0;0;0;0;112
48;Albert Heijn;PrivateLabel;48;54859;2.55;4.24;2.58;4.09;0;0;0;0;0;53.1428571428571
49;Albert Heijn;PrivateLabel;49;55135;2.58;4.05;2.59;4.1;0;0;0;0;0;74.1428571428571
50;Albert Heijn;PrivateLabel;50;58763;2.56;3.99;2.59;4.01;0;0;0;0;0;45.8571428571429
51;Albert Heijn;PrivateLabel;51;81701;2.54;4.16;2.6;4.11;0;0;0;0;0;84
52;Albert Heijn;PrivateLabel;52;57747;2.45;3.97;2.57;4.06;0;2;0;0;1;81.2857142857143
53;Albert Heijn;PrivateLabel;53;52727;2.55;4.01;2.57;4.03;0;0;0;0;1;98.2857142857143
54;Albert Heijn;PrivateLabel;54;60562;2.54;3.98;2.56;3.99;0;0;0;0;0;57.7142857142857
55;Albert Heijn;PrivateLabel;55;62207;2.56;4.01;2.57;4.04;0;0;0;0;0;66.8571428571429
56;Albert Heijn;PrivateLabel;56;65973;2.57;4.03;2.57;4.01;0;0;0;0;0;94.1428571428571
57;Albert Heijn;PrivateLabel;57;63233;2.6;4.05;2.58;4.04;0;0;0;0;0;79.8571428571429
58;Albert Heijn;PrivateLabel;58;56638;2.56;4.24;2.56;4.08;0;0;0;0;0;35.4285714285714
59;Albert Heijn;PrivateLabel;59;66493;2.54;4.16;2.61;4.11;0;0;0;0;0;73.7142857142857
60;Albert Heijn;PrivateLabel;60;60938;2.56;4.12;2.57;4.01;0;0;0;0;0;45.4285714285714
61;Albert Heijn;PrivateLabel;61;67556;2.44;3.93;2.57;4.06;0;2;0;0;0;-4.71428571428571
62;Albert Heijn;PrivateLabel;62;64724;2.55;3.98;2.59;4.1;0;0;0;0;0;108.571428571429
63;Albert Heijn;PrivateLabel;63;74532;2.43;3.89;2.6;4.04;0;0;0;0;0;93
64;Albert Heijn;PrivateLabel;64;64311;2.53;3.94;2.57;4.04;0;0;0;0;0;73.5714285714286
65;Albert Heijn;PrivateLabel;65;64096;2.39;3.91;2.55;4.05;0;0;0;0;1;111
66;Albert Heijn;PrivateLabel;66;60805;2.5;3.99;2.56;4.06;0;0;0;0;1;139.571428571429
67;Albert Heijn;PrivateLabel;67;64288;2.54;4.05;2.57;4.11;0;0;0;0;0;176.428571428571
68;Albert Heijn;PrivateLabel;68;74309;2.55;4.09;2.55;4.06;0;0;0;0;0;218.714285714286
69;Albert Heijn;PrivateLabel;69;60398;2.57;4.27;2.59;4.21;0;0;0;0;1;166.428571428571
70;Albert Heijn;PrivateLabel;70;58393;2.52;4.16;2.55;4.14;0;0;0;0;1;158.857142857143
71;Albert Heijn;PrivateLabel;71;74493;2.35;4;2.59;4.25;98;0;2;0;1;231.142857142857
72;Albert Heijn;PrivateLabel;72;56633;2.46;4.02;2.59;4.3;0;0;0;0;0;187.714285714286
73;Albert Heijn;PrivateLabel;73;62932;2.46;3.96;2.59;4.32;0;0;0;0;1;253
74;Albert Heijn;PrivateLabel;74;77213;2.53;3.79;2.6;4.17;0;0;0;0;0;258.285714285714
75;Albert Heijn;PrivateLabel;75;70281;2.57;3.84;2.53;3.96;0;0;0;0;0;240.142857142857
76;Albert Heijn;PrivateLabel;76;60141;2.56;4.04;2.51;4.57;99;0;0;0;0;209.428571428571
77;Albert Heijn;PrivateLabel;77;52934;2.59;3.92;2.63;4.01;0;0;0;0;0;196.428571428571
78;Albert Heijn;PrivateLabel;78;54286;2.6;3.97;2.62;4.06;0;1;0;0;0;237.285714285714
79;Albert Heijn;PrivateLabel;79;65573;2.61;3.92;2.56;3.87;0;0;0;0;0;255.714285714286
80;Albert Heijn;PrivateLabel;80;162324;1.9;2.69;2.63;3.94;98;0;72;0;0;236.142857142857
81;Albert Heijn;PrivateLabel;81;52919;2.59;3.95;2.58;3.92;0;0;0;0;0;268
82;Albert Heijn;PrivateLabel;82;71448;2.36;3.52;2.61;3.95;0;0;0;0;0;306.142857142857
83;Albert Heijn;PrivateLabel;83;66273;2.51;3.74;2.6;3.91;0;0;0;0;0;286
84;Albert Heijn;PrivateLabel;84;56462;2.59;3.9;2.6;3.94;0;0;0;0;0;255.571428571429
85;Albert Heijn;PrivateLabel;85;58827;2.49;3.85;2.62;3.95;97;0;0;0;0;233.142857142857
86;Albert Heijn;PrivateLabel;86;49558;2.6;3.95;2.63;3.98;0;0;0;0;0;222.428571428571
87;Albert Heijn;PrivateLabel;87;49838;2.58;3.88;2.6;3.93;0;0;0;0;0;198
88;Albert Heijn;PrivateLabel;88;49820;2.62;3.95;2.6;3.92;0;0;0;0;0;210.857142857143
89;Albert Heijn;PrivateLabel;89;49138;2.46;3.86;2.65;4.07;99;0;0;0;0;206.285714285714
90;Albert Heijn;PrivateLabel;90;48461;2.6;3.93;2.63;3.98;0;0;0;0;0;220.285714285714
91;Albert Heijn;PrivateLabel;91;48471;2.61;3.94;2.62;3.98;0;0;0;0;0;164.285714285714
92;Albert Heijn;PrivateLabel;92;48579;2.61;3.93;2.65;4.02;0;0;0;0;0;177
93;Albert Heijn;PrivateLabel;93;42565;2.71;4.09;2.72;4.06;0;0;0;0;0;209.714285714286
94;Albert Heijn;PrivateLabel;94;43631;2.75;4.09;2.69;4.03;0;0;0;0;0;199
95;Albert Heijn;PrivateLabel;95;40829;2.78;4.13;2.73;4.1;0;0;0;0;0;141.714285714286
96;Albert Heijn;PrivateLabel;96;43030;2.59;4.01;2.74;4.15;100;0;0;0;0;99.7142857142857
97;Albert Heijn;PrivateLabel;97;45349;2.59;3.78;2.6;3.82;0;0;0;0;0;134.714285714286
98;Albert Heijn;PrivateLabel;98;50138;2.45;3.55;2.61;3.85;0;0;0;0;0;115.857142857143
99;Albert Heijn;PrivateLabel;99;50356;2.41;3.72;2.57;3.81;98;0;0;0;0;55.8571428571429
100;Albert Heijn;PrivateLabel;100;41569;2.59;3.8;2.56;3.77;0;0;0;0;0;82.5714285714286
101;Albert Heijn;PrivateLabel;101;41667;2.6;3.8;2.6;3.82;0;0;0;0;0;114
102;Albert Heijn;PrivateLabel;102;42674;2.61;3.82;2.6;3.83;0;0;0;0;0;51.8571428571429
103;Albert Heijn;PrivateLabel;103;45820;2.65;3.96;2.59;3.83;0;0;0;0;0;87.4285714285714
104;Albert Heijn;PrivateLabel;104;36140;2.63;3.91;2.61;3.88;0;0;0;0;1;73.1428571428571
105;Albert Heijn;PrivateLabel;105;43162;2.66;3.91;2.6;3.83;0;0;0;0;1;81.2857142857143
106;Albert Heijn;PrivateLabel;106;46576;2.69;3.93;2.59;3.79;0;0;0;0;0;80.2857142857143
107;Albert Heijn;PrivateLabel;107;46007;2.69;3.93;2.69;3.96;0;0;0;0;0;65.2857142857143
108;Albert Heijn;PrivateLabel;108;61128;2.57;3.89;2.66;3.91;0;0;0;0;0;29.8571428571429
109;Albert Heijn;PrivateLabel;109;40833;2.68;3.93;2.66;3.88;0;0;0;0;0;36.7142857142857
110;Albert Heijn;PrivateLabel;110;46184;2.48;3.6;2.73;4;0;0;0;0;0;75.4285714285714
111;Albert Heijn;PrivateLabel;111;44100;2.48;3.62;2.7;3.99;0;0;0;0;0;109.142857142857
112;Albert Heijn;PrivateLabel;112;55627;2.41;3.63;2.66;3.92;0;4;0;0;0;124.714285714286
113;Albert Heijn;PrivateLabel;113;43036;2.47;3.64;2.62;3.85;0;0;0;0;0;148.142857142857
114;Albert Heijn;PrivateLabel;114;43261;2.47;3.62;2.55;3.73;0;0;0;0;0;117.428571428571
115;Albert Heijn;PrivateLabel;115;41759;2.48;3.65;2.53;3.75;0;0;0;0;0;105
116;Albert Heijn;PrivateLabel;116;46821;2.47;3.61;2.46;3.61;0;0;0;0;0;121.714285714286
117;Albert Heijn;PrivateLabel;117;49808;2.5;3.63;2.48;3.63;0;0;0;0;0;129.428571428571
118;Albert Heijn;PrivateLabel;118;49504;2.39;3.48;2.52;3.68;0;0;0;0;0;128.857142857143
119;Albert Heijn;PrivateLabel;119;47909;2.53;3.67;2.51;3.65;0;0;0;0;0;137.142857142857
120;Albert Heijn;PrivateLabel;120;49868;2.51;3.67;2.48;3.65;0;0;0;0;1;188.142857142857
121;Albert Heijn;PrivateLabel;121;50338;2.49;3.62;2.53;3.67;0;0;0;0;1;204.285714285714
122;Albert Heijn;PrivateLabel;122;45467;2.5;3.63;2.5;3.62;0;0;0;0;0;131
123;Albert Heijn;PrivateLabel;123;42831;2.51;3.66;2.5;3.63;0;0;0;0;1;137.142857142857
124;Albert Heijn;PrivateLabel;124;55000;2.43;3.61;2.52;3.65;100;0;0;0;0;168.571428571429
125;Albert Heijn;PrivateLabel;125;47490;2.48;3.6;2.49;3.62;0;0;0;0;0;188.142857142857
126;Albert Heijn;PrivateLabel;126;53297;2.48;3.59;2.51;3.63;0;0;0;0;1;201.428571428571
127;Albert Heijn;PrivateLabel;127;52930;2.49;3.59;2.47;3.58;0;0;0;0;0;219
128;Albert Heijn;PrivateLabel;128;45447;2.57;3.75;2.58;3.76;0;0;0;0;1;202.571428571429
129;Albert Heijn;PrivateLabel;129;59519;2.49;3.6;2.51;3.61;0;0;0;0;0;233.857142857143
130;Albert Heijn;PrivateLabel;130;71968;2.46;3.55;2.49;3.62;0;0;0;0;0;273.428571428571
131;Albert Heijn;PrivateLabel;131;50157;2.49;3.57;2.49;3.58;0;0;0;0;0;222.428571428571
132;Albert Heijn;PrivateLabel;132;47990;2.49;3.61;2.49;3.61;0;0;0;0;0;197
133;Albert Heijn;PrivateLabel;133;67561;2.12;3.03;2.48;3.58;0;29;0;0;0;217.571428571429
134;Albert Heijn;PrivateLabel;134;67312;2.49;3.61;2.53;3.69;0;0;0;0;0;315.428571428571
135;Albert Heijn;PrivateLabel;135;41738;2.48;3.63;2.51;3.66;0;0;0;0;0;233.714285714286
136;Albert Heijn;PrivateLabel;136;42521;2.48;3.62;2.55;3.72;0;0;0;0;0;239.285714285714
137;Albert Heijn;PrivateLabel;137;70707;2.06;2.92;2.5;3.63;99;0;33;0;0;206.142857142857
138;Albert Heijn;PrivateLabel;138;53445;2.45;3.54;2.45;3.54;0;0;0;0;0;233.428571428571
139;Albert Heijn;PrivateLabel;139;64610;2.45;3.53;2.49;3.6;0;0;0;0;0;281.142857142857
140;Albert Heijn;PrivateLabel;140;50026;2.47;3.55;2.47;3.57;0;0;0;0;0;190.285714285714
141;Albert Heijn;PrivateLabel;141;43149;2.49;3.61;2.47;3.57;0;0;0;0;0;195.571428571429
142;Albert Heijn;PrivateLabel;142;46358;2.45;3.53;2.44;3.51;0;0;0;0;0;192
143;Albert Heijn;PrivateLabel;143;46583;2.49;3.6;2.45;3.51;0;0;0;0;0;192.428571428571
144;Albert Heijn;PrivateLabel;144;44977;2.47;3.57;2.49;3.62;0;0;0;0;0;157.142857142857
145;Albert Heijn;PrivateLabel;145;47141;2.42;3.48;2.5;3.61;0;0;0;0;0;142.714285714286
146;Albert Heijn;PrivateLabel;146;45109;2.47;3.56;2.5;3.63;0;0;0;0;0;166.857142857143
147;Albert Heijn;PrivateLabel;147;40328;2.43;3.53;2.46;3.55;0;0;0;0;0;164.428571428571
148;Albert Heijn;PrivateLabel;148;45894;2.46;3.54;2.48;3.57;0;0;0;0;0;124.285714285714
149;Albert Heijn;PrivateLabel;149;56553;2.22;3.13;2.5;3.63;68;5;38;0;0;110.428571428571
150;Albert Heijn;PrivateLabel;150;44386;2.47;3.54;2.46;3.54;0;0;0;0;0;74.5714285714286
151;Albert Heijn;PrivateLabel;151;45543;2.46;3.52;2.49;3.6;0;0;0;0;0;78.7142857142857
152;Albert Heijn;PrivateLabel;152;41654;2.49;3.6;2.49;3.59;0;0;0;0;0;103.714285714286
153;Albert Heijn;PrivateLabel;153;43775;2.48;3.56;2.5;3.63;0;0;0;0;0;75.2857142857143
154;Albert Heijn;PrivateLabel;154;44940;2.47;3.55;2.54;3.6;0;0;0;0;0;79.7142857142857
155;Albert Heijn;PrivateLabel;155;44423;2.52;3.66;2.46;3.54;0;0;0;0;0;107.571428571429
156;Albert Heijn;PrivateLabel;156;36805;2.53;3.73;2.54;3.69;0;0;0;0;1;77.5714285714286
157;Albert Heijn;PrivateLabel;157;42457;2.49;3.62;2.49;3.64;0;0;0;0;1;67.5714285714286
158;Albert Heijn;PrivateLabel;158;44864;2.48;3.57;2.54;3.7;0;0;0;0;0;92.7142857142857
159;Albert Heijn;PrivateLabel;159;45932;2.48;3.57;2.54;3.66;0;0;0;0;0;105.571428571429
160;Albert Heijn;PrivateLabel;160;43426;2.48;3.59;2.51;3.65;0;0;0;0;0;52
161;Albert Heijn;PrivateLabel;161;44422;2.49;3.6;2.54;3.67;0;0;0;0;0;98.7142857142857
162;Albert Heijn;PrivateLabel;162;43829;2.49;3.6;2.5;3.63;0;0;0;0;0;93.5714285714286
163;Albert Heijn;PrivateLabel;163;51056;2.47;3.59;2.48;3.57;0;0;0;0;0;98.5714285714286
164;Albert Heijn;PrivateLabel;164;41268;2.45;3.55;2.46;3.55;0;0;0;0;0;108
165;Albert Heijn;PrivateLabel;165;48142;2.44;3.52;2.49;3.59;0;0;0;5.42857142857143;0;93.5714285714286
166;Albert Heijn;PrivateLabel;166;56147;2.37;3.44;2.47;3.58;98;0;0;66.4285714285714;0;88.8571428571429
167;Albert Heijn;PrivateLabel;167;76358;2.44;3.46;2.48;3.53;0;0;0;221.142857142857;0;111.428571428571
168;Albert Heijn;PrivateLabel;168;63408;2.45;3.47;2.47;3.54;0;0;0;623;0;113.428571428571
169;Albert Heijn;PrivateLabel;169;50453;2.46;3.52;2.49;3.55;0;0;0;1028.85714285714;0;117.142857142857
170;Albert Heijn;PrivateLabel;170;42849;2.51;3.63;2.48;3.55;0;0;0;990.714285714286;0;103.571428571429
171;Albert Heijn;PrivateLabel;171;52985;2.48;3.59;2.55;3.68;0;0;0;1086.28571428571;1;209.857142857143
172;Albert Heijn;PrivateLabel;172;48421;2.5;3.61;2.44;3.5;0;0;0;955.571428571429;1;166.285714285714
173;Albert Heijn;PrivateLabel;173;57100;2.48;3.57;2.48;3.58;0;0;0;565.714285714286;0;189
174;Albert Heijn;PrivateLabel;174;51053;2.47;3.57;2.53;3.66;0;0;0;359.571428571429;1;154.857142857143
175;Albert Heijn;PrivateLabel;175;48090;2.48;3.6;2.46;3.56;0;0;0;270.285714285714;1;188.571428571429
176;Albert Heijn;PrivateLabel;176;48620;2.46;3.56;2.52;3.66;0;0;0;176.571428571429;0;147.714285714286
177;Albert Heijn;PrivateLabel;177;53275;2.46;3.58;2.51;3.64;0;0;0;188.714285714286;1;219.142857142857
178;Albert Heijn;PrivateLabel;178;53293;2.47;3.61;2.52;3.69;0;0;0;137.857142857143;0;208.428571428571
179;Albert Heijn;PrivateLabel;179;50639;2.49;3.63;2.42;3.52;0;0;0;193.428571428571;1;207.142857142857
180;Albert Heijn;PrivateLabel;180;42878;2.52;3.71;2.52;3.69;0;0;0;159.571428571429;0;203.285714285714
181;Albert Heijn;PrivateLabel;181;49002;2.5;3.65;2.48;3.62;0;0;0;85.7142857142857;0;226
182;Albert Heijn;PrivateLabel;182;61747;2.47;3.61;2.5;3.65;0;0;0;75.8571428571429;0;267.571428571429
183;Albert Heijn;PrivateLabel;183;48240;2.47;3.59;2.49;3.63;0;0;0;58.7142857142857;0;202.571428571429
184;Albert Heijn;PrivateLabel;184;38373;2.5;3.67;2.51;3.7;0;2;0;72.2857142857143;0;188
185;Albert Heijn;PrivateLabel;185;39548;2.49;3.66;2.52;3.68;0;0;0;141.285714285714;0;215.428571428571
186;Albert Heijn;PrivateLabel;186;39880;2.48;3.63;2.49;3.6;0;3;0;197.142857142857;0;222
187;Albert Heijn;PrivateLabel;187;41261;2.46;3.64;2.51;3.67;0;0;0;394.285714285714;0;242
188;Albert Heijn;PrivateLabel;188;46102;2.48;3.72;2.49;3.66;0;0;0;606.571428571429;0;275.428571428571
189;Albert Heijn;PrivateLabel;189;56849;2.43;3.59;2.49;3.74;0;0;0;556.857142857143;0;315.571428571429
190;Albert Heijn;PrivateLabel;190;47890;2.43;3.6;2.48;3.68;0;0;0;512.714285714286;0;265.571428571429
191;Albert Heijn;PrivateLabel;191;45137;2.43;3.56;2.39;3.53;0;0;0;535.571428571429;0;201.714285714286
192;Albert Heijn;PrivateLabel;192;38836;2.5;3.67;2.48;3.65;0;3;0;832.142857142857;0;195.285714285714
193;Albert Heijn;PrivateLabel;193;38255;2.47;3.62;2.46;3.6;0;0;0;1233.14285714286;0;198.714285714286
194;Albert Heijn;PrivateLabel;194;40520;2.46;3.61;2.49;3.64;0;0;0;2039.57142857143;0;242.142857142857
195;Albert Heijn;PrivateLabel;195;50707;2.26;3.24;2.47;3.6;0;0;0;2892.57142857143;0;201
196;Albert Heijn;PrivateLabel;196;38845;2.46;3.59;2.43;3.55;0;0;0;4163.28571428571;0;162.857142857143
197;Albert Heijn;PrivateLabel;197;47341;2.26;3.23;2.46;3.57;0;0;0;6596.42857142857;0;147.285714285714
198;Albert Heijn;PrivateLabel;198;35325;2.47;3.62;2.46;3.59;0;0;0;8138.71428571429;0;127.857142857143
199;Albert Heijn;PrivateLabel;199;41199;2.31;3.34;2.44;3.59;0;0;0;9551;0;156.428571428571
200;Albert Heijn;PrivateLabel;200;37346;2.47;3.61;2.48;3.65;0;0;0;9076;0;140.714285714286
201;Albert Heijn;PrivateLabel;201;43753;2.36;3.41;2.4;3.49;0;0;0;5899.42857142857;0;143.428571428571
202;Albert Heijn;PrivateLabel;202;48500;2.33;3.36;2.44;3.55;0;0;0;5256.14285714286;0;143.285714285714
203;Albert Heijn;PrivateLabel;203;34821;2.42;3.57;2.45;3.59;0;0;0;5291.57142857143;0;123
204;Albert Heijn;PrivateLabel;204;43283;2.35;3.39;2.4;3.51;0;0;0;4827.28571428571;0;92.1428571428571
205;Albert Heijn;PrivateLabel;205;44743;2.33;3.34;2.36;3.4;0;0;0;6360.14285714286;0;68.7142857142857
206;Albert Heijn;PrivateLabel;206;43320;2.33;3.37;2.36;3.4;0;0;0;8968.71428571429;0;48.2857142857143
207;Albert Heijn;PrivateLabel;207;46276;2.37;3.45;2.36;3.43;0;0;0;11617.8571428571;0;103.428571428571
208;Albert Heijn;PrivateLabel;208;42473;2.37;3.48;2.37;3.43;0;0;0;9461.28571428571;1;100
209;Albert Heijn;EuroShopper;1;40270;1.21;1.39;1.22;1.41;0;0;0;0;1;42.1428571428571
210;Albert Heijn;EuroShopper;2;42511;1.24;1.44;1.24;1.44;0;0;0;0;0;66.8571428571429
211;Albert Heijn;EuroShopper;3;45215;1.24;1.44;1.24;1.44;0;0;0;0;0;26.5714285714286
212;Albert Heijn;EuroShopper;4;45931;1.25;1.46;1.25;1.46;0;0;0;0;0;33.2857142857143
213;Albert Heijn;EuroShopper;5;44032;1.23;1.42;1.25;1.46;0;0;0;0;0;81.4285714285714
214;Albert Heijn;EuroShopper;6;44584;1.22;1.42;1.24;1.44;0;0;0;0;0;25.4285714285714
215;Albert Heijn;EuroShopper;7;46952;1.22;1.42;1.23;1.42;0;0;0;0;0;87.5714285714286
216;Albert Heijn;EuroShopper;8;48173;1.23;1.43;1.24;1.45;0;0;0;0;0;100.142857142857
217;Albert Heijn;EuroShopper;9;43356;1.24;1.44;1.25;1.46;0;0;0;0;0;96.1428571428571
218;Albert Heijn;EuroShopper;10;45248;1.24;1.44;1.21;1.4;0;0;0;0;0;110.142857142857
219;Albert Heijn;EuroShopper;11;47588;1.23;1.42;1.24;1.44;0;0;0;0;0;138.714285714286
220;Albert Heijn;EuroShopper;12;48306;1.23;1.43;1.23;1.42;0;0;0;0;0;127
221;Albert Heijn;EuroShopper;13;49460;1.23;1.42;1.23;1.43;0;0;0;0;0;175
222;Albert Heijn;EuroShopper;14;50078;1.22;1.41;1.22;1.4;0;0;0;0;0;145.142857142857
223;Albert Heijn;EuroShopper;15;48859;1.23;1.42;1.21;1.38;0;0;0;0;1;143.714285714286
224;Albert Heijn;EuroShopper;16;41834;1.23;1.43;1.26;1.47;0;0;0;0;1;114.571428571429
225;Albert Heijn;EuroShopper;17;40551;1.23;1.43;1.24;1.45;0;0;0;0;1;116.142857142857
226;Albert Heijn;EuroShopper;18;39990;1.2;1.38;1.21;1.39;0;0;0;0;1;151
227;Albert Heijn;EuroShopper;19;45807;1.21;1.39;1.19;1.37;0;0;0;0;0;177.428571428571
228;Albert Heijn;EuroShopper;20;53666;1.21;1.38;1.23;1.43;0;0;0;0;0;215.428571428571
229;Albert Heijn;EuroShopper;21;57938;1.2;1.38;1.2;1.38;83;0;0;0;1;242.285714285714
230;Albert Heijn;EuroShopper;22;56422;1.21;1.4;1.21;1.38;0;0;0;0;0;246.142857142857
231;Albert Heijn;EuroShopper;23;49847;1.25;1.43;1.2;1.37;0;0;0;0;1;205.571428571429
232;Albert Heijn;EuroShopper;24;49349;1.24;1.41;1.2;1.37;0;0;0;0;0;225.285714285714
233;Albert Heijn;EuroShopper;25;57521;1.24;1.41;1.25;1.43;0;0;0;0;0;267.285714285714
234;Albert Heijn;EuroShopper;26;48371;1.25;1.44;1.24;1.41;0;0;0;0;0;209.714285714286
235;Albert Heijn;EuroShopper;27;52214;1.25;1.43;1.24;1.42;0;0;0;0;0;238
236;Albert Heijn;EuroShopper;28;47412;1.24;1.42;1.24;1.42;0;0;0;0;0;212.285714285714
237;Albert Heijn;EuroShopper;29;45520;1.22;1.38;1.25;1.44;0;0;0;0;0;244.142857142857
238;Albert Heijn;EuroShopper;30;38122;1.23;1.41;1.25;1.43;0;0;0;0;0;208.285714285714
239;Albert Heijn;EuroShopper;31;38156;1.23;1.41;1.24;1.42;0;0;0;0;0;221.571428571429
240;Albert Heijn;EuroShopper;32;38231;1.23;1.4;1.22;1.4;0;0;0;0;0;210.857142857143
241;Albert Heijn;EuroShopper;33;40659;1.23;1.4;1.22;1.39;0;0;0;0;0;214.714285714286
242;Albert Heijn;EuroShopper;34;45396;1.24;1.42;1.22;1.39;0;0;0;0;0;228.142857142857
243;Albert Heijn;EuroShopper;35;46700;1.25;1.44;1.23;1.41;0;0;0;0;0;230.571428571429
244;Albert Heijn;EuroShopper;36;42664;1.25;1.43;1.26;1.44;0;0;0;0;0;190.857142857143
245;Albert Heijn;EuroShopper;37;41524;1.25;1.44;1.25;1.43;81;0;0;0;0;163.857142857143
246;Albert Heijn;EuroShopper;38;42200;1.25;1.44;1.23;1.4;0;0;0;0;0;177.714285714286
247;Albert Heijn;EuroShopper;39;40995;1.26;1.45;1.26;1.45;0;0;0;0;0;192.714285714286
248;Albert Heijn;EuroShopper;40;40584;1.26;1.45;1.25;1.43;0;0;0;0;0;160.285714285714
249;Albert Heijn;EuroShopper;41;37813;1.24;1.42;1.25;1.44;0;0;0;0;0;163.142857142857
250;Albert Heijn;EuroShopper;42;40621;1.25;1.43;1.25;1.44;0;0;0;0;0;194.714285714286
251;Albert Heijn;EuroShopper;43;40676;1.26;1.45;1.25;1.43;0;0;0;0;0;156.857142857143
252;Albert Heijn;EuroShopper;44;50220;1.36;1.61;1.21;1.38;0;0;0;0;0;130.714285714286
253;Albert Heijn;EuroShopper;45;41029;1.27;1.46;1.32;1.55;0;0;0;0;0;102.142857142857
254;Albert Heijn;EuroShopper;46;42625;1.26;1.46;1.3;1.51;0;0;0;0;0;96.2857142857143
255;Albert Heijn;EuroShopper;47;42402;1.26;1.45;1.3;1.51;0;0;0;0;0;112
256;Albert Heijn;EuroShopper;48;38876;1.24;1.42;1.25;1.44;0;0;0;0;0;53.1428571428571
257;Albert Heijn;EuroShopper;49;41047;1.23;1.41;1.25;1.44;0;0;0;0;0;74.1428571428571
258;Albert Heijn;EuroShopper;50;40723;1.25;1.45;1.24;1.42;0;0;0;0;0;45.8571428571429
259;Albert Heijn;EuroShopper;51;47943;1.26;1.46;1.27;1.46;0;0;0;0;0;84
260;Albert Heijn;EuroShopper;52;29533;1.28;1.49;1.27;1.48;0;0;0;0;1;81.2857142857143
261;Albert Heijn;EuroShopper;53;33905;1.27;1.47;1.28;1.49;0;0;0;0;1;98.2857142857143
262;Albert Heijn;EuroShopper;54;38700;1.27;1.48;1.27;1.48;0;0;0;0;0;57.7142857142857
263;Albert Heijn;EuroShopper;55;40106;1.26;1.46;1.25;1.44;0;0;0;0;0;66.8571428571429
264;Albert Heijn;EuroShopper;56;41346;1.27;1.47;1.27;1.47;0;1;0;0;0;94.1428571428571
265;Albert Heijn;EuroShopper;57;40482;1.27;1.47;1.27;1.48;0;0;0;0;0;79.8571428571429
266;Albert Heijn;EuroShopper;58;40507;1.25;1.43;1.28;1.49;0;0;0;0;0;35.4285714285714
267;Albert Heijn;EuroShopper;59;40414;1.25;1.44;1.25;1.43;0;0;0;0;0;73.7142857142857
268;Albert Heijn;EuroShopper;60;37624;1.27;1.47;1.27;1.47;0;0;0;0;0;45.4285714285714
269;Albert Heijn;EuroShopper;61;36823;1.31;1.51;1.26;1.46;0;0;0;0;0;-4.71428571428571
270;Albert Heijn;EuroShopper;62;40701;1.3;1.51;1.25;1.45;0;0;0;0;0;108.571428571429
271;Albert Heijn;EuroShopper;63;40667;1.3;1.5;1.32;1.54;0;0;0;0;0;93
272;Albert Heijn;EuroShopper;64;42596;1.3;1.51;1.26;1.44;0;0;0;0;0;73.5714285714286
273;Albert Heijn;EuroShopper;65;40088;1.29;1.49;1.33;1.55;0;0;0;0;1;111
274;Albert Heijn;EuroShopper;66;39168;1.3;1.49;1.29;1.49;0;0;0;0;1;139.571428571429
275;Albert Heijn;EuroShopper;67;42006;1.3;1.49;1.3;1.5;0;0;0;0;0;176.428571428571
276;Albert Heijn;EuroShopper;68;49752;1.27;1.46;1.28;1.46;0;0;0;0;0;218.714285714286
277;Albert Heijn;EuroShopper;69;43174;1.29;1.49;1.28;1.46;0;0;0;0;1;166.428571428571
278;Albert Heijn;EuroShopper;70;40223;1.29;1.48;1.3;1.5;0;0;0;0;1;158.857142857143
279;Albert Heijn;EuroShopper;71;46997;1.26;1.43;1.29;1.48;0;0;0;0;1;231.142857142857
280;Albert Heijn;EuroShopper;72;45796;1.27;1.45;1.29;1.49;0;0;0;0;0;187.714285714286
281;Albert Heijn;EuroShopper;73;52827;1.28;1.47;1.27;1.45;0;0;0;0;1;253
282;Albert Heijn;EuroShopper;74;55254;1.25;1.41;1.25;1.42;0;0;0;0;0;258.285714285714
283;Albert Heijn;EuroShopper;75;51277;1.24;1.41;1.24;1.4;0;0;0;0;0;240.142857142857
284;Albert Heijn;EuroShopper;76;46239;1.23;1.39;1.24;1.41;0;0;0;0;0;209.428571428571
285;Albert Heijn;EuroShopper;77;46148;1.24;1.41;1.24;1.4;0;0;0;0;0;196.428571428571
286;Albert Heijn;EuroShopper;78;48371;1.23;1.39;1.23;1.39;0;0;0;0;0;237.285714285714
287;Albert Heijn;EuroShopper;79;53975;1.22;1.37;1.21;1.36;0;0;0;0;0;255.714285714286
288;Albert Heijn;EuroShopper;80;44910;1.19;1.33;1.25;1.42;0;0;0;0;0;236.142857142857
289;Albert Heijn;EuroShopper;81;53910;1.18;1.32;1.19;1.33;0;0;0;0;0;268
290;Albert Heijn;EuroShopper;82;58593;1.18;1.31;1.23;1.38;0;0;0;0;0;306.142857142857
291;Albert Heijn;EuroShopper;83;54768;1.18;1.32;1.21;1.35;0;0;0;0;0;286
292;Albert Heijn;EuroShopper;84;43364;1.29;1.48;1.24;1.4;0;0;0;0;0;255.571428571429
293;Albert Heijn;EuroShopper;85;39207;1.31;1.52;1.25;1.42;0;0;0;0;0;233.142857142857
294;Albert Heijn;EuroShopper;86;44246;1.22;1.38;1.2;1.34;0;0;0;0;0;222.428571428571
295;Albert Heijn;EuroShopper;87;42781;1.22;1.38;1.21;1.36;0;0;0;0;0;198
296;Albert Heijn;EuroShopper;88;41473;1.23;1.4;1.22;1.38;0;0;0;0;0;210.857142857143
297;Albert Heijn;EuroShopper;89;41716;1.21;1.37;1.2;1.34;0;0;0;0;0;206.285714285714
298;Albert Heijn;EuroShopper;90;45592;1.21;1.37;1.21;1.37;0;0;0;0;0;220.285714285714
299;Albert Heijn;EuroShopper;91;41692;1.23;1.39;1.21;1.37;0;0;0;0;0;164.285714285714
300;Albert Heijn;EuroShopper;92;41056;1.22;1.38;1.19;1.34;0;0;0;0;0;177
301;Albert Heijn;EuroShopper;93;40048;1.23;1.38;1.25;1.41;0;0;0;0;0;209.714285714286
302;Albert Heijn;EuroShopper;94;40001;1.24;1.39;1.26;1.42;0;0;0;0;0;199
303;Albert Heijn;EuroShopper;95;35744;1.25;1.41;1.25;1.42;0;0;0;0;0;141.714285714286
304;Albert Heijn;EuroShopper;96;35536;1.24;1.38;1.21;1.36;0;0;0;0;0;99.7142857142857
305;Albert Heijn;EuroShopper;97;45972;1.36;1.57;1.29;1.48;0;0;0;0;0;134.714285714286
306;Albert Heijn;EuroShopper;98;38257;1.23;1.38;1.23;1.38;0;0;0;0;0;115.857142857143
307;Albert Heijn;EuroShopper;99;37183;1.23;1.38;1.21;1.36;1;0;0;0;0;55.8571428571429
308;Albert Heijn;EuroShopper;100;36285;1.23;1.38;1.23;1.37;0;0;0;0;0;82.5714285714286
309;Albert Heijn;EuroShopper;101;36695;1.24;1.39;1.24;1.39;0;0;0;0;0;114
310;Albert Heijn;EuroShopper;102;36272;1.24;1.39;1.26;1.42;0;0;0;0;0;51.8571428571429
311;Albert Heijn;EuroShopper;103;41206;1.24;1.38;1.24;1.39;0;0;0;0;0;87.4285714285714
312;Albert Heijn;EuroShopper;104;27756;1.25;1.4;1.27;1.44;0;0;0;0;1;73.1428571428571
313;Albert Heijn;EuroShopper;105;32063;1.3;1.47;1.26;1.41;0;0;0;0;1;81.2857142857143
314;Albert Heijn;EuroShopper;106;35631;1.29;1.45;1.25;1.4;0;0;0;0;0;80.2857142857143
315;Albert Heijn;EuroShopper;107;34933;1.3;1.46;1.25;1.4;0;0;0;0;0;65.2857142857143
316;Albert Heijn;EuroShopper;108;40027;1.27;1.42;1.28;1.43;0;0;0;0;0;29.8571428571429
317;Albert Heijn;EuroShopper;109;36168;1.3;1.45;1.32;1.49;0;0;0;0;0;36.7142857142857
318;Albert Heijn;EuroShopper;110;36611;1.3;1.45;1.28;1.44;0;0;0;0;0;75.4285714285714
319;Albert Heijn;EuroShopper;111;35717;1.28;1.43;1.29;1.44;0;0;0;0;0;109.142857142857
320;Albert Heijn;EuroShopper;112;36441;1.27;1.41;1.28;1.43;0;0;0;0;0;124.714285714286
321;Albert Heijn;EuroShopper;113;36450;1.27;1.41;1.32;1.49;0;0;0;0;0;148.142857142857
322;Albert Heijn;EuroShopper;114;35002;1.28;1.42;1.27;1.41;0;0;0;0;0;117.428571428571
323;Albert Heijn;EuroShopper;115;35153;1.25;1.39;1.26;1.4;0;0;0;0;0;105
324;Albert Heijn;EuroShopper;116;37285;1.25;1.38;1.26;1.39;0;0;0;0;0;121.714285714286
325;Albert Heijn;EuroShopper;117;37737;1.25;1.39;1.29;1.44;0;0;0;0;0;129.428571428571
326;Albert Heijn;EuroShopper;118;37515;1.24;1.37;1.31;1.47;0;0;0;0;0;128.857142857143
327;Albert Heijn;EuroShopper;119;40138;1.23;1.36;1.27;1.41;0;0;0;0;0;137.142857142857
328;Albert Heijn;EuroShopper;120;40444;1.21;1.34;1.27;1.42;0;0;0;0;1;188.142857142857
329;Albert Heijn;EuroShopper;121;39759;1.21;1.33;1.27;1.42;0;0;0;0;1;204.285714285714
330;Albert Heijn;EuroShopper;122;35944;1.22;1.35;1.23;1.37;0;0;0;0;0;131
331;Albert Heijn;EuroShopper;123;36548;1.21;1.34;1.19;1.3;0;0;0;0;1;137.142857142857
332;Albert Heijn;EuroShopper;124;39735;1.21;1.34;1.22;1.36;0;0;0;0;0;168.571428571429
333;Albert Heijn;EuroShopper;125;38788;1.22;1.35;1.22;1.35;0;0;0;0;0;188.142857142857
334;Albert Heijn;EuroShopper;126;40332;1.22;1.35;1.2;1.33;0;0;0;0;1;201.428571428571
335;Albert Heijn;EuroShopper;127;41835;1.22;1.36;1.25;1.39;0;0;0;0;0;219
336;Albert Heijn;EuroShopper;128;40849;1.21;1.34;1.22;1.34;0;0;0;0;1;202.571428571429
337;Albert Heijn;EuroShopper;129;48259;1.21;1.33;1.24;1.37;0;0;0;0;0;233.857142857143
338;Albert Heijn;EuroShopper;130;53884;1.21;1.33;1.23;1.36;0;0;0;0;0;273.428571428571
339;Albert Heijn;EuroShopper;131;42566;1.17;1.29;1.17;1.29;0;2;0;0;0;222.428571428571
340;Albert Heijn;EuroShopper;132;38597;1.17;1.28;1.17;1.28;0;2;0;0;0;197
341;Albert Heijn;EuroShopper;133;36963;1.15;1.26;1.18;1.29;0;0;0;0;0;217.571428571429
342;Albert Heijn;EuroShopper;134;53050;1.14;1.24;1.18;1.3;0;0;0;0;0;315.428571428571
343;Albert Heijn;EuroShopper;135;37697;1.13;1.23;1.18;1.29;0;0;0;0;0;233.714285714286
344;Albert Heijn;EuroShopper;136;37970;1.14;1.24;1.14;1.25;0;0;0;0;0;239.285714285714
345;Albert Heijn;EuroShopper;137;35394;1.14;1.24;1.15;1.25;0;0;0;0;0;206.142857142857
346;Albert Heijn;EuroShopper;138;42473;1.14;1.24;1.14;1.24;0;0;0;0;0;233.428571428571
347;Albert Heijn;EuroShopper;139;48529;1.15;1.26;1.15;1.25;0;0;0;0;0;281.142857142857
348;Albert Heijn;EuroShopper;140;38885;1.15;1.25;1.12;1.22;0;0;0;0;0;190.285714285714
349;Albert Heijn;EuroShopper;141;36529;1.14;1.24;1.16;1.27;0;0;0;0;0;195.571428571429
350;Albert Heijn;EuroShopper;142;36682;1.16;1.26;1.18;1.3;0;0;0;0;0;192
351;Albert Heijn;EuroShopper;143;31581;1.18;1.29;1.13;1.23;0;0;0;0;0;192.428571428571
352;Albert Heijn;EuroShopper;144;32455;1.16;1.27;1.17;1.28;0;0;0;0;0;157.142857142857
353;Albert Heijn;EuroShopper;145;32511;1.17;1.28;1.18;1.3;0;0;0;0;0;142.714285714286
354;Albert Heijn;EuroShopper;146;32332;1.16;1.27;1.18;1.3;0;0;0;0;0;166.857142857143
355;Albert Heijn;EuroShopper;147;32732;1.15;1.25;1.15;1.25;0;0;0;0;0;164.428571428571
356;Albert Heijn;EuroShopper;148;33926;1.2;1.32;1.17;1.29;0;0;0;0;0;124.285714285714
357;Albert Heijn;EuroShopper;149;36633;1.31;1.48;1.24;1.38;0;0;0;0;0;110.428571428571
358;Albert Heijn;EuroShopper;150;31341;1.21;1.34;1.25;1.39;0;0;0;0;0;74.5714285714286
359;Albert Heijn;EuroShopper;151;32410;1.2;1.33;1.2;1.33;0;0;0;0;0;78.7142857142857
360;Albert Heijn;EuroShopper;152;31264;1.19;1.31;1.21;1.34;0;0;0;0;0;103.714285714286
361;Albert Heijn;EuroShopper;153;31874;1.2;1.32;1.2;1.33;0;0;0;0;0;75.2857142857143
362;Albert Heijn;EuroShopper;154;33013;1.2;1.32;1.18;1.29;0;0;0;0;0;79.7142857142857
363;Albert Heijn;EuroShopper;155;34469;1.17;1.29;1.17;1.28;0;0;0;0;0;107.571428571429
364;Albert Heijn;EuroShopper;156;24348;1.22;1.35;1.23;1.36;0;0;0;0;1;77.5714285714286
365;Albert Heijn;EuroShopper;157;27225;1.23;1.36;1.23;1.36;0;0;0;0;1;67.5714285714286
366;Albert Heijn;EuroShopper;158;29324;1.21;1.34;1.19;1.31;0;0;0;0;0;92.7142857142857
367;Albert Heijn;EuroShopper;159;31253;1.22;1.35;1.2;1.32;0;0;0;0;0;105.571428571429
368;Albert Heijn;EuroShopper;160;31361;1.18;1.29;1.19;1.31;0;0;0;0;0;52
369;Albert Heijn;EuroShopper;161;30428;1.2;1.32;1.2;1.32;0;0;0;0;0;98.7142857142857
370;Albert Heijn;EuroShopper;162;31108;1.19;1.31;1.18;1.3;0;0;0;0;0;93.5714285714286
371;Albert Heijn;EuroShopper;163;32298;1.18;1.3;1.2;1.32;0;0;0;0;0;98.5714285714286
372;Albert Heijn;EuroShopper;164;31580;1.16;1.27;1.2;1.32;0;0;0;0;0;108
373;Albert Heijn;EuroShopper;165;33278;1.19;1.3;1.19;1.3;0;1;0;5.42857142857143;0;93.5714285714286
374;Albert Heijn;EuroShopper;166;31576;1.18;1.3;1.12;1.21;0;0;0;66.4285714285714;0;88.8571428571429
375;Albert Heijn;EuroShopper;167;52368;1.22;1.35;1.21;1.33;0;0;0;221.142857142857;0;111.428571428571
376;Albert Heijn;EuroShopper;168;44195;1.21;1.34;1.21;1.34;0;0;0;623;0;113.428571428571
377;Albert Heijn;EuroShopper;169;34565;1.2;1.33;1.19;1.31;0;0;0;1028.85714285714;0;117.142857142857
378;Albert Heijn;EuroShopper;170;30565;1.2;1.32;1.19;1.3;0;0;0;990.714285714286;0;103.571428571429
379;Albert Heijn;EuroShopper;171;34441;1.2;1.32;1.22;1.35;0;0;0;1086.28571428571;1;209.857142857143
380;Albert Heijn;EuroShopper;172;29675;1.21;1.34;1.23;1.37;0;0;0;955.571428571429;1;166.285714285714
381;Albert Heijn;EuroShopper;173;35600;1.2;1.33;1.19;1.31;0;0;0;565.714285714286;0;189
382;Albert Heijn;EuroShopper;174;31769;1.21;1.34;1.17;1.28;0;0;0;359.571428571429;1;154.857142857143
383;Albert Heijn;EuroShopper;175;31669;1.18;1.29;1.17;1.28;0;0;0;270.285714285714;1;188.571428571429
384;Albert Heijn;EuroShopper;176;32028;1.19;1.31;1.2;1.32;0;0;0;176.571428571429;0;147.714285714286
385;Albert Heijn;EuroShopper;177;36131;1.19;1.3;1.15;1.25;0;0;0;188.714285714286;1;219.142857142857
386;Albert Heijn;EuroShopper;178;35704;1.21;1.34;1.15;1.26;0;0;0;137.857142857143;0;208.428571428571
387;Albert Heijn;EuroShopper;179;36028;1.19;1.31;1.18;1.3;0;0;0;193.428571428571;1;207.142857142857
388;Albert Heijn;EuroShopper;180;32145;1.2;1.31;1.18;1.29;0;0;0;159.571428571429;0;203.285714285714
389;Albert Heijn;EuroShopper;181;35823;1.21;1.32;1.19;1.31;0;0;0;85.7142857142857;0;226
390;Albert Heijn;EuroShopper;182;45502;1.21;1.31;1.19;1.3;0;0;0;75.8571428571429;0;267.571428571429
391;Albert Heijn;EuroShopper;183;37503;1.19;1.3;1.18;1.28;0;0;0;58.7142857142857;0;202.571428571429
392;Albert Heijn;EuroShopper;184;32439;1.16;1.25;1.17;1.27;0;2;0;72.2857142857143;0;188
393;Albert Heijn;EuroShopper;185;33179;1.16;1.25;1.15;1.24;0;0;0;141.285714285714;0;215.428571428571
394;Albert Heijn;EuroShopper;186;32985;1.16;1.26;1.15;1.24;0;0;0;197.142857142857;0;222
395;Albert Heijn;EuroShopper;187;33106;1.16;1.26;1.18;1.28;0;0;0;394.285714285714;0;242
396;Albert Heijn;EuroShopper;188;40822;1.14;1.23;1.18;1.28;0;0;0;606.571428571429;0;275.428571428571
397;Albert Heijn;EuroShopper;189;50481;1.12;1.2;1.12;1.21;0;0;0;556.857142857143;0;315.571428571429
398;Albert Heijn;EuroShopper;190;39890;1.08;1.15;1.11;1.19;0;0;0;512.714285714286;0;265.571428571429
399;Albert Heijn;EuroShopper;191;33165;1.07;1.14;1.07;1.14;0;0;0;535.571428571429;0;201.714285714286
400;Albert Heijn;EuroShopper;192;31216;1.05;1.11;1.07;1.13;0;0;0;832.142857142857;0;195.285714285714
401;Albert Heijn;EuroShopper;193;27888;1.04;1.1;1.06;1.12;0;0;0;1233.14285714286;0;198.714285714286
402;Albert Heijn;EuroShopper;194;32476;1.03;1.09;1.05;1.12;0;0;0;2039.57142857143;0;242.142857142857
403;Albert Heijn;EuroShopper;195;36190;1.01;1.1;1.03;1.09;0;0;0;2892.57142857143;0;201
404;Albert Heijn;EuroShopper;196;29658;1.02;1.08;1.04;1.1;0;0;0;4163.28571428571;0;162.857142857143
405;Albert Heijn;EuroShopper;197;30731;1.03;1.11;1;1.05;0;0;0;6596.42857142857;0;147.285714285714
406;Albert Heijn;EuroShopper;198;26149;1.01;1.07;1.01;1.06;0;0;0;8138.71428571429;0;127.857142857143
407;Albert Heijn;EuroShopper;199;28793;1;1.07;1.01;1.07;0;0;0;9551;0;156.428571428571
408;Albert Heijn;EuroShopper;200;28996;0.97;1.04;1.04;1.11;0;2;0;9076;0;140.714285714286
409;Albert Heijn;EuroShopper;201;28551;0.82;0.88;0.9;0.93;0;3;0;5899.42857142857;0;143.428571428571
410;Albert Heijn;EuroShopper;202;25837;0.77;0.79;0.87;0.89;0;3;0;5256.14285714286;0;143.285714285714
411;Albert Heijn;EuroShopper;203;23461;0.75;0.76;0.8;0.81;0;3;0;5291.57142857143;0;123
412;Albert Heijn;EuroShopper;204;22885;0.74;0.75;1.03;1.11;0;0;0;4827.28571428571;0;92.1428571428571
413;Albert Heijn;EuroShopper;205;23055;0.74;0.74;0.75;0.75;0;0;0;6360.14285714286;0;68.7142857142857
414;Albert Heijn;EuroShopper;206;22687;0.73;0.73;0.77;0.78;0;0;0;8968.71428571429;0;48.2857142857143
415;Albert Heijn;EuroShopper;207;22726;0.73;0.73;0.73;0.73;0;0;0;11617.8571428571;0;103.428571428571
416;Albert Heijn;EuroShopper;208;18489;0.73;0.73;0.73;0.73;0;0;0;9461.28571428571;1;100
417;Albert Heijn;KarvanCevitam;1;83858;2.97;4.13;2.95;4.06;0;0;0;0;1;42.1428571428571
418;Albert Heijn;KarvanCevitam;2;95856;2.97;4.1;2.95;4.1;0;0;0;0;0;66.8571428571429
419;Albert Heijn;KarvanCevitam;3;102593;2.97;4.09;2.97;4.05;0;0;0;0;0;26.5714285714286
420;Albert Heijn;KarvanCevitam;4;108444;2.97;4.09;2.97;4.08;0;0;0;0;0;33.2857142857143
421;Albert Heijn;KarvanCevitam;5;599642;2.06;2.79;2.94;4.05;100;0;100;0;0;81.4285714285714
422;Albert Heijn;KarvanCevitam;6;84985;2.9;4.02;2.95;4.1;0;7;0;0;0;25.4285714285714
423;Albert Heijn;KarvanCevitam;7;93848;2.96;4.13;2.97;4.09;0;0;0;0;0;87.5714285714286
424;Albert Heijn;KarvanCevitam;8;100576;2.96;4.13;2.97;4.11;0;0;0;0;0;100.142857142857
425;Albert Heijn;KarvanCevitam;9;101340;2.96;4.09;2.97;4.1;0;0;0;0;0;96.1428571428571
426;Albert Heijn;KarvanCevitam;10;104811;2.96;4.07;2.97;4.08;0;0;0;0;0;110.142857142857
427;Albert Heijn;KarvanCevitam;11;113681;2.96;4.06;2.97;4.11;0;0;0;0;0;138.714285714286
428;Albert Heijn;KarvanCevitam;12;117540;2.96;4.08;2.97;4.08;0;0;0;0;0;127
429;Albert Heijn;KarvanCevitam;13;122077;2.96;4.09;2.97;4.07;0;0;0;0;0;175
430;Albert Heijn;KarvanCevitam;14;119864;2.96;4.1;2.97;4.09;0;0;0;0;0;145.142857142857
431;Albert Heijn;KarvanCevitam;15;128387;2.97;4.09;2.97;4.07;0;0;0;0;1;143.714285714286
432;Albert Heijn;KarvanCevitam;16;113079;2.96;4.13;2.97;4.1;0;0;0;0;1;114.571428571429
433;Albert Heijn;KarvanCevitam;17;109003;2.96;4.12;2.96;4.1;0;0;0;0;1;116.142857142857
434;Albert Heijn;KarvanCevitam;18;605074;2.01;2.72;2.96;4.11;100;0;99;0;1;151
435;Albert Heijn;KarvanCevitam;19;105187;2.82;3.96;2.97;4.13;0;10;0;0;0;177.428571428571
436;Albert Heijn;KarvanCevitam;20;120801;2.94;4.15;2.96;4.14;0;4;0;0;0;215.428571428571
437;Albert Heijn;KarvanCevitam;21;208662;2.64;3.77;2.96;4.17;0;44;0;0;1;242.285714285714
438;Albert Heijn;KarvanCevitam;22;163744;3;3.97;2.95;4.13;7;23;7;0;0;246.142857142857
439;Albert Heijn;KarvanCevitam;23;132649;2.97;4.07;2.98;4.12;0;16;0;0;1;205.571428571429
440;Albert Heijn;KarvanCevitam;24;741177;2.06;2.79;2.96;4.13;100;6;98;0;0;225.285714285714
441;Albert Heijn;KarvanCevitam;25;131339;2.91;4.14;2.92;4.08;0;6;0;0;0;267.285714285714
442;Albert Heijn;KarvanCevitam;26;105583;2.96;4.19;2.96;4.16;0;1;0;0;0;209.714285714286
443;Albert Heijn;KarvanCevitam;27;126211;2.96;4.21;2.96;4.17;0;12;0;0;0;238
444;Albert Heijn;KarvanCevitam;28;114701;2.98;4.21;2.97;4.18;0;16;0;0;0;212.285714285714
445;Albert Heijn;KarvanCevitam;29;519746;2.1;2.88;2.97;4.22;100;0;97;0;0;244.142857142857
446;Albert Heijn;KarvanCevitam;30;87498;2.91;4.23;2.95;4.22;0;22;0;0;0;208.285714285714
447;Albert Heijn;KarvanCevitam;31;87589;2.95;4.25;2.96;4.27;0;11;0;0;0;221.571428571429
448;Albert Heijn;KarvanCevitam;32;94696;3;4.05;2.97;4.18;0;25;0;0;0;210.857142857143
449;Albert Heijn;KarvanCevitam;33;100339;2.99;4.08;2.97;4.19;0;6;0;0;0;214.714285714286
450;Albert Heijn;KarvanCevitam;34;118738;2.97;4.1;2.97;4.19;0;6;0;0;0;228.142857142857
451;Albert Heijn;KarvanCevitam;35;119487;2.96;4.13;2.96;4.17;0;1;0;0;0;230.571428571429
452;Albert Heijn;KarvanCevitam;36;490407;2.11;2.88;2.98;4.2;98;0;44;0;0;190.857142857143
453;Albert Heijn;KarvanCevitam;37;81587;2.94;4.13;2.94;4.11;0;3;0;0;0;163.857142857143
454;Albert Heijn;KarvanCevitam;38;88152;2.96;4.14;2.96;4.15;0;2;0;0;0;177.714285714286
455;Albert Heijn;KarvanCevitam;39;98030;2.96;4.12;2.97;4.11;0;0;0;0;0;192.714285714286
456;Albert Heijn;KarvanCevitam;40;96956;2.97;4.12;2.97;4.14;0;0;0;0;0;160.285714285714
457;Albert Heijn;KarvanCevitam;41;471801;2.07;2.79;2.97;4.13;96;0;87;0;0;163.142857142857
458;Albert Heijn;KarvanCevitam;42;86123;2.91;4.07;2.94;4.1;0;1;0;0;0;194.714285714286
459;Albert Heijn;KarvanCevitam;43;90924;2.95;4.09;2.97;4.09;0;0;0;0;0;156.857142857143
460;Albert Heijn;KarvanCevitam;44;98695;2.95;4.08;2.97;4.12;0;0;0;0;0;130.714285714286
461;Albert Heijn;KarvanCevitam;45;100915;2.95;4.07;2.96;4.07;0;0;0;0;0;102.142857142857
462;Albert Heijn;KarvanCevitam;46;103948;2.95;4.07;2.96;4.09;0;0;0;0;0;96.2857142857143
463;Albert Heijn;KarvanCevitam;47;103917;2.96;4.07;2.96;4.07;0;0;0;0;0;112
464;Albert Heijn;KarvanCevitam;48;550120;2.06;2.77;2.96;4.06;97;0;57;0;0;53.1428571428571
465;Albert Heijn;KarvanCevitam;49;81125;2.91;4.02;2.92;4.01;0;0;0;0;0;74.1428571428571
466;Albert Heijn;KarvanCevitam;50;90692;2.92;4.05;2.95;4.09;0;0;0;0;0;45.8571428571429
467;Albert Heijn;KarvanCevitam;51;123824;2.93;4.05;2.95;4.05;0;0;0;0;0;84
468;Albert Heijn;KarvanCevitam;52;84932;2.93;4.06;2.95;4.1;0;0;0;0;1;81.2857142857143
469;Albert Heijn;KarvanCevitam;53;99089;2.95;3.97;2.96;3.98;0;0;0;0;1;98.2857142857143
470;Albert Heijn;KarvanCevitam;54;107286;2.94;4.06;2.94;4.04;0;6;0;0;0;57.7142857142857
471;Albert Heijn;KarvanCevitam;55;110585;2.95;4.07;2.94;4.05;0;0;0;0;0;66.8571428571429
472;Albert Heijn;KarvanCevitam;56;114625;2.95;4.07;2.96;4.06;0;0;0;0;0;94.1428571428571
473;Albert Heijn;KarvanCevitam;57;113724;2.95;4.07;2.95;4.05;0;0;0;0;0;79.8571428571429
474;Albert Heijn;KarvanCevitam;58;479688;2.3;3.12;2.96;4.07;98;0;36;0;0;35.4285714285714
475;Albert Heijn;KarvanCevitam;59;93398;2.91;4.04;3.05;4.21;0;12;0;0;0;73.7142857142857
476;Albert Heijn;KarvanCevitam;60;102633;2.95;4.12;2.96;4.07;0;0;0;0;0;45.4285714285714
477;Albert Heijn;KarvanCevitam;61;102530;2.95;4.08;2.96;4.12;0;0;0;0;0;-4.71428571428571
478;Albert Heijn;KarvanCevitam;62;115783;2.94;4.08;2.96;4.07;0;0;0;0;0;108.571428571429
479;Albert Heijn;KarvanCevitam;63;115016;2.93;4.06;2.95;4.08;0;0;0;0;0;93
480;Albert Heijn;KarvanCevitam;64;114045;2.94;4.07;2.95;4.09;0;0;0;0;0;73.5714285714286
481;Albert Heijn;KarvanCevitam;65;428202;2.32;3.14;2.96;4.1;98;0;51;0;1;111
482;Albert Heijn;KarvanCevitam;66;111345;2.79;3.89;2.92;4.04;0;2;0;0;1;139.571428571429
483;Albert Heijn;KarvanCevitam;67;106366;2.95;4.12;2.93;4.05;0;0;0;0;0;176.428571428571
484;Albert Heijn;KarvanCevitam;68;136518;2.95;4.13;2.94;4.09;0;1;0;0;0;218.714285714286
485;Albert Heijn;KarvanCevitam;69;120803;2.93;4.13;2.97;4.16;0;6;0;0;1;166.428571428571
486;Albert Heijn;KarvanCevitam;70;113675;2.96;4.18;2.96;4.15;0;2;0;0;1;158.857142857143
487;Albert Heijn;KarvanCevitam;71;498703;2.32;3.16;2.98;4.2;98;0;66;0;1;231.142857142857
488;Albert Heijn;KarvanCevitam;72;105178;2.9;4.15;2.97;4.19;0;7;0;0;0;187.714285714286
489;Albert Heijn;KarvanCevitam;73;144863;2.92;4.15;2.97;4.17;0;4;0;0;1;253
490;Albert Heijn;KarvanCevitam;74;160910;2.93;4.13;2.97;4.17;0;0;0;0;0;258.285714285714
491;Albert Heijn;KarvanCevitam;75;142103;2.96;4.16;2.96;4.14;0;1;0;0;0;240.142857142857
492;Albert Heijn;KarvanCevitam;76;544207;2.31;3.13;2.96;4.16;98;0;93;0;0;209.428571428571
493;Albert Heijn;KarvanCevitam;77;101661;2.93;4.16;2.93;4.13;0;3;0;0;0;196.428571428571
494;Albert Heijn;KarvanCevitam;78;230737;2.42;3.34;2.93;4.08;0;15;0;0;0;237.285714285714
495;Albert Heijn;KarvanCevitam;79;139285;2.91;4.12;2.96;4.16;0;0;0;0;0;255.714285714286
496;Albert Heijn;KarvanCevitam;80;118973;2.96;4.27;2.96;4.17;0;1;0;0;0;236.142857142857
497;Albert Heijn;KarvanCevitam;81;474426;2.33;3.21;2.97;4.24;98;7;95;0;0;268
498;Albert Heijn;KarvanCevitam;82;144795;2.94;4.28;2.97;4.24;0;1;0;0;0;306.142857142857
499;Albert Heijn;KarvanCevitam;83;139609;2.94;4.16;2.95;4.18;0;1;0;0;0;286
500;Albert Heijn;KarvanCevitam;84;123557;2.95;4.04;2.96;4.05;0;1;0;0;0;255.571428571429
501;Albert Heijn;KarvanCevitam;85;113997;2.94;4.09;2.96;4.15;0;0;0;0;0;233.142857142857
502;Albert Heijn;KarvanCevitam;86;117694;2.94;4.1;2.96;4.11;0;2;0;0;0;222.428571428571
503;Albert Heijn;KarvanCevitam;87;115065;2.94;4.1;2.96;4.11;0;0;0;0;0;198
504;Albert Heijn;KarvanCevitam;88;118271;2.95;4.09;2.96;4.09;0;3;0;0;0;210.857142857143
505;Albert Heijn;KarvanCevitam;89;439672;2.32;3.13;2.96;4.11;99;0;98;0;0;206.285714285714
506;Albert Heijn;KarvanCevitam;90;98259;2.92;4.06;2.95;4.08;0;1;0;0;0;220.285714285714
507;Albert Heijn;KarvanCevitam;91;103064;2.93;4.06;2.96;4.08;0;1;0;0;0;164.285714285714
508;Albert Heijn;KarvanCevitam;92;106297;2.92;4.04;2.95;4.08;0;0;0;0;0;177
509;Albert Heijn;KarvanCevitam;93;107236;2.92;4.05;2.95;4.06;0;2;0;0;0;209.714285714286
510;Albert Heijn;KarvanCevitam;94;108973;2.93;4.08;2.94;4.09;0;2;0;0;0;199
511;Albert Heijn;KarvanCevitam;95;102197;2.95;4.08;2.95;4.05;0;3;0;0;0;141.714285714286
512;Albert Heijn;KarvanCevitam;96;381145;2.32;3.13;2.95;4.08;98;0;84;0;0;99.7142857142857
513;Albert Heijn;KarvanCevitam;97;90287;2.92;4.04;2.95;4.08;0;3;0;0;0;134.714285714286
514;Albert Heijn;KarvanCevitam;98;94400;2.95;4.07;2.94;4.05;0;4;0;0;0;115.857142857143
515;Albert Heijn;KarvanCevitam;99;323063;2.33;3.14;2.95;4.04;100;0;74;0;0;55.8571428571429
516;Albert Heijn;KarvanCevitam;100;83970;2.91;4.05;2.94;4.05;0;1;0;0;0;82.5714285714286
517;Albert Heijn;KarvanCevitam;101;92094;2.91;4.02;2.95;4.06;0;0;0;0;0;114
518;Albert Heijn;KarvanCevitam;102;93821;2.93;4.05;2.94;4.06;0;0;0;0;0;51.8571428571429
519;Albert Heijn;KarvanCevitam;103;390732;2.33;3.14;2.94;4.06;99;0;99;0;0;87.4285714285714
520;Albert Heijn;KarvanCevitam;104;114169;2.62;3.61;2.9;4;100;0;4;0;1;73.1428571428571
521;Albert Heijn;KarvanCevitam;105;83262;2.99;4.15;2.92;4.01;0;0;0;0;1;81.2857142857143
522;Albert Heijn;KarvanCevitam;106;90501;3;4.16;2.93;4.07;0;0;0;0;0;80.2857142857143
523;Albert Heijn;KarvanCevitam;107;97154;3.01;4.16;3;4.14;0;0;0;0;0;65.2857142857143
524;Albert Heijn;KarvanCevitam;108;101469;3.03;4.18;3.01;4.13;0;0;0;0;0;29.8571428571429
525;Albert Heijn;KarvanCevitam;109;400506;2.43;3.28;3.02;4.15;94;0;87;0;0;36.7142857142857
526;Albert Heijn;KarvanCevitam;110;85295;2.98;4.16;3.07;4.24;0;11;0;0;0;75.4285714285714
527;Albert Heijn;KarvanCevitam;111;611128;1.7;2.3;2.93;4.05;99;0;1;0;0;109.142857142857
528;Albert Heijn;KarvanCevitam;112;86568;2.92;4.14;2.98;4.17;0;4;0;0;0;124.714285714286
529;Albert Heijn;KarvanCevitam;113;317410;2.45;3.33;2.99;4.2;98;0;54;0;0;148.142857142857
530;Albert Heijn;KarvanCevitam;114;79216;2.93;4.16;2.97;4.12;0;1;0;0;0;117.428571428571
531;Albert Heijn;KarvanCevitam;115;79409;2.96;4.14;2.99;4.17;0;0;0;0;0;105
532;Albert Heijn;KarvanCevitam;116;93052;2.96;4.13;2.97;4.13;0;1;0;0;0;121.714285714286
533;Albert Heijn;KarvanCevitam;117;99146;2.99;4.18;2.99;4.18;0;1;0;0;0;129.428571428571
534;Albert Heijn;KarvanCevitam;118;361283;2.44;3.31;2.99;4.18;97;1;81;0;0;128.857142857143
535;Albert Heijn;KarvanCevitam;119;88995;2.96;4.17;3;4.17;0;1;0;0;0;137.142857142857
536;Albert Heijn;KarvanCevitam;120;101855;2.99;4.24;2.99;4.18;0;1;0;0;1;188.142857142857
537;Albert Heijn;KarvanCevitam;121;510115;1.76;2.39;3.02;4.26;0;25;0;0;1;204.285714285714
538;Albert Heijn;KarvanCevitam;122;93780;2.96;4.18;2.98;4.18;0;3;0;0;0;131
539;Albert Heijn;KarvanCevitam;123;314446;2.45;3.33;2.98;4.22;94;0;92;0;1;137.142857142857
540;Albert Heijn;KarvanCevitam;124;87580;2.93;4.15;2.98;4.15;0;3;0;0;0;168.571428571429
541;Albert Heijn;KarvanCevitam;125;98531;2.93;4.15;2.98;4.2;0;1;0;0;0;188.142857142857
542;Albert Heijn;KarvanCevitam;126;111213;2.94;4.18;2.96;4.15;0;0;0;0;1;201.428571428571
543;Albert Heijn;KarvanCevitam;127;120186;2.96;4.13;2.98;4.18;0;0;0;0;0;219
544;Albert Heijn;KarvanCevitam;128;328445;2.48;3.37;2.98;4.17;98;50;88;0;1;202.571428571429
545;Albert Heijn;KarvanCevitam;129;113735;2.97;4.2;2.97;4.15;0;0;0;0;0;233.857142857143
546;Albert Heijn;KarvanCevitam;130;133831;2.98;4.26;2.97;4.16;0;3;0;0;0;273.428571428571
547;Albert Heijn;KarvanCevitam;131;578714;2.06;2.8;3.02;4.3;93;1;67;0;0;222.428571428571
548;Albert Heijn;KarvanCevitam;132;85482;2.97;4.31;3;4.32;0;1;0;0;0;197
549;Albert Heijn;KarvanCevitam;133;89236;2.99;4.35;3;4.27;0;5;0;0;0;217.571428571429
550;Albert Heijn;KarvanCevitam;134;138902;2.99;4.3;3;4.28;0;3;0;0;0;315.428571428571
551;Albert Heijn;KarvanCevitam;135;291911;2.48;3.43;3;4.32;97;4;44;0;0;233.714285714286
552;Albert Heijn;KarvanCevitam;136;92136;2.95;4.2;3.03;4.29;0;4;0;0;0;239.285714285714
553;Albert Heijn;KarvanCevitam;137;90096;2.98;4.23;2.99;4.21;0;2;0;0;0;206.142857142857
554;Albert Heijn;KarvanCevitam;138;108784;2.98;4.18;2.99;4.26;0;2;0;0;0;233.428571428571
555;Albert Heijn;KarvanCevitam;139;130937;2.99;4.15;3;4.19;0;3;0;0;0;281.142857142857
556;Albert Heijn;KarvanCevitam;140;116804;2.93;4.06;3;4.1;0;2;0;0;0;190.285714285714
557;Albert Heijn;KarvanCevitam;141;350426;2.45;3.32;3;4.15;97;4;92;0;0;195.571428571429
558;Albert Heijn;KarvanCevitam;142;83147;2.97;4.12;2.99;4.12;0;1;0;0;0;192
559;Albert Heijn;KarvanCevitam;143;92998;2.91;4.02;2.98;4.14;0;0;0;0;0;192.428571428571
560;Albert Heijn;KarvanCevitam;144;95646;2.92;4.05;2.97;4.13;0;0;0;0;0;157.142857142857
561;Albert Heijn;KarvanCevitam;145;97591;2.92;4.07;2.96;4.14;0;0;0;0;0;142.714285714286
562;Albert Heijn;KarvanCevitam;146;95850;2.95;4.14;2.95;4.11;0;0;0;0;0;166.857142857143
563;Albert Heijn;KarvanCevitam;147;306752;2.05;2.78;2.96;4.15;97;0;65;0;0;164.428571428571
564;Albert Heijn;KarvanCevitam;148;89706;2.95;4.13;2.95;4.1;0;0;0;0;0;124.285714285714
565;Albert Heijn;KarvanCevitam;149;126894;2.62;3.6;2.96;4.12;100;11;58;0;0;110.428571428571
566;Albert Heijn;KarvanCevitam;150;98051;2.85;3.96;2.96;4.13;0;0;0;0;0;74.5714285714286
567;Albert Heijn;KarvanCevitam;151;96986;2.96;4.11;2.96;4.1;0;0;0;0;0;78.7142857142857
568;Albert Heijn;KarvanCevitam;152;337193;2.43;3.29;2.96;4.12;96;0;81;0;0;103.714285714286
569;Albert Heijn;KarvanCevitam;153;85683;2.88;4.04;2.96;4.13;0;0;0;0;0;75.2857142857143
570;Albert Heijn;KarvanCevitam;154;90644;2.95;4.14;2.95;4.12;0;0;0;0;0;79.7142857142857
571;Albert Heijn;KarvanCevitam;155;345269;2.43;3.3;2.96;4.13;96;2;62;0;0;107.571428571429
572;Albert Heijn;KarvanCevitam;156;153057;2.55;3.51;2.95;4.12;95;0;36;0;1;77.5714285714286
573;Albert Heijn;KarvanCevitam;157;85791;2.86;4.03;2.89;4.02;0;0;0;0;1;67.5714285714286
574;Albert Heijn;KarvanCevitam;158;93850;2.88;4.03;2.92;4.06;0;0;0;0;0;92.7142857142857
575;Albert Heijn;KarvanCevitam;159;96622;2.94;4.11;2.92;4.08;0;0;0;0;0;105.571428571429
576;Albert Heijn;KarvanCevitam;160;365924;2.54;3.43;2.92;4.05;100;0;86;0;0;52
577;Albert Heijn;KarvanCevitam;161;87608;2.86;4.03;2.93;4.1;0;0;0;0;0;98.7142857142857
578;Albert Heijn;KarvanCevitam;162;94185;2.88;4.05;2.94;4.12;0;0;0;0;0;93.5714285714286
579;Albert Heijn;KarvanCevitam;163;97476;2.94;4.14;2.92;4.1;0;0;0;0;0;98.5714285714286
580;Albert Heijn;KarvanCevitam;164;328299;2.54;3.46;2.93;4.15;100;0;97;0;0;108
581;Albert Heijn;KarvanCevitam;165;96257;2.92;4.12;2.91;4.09;0;0;0;5.42857142857143;0;93.5714285714286
582;Albert Heijn;KarvanCevitam;166;97856;2.94;4.13;2.95;4.17;0;0;0;66.4285714285714;0;88.8571428571429
583;Albert Heijn;KarvanCevitam;167;363456;2.25;3.1;2.95;4.11;100;5;7;221.142857142857;0;111.428571428571
584;Albert Heijn;KarvanCevitam;168;148100;2.84;3.95;2.94;4.09;0;0;0;623;0;113.428571428571
585;Albert Heijn;KarvanCevitam;169;129480;2.95;4.06;2.95;4.04;0;0;0;1028.85714285714;0;117.142857142857
586;Albert Heijn;KarvanCevitam;170;395685;2.54;3.42;2.95;4.06;8;0;0;990.714285714286;0;103.571428571429
587;Albert Heijn;KarvanCevitam;171;108335;2.94;4.07;2.95;4.06;0;0;0;1086.28571428571;1;209.857142857143
588;Albert Heijn;KarvanCevitam;172;108729;2.95;4.08;2.95;4.06;0;0;0;955.571428571429;1;166.285714285714
589;Albert Heijn;KarvanCevitam;173;129151;2.95;4.08;2.94;4.06;0;0;0;565.714285714286;0;189
590;Albert Heijn;KarvanCevitam;174;117809;2.95;4.07;2.95;4.04;0;0;0;359.571428571429;1;154.857142857143
591;Albert Heijn;KarvanCevitam;175;429473;2.54;3.43;2.95;4.11;9;0;0;270.285714285714;1;188.571428571429
592;Albert Heijn;KarvanCevitam;176;100281;2.9;4.04;2.95;4.08;0;0;0;176.571428571429;0;147.714285714286
593;Albert Heijn;KarvanCevitam;177;122063;2.91;4.03;2.96;4.07;0;0;0;188.714285714286;1;219.142857142857
594;Albert Heijn;KarvanCevitam;178;129809;2.97;4.14;3.01;4.19;0;0;0;137.857142857143;0;208.428571428571
595;Albert Heijn;KarvanCevitam;179;127308;2.99;4.17;3;4.16;0;0;0;193.428571428571;1;207.142857142857
596;Albert Heijn;KarvanCevitam;180;405137;2.55;3.49;3;4.22;100;0;71;159.571428571429;0;203.285714285714
597;Albert Heijn;KarvanCevitam;181;105575;3.08;4.33;2.99;4.17;0;4;0;85.7142857142857;0;226
598;Albert Heijn;KarvanCevitam;182;144961;3.13;4.42;3.01;4.23;0;5;0;75.8571428571429;0;267.571428571429
599;Albert Heijn;KarvanCevitam;183;112581;3.17;4.45;3.09;4.33;0;0;0;58.7142857142857;0;202.571428571429
600;Albert Heijn;KarvanCevitam;184;571709;2.15;2.92;3.16;4.47;96;3;75;72.2857142857143;0;188
601;Albert Heijn;KarvanCevitam;185;88630;3.05;4.35;3.18;4.55;0;7;0;141.285714285714;0;215.428571428571
602;Albert Heijn;KarvanCevitam;186;91915;3.07;4.38;3.15;4.46;0;3;0;197.142857142857;0;222
603;Albert Heijn;KarvanCevitam;187;100999;3.02;4.29;3.11;4.41;0;3;0;394.285714285714;0;242
604;Albert Heijn;KarvanCevitam;188;323070;2.46;3.51;3.07;4.31;77;12;71;606.571428571429;0;275.428571428571
605;Albert Heijn;KarvanCevitam;189;153020;2.97;4.18;3.05;4.28;0;7;0;556.857142857143;0;315.571428571429
606;Albert Heijn;KarvanCevitam;190;126995;2.98;4.14;3.07;4.35;0;0;0;512.714285714286;0;265.571428571429
607;Albert Heijn;KarvanCevitam;191;111162;3.01;4.18;3.04;4.24;0;0;0;535.571428571429;0;201.714285714286
608;Albert Heijn;KarvanCevitam;192;364312;2.55;3.47;3.02;4.24;100;3;57;832.142857142857;0;195.285714285714
609;Albert Heijn;KarvanCevitam;193;88372;2.98;4.14;3;4.18;0;5;0;1233.14285714286;0;198.714285714286
610;Albert Heijn;KarvanCevitam;194;100535;2.99;4.14;3.01;4.16;0;5;0;2039.57142857143;0;242.142857142857
611;Albert Heijn;KarvanCevitam;195;212266;2.31;3.23;3.03;4.2;0;33;0;2892.57142857143;0;201
612;Albert Heijn;KarvanCevitam;196;106270;2.92;4.02;3.05;4.23;0;3;0;4163.28571428571;0;162.857142857143
613;Albert Heijn;KarvanCevitam;197;104216;2.91;3.99;2.97;4.1;0;3;0;6596.42857142857;0;147.285714285714
614;Albert Heijn;KarvanCevitam;198;101834;2.95;4.04;2.97;4.09;0;3;0;8138.71428571429;0;127.857142857143
615;Albert Heijn;KarvanCevitam;199;361670;2.55;3.46;2.97;4.09;91;0;77;9551;0;156.428571428571
616;Albert Heijn;KarvanCevitam;200;91399;2.95;4.06;2.96;4.08;0;4;0;9076;0;140.714285714286
617;Albert Heijn;KarvanCevitam;201;94140;2.99;4.11;2.96;4.06;0;3;0;5899.42857142857;0;143.428571428571
618;Albert Heijn;KarvanCevitam;202;100594;3;4.11;2.96;4.05;0;3;0;5256.14285714286;0;143.285714285714
619;Albert Heijn;KarvanCevitam;203;616110;1.99;2.7;3.01;4.14;99;0;90;5291.57142857143;0;123
620;Albert Heijn;KarvanCevitam;204;80962;2.95;4.06;3.04;4.18;0;10;0;4827.28571428571;0;92.1428571428571
621;Albert Heijn;KarvanCevitam;205;88428;3;4.1;3.01;4.11;0;2;0;6360.14285714286;0;68.7142857142857
622;Albert Heijn;KarvanCevitam;206;94574;3;4.09;3.01;4.12;0;2;0;8968.71428571429;0;48.2857142857143
623;Albert Heijn;KarvanCevitam;207;370205;2.55;3.45;3.01;4.1;90;0;62;11617.8571428571;0;103.428571428571
624;Albert Heijn;KarvanCevitam;208;86309;3;4.11;3;4.1;0;1;0;9461.28571428571;1;100
625;Albert Heijn;Raak;1;53335;1.44;1.93;1.37;1.83;0;0;0;0;1;42.1428571428571
626;Albert Heijn;Raak;2;60633;1.44;1.92;1.38;1.83;0;0;0;0;0;66.8571428571429
627;Albert Heijn;Raak;3;62376;1.49;1.98;1.44;1.92;0;0;0;0;0;26.5714285714286
628;Albert Heijn;Raak;4;65311;1.49;1.98;1.45;1.93;0;0;0;0;0;33.2857142857143
629;Albert Heijn;Raak;5;62835;1.46;1.94;1.49;1.98;0;0;0;0;0;81.4285714285714
630;Albert Heijn;Raak;6;60460;1.46;1.94;1.49;1.98;0;0;0;0;0;25.4285714285714
631;Albert Heijn;Raak;7;63533;1.46;1.94;1.49;1.98;0;0;0;0;0;87.5714285714286
632;Albert Heijn;Raak;8;66152;1.45;1.93;1.48;1.97;0;0;0;0;0;100.142857142857
633;Albert Heijn;Raak;9;187066;1.13;1.51;1.46;1.95;80;6;98;0;0;96.1428571428571
634;Albert Heijn;Raak;10;55452;1.44;1.92;1.45;1.93;0;0;0;0;0;110.142857142857
635;Albert Heijn;Raak;11;61274;1.45;1.94;1.46;1.94;0;0;0;0;0;138.714285714286
636;Albert Heijn;Raak;12;103495;1.31;1.75;1.46;1.94;0;89;0;0;0;127
637;Albert Heijn;Raak;13;69470;1.45;1.93;1.45;1.93;0;1;0;0;0;175
638;Albert Heijn;Raak;14;70741;1.45;1.93;1.45;1.93;0;0;0;0;0;145.142857142857
639;Albert Heijn;Raak;15;68448;1.45;1.93;1.47;1.96;0;0;0;0;1;143.714285714286
640;Albert Heijn;Raak;16;326215;1;1.34;1.45;1.94;88;90;96;0;1;114.571428571429
641;Albert Heijn;Raak;17;54522;1.37;1.83;1.43;1.91;0;1;0;0;1;116.142857142857
642;Albert Heijn;Raak;18;54393;1.41;1.88;1.45;1.93;0;0;0;0;1;151
643;Albert Heijn;Raak;19;62261;1.42;1.89;1.45;1.93;0;0;0;0;0;177.428571428571
644;Albert Heijn;Raak;20;74229;1.42;1.9;1.42;1.89;0;0;0;0;0;215.428571428571
645;Albert Heijn;Raak;21;83381;1.42;1.9;1.42;1.9;0;0;0;0;1;242.285714285714
646;Albert Heijn;Raak;22;81765;1.42;1.9;1.42;1.9;0;0;0;0;0;246.142857142857
647;Albert Heijn;Raak;23;74935;1.42;1.9;1.42;1.9;0;0;0;0;1;205.571428571429
648;Albert Heijn;Raak;24;71629;1.42;1.9;1.42;1.9;0;0;0;0;0;225.285714285714
649;Albert Heijn;Raak;25;84675;1.42;1.9;1.43;1.9;0;0;0;0;0;267.285714285714
650;Albert Heijn;Raak;26;72021;1.42;1.9;1.43;1.9;0;0;0;0;0;209.714285714286
651;Albert Heijn;Raak;27;77898;1.43;1.9;1.43;1.9;0;0;0;0;0;238
652;Albert Heijn;Raak;28;70732;1.42;1.9;1.42;1.9;0;0;0;0;0;212.285714285714
653;Albert Heijn;Raak;29;69095;1.42;1.9;1.42;1.9;0;0;0;0;0;244.142857142857
654;Albert Heijn;Raak;30;59173;1.42;1.9;1.43;1.9;0;0;0;0;0;208.285714285714
655;Albert Heijn;Raak;31;56643;1.42;1.9;1.43;1.9;0;0;0;0;0;221.571428571429
656;Albert Heijn;Raak;32;55855;1.43;1.9;1.42;1.9;0;0;0;0;0;210.857142857143
657;Albert Heijn;Raak;33;58910;1.43;1.9;1.43;1.9;0;0;0;0;0;214.714285714286
658;Albert Heijn;Raak;34;67360;1.43;1.9;1.42;1.9;0;0;0;0;0;228.142857142857
659;Albert Heijn;Raak;35;71424;1.43;1.9;1.43;1.9;0;0;0;0;0;230.571428571429
660;Albert Heijn;Raak;36;64902;1.43;1.9;1.42;1.9;0;0;0;0;0;190.857142857143
661;Albert Heijn;Raak;37;61655;1.43;1.9;1.43;1.9;0;0;0;0;0;163.857142857143
662;Albert Heijn;Raak;38;63319;1.43;1.9;1.42;1.9;0;0;0;0;0;177.714285714286
663;Albert Heijn;Raak;39;222136;1.1;1.47;1.43;1.9;64;0;96;0;0;192.714285714286
664;Albert Heijn;Raak;40;57549;1.38;1.84;1.4;1.87;0;0;0;0;0;160.285714285714
665;Albert Heijn;Raak;41;54808;1.41;1.88;1.42;1.89;0;0;0;0;0;163.142857142857
666;Albert Heijn;Raak;42;60581;1.42;1.89;1.42;1.9;0;0;0;0;0;194.714285714286
667;Albert Heijn;Raak;43;61877;1.42;1.9;1.42;1.89;0;0;0;0;0;156.857142857143
668;Albert Heijn;Raak;44;64562;1.42;1.9;1.42;1.9;0;0;0;0;0;130.714285714286
669;Albert Heijn;Raak;45;65986;1.42;1.9;1.42;1.9;0;0;0;0;0;102.142857142857
670;Albert Heijn;Raak;46;67820;1.42;1.9;1.42;1.9;0;0;0;0;0;96.2857142857143
671;Albert Heijn;Raak;47;67582;1.42;1.9;1.42;1.89;0;2;0;0;0;112
672;Albert Heijn;Raak;48;62784;1.41;1.88;1.42;1.9;0;0;0;0;0;53.1428571428571
673;Albert Heijn;Raak;49;63120;1.41;1.88;1.42;1.9;0;0;0;0;0;74.1428571428571
674;Albert Heijn;Raak;50;64764;1.41;1.88;1.42;1.89;0;0;0;0;0;45.8571428571429
675;Albert Heijn;Raak;51;78225;1.41;1.88;1.43;1.9;0;0;0;0;0;84
676;Albert Heijn;Raak;52;49505;1.41;1.88;1.41;1.89;0;0;0;0;1;81.2857142857143
677;Albert Heijn;Raak;53;55661;1.41;1.88;1.41;1.88;0;0;0;0;1;98.2857142857143
678;Albert Heijn;Raak;54;63439;1.44;1.93;1.41;1.88;0;0;0;0;0;57.7142857142857
679;Albert Heijn;Raak;55;65025;1.45;1.93;1.42;1.89;0;0;0;0;0;66.8571428571429
680;Albert Heijn;Raak;56;68616;1.45;1.93;1.44;1.92;0;0;0;0;0;94.1428571428571
681;Albert Heijn;Raak;57;66430;1.45;1.93;1.45;1.93;0;0;0;0;0;79.8571428571429
682;Albert Heijn;Raak;58;64793;1.45;1.93;1.45;1.93;0;0;0;0;0;35.4285714285714
683;Albert Heijn;Raak;59;63916;1.45;1.93;1.44;1.93;0;0;0;0;0;73.7142857142857
684;Albert Heijn;Raak;60;337502;0.99;1.33;1.45;1.93;87;0;98;0;0;45.4285714285714
685;Albert Heijn;Raak;61;59543;1.38;1.83;1.44;1.92;0;1;0;0;0;-4.71428571428571
686;Albert Heijn;Raak;62;66455;1.41;1.88;1.45;1.93;0;0;0;0;0;108.571428571429
687;Albert Heijn;Raak;63;68390;1.42;1.89;1.44;1.92;0;0;0;0;0;93
688;Albert Heijn;Raak;64;71022;1.42;1.9;1.43;1.9;0;0;0;0;0;73.5714285714286
689;Albert Heijn;Raak;65;70233;1.43;1.9;1.43;1.91;0;0;0;0;1;111
690;Albert Heijn;Raak;66;66875;1.43;1.9;1.43;1.91;0;0;0;0;1;139.571428571429
691;Albert Heijn;Raak;67;72363;1.42;1.9;1.43;1.9;0;3;0;0;0;176.428571428571
692;Albert Heijn;Raak;68;83229;1.43;1.9;1.43;1.91;0;0;0;0;0;218.714285714286
693;Albert Heijn;Raak;69;75168;1.42;1.9;1.43;1.91;0;0;0;0;1;166.428571428571
694;Albert Heijn;Raak;70;69807;1.42;1.9;1.43;1.91;0;0;0;0;1;158.857142857143
695;Albert Heijn;Raak;71;79902;1.43;1.9;1.42;1.9;0;0;0;0;1;231.142857142857
696;Albert Heijn;Raak;72;75521;1.43;1.9;1.43;1.91;0;0;0;0;0;187.714285714286
697;Albert Heijn;Raak;73;87648;1.42;1.9;1.43;1.91;0;0;0;0;1;253
698;Albert Heijn;Raak;74;92100;1.42;1.89;1.43;1.91;0;0;0;0;0;258.285714285714
699;Albert Heijn;Raak;75;85262;1.43;1.91;1.43;1.91;0;0;0;0;0;240.142857142857
700;Albert Heijn;Raak;76;75525;1.43;1.91;1.43;1.91;0;0;0;0;0;209.428571428571
701;Albert Heijn;Raak;77;75792;1.43;1.91;1.43;1.91;0;0;0;0;0;196.428571428571
702;Albert Heijn;Raak;78;80089;1.43;1.91;1.43;1.91;0;0;0;0;0;237.285714285714
703;Albert Heijn;Raak;79;88112;1.43;1.91;1.44;1.92;0;0;0;0;0;255.714285714286
704;Albert Heijn;Raak;80;73811;1.43;1.91;1.44;1.92;0;0;0;0;0;236.142857142857
705;Albert Heijn;Raak;81;85310;1.43;1.91;1.44;1.92;0;0;0;0;0;268
706;Albert Heijn;Raak;82;91340;1.43;1.91;1.44;1.91;0;0;0;0;0;306.142857142857
707;Albert Heijn;Raak;83;85290;1.43;1.91;1.43;1.91;0;0;0;0;0;286
708;Albert Heijn;Raak;84;80063;1.43;1.91;1.43;1.91;0;0;0;0;0;255.571428571429
709;Albert Heijn;Raak;85;72477;1.43;1.9;1.43;1.91;0;0;0;0;0;233.142857142857
710;Albert Heijn;Raak;86;73196;1.43;1.91;1.43;1.91;0;0;0;0;0;222.428571428571
711;Albert Heijn;Raak;87;68361;1.43;1.91;1.43;1.9;0;0;0;0;0;198
712;Albert Heijn;Raak;88;231116;1.02;1.36;1.43;1.9;62;9;87;0;0;210.857142857143
713;Albert Heijn;Raak;89;64220;1.42;1.9;1.43;1.9;0;0;0;0;0;206.285714285714
714;Albert Heijn;Raak;90;69356;1.43;1.91;1.43;1.91;0;0;0;0;0;220.285714285714
715;Albert Heijn;Raak;91;67488;1.39;1.86;1.43;1.91;0;0;0;0;0;164.285714285714
716;Albert Heijn;Raak;92;68253;1.39;1.85;1.43;1.91;0;0;0;0;0;177
717;Albert Heijn;Raak;93;68745;1.39;1.86;1.43;1.91;0;0;0;0;0;209.714285714286
718;Albert Heijn;Raak;94;70520;1.39;1.86;1.44;1.92;0;0;0;0;0;199
719;Albert Heijn;Raak;95;189828;1.09;1.45;1.4;1.87;80;0;93;0;0;141.714285714286
720;Albert Heijn;Raak;96;62433;1.39;1.86;1.4;1.86;0;1;0;0;0;99.7142857142857
721;Albert Heijn;Raak;97;68434;1.4;1.87;1.4;1.86;0;0;0;0;0;134.714285714286
722;Albert Heijn;Raak;98;76390;1.39;1.86;1.41;1.88;0;0;0;0;0;115.857142857143
723;Albert Heijn;Raak;99;76332;1.39;1.86;1.4;1.87;0;0;0;0;0;55.8571428571429
724;Albert Heijn;Raak;100;77397;1.39;1.86;1.4;1.87;0;0;0;0;0;82.5714285714286
725;Albert Heijn;Raak;101;71074;1.39;1.86;1.4;1.87;0;0;0;0;0;114
726;Albert Heijn;Raak;102;68393;1.42;1.89;1.39;1.85;0;0;0;0;0;51.8571428571429
727;Albert Heijn;Raak;103;78261;1.42;1.9;1.39;1.86;0;0;0;0;0;87.4285714285714
728;Albert Heijn;Raak;104;54488;1.42;1.9;1.42;1.89;0;0;0;0;1;73.1428571428571
729;Albert Heijn;Raak;105;62774;1.45;1.94;1.42;1.89;0;0;0;0;1;81.2857142857143
730;Albert Heijn;Raak;106;68599;1.46;1.95;1.42;1.89;0;0;0;0;0;80.2857142857143
731;Albert Heijn;Raak;107;68796;1.46;1.95;1.45;1.94;0;0;0;0;0;65.2857142857143
732;Albert Heijn;Raak;108;74129;1.46;1.95;1.46;1.95;0;0;0;0;0;29.8571428571429
733;Albert Heijn;Raak;109;72618;1.46;1.95;1.46;1.94;0;0;0;0;0;36.7142857142857
734;Albert Heijn;Raak;110;71915;1.46;1.94;1.46;1.95;0;0;0;0;0;75.4285714285714
735;Albert Heijn;Raak;111;69363;1.46;1.94;1.46;1.95;0;0;0;0;0;109.142857142857
736;Albert Heijn;Raak;112;68633;1.46;1.94;1.46;1.95;0;0;0;0;0;124.714285714286
737;Albert Heijn;Raak;113;71545;1.46;1.94;1.46;1.95;0;0;0;0;0;148.142857142857
738;Albert Heijn;Raak;114;66630;1.46;1.94;1.46;1.94;0;0;0;0;0;117.428571428571
739;Albert Heijn;Raak;115;65351;1.46;1.94;1.45;1.94;0;0;0;0;0;105
740;Albert Heijn;Raak;116;71889;1.45;1.93;1.46;1.95;0;2;0;0;0;121.714285714286
741;Albert Heijn;Raak;117;74135;1.44;1.91;1.45;1.94;0;4;0;0;0;129.428571428571
742;Albert Heijn;Raak;118;72044;1.45;1.93;1.46;1.94;0;0;0;0;0;128.857142857143
743;Albert Heijn;Raak;119;72023;1.45;1.93;1.45;1.94;0;0;0;0;0;137.142857142857
744;Albert Heijn;Raak;120;73266;1.45;1.93;1.46;1.94;0;0;0;0;1;188.142857142857
745;Albert Heijn;Raak;121;74715;1.45;1.93;1.45;1.93;0;0;0;0;1;204.285714285714
746;Albert Heijn;Raak;122;67573;1.45;1.93;1.45;1.93;0;0;0;0;0;131
747;Albert Heijn;Raak;123;68556;1.45;1.93;1.45;1.93;0;0;0;0;1;137.142857142857
748;Albert Heijn;Raak;124;71264;1.45;1.93;1.45;1.93;0;6;0;0;0;168.571428571429
749;Albert Heijn;Raak;125;160850;1.09;1.45;1.45;1.94;86;0;53;0;0;188.142857142857
750;Albert Heijn;Raak;126;68056;1.55;2.06;1.45;1.93;0;6;0;0;1;201.428571428571
751;Albert Heijn;Raak;127;70851;1.55;2.07;1.45;1.93;0;0;0;0;0;219
752;Albert Heijn;Raak;128;70730;1.55;2.07;1.55;2.07;0;4;0;0;1;202.571428571429
753;Albert Heijn;Raak;129;83202;1.55;2.07;1.56;2.07;0;5;0;0;0;233.857142857143
754;Albert Heijn;Raak;130;89309;1.66;2.22;1.56;2.08;0;6;0;0;0;273.428571428571
755;Albert Heijn;Raak;131;75981;1.66;2.22;1.56;2.08;0;5;0;0;0;222.428571428571
756;Albert Heijn;Raak;132;67327;1.67;2.23;1.67;2.22;0;6;0;0;0;197
757;Albert Heijn;Raak;133;65537;1.67;2.23;1.66;2.22;0;5;0;0;0;217.571428571429
758;Albert Heijn;Raak;134;91020;1.67;2.23;1.67;2.23;0;7;0;0;0;315.428571428571
759;Albert Heijn;Raak;135;65414;1.67;2.23;1.68;2.24;0;6;0;0;0;233.714285714286
760;Albert Heijn;Raak;136;65055;1.66;2.21;1.68;2.25;0;7;0;0;0;239.285714285714
761;Albert Heijn;Raak;137;62578;1.66;2.21;1.69;2.25;0;6;0;0;0;206.142857142857
762;Albert Heijn;Raak;138;74583;1.66;2.21;1.68;2.23;0;0;0;0;0;233.428571428571
763;Albert Heijn;Raak;139;85324;1.64;2.18;1.67;2.23;0;0;0;0;0;281.142857142857
764;Albert Heijn;Raak;140;73856;1.48;1.97;1.67;2.22;0;6;0;0;0;190.285714285714
765;Albert Heijn;Raak;141;69704;1.48;1.98;1.64;2.18;0;4;0;0;0;195.571428571429
766;Albert Heijn;Raak;142;69860;1.49;1.99;1.66;2.21;0;0;0;0;0;192
767;Albert Heijn;Raak;143;263226;0.98;1.31;1.64;2.19;81;0;76;0;0;192.428571428571
768;Albert Heijn;Raak;144;58053;1.46;1.95;1.5;2;0;0;0;0;0;157.142857142857
769;Albert Heijn;Raak;145;60972;1.49;1.99;1.5;2;0;0;0;0;0;142.714285714286
770;Albert Heijn;Raak;146;63412;1.49;1.99;1.5;2;0;0;0;0;0;166.857142857143
771;Albert Heijn;Raak;147;65273;1.5;1.99;1.5;2;0;0;0;0;0;164.428571428571
772;Albert Heijn;Raak;148;70235;1.5;2;1.5;2;0;0;0;0;0;124.285714285714
773;Albert Heijn;Raak;149;103969;1.32;1.76;1.5;2;55;6;96;0;0;110.428571428571
774;Albert Heijn;Raak;150;69765;1.48;1.97;1.48;1.98;0;2;0;0;0;74.5714285714286
775;Albert Heijn;Raak;151;70819;1.49;1.98;1.49;1.99;0;2;0;0;0;78.7142857142857
776;Albert Heijn;Raak;152;72509;1.49;1.98;1.49;1.98;0;2;0;0;0;103.714285714286
777;Albert Heijn;Raak;153;73753;1.49;1.99;1.49;1.98;0;0;0;0;0;75.2857142857143
778;Albert Heijn;Raak;154;75792;1.49;1.99;1.5;2;0;0;0;0;0;79.7142857142857
779;Albert Heijn;Raak;155;79920;1.49;1.99;1.49;1.99;0;0;0;0;0;107.571428571429
780;Albert Heijn;Raak;156;62661;1.49;1.99;1.49;1.99;0;0;0;0;1;77.5714285714286
781;Albert Heijn;Raak;157;69241;1.49;1.99;1.49;1.99;0;0;0;0;1;67.5714285714286
782;Albert Heijn;Raak;158;74445;1.49;1.99;1.49;1.99;0;0;0;0;0;92.7142857142857
783;Albert Heijn;Raak;159;75815;1.49;1.99;1.49;1.99;0;0;0;0;0;105.571428571429
784;Albert Heijn;Raak;160;78727;1.49;1.99;1.49;1.99;0;0;0;0;0;52
785;Albert Heijn;Raak;161;75450;1.49;1.99;1.49;1.99;0;0;0;0;0;98.7142857142857
786;Albert Heijn;Raak;162;76361;1.49;1.99;1.49;1.99;0;0;0;0;0;93.5714285714286
787;Albert Heijn;Raak;163;74090;1.49;1.99;1.49;1.99;0;0;0;0;0;98.5714285714286
788;Albert Heijn;Raak;164;74473;1.5;2.01;1.49;1.99;0;0;0;0;0;108
789;Albert Heijn;Raak;165;80323;1.51;2.01;1.49;1.99;0;0;0;5.42857142857143;0;93.5714285714286
790;Albert Heijn;Raak;166;77249;1.5;2.01;1.51;2.02;0;0;0;66.4285714285714;0;88.8571428571429
791;Albert Heijn;Raak;167;119992;1.51;2.01;1.52;2.02;0;0;0;221.142857142857;0;111.428571428571
792;Albert Heijn;Raak;168;100557;1.51;2.01;1.52;2.02;0;0;0;623;0;113.428571428571
793;Albert Heijn;Raak;169;86567;1.51;2.01;1.51;2.01;0;0;0;1028.85714285714;0;117.142857142857
794;Albert Heijn;Raak;170;78999;1.51;2.01;1.52;2.02;0;0;0;990.714285714286;0;103.571428571429
795;Albert Heijn;Raak;171;85213;1.51;2.01;1.51;2.01;0;0;0;1086.28571428571;1;209.857142857143
796;Albert Heijn;Raak;172;269619;1.01;1.35;1.51;2.01;9;0;0;955.571428571429;1;166.285714285714
797;Albert Heijn;Raak;173;80390;1.48;1.98;1.49;1.99;0;0;0;565.714285714286;0;189
798;Albert Heijn;Raak;174;72898;1.51;2.01;1.5;1.99;0;0;0;359.571428571429;1;154.857142857143
799;Albert Heijn;Raak;175;76747;1.51;2.01;1.51;2.01;0;0;0;270.285714285714;1;188.571428571429
800;Albert Heijn;Raak;176;80407;1.51;2.01;1.51;2.02;0;0;0;176.571428571429;0;147.714285714286
801;Albert Heijn;Raak;177;88086;1.5;2.01;1.51;2.01;0;0;0;188.714285714286;1;219.142857142857
802;Albert Heijn;Raak;178;181514;1.19;1.59;1.51;2.01;9;0;0;137.857142857143;0;208.428571428571
803;Albert Heijn;Raak;179;85045;1.45;1.94;1.5;2;0;6;0;193.428571428571;1;207.142857142857
804;Albert Heijn;Raak;180;76382;1.51;2.02;1.51;2.01;0;4;0;159.571428571429;0;203.285714285714
805;Albert Heijn;Raak;181;85586;1.51;2.02;1.51;2.01;0;0;0;85.7142857142857;0;226
806;Albert Heijn;Raak;182;108726;1.51;2.02;1.52;2.02;0;5;0;75.8571428571429;0;267.571428571429
807;Albert Heijn;Raak;183;87161;1.51;2.01;1.52;2.02;0;4;0;58.7142857142857;0;202.571428571429
808;Albert Heijn;Raak;184;76140;1.51;2.01;1.51;2.01;0;0;0;72.2857142857143;0;188
809;Albert Heijn;Raak;185;71963;1.51;2.01;1.51;2.02;0;0;0;141.285714285714;0;215.428571428571
810;Albert Heijn;Raak;186;73626;1.64;2.18;1.51;2.02;0;0;0;197.142857142857;0;222
811;Albert Heijn;Raak;187;76305;1.63;2.18;1.51;2.01;0;0;0;394.285714285714;0;242
812;Albert Heijn;Raak;188;90665;1.64;2.18;1.63;2.17;0;0;0;606.571428571429;0;275.428571428571
813;Albert Heijn;Raak;189;110005;1.61;2.15;1.63;2.18;0;0;0;556.857142857143;0;315.571428571429
814;Albert Heijn;Raak;190;95319;1.61;2.15;1.64;2.18;0;0;0;512.714285714286;0;265.571428571429
815;Albert Heijn;Raak;191;87387;1.6;2.13;1.64;2.18;0;0;0;535.571428571429;0;201.714285714286
816;Albert Heijn;Raak;192;82213;1.59;2.13;1.63;2.18;0;0;0;832.142857142857;0;195.285714285714
817;Albert Heijn;Raak;193;266314;1.28;1.7;1.61;2.15;87;0;76;1233.14285714286;0;198.714285714286
818;Albert Heijn;Raak;194;69805;1.55;2.07;1.6;2.14;0;3;0;2039.57142857143;0;242.142857142857
819;Albert Heijn;Raak;195;78170;1.56;2.08;1.59;2.12;0;0;0;2892.57142857143;0;201
820;Albert Heijn;Raak;196;79096;1.52;2.02;1.6;2.13;0;0;0;4163.28571428571;0;162.857142857143
821;Albert Heijn;Raak;197;75022;1.52;2.02;1.57;2.09;0;0;0;6596.42857142857;0;147.285714285714
822;Albert Heijn;Raak;198;227269;1.27;1.7;1.57;2.1;91;0;64;8138.71428571429;0;127.857142857143
823;Albert Heijn;Raak;199;66885;1.5;2;1.56;2.08;81;0;0;9551;0;156.428571428571
824;Albert Heijn;Raak;200;74603;1.5;2;1.52;2.03;81;0;0;9076;0;140.714285714286
825;Albert Heijn;Raak;201;77826;1.62;2.16;1.52;2.03;87;0;0;5899.42857142857;0;143.428571428571
826;Albert Heijn;Raak;202;79767;1.63;2.17;1.52;2.02;0;0;0;5256.14285714286;0;143.285714285714
827;Albert Heijn;Raak;203;73968;1.63;2.17;1.63;2.17;0;0;0;5291.57142857143;0;123
828;Albert Heijn;Raak;204;84088;1.61;2.15;1.63;2.18;0;0;0;4827.28571428571;0;92.1428571428571
829;Albert Heijn;Raak;205;77348;1.63;2.17;1.63;2.18;0;0;0;6360.14285714286;0;68.7142857142857
830;Albert Heijn;Raak;206;80075;1.63;2.17;1.63;2.18;0;0;0;8968.71428571429;0;48.2857142857143
831;Albert Heijn;Raak;207;86815;1.62;2.16;1.63;2.18;0;0;0;11617.8571428571;0;103.428571428571
832;Albert Heijn;Raak;208;75381;1.62;2.16;1.63;2.17;0;0;0;9461.28571428571;1;100
833;Albert Heijn;Slimpie;1;14918;1.89;3.26;1.75;3.03;0;0;0;0;1;42.1428571428571
834;Albert Heijn;Slimpie;2;15956;1.89;3.26;1.75;3.02;0;0;0;0;0;66.8571428571429
835;Albert Heijn;Slimpie;3;15554;1.89;3.26;1.89;3.26;0;0;0;0;0;26.5714285714286
836;Albert Heijn;Slimpie;4;15849;1.83;3.15;1.89;3.26;0;0;0;0;0;33.2857142857143
837;Albert Heijn;Slimpie;5;16199;1.83;3.15;1.89;3.26;0;0;0;0;0;81.4285714285714
838;Albert Heijn;Slimpie;6;15297;1.83;3.15;1.89;3.26;0;0;0;0;0;25.4285714285714
839;Albert Heijn;Slimpie;7;16253;1.79;3.09;1.89;3.26;0;0;0;0;0;87.5714285714286
840;Albert Heijn;Slimpie;8;16228;1.79;3.09;1.83;3.15;0;0;0;0;0;100.142857142857
841;Albert Heijn;Slimpie;9;15571;1.79;3.09;1.83;3.15;0;0;0;0;0;96.1428571428571
842;Albert Heijn;Slimpie;10;15877;1.79;3.09;1.83;3.15;0;0;0;0;0;110.142857142857
843;Albert Heijn;Slimpie;11;16517;1.79;3.09;1.79;3.09;0;0;0;0;0;138.714285714286
844;Albert Heijn;Slimpie;12;46427;1.35;2.33;1.79;3.08;62;0;82;0;0;127
845;Albert Heijn;Slimpie;13;16853;1.74;3.01;1.78;3.07;0;0;0;0;0;175
846;Albert Heijn;Slimpie;14;17140;1.75;3.01;1.79;3.09;0;0;0;0;0;145.142857142857
847;Albert Heijn;Slimpie;15;16780;1.78;3.06;1.79;3.09;0;0;0;0;1;143.714285714286
848;Albert Heijn;Slimpie;16;15536;1.78;3.06;1.79;3.08;0;0;0;0;1;114.571428571429
849;Albert Heijn;Slimpie;17;15540;1.77;3.05;1.78;3.07;0;0;0;0;1;116.142857142857
850;Albert Heijn;Slimpie;18;16077;1.78;3.06;1.79;3.08;0;0;0;0;1;151
851;Albert Heijn;Slimpie;19;16853;1.78;3.07;1.79;3.08;0;0;0;0;0;177.428571428571
852;Albert Heijn;Slimpie;20;18744;1.78;3.06;1.8;3.1;0;0;0;0;0;215.428571428571
853;Albert Heijn;Slimpie;21;21751;1.77;3.06;1.78;3.07;0;0;0;0;1;242.285714285714
854;Albert Heijn;Slimpie;22;21720;1.77;3.05;1.78;3.08;0;0;0;0;0;246.142857142857
855;Albert Heijn;Slimpie;23;17985;1.76;3.04;1.78;3.07;0;0;0;0;1;205.571428571429
856;Albert Heijn;Slimpie;24;17219;1.78;3.06;1.78;3.08;0;0;0;0;0;225.285714285714
857;Albert Heijn;Slimpie;25;19972;1.78;3.06;1.79;3.08;0;0;0;0;0;267.285714285714
858;Albert Heijn;Slimpie;26;16346;1.77;3.06;1.79;3.08;0;0;0;0;0;209.714285714286
859;Albert Heijn;Slimpie;27;18632;1.77;3.06;1.78;3.08;0;0;0;0;0;238
860;Albert Heijn;Slimpie;28;17365;1.78;3.07;1.78;3.08;0;0;0;0;0;212.285714285714
861;Albert Heijn;Slimpie;29;18137;1.78;3.07;1.79;3.09;0;0;0;0;0;244.142857142857
862;Albert Heijn;Slimpie;30;15845;1.78;3.07;1.79;3.09;0;0;0;0;0;208.285714285714
863;Albert Heijn;Slimpie;31;15653;1.78;3.07;1.79;3.09;0;0;0;0;0;221.571428571429
864;Albert Heijn;Slimpie;32;15733;1.77;3.04;1.78;3.08;0;0;0;0;0;210.857142857143
865;Albert Heijn;Slimpie;33;15678;1.78;3.07;1.79;3.09;0;0;0;0;0;214.714285714286
866;Albert Heijn;Slimpie;34;17624;1.78;3.06;1.79;3.09;0;2;0;0;0;228.142857142857
867;Albert Heijn;Slimpie;35;17909;1.79;3.09;1.79;3.09;0;0;0;0;0;230.571428571429
868;Albert Heijn;Slimpie;36;25098;1.35;2.33;1.79;3.09;0;0;0;0;0;190.857142857143
869;Albert Heijn;Slimpie;37;15242;1.76;3.03;1.79;3.09;0;0;0;0;0;163.857142857143
870;Albert Heijn;Slimpie;38;15145;1.77;3.05;1.79;3.08;0;0;0;0;0;177.714285714286
871;Albert Heijn;Slimpie;39;15571;1.78;3.07;1.79;3.08;0;0;0;0;0;192.714285714286
872;Albert Heijn;Slimpie;40;15247;1.78;3.07;1.79;3.09;0;0;0;0;0;160.285714285714
873;Albert Heijn;Slimpie;41;15186;1.77;3.05;1.79;3.09;0;0;0;0;0;163.142857142857
874;Albert Heijn;Slimpie;42;15920;1.78;3.06;1.79;3.08;0;0;0;0;0;194.714285714286
875;Albert Heijn;Slimpie;43;16266;1.78;3.06;1.79;3.09;0;0;0;0;0;156.857142857143
876;Albert Heijn;Slimpie;44;15653;1.78;3.07;1.79;3.08;0;0;0;0;0;130.714285714286
877;Albert Heijn;Slimpie;45;15528;1.78;3.06;1.8;3.1;0;0;0;0;0;102.142857142857
878;Albert Heijn;Slimpie;46;15813;1.79;3.09;1.79;3.09;0;0;0;0;0;96.2857142857143
879;Albert Heijn;Slimpie;47;32954;1.35;2.33;1.78;3.08;0;37;0;0;0;112
880;Albert Heijn;Slimpie;48;15549;1.73;2.99;1.8;3.1;0;0;0;0;0;53.1428571428571
881;Albert Heijn;Slimpie;49;15039;1.75;3.01;1.79;3.09;0;0;0;0;0;74.1428571428571
882;Albert Heijn;Slimpie;50;15377;1.75;3.02;1.78;3.08;0;0;0;0;0;45.8571428571429
883;Albert Heijn;Slimpie;51;18587;1.76;3.04;1.77;3.05;0;0;0;0;0;84
884;Albert Heijn;Slimpie;52;12632;1.76;3.03;1.76;3.04;0;0;0;0;1;81.2857142857143
885;Albert Heijn;Slimpie;53;15552;1.76;3.03;1.76;3.04;0;0;0;0;1;98.2857142857143
886;Albert Heijn;Slimpie;54;17511;1.74;3.01;1.76;3.03;0;0;0;0;0;57.7142857142857
887;Albert Heijn;Slimpie;55;16887;1.75;3.02;1.77;3.05;0;2;0;0;0;66.8571428571429
888;Albert Heijn;Slimpie;56;16609;1.75;3.02;1.79;3.09;0;2;0;0;0;94.1428571428571
889;Albert Heijn;Slimpie;57;15718;1.75;3.02;1.77;3.05;0;2;0;0;0;79.8571428571429
890;Albert Heijn;Slimpie;58;15305;1.75;3.02;1.77;3.04;0;2;0;0;0;35.4285714285714
891;Albert Heijn;Slimpie;59;15700;1.75;3.02;1.76;3.04;0;0;0;0;0;73.7142857142857
892;Albert Heijn;Slimpie;60;15892;1.75;3.01;1.77;3.05;0;0;0;0;0;45.4285714285714
893;Albert Heijn;Slimpie;61;15889;1.75;3.01;1.77;3.05;0;0;0;0;0;-4.71428571428571
894;Albert Heijn;Slimpie;62;16989;1.75;3.01;1.76;3.03;0;0;0;0;0;108.571428571429
895;Albert Heijn;Slimpie;63;16901;1.72;2.97;1.76;3.04;0;0;0;0;0;93
896;Albert Heijn;Slimpie;64;17293;1.72;2.96;1.76;3.04;0;0;0;0;0;73.5714285714286
897;Albert Heijn;Slimpie;65;17132;1.73;2.99;1.76;3.03;0;36;0;0;1;111
898;Albert Heijn;Slimpie;66;16529;1.73;2.99;1.75;3.02;0;0;0;0;1;139.571428571429
899;Albert Heijn;Slimpie;67;17673;1.61;2.77;1.73;2.99;0;0;0;0;0;176.428571428571
900;Albert Heijn;Slimpie;68;20394;1.6;2.77;1.73;2.99;0;0;0;0;0;218.714285714286
901;Albert Heijn;Slimpie;69;18540;1.6;2.77;1.73;2.98;0;0;0;0;1;166.428571428571
902;Albert Heijn;Slimpie;70;17688;1.6;2.77;1.73;2.98;0;0;0;0;1;158.857142857143
903;Albert Heijn;Slimpie;71;20254;1.61;2.77;1.61;2.77;0;0;0;0;1;231.142857142857
904;Albert Heijn;Slimpie;72;18580;1.75;3.01;1.61;2.77;0;0;0;0;0;187.714285714286
905;Albert Heijn;Slimpie;73;21489;1.74;3;1.6;2.77;0;0;0;0;1;253
906;Albert Heijn;Slimpie;74;24455;1.76;3.04;1.77;3.05;0;0;0;0;0;258.285714285714
907;Albert Heijn;Slimpie;75;22839;1.77;3.05;1.74;3;0;0;0;0;0;240.142857142857
908;Albert Heijn;Slimpie;76;20254;1.83;3.16;1.78;3.06;0;0;0;0;0;209.428571428571
909;Albert Heijn;Slimpie;77;18671;1.83;3.16;1.81;3.11;0;0;0;0;0;196.428571428571
910;Albert Heijn;Slimpie;78;20283;1.82;3.14;1.83;3.15;0;0;0;0;0;237.285714285714
911;Albert Heijn;Slimpie;79;23019;1.82;3.15;1.83;3.16;0;0;0;0;0;255.714285714286
912;Albert Heijn;Slimpie;80;19826;1.86;3.21;1.84;3.17;0;0;0;0;0;236.142857142857
913;Albert Heijn;Slimpie;81;23024;1.86;3.21;1.83;3.16;0;0;0;0;0;268
914;Albert Heijn;Slimpie;82;27003;1.86;3.21;1.86;3.21;0;0;0;0;0;306.142857142857
915;Albert Heijn;Slimpie;83;24333;1.86;3.21;1.86;3.21;0;0;0;0;0;286
916;Albert Heijn;Slimpie;84;47534;1.41;2.43;1.87;3.22;0;53;0;0;0;255.571428571429
917;Albert Heijn;Slimpie;85;18982;1.81;3.13;1.87;3.22;0;2;0;0;0;233.142857142857
918;Albert Heijn;Slimpie;86;18772;1.83;3.15;1.87;3.22;0;2;0;0;0;222.428571428571
919;Albert Heijn;Slimpie;87;17304;1.83;3.16;1.87;3.22;0;0;0;0;0;198
920;Albert Heijn;Slimpie;88;16747;1.83;3.16;1.83;3.16;0;0;0;0;0;210.857142857143
921;Albert Heijn;Slimpie;89;16289;1.83;3.16;1.83;3.16;0;0;0;0;0;206.285714285714
922;Albert Heijn;Slimpie;90;17206;1.79;3.08;1.84;3.17;0;0;0;0;0;220.285714285714
923;Albert Heijn;Slimpie;91;16934;1.79;3.08;1.83;3.15;0;0;0;0;0;164.285714285714
924;Albert Heijn;Slimpie;92;16873;1.7;2.93;1.83;3.16;0;0;0;0;0;177
925;Albert Heijn;Slimpie;93;16878;1.7;2.93;1.83;3.15;0;0;0;0;0;209.714285714286
926;Albert Heijn;Slimpie;94;17919;1.7;2.93;1.79;3.09;0;0;0;0;0;199
927;Albert Heijn;Slimpie;95;17166;1.7;2.93;1.79;3.09;0;0;0;0;0;141.714285714286
928;Albert Heijn;Slimpie;96;16457;1.7;2.93;1.7;2.93;0;0;0;0;0;99.7142857142857
929;Albert Heijn;Slimpie;97;16534;1.7;2.92;1.69;2.91;0;0;0;0;0;134.714285714286
930;Albert Heijn;Slimpie;98;16875;1.69;2.92;1.69;2.92;0;0;0;0;0;115.857142857143
931;Albert Heijn;Slimpie;99;44892;1.3;2.24;1.69;2.92;62;0;54;0;0;55.8571428571429
932;Albert Heijn;Slimpie;100;16038;1.67;2.89;1.69;2.92;0;0;0;0;0;82.5714285714286
933;Albert Heijn;Slimpie;101;15809;1.68;2.9;1.69;2.92;0;0;0;0;0;114
934;Albert Heijn;Slimpie;102;16230;1.69;2.91;1.7;2.92;0;0;0;0;0;51.8571428571429
935;Albert Heijn;Slimpie;103;18570;1.69;2.92;1.7;2.93;0;0;0;0;0;87.4285714285714
936;Albert Heijn;Slimpie;104;13673;1.69;2.92;1.69;2.92;0;0;0;0;1;73.1428571428571
937;Albert Heijn;Slimpie;105;16771;1.74;2.99;1.7;2.92;0;0;0;0;1;81.2857142857143
938;Albert Heijn;Slimpie;106;18238;1.74;3;1.7;2.92;0;0;0;0;0;80.2857142857143
939;Albert Heijn;Slimpie;107;18319;1.74;3;1.73;2.99;0;0;0;0;0;65.2857142857143
940;Albert Heijn;Slimpie;108;19214;1.74;3;1.74;3;0;0;0;0;0;29.8571428571429
941;Albert Heijn;Slimpie;109;19077;1.74;3.01;1.74;3;0;0;0;0;0;36.7142857142857
942;Albert Heijn;Slimpie;110;18578;1.74;3.01;1.75;3.02;0;0;0;0;0;75.4285714285714
943;Albert Heijn;Slimpie;111;18323;1.74;3.01;1.74;3.01;0;0;0;0;0;109.142857142857
944;Albert Heijn;Slimpie;112;17828;1.75;3.02;1.75;3.02;0;0;0;0;0;124.714285714286
945;Albert Heijn;Slimpie;113;16354;1.78;3.08;1.77;3.06;0;0;0;0;0;148.142857142857
946;Albert Heijn;Slimpie;114;18610;1.74;3.01;1.76;3.03;0;2;0;0;0;117.428571428571
947;Albert Heijn;Slimpie;115;17639;1.75;3.01;1.75;3.02;0;0;0;0;0;105
948;Albert Heijn;Slimpie;116;18302;1.75;3.02;1.75;3.02;0;0;0;0;0;121.714285714286
949;Albert Heijn;Slimpie;117;18947;1.71;2.94;1.75;3.02;0;0;0;0;0;129.428571428571
950;Albert Heijn;Slimpie;118;18709;1.74;3;1.75;3.02;0;0;0;0;0;128.857142857143
951;Albert Heijn;Slimpie;119;19297;1.7;2.92;1.75;3.03;0;0;0;0;0;137.142857142857
952;Albert Heijn;Slimpie;120;19288;1.71;2.94;1.75;3.01;0;0;0;0;1;188.142857142857
953;Albert Heijn;Slimpie;121;19604;1.75;3.02;1.75;3.02;0;0;0;0;1;204.285714285714
954;Albert Heijn;Slimpie;122;53337;1.29;2.23;1.74;3;74;0;67;0;0;131
955;Albert Heijn;Slimpie;123;17298;1.7;2.94;1.76;3.03;0;0;0;0;1;137.142857142857
956;Albert Heijn;Slimpie;124;17538;1.72;2.96;1.75;3.01;0;0;0;0;0;168.571428571429
957;Albert Heijn;Slimpie;125;18901;1.71;2.95;1.77;3.05;0;0;0;0;0;188.142857142857
958;Albert Heijn;Slimpie;126;18965;1.75;3.01;1.75;3.02;0;0;0;0;1;201.428571428571
959;Albert Heijn;Slimpie;127;24460;1.58;2.74;1.73;3;0;0;0;0;0;219
960;Albert Heijn;Slimpie;128;18872;1.73;2.99;1.76;3.05;0;0;0;0;1;202.571428571429
961;Albert Heijn;Slimpie;129;22772;1.71;2.95;1.75;3.03;0;0;0;0;0;233.857142857143
962;Albert Heijn;Slimpie;130;26060;1.73;2.98;1.75;3.02;0;0;0;0;0;273.428571428571
963;Albert Heijn;Slimpie;131;21863;1.73;2.98;1.74;3.01;0;0;0;0;0;222.428571428571
964;Albert Heijn;Slimpie;132;18859;1.72;2.96;1.75;3.02;0;0;0;0;0;197
965;Albert Heijn;Slimpie;133;16882;1.76;3.04;1.75;3.02;0;0;0;0;0;217.571428571429
966;Albert Heijn;Slimpie;134;27971;1.78;3.07;1.75;3.02;0;0;0;0;0;315.428571428571
967;Albert Heijn;Slimpie;135;19698;1.79;3.09;1.78;3.06;0;0;0;0;0;233.714285714286
968;Albert Heijn;Slimpie;136;33152;1.39;2.39;1.76;3.04;0;20;0;0;0;239.285714285714
969;Albert Heijn;Slimpie;137;17747;1.78;3.06;1.79;3.08;0;0;0;0;0;206.142857142857
970;Albert Heijn;Slimpie;138;19398;1.8;3.11;1.79;3.08;0;0;0;0;0;233.428571428571
971;Albert Heijn;Slimpie;139;23742;1.8;3.1;1.8;3.1;0;0;0;0;0;281.142857142857
972;Albert Heijn;Slimpie;140;18471;1.81;3.12;1.81;3.12;0;0;0;0;0;190.285714285714
973;Albert Heijn;Slimpie;141;17761;1.79;3.09;1.81;3.12;0;0;0;0;0;195.571428571429
974;Albert Heijn;Slimpie;142;16764;1.75;3.02;1.82;3.14;0;0;0;0;0;192
975;Albert Heijn;Slimpie;143;17942;1.72;2.96;1.83;3.16;0;0;0;0;0;192.428571428571
976;Albert Heijn;Slimpie;144;16852;1.76;3.03;1.82;3.13;0;0;0;0;0;157.142857142857
977;Albert Heijn;Slimpie;145;17893;1.78;3.07;1.84;3.18;0;0;0;0;0;142.714285714286
978;Albert Heijn;Slimpie;146;17763;1.77;3.05;1.79;3.09;0;0;0;0;0;166.857142857143
979;Albert Heijn;Slimpie;147;19015;1.76;3.03;1.82;3.13;0;0;0;0;0;164.428571428571
980;Albert Heijn;Slimpie;148;18382;1.81;3.12;1.79;3.08;0;0;0;0;0;124.285714285714
981;Albert Heijn;Slimpie;149;48042;1.27;2.19;1.8;3.1;58;0;92;0;0;110.428571428571
982;Albert Heijn;Slimpie;150;17798;1.67;2.88;1.78;3.06;0;2;0;0;0;74.5714285714286
983;Albert Heijn;Slimpie;151;17367;1.74;2.99;1.78;3.07;0;0;0;0;0;78.7142857142857
984;Albert Heijn;Slimpie;152;18152;1.75;3.01;1.81;3.11;0;0;0;0;0;103.714285714286
985;Albert Heijn;Slimpie;153;18451;1.73;2.99;1.78;3.07;0;0;0;0;0;75.2857142857143
986;Albert Heijn;Slimpie;154;18933;1.72;2.96;1.79;3.09;0;0;0;0;0;79.7142857142857
987;Albert Heijn;Slimpie;155;20193;1.71;2.95;1.76;3.03;0;0;0;0;0;107.571428571429
988;Albert Heijn;Slimpie;156;16021;1.72;2.96;1.79;3.09;0;0;0;0;1;77.5714285714286
989;Albert Heijn;Slimpie;157;18563;1.73;2.98;1.76;3.03;0;0;0;0;1;67.5714285714286
990;Albert Heijn;Slimpie;158;20365;1.7;2.93;1.76;3.04;0;0;0;0;0;92.7142857142857
991;Albert Heijn;Slimpie;159;19572;1.71;2.95;1.75;3.02;0;0;0;0;0;105.571428571429
992;Albert Heijn;Slimpie;160;20637;1.71;2.95;1.73;2.99;0;0;0;0;0;52
993;Albert Heijn;Slimpie;161;20296;1.7;2.94;1.74;3;0;0;0;0;0;98.7142857142857
994;Albert Heijn;Slimpie;162;19945;1.7;2.94;1.73;2.98;0;0;0;0;0;93.5714285714286
995;Albert Heijn;Slimpie;163;19666;1.71;2.94;1.73;2.99;0;0;0;0;0;98.5714285714286
996;Albert Heijn;Slimpie;164;21147;1.7;2.92;1.73;2.98;0;0;0;0;0;108
997;Albert Heijn;Slimpie;165;22233;1.7;2.93;1.76;3.03;0;0;0;5.42857142857143;0;93.5714285714286
998;Albert Heijn;Slimpie;166;21344;1.69;2.92;1.75;3.01;0;0;0;66.4285714285714;0;88.8571428571429
999;Albert Heijn;Slimpie;167;30678;1.7;2.93;1.74;3;0;0;0;221.142857142857;0;111.428571428571
1000;Albert Heijn;Slimpie;168;24609;1.71;2.95;1.76;3.03;0;0;0;623;0;113.428571428571
1001;Albert Heijn;Slimpie;169;21053;1.75;3.01;1.73;2.99;0;0;0;1028.85714285714;0;117.142857142857
1002;Albert Heijn;Slimpie;170;20867;1.75;3.01;1.75;3.02;0;0;0;990.714285714286;0;103.571428571429
1003;Albert Heijn;Slimpie;171;23446;1.75;3.01;1.74;3;0;0;0;1086.28571428571;1;209.857142857143
1004;Albert Heijn;Slimpie;172;22193;1.75;3.01;1.74;3.01;0;0;0;955.571428571429;1;166.285714285714
1005;Albert Heijn;Slimpie;173;24960;1.75;3.01;1.74;3.01;0;0;0;565.714285714286;0;189
1006;Albert Heijn;Slimpie;174;46820;1.46;2.51;1.74;3;0;0;0;359.571428571429;1;154.857142857143
1007;Albert Heijn;Slimpie;175;24424;1.62;2.79;1.75;3.01;0;0;0;270.285714285714;1;188.571428571429
1008;Albert Heijn;Slimpie;176;22077;1.71;2.95;1.73;2.99;0;0;0;176.571428571429;0;147.714285714286
1009;Albert Heijn;Slimpie;177;24602;1.72;2.97;1.75;3.02;0;0;0;188.714285714286;1;219.142857142857
1010;Albert Heijn;Slimpie;178;27044;1.68;2.9;1.74;3;0;0;0;137.857142857143;0;208.428571428571
1011;Albert Heijn;Slimpie;179;26547;1.67;2.88;1.74;3;0;0;0;193.428571428571;1;207.142857142857
1012;Albert Heijn;Slimpie;180;24478;1.71;2.94;1.73;2.98;0;0;0;159.571428571429;0;203.285714285714
1013;Albert Heijn;Slimpie;181;25770;1.7;2.94;1.74;3;0;0;0;85.7142857142857;0;226
1014;Albert Heijn;Slimpie;182;32855;1.69;2.91;1.72;2.97;0;0;0;75.8571428571429;0;267.571428571429
1015;Albert Heijn;Slimpie;183;24995;1.69;2.92;1.72;2.96;0;0;0;58.7142857142857;0;202.571428571429
1016;Albert Heijn;Slimpie;184;21344;1.74;3;1.72;2.97;0;0;0;72.2857142857143;0;188
1017;Albert Heijn;Slimpie;185;48761;1.33;2.3;1.74;3;0;38;0;141.285714285714;0;215.428571428571
1018;Albert Heijn;Slimpie;186;23411;1.63;2.8;1.72;2.96;0;0;0;197.142857142857;0;222
1019;Albert Heijn;Slimpie;187;23067;1.68;2.89;1.69;2.91;0;0;0;394.285714285714;0;242
1020;Albert Heijn;Slimpie;188;27811;1.71;2.94;1.72;2.96;0;0;0;606.571428571429;0;275.428571428571
1021;Albert Heijn;Slimpie;189;34854;1.66;2.86;1.73;2.97;0;0;0;556.857142857143;0;315.571428571429
1022;Albert Heijn;Slimpie;190;28809;1.65;2.84;1.71;2.94;0;0;0;512.714285714286;0;265.571428571429
1023;Albert Heijn;Slimpie;191;24520;1.73;2.99;1.71;2.95;0;0;0;535.571428571429;0;201.714285714286
1024;Albert Heijn;Slimpie;192;22635;1.74;3.01;1.71;2.96;0;0;0;832.142857142857;0;195.285714285714
1025;Albert Heijn;Slimpie;193;22453;1.71;2.95;1.74;3;0;0;0;1233.14285714286;0;198.714285714286
1026;Albert Heijn;Slimpie;194;23792;1.65;2.85;1.73;2.99;0;0;0;2039.57142857143;0;242.142857142857
1027;Albert Heijn;Slimpie;195;23863;1.65;2.85;1.75;3.02;0;0;0;2892.57142857143;0;201
1028;Albert Heijn;Slimpie;196;20930;1.71;2.95;1.76;3.03;0;0;0;4163.28571428571;0;162.857142857143
1029;Albert Heijn;Slimpie;197;48457;1.39;2.4;1.74;3;97;0;47;6596.42857142857;0;147.285714285714
1030;Albert Heijn;Slimpie;198;20867;1.62;2.79;1.72;2.96;0;0;0;8138.71428571429;0;127.857142857143
1031;Albert Heijn;Slimpie;199;21000;1.61;2.77;1.68;2.9;0;0;0;9551;0;156.428571428571
1032;Albert Heijn;Slimpie;200;22098;1.61;2.78;1.68;2.89;0;0;0;9076;0;140.714285714286
1033;Albert Heijn;Slimpie;201;23883;1.61;2.78;1.67;2.87;0;0;0;5899.42857142857;0;143.428571428571
1034;Albert Heijn;Slimpie;202;25365;1.59;2.75;1.63;2.81;0;0;0;5256.14285714286;0;143.285714285714
1035;Albert Heijn;Slimpie;203;23642;1.59;2.74;1.63;2.82;0;0;0;5291.57142857143;0;123
1036;Albert Heijn;Slimpie;204;23841;1.6;2.75;1.63;2.81;0;0;0;4827.28571428571;0;92.1428571428571
1037;Albert Heijn;Slimpie;205;23747;1.58;2.73;1.63;2.82;0;0;0;6360.14285714286;0;68.7142857142857
1038;Albert Heijn;Slimpie;206;22699;1.6;2.76;1.63;2.8;0;0;0;8968.71428571429;0;48.2857142857143
1039;Albert Heijn;Slimpie;207;26024;1.6;2.76;1.63;2.81;0;0;0;11617.8571428571;0;103.428571428571
1040;Albert Heijn;Slimpie;208;21870;1.6;2.77;1.61;2.78;0;0;0;9461.28571428571;1;100
1041;Albert Heijn;Teisseire;1;2983;2.74;3.65;2.74;3.65;0;0;0;0;1;42.1428571428571
1042;Albert Heijn;Teisseire;2;3198;2.75;3.66;2.75;3.66;0;0;0;0;0;66.8571428571429
1043;Albert Heijn;Teisseire;3;3121;2.75;3.66;2.75;3.66;0;0;0;0;0;26.5714285714286
1044;Albert Heijn;Teisseire;4;3361;2.75;3.66;2.75;3.66;0;0;0;0;0;33.2857142857143
1045;Albert Heijn;Teisseire;5;3206;2.74;3.65;2.74;3.65;0;0;0;0;0;81.4285714285714
1046;Albert Heijn;Teisseire;6;3029;2.74;3.66;2.74;3.66;0;0;0;0;0;25.4285714285714
1047;Albert Heijn;Teisseire;7;3110;2.75;3.66;2.75;3.67;0;0;0;0;0;87.5714285714286
1048;Albert Heijn;Teisseire;8;3358;2.75;3.66;2.76;3.68;0;0;0;0;0;100.142857142857
1049;Albert Heijn;Teisseire;9;3219;2.74;3.66;2.74;3.66;0;0;0;0;0;96.1428571428571
1050;Albert Heijn;Teisseire;10;3189;2.74;3.66;2.74;3.66;0;0;0;0;0;110.142857142857
1051;Albert Heijn;Teisseire;11;3412;2.73;3.64;2.76;3.68;0;0;0;0;0;138.714285714286
1052;Albert Heijn;Teisseire;12;20638;2.06;2.75;2.75;3.66;38;0;88;0;0;127
1053;Albert Heijn;Teisseire;13;4239;2.55;3.4;2.66;3.54;0;0;0;0;0;175
1054;Albert Heijn;Teisseire;14;4585;2.64;3.51;2.89;3.85;0;0;0;0;0;145.142857142857
1055;Albert Heijn;Teisseire;15;4434;2.71;3.61;2.72;3.63;0;0;0;0;1;143.714285714286
1056;Albert Heijn;Teisseire;16;4092;2.72;3.63;2.72;3.63;0;0;0;0;1;114.571428571429
1057;Albert Heijn;Teisseire;17;3930;2.7;3.6;2.71;3.62;0;0;0;0;1;116.142857142857
1058;Albert Heijn;Teisseire;18;4506;2.55;3.39;2.82;3.76;0;0;0;0;1;151
1059;Albert Heijn;Teisseire;19;4335;2.68;3.57;2.73;3.64;0;0;0;0;0;177.428571428571
1060;Albert Heijn;Teisseire;20;4711;2.7;3.6;2.65;3.54;0;0;0;0;0;215.428571428571
1061;Albert Heijn;Teisseire;21;5553;2.71;3.62;2.72;3.62;0;0;0;0;1;242.285714285714
1062;Albert Heijn;Teisseire;22;4427;2.71;3.61;2.72;3.63;0;0;0;0;0;246.142857142857
1063;Albert Heijn;Teisseire;23;3771;2.71;3.61;2.72;3.62;0;0;0;0;1;205.571428571429
1064;Albert Heijn;Teisseire;24;3531;2.71;3.61;2.78;3.7;0;0;0;0;0;225.285714285714
1065;Albert Heijn;Teisseire;25;5494;2.72;3.63;2.72;3.63;0;0;0;0;0;267.285714285714
1066;Albert Heijn;Teisseire;26;4304;2.71;3.62;2.72;3.63;0;0;0;0;0;209.714285714286
1067;Albert Heijn;Teisseire;27;5552;2.75;3.66;2.76;3.68;0;0;0;0;0;238
1068;Albert Heijn;Teisseire;28;5305;2.74;3.66;2.79;3.72;0;0;0;0;0;212.285714285714
1069;Albert Heijn;Teisseire;29;5352;2.73;3.65;2.81;3.75;0;0;0;0;0;244.142857142857
1070;Albert Heijn;Teisseire;30;4600;2.74;3.66;2.78;3.71;0;0;0;0;0;208.285714285714
1071;Albert Heijn;Teisseire;31;4457;2.74;3.66;2.77;3.69;0;0;0;0;0;221.571428571429
1072;Albert Heijn;Teisseire;32;4445;2.73;3.64;2.77;3.69;0;0;0;0;0;210.857142857143
1073;Albert Heijn;Teisseire;33;4455;2.72;3.63;2.76;3.69;0;0;0;0;0;214.714285714286
1074;Albert Heijn;Teisseire;34;4851;2.75;3.66;2.78;3.7;0;0;0;0;0;228.142857142857
1075;Albert Heijn;Teisseire;35;4880;2.75;3.67;2.76;3.68;0;0;0;0;0;230.571428571429
1076;Albert Heijn;Teisseire;36;4395;2.75;3.66;2.79;3.72;0;0;0;0;0;190.857142857143
1077;Albert Heijn;Teisseire;37;4044;2.77;3.69;2.77;3.69;0;0;0;0;0;163.857142857143
1078;Albert Heijn;Teisseire;38;8615;2.09;2.78;2.79;3.72;0;0;0;0;0;177.714285714286
1079;Albert Heijn;Teisseire;39;4562;2.69;3.58;2.78;3.71;0;4;0;0;0;192.714285714286
1080;Albert Heijn;Teisseire;40;3917;2.7;3.61;2.76;3.68;0;0;0;0;0;160.285714285714
1081;Albert Heijn;Teisseire;41;3615;2.72;3.63;2.74;3.66;0;0;0;0;0;163.142857142857
1082;Albert Heijn;Teisseire;42;4049;2.72;3.63;2.77;3.69;0;0;0;0;0;194.714285714286
1083;Albert Heijn;Teisseire;43;4176;2.74;3.65;2.77;3.7;0;0;0;0;0;156.857142857143
1084;Albert Heijn;Teisseire;44;4170;2.73;3.64;2.77;3.7;0;0;0;0;0;130.714285714286
1085;Albert Heijn;Teisseire;45;4033;2.73;3.64;2.76;3.68;0;0;0;0;0;102.142857142857
1086;Albert Heijn;Teisseire;46;4026;2.69;3.59;2.76;3.68;0;0;0;0;0;96.2857142857143
1087;Albert Heijn;Teisseire;47;4023;2.73;3.64;2.77;3.69;0;0;0;0;0;112
1088;Albert Heijn;Teisseire;48;3640;2.73;3.64;2.74;3.65;0;0;0;0;0;53.1428571428571
1089;Albert Heijn;Teisseire;49;3547;2.73;3.64;2.76;3.68;0;0;0;0;0;74.1428571428571
1090;Albert Heijn;Teisseire;50;3729;2.73;3.64;2.75;3.67;0;0;0;0;0;45.8571428571429
1091;Albert Heijn;Teisseire;51;4699;2.75;3.66;2.77;3.7;0;0;0;0;0;84
1092;Albert Heijn;Teisseire;52;3227;2.74;3.66;2.78;3.7;0;0;0;0;1;81.2857142857143
1093;Albert Heijn;Teisseire;53;3688;2.73;3.65;2.8;3.73;0;0;0;0;1;98.2857142857143
1094;Albert Heijn;Teisseire;54;3333;2.72;3.63;2.82;3.76;0;0;0;0;0;57.7142857142857
1095;Albert Heijn;Teisseire;55;2306;2.76;3.67;2.81;3.75;0;0;0;0;0;66.8571428571429
1096;Albert Heijn;Teisseire;56;1978;2.72;3.63;2.8;3.73;0;0;0;0;0;94.1428571428571
1097;Albert Heijn;Teisseire;57;4404;2.73;3.64;2.78;3.7;0;0;0;0;0;79.8571428571429
1098;Albert Heijn;Teisseire;58;4538;2.74;3.65;2.77;3.69;0;0;0;0;0;35.4285714285714
1099;Albert Heijn;Teisseire;59;4462;2.73;3.64;2.76;3.68;0;0;0;0;0;73.7142857142857
1100;Albert Heijn;Teisseire;60;4574;2.72;3.63;2.78;3.7;0;0;0;0;0;45.4285714285714
1101;Albert Heijn;Teisseire;61;4308;2.72;3.62;2.78;3.71;0;0;0;0;0;-4.71428571428571
1102;Albert Heijn;Teisseire;62;5090;2.71;3.61;2.77;3.69;0;0;0;0;0;108.571428571429
1103;Albert Heijn;Teisseire;63;4854;2.73;3.64;2.78;3.7;0;0;0;0;0;93
1104;Albert Heijn;Teisseire;64;5017;2.74;3.65;2.79;3.71;0;0;0;0;0;73.5714285714286
1105;Albert Heijn;Teisseire;65;4642;2.77;3.69;2.76;3.69;0;0;0;0;1;111
1106;Albert Heijn;Teisseire;66;4791;2.77;3.69;2.79;3.72;0;0;0;0;1;139.571428571429
1107;Albert Heijn;Teisseire;67;5488;2.72;3.63;2.78;3.71;0;0;0;0;0;176.428571428571
1108;Albert Heijn;Teisseire;68;6544;2.7;3.6;2.77;3.69;0;0;0;0;0;218.714285714286
1109;Albert Heijn;Teisseire;69;5544;2.71;3.61;2.77;3.7;0;0;0;0;1;166.428571428571
1110;Albert Heijn;Teisseire;70;5377;2.7;3.6;2.77;3.69;0;0;0;0;1;158.857142857143
1111;Albert Heijn;Teisseire;71;6277;2.7;3.6;2.72;3.63;0;0;0;0;1;231.142857142857
1112;Albert Heijn;Teisseire;72;5656;2.7;3.6;2.72;3.63;0;0;0;0;0;187.714285714286
1113;Albert Heijn;Teisseire;73;7572;2.69;3.59;2.7;3.6;0;0;0;0;1;253
1114;Albert Heijn;Teisseire;74;13581;2.76;3.68;2.77;3.7;0;0;0;0;0;258.285714285714
1115;Albert Heijn;Teisseire;75;12158;2.78;3.7;2.78;3.7;0;0;0;0;0;240.142857142857
1116;Albert Heijn;Teisseire;76;9875;2.79;3.72;2.77;3.7;0;0;0;0;0;209.428571428571
1117;Albert Heijn;Teisseire;77;9610;2.79;3.72;2.78;3.71;0;0;0;0;0;196.428571428571
1118;Albert Heijn;Teisseire;78;136839;1.43;1.91;2.77;3.7;77;0;100;0;0;237.285714285714
1119;Albert Heijn;Teisseire;79;17558;2.75;3.67;2.78;3.7;0;0;0;0;0;255.714285714286
1120;Albert Heijn;Teisseire;80;10096;2.74;3.65;2.8;3.73;0;0;0;0;0;236.142857142857
1121;Albert Heijn;Teisseire;81;12536;2.74;3.65;2.75;3.67;0;0;0;0;0;268
1122;Albert Heijn;Teisseire;82;16605;2.74;3.65;2.75;3.66;0;0;0;0;0;306.142857142857
1123;Albert Heijn;Teisseire;83;14564;2.75;3.66;2.75;3.67;0;0;0;0;0;286
1124;Albert Heijn;Teisseire;84;13220;2.76;3.68;2.75;3.67;0;0;0;0;0;255.571428571429
1125;Albert Heijn;Teisseire;85;10535;2.77;3.7;2.79;3.71;0;0;0;0;0;233.142857142857
1126;Albert Heijn;Teisseire;86;115349;1.46;1.95;2.79;3.72;94;0;100;0;0;222.428571428571
1127;Albert Heijn;Teisseire;87;9381;2.73;3.64;2.87;3.82;0;2;0;0;0;198
1128;Albert Heijn;Teisseire;88;9115;2.78;3.7;2.78;3.7;0;0;0;0;0;210.857142857143
1129;Albert Heijn;Teisseire;89;8587;2.78;3.7;2.78;3.7;0;0;0;0;0;206.285714285714
1130;Albert Heijn;Teisseire;90;9438;2.78;3.71;2.76;3.69;0;0;0;0;0;220.285714285714
1131;Albert Heijn;Teisseire;91;11896;2.73;3.64;2.81;3.74;84;0;0;0;0;164.285714285714
1132;Albert Heijn;Teisseire;92;10532;2.76;3.67;2.79;3.72;81;0;0;0;0;177
1133;Albert Heijn;Teisseire;93;87937;1.44;1.92;2.79;3.72;91;0;66;0;0;209.714285714286
1134;Albert Heijn;Teisseire;94;9114;2.72;3.62;2.78;3.71;0;0;0;0;0;199
1135;Albert Heijn;Teisseire;95;8563;2.75;3.67;2.76;3.68;0;0;0;0;0;141.714285714286
1136;Albert Heijn;Teisseire;96;8452;2.77;3.69;2.75;3.66;0;0;0;0;0;99.7142857142857
1137;Albert Heijn;Teisseire;97;9509;2.77;3.69;2.79;3.72;0;0;0;0;0;134.714285714286
1138;Albert Heijn;Teisseire;98;10320;2.78;3.71;2.75;3.67;0;0;0;0;0;115.857142857143
1139;Albert Heijn;Teisseire;99;9010;2.79;3.71;2.8;3.73;0;0;0;0;0;55.8571428571429
1140;Albert Heijn;Teisseire;100;10695;2.77;3.69;2.79;3.72;99;0;0;0;0;82.5714285714286
1141;Albert Heijn;Teisseire;101;10971;2.76;3.68;2.78;3.71;99;0;0;0;0;114
1142;Albert Heijn;Teisseire;102;10383;2.77;3.69;2.8;3.73;99;0;0;0;0;51.8571428571429
1143;Albert Heijn;Teisseire;103;11424;2.77;3.7;2.79;3.72;99;0;0;0;0;87.4285714285714
1144;Albert Heijn;Teisseire;104;8396;2.77;3.7;2.79;3.72;99;0;0;0;1;73.1428571428571
1145;Albert Heijn;Teisseire;105;9693;2.85;3.79;2.78;3.71;0;0;0;0;1;81.2857142857143
1146;Albert Heijn;Teisseire;106;10464;2.87;3.82;2.77;3.69;0;0;0;0;0;80.2857142857143
1147;Albert Heijn;Teisseire;107;10543;2.87;3.82;2.85;3.79;0;0;0;0;0;65.2857142857143
1148;Albert Heijn;Teisseire;108;10804;2.86;3.81;2.86;3.81;0;0;0;0;0;29.8571428571429
1149;Albert Heijn;Teisseire;109;10011;2.84;3.79;2.84;3.78;0;0;0;0;0;36.7142857142857
1150;Albert Heijn;Teisseire;110;9757;2.84;3.79;2.84;3.79;0;0;0;0;0;75.4285714285714
1151;Albert Heijn;Teisseire;111;10389;2.86;3.82;2.85;3.8;0;0;0;0;0;109.142857142857
1152;Albert Heijn;Teisseire;112;10351;2.86;3.82;2.87;3.82;0;0;0;0;0;124.714285714286
1153;Albert Heijn;Teisseire;113;11292;2.85;3.8;2.86;3.82;0;0;0;0;0;148.142857142857
1154;Albert Heijn;Teisseire;114;103961;1.47;1.96;2.86;3.81;93;0;98;0;0;117.428571428571
1155;Albert Heijn;Teisseire;115;9413;2.76;3.68;2.9;3.87;0;0;0;0;0;105
1156;Albert Heijn;Teisseire;116;10462;2.76;3.68;2.88;3.84;0;0;0;0;0;121.714285714286
1157;Albert Heijn;Teisseire;117;13230;2.62;3.49;2.85;3.79;93;0;0;0;0;129.428571428571
1158;Albert Heijn;Teisseire;118;11547;2.74;3.65;2.86;3.81;94;0;0;0;0;128.857142857143
1159;Albert Heijn;Teisseire;119;11813;2.78;3.71;2.84;3.79;92;0;0;0;0;137.142857142857
1160;Albert Heijn;Teisseire;120;28495;2;2.67;2.88;3.84;0;1;0;0;1;188.142857142857
1161;Albert Heijn;Teisseire;121;13429;2.66;3.55;2.79;3.73;0;0;0;0;1;204.285714285714
1162;Albert Heijn;Teisseire;122;40471;2.06;2.74;2.8;3.73;91;1;62;0;0;131
1163;Albert Heijn;Teisseire;123;10498;2.76;3.69;2.78;3.7;0;0;0;0;1;137.142857142857
1164;Albert Heijn;Teisseire;124;10556;2.84;3.78;2.77;3.69;0;0;0;0;0;168.571428571429
1165;Albert Heijn;Teisseire;125;35297;2.13;2.84;2.8;3.74;96;0;77;0;0;188.142857142857
1166;Albert Heijn;Teisseire;126;12862;2.86;3.81;2.82;3.76;0;0;0;0;1;201.428571428571
1167;Albert Heijn;Teisseire;127;12563;2.95;3.93;2.78;3.71;0;0;0;0;0;219
1168;Albert Heijn;Teisseire;128;12327;2.93;3.91;2.93;3.91;0;0;0;0;1;202.571428571429
1169;Albert Heijn;Teisseire;129;14355;3;4;2.96;3.95;0;0;0;0;0;233.857142857143
1170;Albert Heijn;Teisseire;130;127947;1.56;2.08;3;4.01;89;0;50;0;0;273.428571428571
1171;Albert Heijn;Teisseire;131;12788;2.77;3.69;3.08;4.1;0;1;0;0;0;222.428571428571
1172;Albert Heijn;Teisseire;132;10320;2.87;3.83;2.99;3.99;0;0;0;0;0;197
1173;Albert Heijn;Teisseire;133;10554;2.93;3.9;2.97;3.96;0;0;0;0;0;217.571428571429
1174;Albert Heijn;Teisseire;134;40958;2.14;2.85;2.98;3.97;93;0;9;0;0;315.428571428571
1175;Albert Heijn;Teisseire;135;11491;2.82;3.75;2.93;3.9;0;0;0;0;0;233.714285714286
1176;Albert Heijn;Teisseire;136;10884;2.89;3.85;2.93;3.9;0;0;0;0;0;239.285714285714
1177;Albert Heijn;Teisseire;137;9857;2.91;3.88;2.96;3.95;0;0;0;0;0;206.142857142857
1178;Albert Heijn;Teisseire;138;12238;2.91;3.87;2.99;3.99;0;0;0;0;0;233.428571428571
1179;Albert Heijn;Teisseire;139;14227;2.97;3.96;2.94;3.92;0;0;0;0;0;281.142857142857
1180;Albert Heijn;Teisseire;140;148022;1.54;2.05;2.98;3.97;80;2;89;0;0;190.285714285714
1181;Albert Heijn;Teisseire;141;8431;2.86;3.81;2.99;3.98;0;0;0;0;0;195.571428571429
1182;Albert Heijn;Teisseire;142;28163;2.11;2.81;2.97;3.96;83;0;69;0;0;192
1183;Albert Heijn;Teisseire;143;9344;2.87;3.82;2.99;3.99;0;0;0;0;0;192.428571428571
1184;Albert Heijn;Teisseire;144;41656;2;2.67;2.95;3.94;91;0;76;0;0;157.142857142857
1185;Albert Heijn;Teisseire;145;11430;2.69;3.58;2.84;3.79;0;0;0;0;0;142.714285714286
1186;Albert Heijn;Teisseire;146;10885;2.83;3.78;2.86;3.81;0;0;0;0;0;166.857142857143
1187;Albert Heijn;Teisseire;147;10945;2.86;3.82;2.86;3.82;0;0;0;0;0;164.428571428571
1188;Albert Heijn;Teisseire;148;11657;2.93;3.91;2.91;3.88;0;0;0;0;0;124.285714285714
1189;Albert Heijn;Teisseire;149;38059;2.06;2.75;2.9;3.87;93;0;40;0;0;110.428571428571
1190;Albert Heijn;Teisseire;150;12209;2.73;3.63;2.91;3.88;0;0;0;0;0;74.5714285714286
1191;Albert Heijn;Teisseire;151;11470;2.86;3.81;2.97;3.97;0;0;0;0;0;78.7142857142857
1192;Albert Heijn;Teisseire;152;11800;2.86;3.81;2.9;3.86;0;0;0;0;0;103.714285714286
1193;Albert Heijn;Teisseire;153;11458;2.94;3.92;2.92;3.89;0;0;0;0;0;75.2857142857143
1194;Albert Heijn;Teisseire;154;21570;2.08;2.77;2.92;3.9;0;0;0;0;0;79.7142857142857
1195;Albert Heijn;Teisseire;155;13838;2.7;3.6;2.92;3.89;0;0;0;0;0;107.571428571429
1196;Albert Heijn;Teisseire;156;10579;2.8;3.74;2.94;3.91;0;0;0;0;1;77.5714285714286
1197;Albert Heijn;Teisseire;157;12553;2.84;3.79;2.94;3.92;0;0;0;0;1;67.5714285714286
1198;Albert Heijn;Teisseire;158;13544;2.85;3.8;2.9;3.87;0;0;0;0;0;92.7142857142857
1199;Albert Heijn;Teisseire;159;13208;2.92;3.89;2.88;3.85;0;0;0;0;0;105.571428571429
1200;Albert Heijn;Teisseire;160;13593;2.88;3.85;2.89;3.86;0;0;0;0;0;52
1201;Albert Heijn;Teisseire;161;12126;3.05;4.07;2.94;3.92;0;0;0;0;0;98.7142857142857
1202;Albert Heijn;Teisseire;162;52713;2.07;2.76;3;4;90;0;44;0;0;93.5714285714286
1203;Albert Heijn;Teisseire;163;12000;2.82;3.76;3;4;0;0;0;0;0;98.5714285714286
1204;Albert Heijn;Teisseire;164;11785;2.86;3.81;3.01;4.01;0;0;0;0;0;108
1205;Albert Heijn;Teisseire;165;14053;2.9;3.86;2.99;3.99;0;0;0;5.42857142857143;0;93.5714285714286
1206;Albert Heijn;Teisseire;166;14093;2.88;3.84;2.98;3.97;0;0;0;66.4285714285714;0;88.8571428571429
1207;Albert Heijn;Teisseire;167;21428;3;4.01;2.97;3.95;0;0;0;221.142857142857;0;111.428571428571
1208;Albert Heijn;Teisseire;168;135755;1.55;2.07;2.99;3.99;9;0;0;623;0;113.428571428571
1209;Albert Heijn;Teisseire;169;12955;2.89;3.85;2.95;3.93;0;0;0;1028.85714285714;0;117.142857142857
1210;Albert Heijn;Teisseire;170;11996;2.97;3.96;2.97;3.96;0;0;0;990.714285714286;0;103.571428571429
1211;Albert Heijn;Teisseire;171;15008;2.98;3.97;2.97;3.96;0;0;0;1086.28571428571;1;209.857142857143
1212;Albert Heijn;Teisseire;172;14708;2.98;3.97;2.98;3.98;0;0;0;955.571428571429;1;166.285714285714
1213;Albert Heijn;Teisseire;173;17777;2.98;3.97;3;4;0;0;0;565.714285714286;0;189
1214;Albert Heijn;Teisseire;174;15348;2.99;3.98;2.98;3.98;0;0;0;359.571428571429;1;154.857142857143
1215;Albert Heijn;Teisseire;175;15926;2.98;3.98;2.99;3.99;0;0;0;270.285714285714;1;188.571428571429
1216;Albert Heijn;Teisseire;176;15484;2.99;3.98;2.98;3.97;0;0;0;176.571428571429;0;147.714285714286
1217;Albert Heijn;Teisseire;177;102742;2.29;3.05;2.93;3.9;9;0;0;188.714285714286;1;219.142857142857
1218;Albert Heijn;Teisseire;178;18476;2.96;4.11;2.96;4.1;0;0;0;137.857142857143;0;208.428571428571
1219;Albert Heijn;Teisseire;179;18893;2.98;4.14;2.96;4.08;0;0;0;193.428571428571;1;207.142857142857
1220;Albert Heijn;Teisseire;180;18077;3;4.16;3.03;4.22;0;0;0;159.571428571429;0;203.285714285714
1221;Albert Heijn;Teisseire;181;21188;3.03;4.2;3;4.19;0;0;0;85.7142857142857;0;226
1222;Albert Heijn;Teisseire;182;28057;3.02;4.21;3;4.18;0;0;0;75.8571428571429;0;267.571428571429
1223;Albert Heijn;Teisseire;183;180487;1.56;2.11;3.02;4.2;80;10;33;58.7142857142857;0;202.571428571429
1224;Albert Heijn;Teisseire;184;16009;2.89;3.99;2.99;4.17;94;0;1;72.2857142857143;0;188
1225;Albert Heijn;Teisseire;185;16444;2.93;4.05;3.04;4.28;93;0;0;141.285714285714;0;215.428571428571
1226;Albert Heijn;Teisseire;186;47367;2.36;3.23;3.03;4.25;88;1;43;197.142857142857;0;222
1227;Albert Heijn;Teisseire;187;17211;2.98;4.13;2.99;4.15;0;6;0;394.285714285714;0;242
1228;Albert Heijn;Teisseire;188;22067;3;4.18;2.99;4.15;0;0;0;606.571428571429;0;275.428571428571
1229;Albert Heijn;Teisseire;189;29818;2.99;4.16;3.01;4.17;0;0;0;556.857142857143;0;315.571428571429
1230;Albert Heijn;Teisseire;190;72012;2.09;2.86;3.03;4.22;0;36;0;512.714285714286;0;265.571428571429
1231;Albert Heijn;Teisseire;191;18842;2.95;4.07;3;4.14;0;0;0;535.571428571429;0;201.714285714286
1232;Albert Heijn;Teisseire;192;16668;2.97;4.08;3.01;4.17;0;0;0;832.142857142857;0;195.285714285714
1233;Albert Heijn;Teisseire;193;16889;2.97;4.08;3.03;4.18;0;0;0;1233.14285714286;0;198.714285714286
1234;Albert Heijn;Teisseire;194;196774;1.53;2.07;2.99;4.11;80;0;81;2039.57142857143;0;242.142857142857
1235;Albert Heijn;Teisseire;195;15277;2.84;3.9;2.93;4.03;0;0;0;2892.57142857143;0;201
1236;Albert Heijn;Teisseire;196;18142;2.82;3.86;3;4.12;0;0;0;4163.28571428571;0;162.857142857143
1237;Albert Heijn;Teisseire;197;14327;2.95;4.03;3;4.12;0;0;0;6596.42857142857;0;147.285714285714
1238;Albert Heijn;Teisseire;198;15287;2.94;4.01;2.97;4.07;0;0;0;8138.71428571429;0;127.857142857143
1239;Albert Heijn;Teisseire;199;15340;2.94;4.01;2.95;4.03;0;0;0;9551;0;156.428571428571
1240;Albert Heijn;Teisseire;200;16700;2.95;4.02;2.96;4.04;0;0;0;9076;0;140.714285714286
1241;Albert Heijn;Teisseire;201;86622;2;2.71;2.96;4.02;100;0;40;5899.42857142857;0;143.428571428571
1242;Albert Heijn;Teisseire;202;17260;2.95;4.04;2.93;4.01;0;0;0;5256.14285714286;0;143.285714285714
1243;Albert Heijn;Teisseire;203;15031;2.95;4.05;2.94;4.01;0;0;0;5291.57142857143;0;123
1244;Albert Heijn;Teisseire;204;17359;2.96;4.04;2.95;4.03;0;0;0;4827.28571428571;0;92.1428571428571
1245;Albert Heijn;Teisseire;205;17593;2.96;4.03;2.95;4.05;0;0;0;6360.14285714286;0;68.7142857142857
1246;Albert Heijn;Teisseire;206;50637;2;2.72;2.96;4.05;0;0;0;8968.71428571429;0;48.2857142857143
1247;Albert Heijn;Teisseire;207;18302;2.99;4.07;2.96;4.02;0;0;0;11617.8571428571;0;103.428571428571
1248;Albert Heijn;Teisseire;208;17899;2.99;4.09;2.96;4.04;0;0;0;9461.28571428571;1;100
1249;Jumbo;PrivateLabel;1;70357;1.83;2.46;1.81;2.44;0;0;0;0;1;42.1428571428571
1250;Jumbo;PrivateLabel;2;72706;1.82;2.45;1.84;2.48;0;0;0;0;0;66.8571428571429
1251;Jumbo;PrivateLabel;3;74006;1.82;2.45;1.82;2.45;0;0;0;0;0;26.5714285714286
1252;Jumbo;PrivateLabel;4;78591;1.82;2.45;1.82;2.45;0;0;0;0;0;33.2857142857143
1253;Jumbo;PrivateLabel;5;76788;1.84;2.48;1.82;2.44;0;3;0;0;0;81.4285714285714
1254;Jumbo;PrivateLabel;6;74567;1.85;2.49;1.81;2.44;0;7;0;0;0;25.4285714285714
1255;Jumbo;PrivateLabel;7;76498;1.84;2.48;1.85;2.49;0;7;0;0;0;87.5714285714286
1256;Jumbo;PrivateLabel;8;77378;1.83;2.46;1.84;2.48;0;0;0;0;0;100.142857142857
1257;Jumbo;PrivateLabel;9;75077;1.84;2.48;1.84;2.48;0;3;0;0;0;96.1428571428571
1258;Jumbo;PrivateLabel;10;75749;1.85;2.49;1.83;2.47;0;0;0;0;0;110.142857142857
1259;Jumbo;PrivateLabel;11;79807;1.86;2.51;1.84;2.47;0;7;0;0;0;138.714285714286
1260;Jumbo;PrivateLabel;12;72812;1.84;2.48;1.85;2.49;0;1;0;0;0;127
1261;Jumbo;PrivateLabel;13;77606;1.87;2.52;1.85;2.5;0;6;0;0;0;175
1262;Jumbo;PrivateLabel;14;78280;1.88;2.53;1.88;2.53;0;9;0;0;0;145.142857142857
1263;Jumbo;PrivateLabel;15;77374;1.89;2.55;1.88;2.54;0;9;0;0;1;143.714285714286
1264;Jumbo;PrivateLabel;16;73425;1.9;2.57;1.89;2.55;0;5;0;0;1;114.571428571429
1265;Jumbo;PrivateLabel;17;68846;1.93;2.6;1.9;2.57;0;5;0;0;1;116.142857142857
1266;Jumbo;PrivateLabel;18;71037;1.94;2.61;1.92;2.59;0;36;0;0;1;151
1267;Jumbo;PrivateLabel;19;74885;1.94;2.62;1.92;2.6;0;29;0;0;0;177.428571428571
1268;Jumbo;PrivateLabel;20;83769;1.95;2.63;1.92;2.58;0;22;0;0;0;215.428571428571
1269;Jumbo;PrivateLabel;21;97721;1.97;2.66;1.96;2.64;0;15;0;0;1;242.285714285714
1270;Jumbo;PrivateLabel;22;86591;1.93;2.61;1.94;2.62;0;8;0;0;0;246.142857142857
1271;Jumbo;PrivateLabel;23;71419;1.92;2.59;1.95;2.63;0;9;0;0;1;205.571428571429
1272;Jumbo;PrivateLabel;24;72429;1.9;2.57;1.94;2.63;0;5;0;0;0;225.285714285714
1273;Jumbo;PrivateLabel;25;86064;1.89;2.56;1.93;2.6;0;7;0;0;0;267.285714285714
1274;Jumbo;PrivateLabel;26;67116;1.89;2.56;1.91;2.59;0;8;0;0;0;209.714285714286
1275;Jumbo;PrivateLabel;27;70040;1.89;2.55;1.89;2.56;0;10;0;0;0;238
1276;Jumbo;PrivateLabel;28;63724;1.88;2.55;1.91;2.59;0;4;0;0;0;212.285714285714
1277;Jumbo;PrivateLabel;29;65663;1.87;2.54;1.86;2.51;0;0;0;0;0;244.142857142857
1278;Jumbo;PrivateLabel;30;53497;1.88;2.54;1.89;2.56;0;0;0;0;0;208.285714285714
1279;Jumbo;PrivateLabel;31;51202;1.87;2.53;1.87;2.53;0;0;0;0;0;221.571428571429
1280;Jumbo;PrivateLabel;32;54717;1.88;2.62;1.88;2.61;0;0;0;0;0;210.857142857143
1281;Jumbo;PrivateLabel;33;58366;1.89;2.63;1.87;2.59;0;0;0;0;0;214.714285714286
1282;Jumbo;PrivateLabel;34;71717;1.92;2.67;1.9;2.63;0;0;0;0;0;228.142857142857
1283;Jumbo;PrivateLabel;35;77065;1.95;2.69;1.91;2.65;0;2;0;0;0;230.571428571429
1284;Jumbo;PrivateLabel;36;71876;1.96;2.71;1.92;2.66;0;2;0;0;0;190.857142857143
1285;Jumbo;PrivateLabel;37;67729;1.95;2.7;1.94;2.68;0;0;0;0;0;163.857142857143
1286;Jumbo;PrivateLabel;38;64268;1.91;2.65;1.93;2.67;0;0;0;0;0;177.714285714286
1287;Jumbo;PrivateLabel;39;66725;1.94;2.7;1.89;2.61;0;0;0;0;0;192.714285714286
1288;Jumbo;PrivateLabel;40;65706;1.96;2.71;1.94;2.67;0;0;0;0;0;160.285714285714
1289;Jumbo;PrivateLabel;41;61858;1.96;2.71;1.94;2.67;0;0;0;0;0;163.142857142857
1290;Jumbo;PrivateLabel;42;62281;1.96;2.71;1.95;2.69;0;0;0;0;0;194.714285714286
1291;Jumbo;PrivateLabel;43;62760;1.97;2.73;1.95;2.7;0;3;0;0;0;156.857142857143
1292;Jumbo;PrivateLabel;44;68151;2;2.76;1.95;2.7;0;0;0;0;0;130.714285714286
1293;Jumbo;PrivateLabel;45;62587;1.98;2.74;1.95;2.68;0;0;0;0;0;102.142857142857
1294;Jumbo;PrivateLabel;46;57799;1.93;2.68;1.95;2.71;0;0;0;0;0;96.2857142857143
1295;Jumbo;PrivateLabel;47;62398;1.94;2.69;1.93;2.67;0;0;0;0;0;112
1296;Jumbo;PrivateLabel;48;60373;1.97;2.72;1.86;2.56;0;0;0;0;0;53.1428571428571
1297;Jumbo;PrivateLabel;49;59699;1.97;2.72;1.96;2.71;0;0;0;0;0;74.1428571428571
1298;Jumbo;PrivateLabel;50;62948;1.96;2.71;1.94;2.68;0;0;0;0;0;45.8571428571429
1299;Jumbo;PrivateLabel;51;70729;1.94;2.7;1.95;2.69;0;0;0;0;0;84
1300;Jumbo;PrivateLabel;52;47815;1.99;2.76;1.95;2.7;0;0;0;0;1;81.2857142857143
1301;Jumbo;PrivateLabel;53;53720;1.98;2.75;1.97;2.73;0;0;0;0;1;98.2857142857143
1302;Jumbo;PrivateLabel;54;59724;1.98;2.75;1.99;2.76;0;0;0;0;0;57.7142857142857
1303;Jumbo;PrivateLabel;55;61404;1.98;2.74;1.98;2.74;0;0;0;0;0;66.8571428571429
1304;Jumbo;PrivateLabel;56;62506;1.94;2.7;1.94;2.69;0;0;0;0;0;94.1428571428571
1305;Jumbo;PrivateLabel;57;61960;1.96;2.72;1.96;2.73;0;0;0;0;0;79.8571428571429
1306;Jumbo;PrivateLabel;58;61118;1.94;2.69;1.96;2.72;0;0;0;0;0;35.4285714285714
1307;Jumbo;PrivateLabel;59;62173;1.95;2.7;1.97;2.72;0;0;0;0;0;73.7142857142857
1308;Jumbo;PrivateLabel;60;65076;1.95;2.71;1.96;2.72;0;0;0;0;0;45.4285714285714
1309;Jumbo;PrivateLabel;61;61498;1.95;2.71;1.95;2.69;0;0;0;0;0;-4.71428571428571
1310;Jumbo;PrivateLabel;62;64871;1.95;2.7;1.95;2.71;0;5;0;0;0;108.571428571429
1311;Jumbo;PrivateLabel;63;65562;1.94;2.69;1.97;2.72;0;2;0;0;0;93
1312;Jumbo;PrivateLabel;64;62948;1.94;2.69;1.97;2.72;0;0;0;0;0;73.5714285714286
1313;Jumbo;PrivateLabel;65;60291;1.94;2.7;1.96;2.72;0;0;0;0;1;111
1314;Jumbo;PrivateLabel;66;57151;1.95;2.71;1.95;2.71;0;0;0;0;1;139.571428571429
1315;Jumbo;PrivateLabel;67;60184;1.95;2.71;1.95;2.71;0;0;0;0;0;176.428571428571
1316;Jumbo;PrivateLabel;68;70338;1.93;2.68;1.92;2.66;0;0;0;0;0;218.714285714286
1317;Jumbo;PrivateLabel;69;61188;1.93;2.69;1.94;2.69;0;0;0;0;1;166.428571428571
1318;Jumbo;PrivateLabel;70;56625;1.94;2.7;1.94;2.7;0;0;0;0;1;158.857142857143
1319;Jumbo;PrivateLabel;71;66964;1.92;2.68;1.93;2.68;0;0;0;0;1;231.142857142857
1320;Jumbo;PrivateLabel;72;65147;1.92;2.66;1.93;2.67;0;3;0;0;0;187.714285714286
1321;Jumbo;PrivateLabel;73;76922;1.92;2.67;1.92;2.66;0;2;0;0;1;253
1322;Jumbo;PrivateLabel;74;81308;1.94;2.69;1.93;2.68;0;9;0;0;0;258.285714285714
1323;Jumbo;PrivateLabel;75;75907;1.95;2.7;1.92;2.67;0;7;0;0;0;240.142857142857
1324;Jumbo;PrivateLabel;76;67126;1.96;2.71;1.94;2.69;0;2;0;0;0;209.428571428571
1325;Jumbo;PrivateLabel;77;66025;1.96;2.72;1.93;2.68;0;3;0;0;0;196.428571428571
1326;Jumbo;PrivateLabel;78;75580;1.98;2.74;1.97;2.73;0;0;0;0;0;237.285714285714
1327;Jumbo;PrivateLabel;79;75477;1.95;2.71;1.94;2.69;0;2;0;0;0;255.714285714286
1328;Jumbo;PrivateLabel;80;63825;1.94;2.7;1.94;2.69;0;2;0;0;0;236.142857142857
1329;Jumbo;PrivateLabel;81;72154;1.93;2.68;1.92;2.67;0;2;0;0;0;268
1330;Jumbo;PrivateLabel;82;90078;1.94;2.69;1.95;2.69;0;2;0;0;0;306.142857142857
1331;Jumbo;PrivateLabel;83;80047;1.94;2.68;1.94;2.69;0;2;0;0;0;286
1332;Jumbo;PrivateLabel;84;71180;1.93;2.67;1.94;2.69;0;0;0;0;0;255.571428571429
1333;Jumbo;PrivateLabel;85;59970;2;2.78;1.98;2.75;0;2;0;0;0;233.142857142857
1334;Jumbo;PrivateLabel;86;56599;2.03;2.83;2.04;2.84;0;0;0;0;0;222.428571428571
1335;Jumbo;PrivateLabel;87;53927;2.06;2.88;2.04;2.85;0;2;0;0;0;198
1336;Jumbo;PrivateLabel;88;55192;2.11;2.94;2.07;2.89;0;2;0;0;0;210.857142857143
1337;Jumbo;PrivateLabel;89;55708;2.07;2.88;2.07;2.88;0;2;0;0;0;206.285714285714
1338;Jumbo;PrivateLabel;90;67645;1.96;2.71;2.01;2.79;0;2;0;0;0;220.285714285714
1339;Jumbo;PrivateLabel;91;62959;1.98;2.75;2.01;2.78;0;0;0;0;0;164.285714285714
1340;Jumbo;PrivateLabel;92;57905;1.96;2.72;1.99;2.75;0;0;0;0;0;177
1341;Jumbo;PrivateLabel;93;57240;1.95;2.7;1.98;2.75;0;0;0;0;0;209.714285714286
1342;Jumbo;PrivateLabel;94;55723;1.94;2.69;1.97;2.73;0;0;0;0;0;199
1343;Jumbo;PrivateLabel;95;55001;1.94;2.69;1.97;2.73;0;0;0;0;0;141.714285714286
1344;Jumbo;PrivateLabel;96;52997;1.93;2.69;1.95;2.71;0;4;0;0;0;99.7142857142857
1345;Jumbo;PrivateLabel;97;58046;1.96;2.72;1.97;2.73;0;4;0;0;0;134.714285714286
1346;Jumbo;PrivateLabel;98;52227;1.93;2.68;1.92;2.66;0;4;0;0;0;115.857142857143
1347;Jumbo;PrivateLabel;99;54121;1.95;2.71;1.94;2.69;0;4;0;0;0;55.8571428571429
1348;Jumbo;PrivateLabel;100;54544;1.97;2.74;1.91;2.64;0;4;0;0;0;82.5714285714286
1349;Jumbo;PrivateLabel;101;55215;1.99;2.76;1.94;2.69;0;6;0;0;0;114
1350;Jumbo;PrivateLabel;102;55995;2.01;2.78;1.96;2.72;0;2;0;0;0;51.8571428571429
1351;Jumbo;PrivateLabel;103;65407;2;2.79;1.98;2.74;0;0;0;0;0;87.4285714285714
1352;Jumbo;PrivateLabel;104;43980;2;2.8;2.01;2.78;0;0;0;0;1;73.1428571428571
1353;Jumbo;PrivateLabel;105;50548;2.01;2.81;2.01;2.79;0;0;0;0;1;81.2857142857143
1354;Jumbo;PrivateLabel;106;54022;2.01;2.79;2.01;2.79;0;0;0;0;0;80.2857142857143
1355;Jumbo;PrivateLabel;107;55475;2;2.78;2.01;2.8;0;2;0;0;0;65.2857142857143
1356;Jumbo;PrivateLabel;108;55704;1.97;2.74;2.01;2.8;0;2;0;0;0;29.8571428571429
1357;Jumbo;PrivateLabel;109;55528;2;2.78;1.99;2.77;0;2;0;0;0;36.7142857142857
1358;Jumbo;PrivateLabel;110;58914;1.91;2.64;2;2.77;0;0;0;0;0;75.4285714285714
1359;Jumbo;PrivateLabel;111;60048;1.88;2.6;1.99;2.76;0;0;0;0;0;109.142857142857
1360;Jumbo;PrivateLabel;112;61812;1.88;2.61;2;2.79;0;0;0;0;0;124.714285714286
1361;Jumbo;PrivateLabel;113;60057;1.85;2.57;1.99;2.78;0;3;0;0;0;148.142857142857
1362;Jumbo;PrivateLabel;114;54875;1.86;2.58;1.92;2.67;0;3;0;0;0;117.428571428571
1363;Jumbo;PrivateLabel;115;55403;1.85;2.57;1.87;2.59;0;3;0;0;0;105
1364;Jumbo;PrivateLabel;116;57184;1.83;2.55;1.84;2.55;0;3;0;0;0;121.714285714286
1365;Jumbo;PrivateLabel;117;60477;1.85;2.57;1.84;2.56;0;5;0;0;0;129.428571428571
1366;Jumbo;PrivateLabel;118;62233;1.87;2.6;1.85;2.57;0;5;0;0;0;128.857142857143
1367;Jumbo;PrivateLabel;119;66239;1.86;2.58;1.85;2.58;0;12;0;0;0;137.142857142857
1368;Jumbo;PrivateLabel;120;70837;1.86;2.57;1.86;2.58;0;3;0;0;1;188.142857142857
1369;Jumbo;PrivateLabel;121;65882;1.84;2.56;1.86;2.58;0;2;0;0;1;204.285714285714
1370;Jumbo;PrivateLabel;122;58249;1.83;2.55;1.85;2.57;0;0;0;0;0;131
1371;Jumbo;PrivateLabel;123;57139;1.82;2.53;1.83;2.55;0;2;0;0;1;137.142857142857
1372;Jumbo;PrivateLabel;124;62123;1.83;2.54;1.86;2.58;0;2;0;0;0;168.571428571429
1373;Jumbo;PrivateLabel;125;67269;1.85;2.57;1.84;2.54;0;0;0;0;0;188.142857142857
1374;Jumbo;PrivateLabel;126;70562;1.87;2.59;1.84;2.55;0;0;0;0;1;201.428571428571
1375;Jumbo;PrivateLabel;127;73372;1.87;2.59;1.85;2.56;0;0;0;0;0;219
1376;Jumbo;PrivateLabel;128;70163;1.87;2.58;1.87;2.58;0;0;0;0;1;202.571428571429
1377;Jumbo;PrivateLabel;129;83340;1.85;2.55;1.83;2.53;0;2;0;0;0;233.857142857143
1378;Jumbo;PrivateLabel;130;91039;1.84;2.54;1.85;2.55;0;2;0;0;0;273.428571428571
1379;Jumbo;PrivateLabel;131;73985;1.83;2.54;1.83;2.54;0;3;0;0;0;222.428571428571
1380;Jumbo;PrivateLabel;132;63060;1.84;2.56;1.84;2.54;0;3;0;0;0;197
1381;Jumbo;PrivateLabel;133;64312;1.86;2.58;1.82;2.52;0;3;0;0;0;217.571428571429
1382;Jumbo;PrivateLabel;134;93821;1.86;2.57;1.85;2.55;0;0;0;0;0;315.428571428571
1383;Jumbo;PrivateLabel;135;67832;1.83;2.54;1.85;2.56;0;0;0;0;0;233.714285714286
1384;Jumbo;PrivateLabel;136;66721;1.81;2.5;1.83;2.52;0;0;0;0;0;239.285714285714
1385;Jumbo;PrivateLabel;137;64803;1.8;2.49;1.82;2.51;0;0;0;0;0;206.142857142857
1386;Jumbo;PrivateLabel;138;72461;1.8;2.48;1.82;2.51;0;0;0;0;0;233.428571428571
1387;Jumbo;PrivateLabel;139;83225;1.8;2.48;1.8;2.49;0;2;0;0;0;281.142857142857
1388;Jumbo;PrivateLabel;140;65913;1.79;2.48;1.8;2.48;0;0;0;0;0;190.285714285714
1389;Jumbo;PrivateLabel;141;64198;1.8;2.48;1.78;2.46;0;0;0;0;0;195.571428571429
1390;Jumbo;PrivateLabel;142;66911;1.79;2.47;1.78;2.46;0;0;0;0;0;192
1391;Jumbo;PrivateLabel;143;67170;1.8;2.48;1.78;2.45;0;0;0;0;0;192.428571428571
1392;Jumbo;PrivateLabel;144;61307;1.81;2.5;1.79;2.48;0;0;0;0;0;157.142857142857
1393;Jumbo;PrivateLabel;145;57748;1.8;2.49;1.79;2.47;0;0;0;0;0;142.714285714286
1394;Jumbo;PrivateLabel;146;57963;1.8;2.49;1.8;2.48;0;0;0;0;0;166.857142857143
1395;Jumbo;PrivateLabel;147;61263;1.8;2.48;1.81;2.5;0;0;0;0;0;164.428571428571
1396;Jumbo;PrivateLabel;148;62120;1.8;2.49;1.79;2.47;0;0;0;0;0;124.285714285714
1397;Jumbo;PrivateLabel;149;66391;1.83;2.52;1.81;2.5;0;0;0;0;0;110.428571428571
1398;Jumbo;PrivateLabel;150;58992;1.8;2.49;1.79;2.47;0;0;0;0;0;74.5714285714286
1399;Jumbo;PrivateLabel;151;59685;1.8;2.49;1.77;2.45;0;0;0;0;0;78.7142857142857
1400;Jumbo;PrivateLabel;152;59010;1.83;2.53;1.8;2.5;0;0;0;0;0;103.714285714286
1401;Jumbo;PrivateLabel;153;59357;1.83;2.53;1.8;2.48;0;0;0;0;0;75.2857142857143
1402;Jumbo;PrivateLabel;154;60462;1.82;2.52;1.82;2.51;0;0;0;0;0;79.7142857142857
1403;Jumbo;PrivateLabel;155;61147;1.82;2.52;1.81;2.5;0;0;0;0;0;107.571428571429
1404;Jumbo;PrivateLabel;156;47191;1.84;2.57;1.82;2.53;0;0;0;0;1;77.5714285714286
1405;Jumbo;PrivateLabel;157;55406;1.85;2.57;1.83;2.53;0;0;0;0;1;67.5714285714286
1406;Jumbo;PrivateLabel;158;57039;1.84;2.55;1.82;2.52;0;0;0;0;0;92.7142857142857
1407;Jumbo;PrivateLabel;159;57836;1.84;2.55;1.82;2.52;0;0;0;0;0;105.571428571429
1408;Jumbo;PrivateLabel;160;57385;1.82;2.53;1.82;2.51;0;0;0;0;0;52
1409;Jumbo;PrivateLabel;161;57354;1.83;2.55;1.83;2.54;0;0;0;0;0;98.7142857142857
1410;Jumbo;PrivateLabel;162;58847;1.82;2.52;1.82;2.52;0;0;0;0;0;93.5714285714286
1411;Jumbo;PrivateLabel;163;60371;1.81;2.5;1.85;2.55;0;0;0;0;0;98.5714285714286
1412;Jumbo;PrivateLabel;164;60485;1.8;2.49;1.83;2.52;0;0;0;0;0;108
1413;Jumbo;PrivateLabel;165;65372;1.81;2.51;1.83;2.53;0;0;0;5.42857142857143;0;93.5714285714286
1414;Jumbo;PrivateLabel;166;61775;1.81;2.51;1.83;2.53;0;0;0;66.4285714285714;0;88.8571428571429
1415;Jumbo;PrivateLabel;167;101118;1.82;2.51;1.8;2.48;0;5;0;221.142857142857;0;111.428571428571
1416;Jumbo;PrivateLabel;168;90078;1.86;2.56;1.84;2.53;0;0;0;623;0;113.428571428571
1417;Jumbo;PrivateLabel;169;70337;1.82;2.51;1.82;2.51;0;0;0;1028.85714285714;0;117.142857142857
1418;Jumbo;PrivateLabel;170;62932;1.82;2.52;1.83;2.53;0;0;0;990.714285714286;0;103.571428571429
1419;Jumbo;PrivateLabel;171;68993;1.82;2.52;1.83;2.53;0;0;0;1086.28571428571;1;209.857142857143
1420;Jumbo;PrivateLabel;172;64074;1.82;2.52;1.81;2.5;0;0;0;955.571428571429;1;166.285714285714
1421;Jumbo;PrivateLabel;173;74523;1.82;2.53;1.81;2.51;0;0;0;565.714285714286;0;189
1422;Jumbo;PrivateLabel;174;66814;1.84;2.55;1.83;2.54;0;0;0;359.571428571429;1;154.857142857143
1423;Jumbo;PrivateLabel;175;69144;1.84;2.55;1.82;2.52;0;0;0;270.285714285714;1;188.571428571429
1424;Jumbo;PrivateLabel;176;68033;1.84;2.55;1.82;2.52;0;0;0;176.571428571429;0;147.714285714286
1425;Jumbo;PrivateLabel;177;71525;1.83;2.52;1.81;2.5;0;0;0;188.714285714286;1;219.142857142857
1426;Jumbo;PrivateLabel;178;69813;1.82;2.51;1.82;2.5;0;2;0;137.857142857143;0;208.428571428571
1427;Jumbo;PrivateLabel;179;67161;1.82;2.5;1.84;2.53;0;2;0;193.428571428571;1;207.142857142857
1428;Jumbo;PrivateLabel;180;59421;1.83;2.52;1.82;2.51;0;7;0;159.571428571429;0;203.285714285714
1429;Jumbo;PrivateLabel;181;68131;1.84;2.52;1.84;2.53;0;5;0;85.7142857142857;0;226
1430;Jumbo;PrivateLabel;182;86311;1.83;2.5;1.83;2.51;0;5;0;75.8571428571429;0;267.571428571429
1431;Jumbo;PrivateLabel;183;69623;1.81;2.48;1.81;2.48;0;7;0;58.7142857142857;0;202.571428571429
1432;Jumbo;PrivateLabel;184;62174;1.8;2.46;1.8;2.45;0;2;0;72.2857142857143;0;188
1433;Jumbo;PrivateLabel;185;58188;1.78;2.43;1.78;2.43;0;4;0;141.285714285714;0;215.428571428571
1434;Jumbo;PrivateLabel;186;56137;1.77;2.42;1.77;2.42;0;4;0;197.142857142857;0;222
1435;Jumbo;PrivateLabel;187;56036;1.76;2.41;1.76;2.41;0;2;0;394.285714285714;0;242
1436;Jumbo;PrivateLabel;188;68795;1.75;2.39;1.77;2.41;0;2;0;606.571428571429;0;275.428571428571
1437;Jumbo;PrivateLabel;189;80573;1.75;2.37;1.76;2.4;0;2;0;556.857142857143;0;315.571428571429
1438;Jumbo;PrivateLabel;190;70300;1.75;2.39;1.75;2.38;0;3;0;512.714285714286;0;265.571428571429
1439;Jumbo;PrivateLabel;191;61081;1.77;2.43;1.77;2.41;0;0;0;535.571428571429;0;201.714285714286
1440;Jumbo;PrivateLabel;192;57786;1.81;2.47;1.76;2.41;0;0;0;832.142857142857;0;195.285714285714
1441;Jumbo;PrivateLabel;193;55348;1.8;2.46;1.76;2.4;0;2;0;1233.14285714286;0;198.714285714286
1442;Jumbo;PrivateLabel;194;57964;1.79;2.45;1.81;2.47;0;3;0;2039.57142857143;0;242.142857142857
1443;Jumbo;PrivateLabel;195;59546;1.81;2.47;1.79;2.43;0;3;0;2892.57142857143;0;201
1444;Jumbo;PrivateLabel;196;53679;1.8;2.46;1.8;2.45;0;2;0;4163.28571428571;0;162.857142857143
1445;Jumbo;PrivateLabel;197;52199;1.82;2.49;1.8;2.46;0;3;0;6596.42857142857;0;147.285714285714
1446;Jumbo;PrivateLabel;198;52396;1.83;2.5;1.81;2.47;0;0;0;8138.71428571429;0;127.857142857143
1447;Jumbo;PrivateLabel;199;54631;1.83;2.5;1.83;2.5;0;0;0;9551;0;156.428571428571
1448;Jumbo;PrivateLabel;200;55012;1.83;2.51;1.82;2.48;0;0;0;9076;0;140.714285714286
1449;Jumbo;PrivateLabel;201;53987;1.8;2.47;1.82;2.49;0;0;0;5899.42857142857;0;143.428571428571
1450;Jumbo;PrivateLabel;202;53725;1.81;2.47;1.84;2.51;0;0;0;5256.14285714286;0;143.285714285714
1451;Jumbo;PrivateLabel;203;55009;1.8;2.46;1.82;2.49;0;5;0;5291.57142857143;0;123
1452;Jumbo;PrivateLabel;204;56039;1.81;2.47;1.81;2.46;0;4;0;4827.28571428571;0;92.1428571428571
1453;Jumbo;PrivateLabel;205;53958;1.81;2.47;1.81;2.48;0;0;0;6360.14285714286;0;68.7142857142857
1454;Jumbo;PrivateLabel;206;54862;1.81;2.48;1.79;2.44;0;0;0;8968.71428571429;0;48.2857142857143
1455;Jumbo;PrivateLabel;207;60350;1.82;2.48;1.8;2.46;0;0;0;11617.8571428571;0;103.428571428571
1456;Jumbo;PrivateLabel;208;45877;1.82;2.5;1.81;2.47;0;0;0;9461.28571428571;1;100
1457;Jumbo;EuroShopper;1;0;0;0;0;0;0;0;0;0;1;42.1428571428571
1458;Jumbo;EuroShopper;2;0;0;0;0;0;0;0;0;0;0;66.8571428571429
1459;Jumbo;EuroShopper;3;0;0;0;0;0;0;0;0;0;0;26.5714285714286
1460;Jumbo;EuroShopper;4;0;0;0;0;0;0;0;0;0;0;33.2857142857143
1461;Jumbo;EuroShopper;5;0;0;0;0;0;0;0;0;0;0;81.4285714285714
1462;Jumbo;EuroShopper;6;0;0;0;0;0;0;0;0;0;0;25.4285714285714
1463;Jumbo;EuroShopper;7;0;0;0;0;0;0;0;0;0;0;87.5714285714286
1464;Jumbo;EuroShopper;8;0;0;0;0;0;0;0;0;0;0;100.142857142857
1465;Jumbo;EuroShopper;9;0;0;0;0;0;0;0;0;0;0;96.1428571428571
1466;Jumbo;EuroShopper;10;0;0;0;0;0;0;0;0;0;0;110.142857142857
1467;Jumbo;EuroShopper;11;0;0;0;0;0;0;0;0;0;0;138.714285714286
1468;Jumbo;EuroShopper;12;0;0;0;0;0;0;0;0;0;0;127
1469;Jumbo;EuroShopper;13;0;0;0;0;0;0;0;0;0;0;175
1470;Jumbo;EuroShopper;14;0;0;0;0;0;0;0;0;0;0;145.142857142857
1471;Jumbo;EuroShopper;15;0;0;0;0;0;0;0;0;0;1;143.714285714286
1472;Jumbo;EuroShopper;16;0;0;0;0;0;0;0;0;0;1;114.571428571429
1473;Jumbo;EuroShopper;17;0;0;0;0;0;0;0;0;0;1;116.142857142857
1474;Jumbo;EuroShopper;18;0;0;0;0;0;0;0;0;0;1;151
1475;Jumbo;EuroShopper;19;0;0;0;0;0;0;0;0;0;0;177.428571428571
1476;Jumbo;EuroShopper;20;0;0;0;0;0;0;0;0;0;0;215.428571428571
1477;Jumbo;EuroShopper;21;0;0;0;0;0;0;0;0;0;1;242.285714285714
1478;Jumbo;EuroShopper;22;0;0;0;0;0;0;0;0;0;0;246.142857142857
1479;Jumbo;EuroShopper;23;0;0;0;0;0;0;0;0;0;1;205.571428571429
1480;Jumbo;EuroShopper;24;0;0;0;0;0;0;0;0;0;0;225.285714285714
1481;Jumbo;EuroShopper;25;0;0;0;0;0;0;0;0;0;0;267.285714285714
1482;Jumbo;EuroShopper;26;0;0;0;0;0;0;0;0;0;0;209.714285714286
1483;Jumbo;EuroShopper;27;0;0;0;0;0;0;0;0;0;0;238
1484;Jumbo;EuroShopper;28;0;0;0;0;0;0;0;0;0;0;212.285714285714
1485;Jumbo;EuroShopper;29;0;0;0;0;0;0;0;0;0;0;244.142857142857
1486;Jumbo;EuroShopper;30;0;0;0;0;0;0;0;0;0;0;208.285714285714
1487;Jumbo;EuroShopper;31;0;0;0;0;0;0;0;0;0;0;221.571428571429
1488;Jumbo;EuroShopper;32;0;0;0;0;0;0;0;0;0;0;210.857142857143
1489;Jumbo;EuroShopper;33;0;0;0;0;0;0;0;0;0;0;214.714285714286
1490;Jumbo;EuroShopper;34;0;0;0;0;0;0;0;0;0;0;228.142857142857
1491;Jumbo;EuroShopper;35;0;0;0;0;0;0;0;0;0;0;230.571428571429
1492;Jumbo;EuroShopper;36;0;0;0;0;0;0;0;0;0;0;190.857142857143
1493;Jumbo;EuroShopper;37;0;0;0;0;0;0;0;0;0;0;163.857142857143
1494;Jumbo;EuroShopper;38;0;0;0;0;0;0;0;0;0;0;177.714285714286
1495;Jumbo;EuroShopper;39;0;0;0;0;0;0;0;0;0;0;192.714285714286
1496;Jumbo;EuroShopper;40;0;0;0;0;0;0;0;0;0;0;160.285714285714
1497;Jumbo;EuroShopper;41;0;0;0;0;0;0;0;0;0;0;163.142857142857
1498;Jumbo;EuroShopper;42;0;0;0;0;0;0;0;0;0;0;194.714285714286
1499;Jumbo;EuroShopper;43;0;0;0;0;0;0;0;0;0;0;156.857142857143
1500;Jumbo;EuroShopper;44;0;0;0;0;0;0;0;0;0;0;130.714285714286
1501;Jumbo;EuroShopper;45;0;0;0;0;0;0;0;0;0;0;102.142857142857
1502;Jumbo;EuroShopper;46;0;0;0;0;0;0;0;0;0;0;96.2857142857143
1503;Jumbo;EuroShopper;47;0;0;0;0;0;0;0;0;0;0;112
1504;Jumbo;EuroShopper;48;0;0;0;0;0;0;0;0;0;0;53.1428571428571
1505;Jumbo;EuroShopper;49;0;0;0;0;0;0;0;0;0;0;74.1428571428571
1506;Jumbo;EuroShopper;50;0;0;0;0;0;0;0;0;0;0;45.8571428571429
1507;Jumbo;EuroShopper;51;0;0;0;0;0;0;0;0;0;0;84
1508;Jumbo;EuroShopper;52;0;0;0;0;0;0;0;0;0;1;81.2857142857143
1509;Jumbo;EuroShopper;53;0;0;0;0;0;0;0;0;0;1;98.2857142857143
1510;Jumbo;EuroShopper;54;0;0;0;0;0;0;0;0;0;0;57.7142857142857
1511;Jumbo;EuroShopper;55;0;0;0;0;0;0;0;0;0;0;66.8571428571429
1512;Jumbo;EuroShopper;56;0;0;0;0;0;0;0;0;0;0;94.1428571428571
1513;Jumbo;EuroShopper;57;0;0;0;0;0;0;0;0;0;0;79.8571428571429
1514;Jumbo;EuroShopper;58;0;0;0;0;0;0;0;0;0;0;35.4285714285714
1515;Jumbo;EuroShopper;59;0;0;0;0;0;0;0;0;0;0;73.7142857142857
1516;Jumbo;EuroShopper;60;0;0;0;0;0;0;0;0;0;0;45.4285714285714
1517;Jumbo;EuroShopper;61;0;0;0;0;0;0;0;0;0;0;-4.71428571428571
1518;Jumbo;EuroShopper;62;0;0;0;0;0;0;0;0;0;0;108.571428571429
1519;Jumbo;EuroShopper;63;0;0;0;0;0;0;0;0;0;0;93
1520;Jumbo;EuroShopper;64;0;0;0;0;0;0;0;0;0;0;73.5714285714286
1521;Jumbo;EuroShopper;65;0;0;0;0;0;0;0;0;0;1;111
1522;Jumbo;EuroShopper;66;0;0;0;0;0;0;0;0;0;1;139.571428571429
1523;Jumbo;EuroShopper;67;0;0;0;0;0;0;0;0;0;0;176.428571428571
1524;Jumbo;EuroShopper;68;0;0;0;0;0;0;0;0;0;0;218.714285714286
1525;Jumbo;EuroShopper;69;0;0;0;0;0;0;0;0;0;1;166.428571428571
1526;Jumbo;EuroShopper;70;0;0;0;0;0;0;0;0;0;1;158.857142857143
1527;Jumbo;EuroShopper;71;0;0;0;0;0;0;0;0;0;1;231.142857142857
1528;Jumbo;EuroShopper;72;0;0;0;0;0;0;0;0;0;0;187.714285714286
1529;Jumbo;EuroShopper;73;0;0;0;0;0;0;0;0;0;1;253
1530;Jumbo;EuroShopper;74;0;0;0;0;0;0;0;0;0;0;258.285714285714
1531;Jumbo;EuroShopper;75;0;0;0;0;0;0;0;0;0;0;240.142857142857
1532;Jumbo;EuroShopper;76;0;0;0;0;0;0;0;0;0;0;209.428571428571
1533;Jumbo;EuroShopper;77;0;0;0;0;0;0;0;0;0;0;196.428571428571
1534;Jumbo;EuroShopper;78;0;0;0;0;0;0;0;0;0;0;237.285714285714
1535;Jumbo;EuroShopper;79;0;0;0;0;0;0;0;0;0;0;255.714285714286
1536;Jumbo;EuroShopper;80;0;0;0;0;0;0;0;0;0;0;236.142857142857
1537;Jumbo;EuroShopper;81;0;0;0;0;0;0;0;0;0;0;268
1538;Jumbo;EuroShopper;82;0;0;0;0;0;0;0;0;0;0;306.142857142857
1539;Jumbo;EuroShopper;83;0;0;0;0;0;0;0;0;0;0;286
1540;Jumbo;EuroShopper;84;0;0;0;0;0;0;0;0;0;0;255.571428571429
1541;Jumbo;EuroShopper;85;0;0;0;0;0;0;0;0;0;0;233.142857142857
1542;Jumbo;EuroShopper;86;0;0;0;0;0;0;0;0;0;0;222.428571428571
1543;Jumbo;EuroShopper;87;0;0;0;0;0;0;0;0;0;0;198
1544;Jumbo;EuroShopper;88;0;0;0;0;0;0;0;0;0;0;210.857142857143
1545;Jumbo;EuroShopper;89;0;0;0;0;0;0;0;0;0;0;206.285714285714
1546;Jumbo;EuroShopper;90;0;0;0;0;0;0;0;0;0;0;220.285714285714
1547;Jumbo;EuroShopper;91;0;0;0;0;0;0;0;0;0;0;164.285714285714
1548;Jumbo;EuroShopper;92;0;0;0;0;0;0;0;0;0;0;177
1549;Jumbo;EuroShopper;93;0;0;0;0;0;0;0;0;0;0;209.714285714286
1550;Jumbo;EuroShopper;94;0;0;0;0;0;0;0;0;0;0;199
1551;Jumbo;EuroShopper;95;0;0;0;0;0;0;0;0;0;0;141.714285714286
1552;Jumbo;EuroShopper;96;0;0;0;0;0;0;0;0;0;0;99.7142857142857
1553;Jumbo;EuroShopper;97;0;0;0;0;0;0;0;0;0;0;134.714285714286
1554;Jumbo;EuroShopper;98;0;0;0;0;0;0;0;0;0;0;115.857142857143
1555;Jumbo;EuroShopper;99;0;0;0;0;0;0;0;0;0;0;55.8571428571429
1556;Jumbo;EuroShopper;100;0;0;0;0;0;0;0;0;0;0;82.5714285714286
1557;Jumbo;EuroShopper;101;0;0;0;0;0;0;0;0;0;0;114
1558;Jumbo;EuroShopper;102;0;0;0;0;0;0;0;0;0;0;51.8571428571429
1559;Jumbo;EuroShopper;103;0;0;0;0;0;0;0;0;0;0;87.4285714285714
1560;Jumbo;EuroShopper;104;0;0;0;0;0;0;0;0;0;1;73.1428571428571
1561;Jumbo;EuroShopper;105;0;0;0;0;0;0;0;0;0;1;81.2857142857143
1562;Jumbo;EuroShopper;106;0;0;0;0;0;0;0;0;0;0;80.2857142857143
1563;Jumbo;EuroShopper;107;0;0;0;0;0;0;0;0;0;0;65.2857142857143
1564;Jumbo;EuroShopper;108;0;0;0;0;0;0;0;0;0;0;29.8571428571429
1565;Jumbo;EuroShopper;109;0;0;0;0;0;0;0;0;0;0;36.7142857142857
1566;Jumbo;EuroShopper;110;0;0;0;0;0;0;0;0;0;0;75.4285714285714
1567;Jumbo;EuroShopper;111;0;0;0;0;0;0;0;0;0;0;109.142857142857
1568;Jumbo;EuroShopper;112;0;0;0;0;0;0;0;0;0;0;124.714285714286
1569;Jumbo;EuroShopper;113;0;0;0;0;0;0;0;0;0;0;148.142857142857
1570;Jumbo;EuroShopper;114;0;0;0;0;0;0;0;0;0;0;117.428571428571
1571;Jumbo;EuroShopper;115;0;0;0;0;0;0;0;0;0;0;105
1572;Jumbo;EuroShopper;116;0;0;0;0;0;0;0;0;0;0;121.714285714286
1573;Jumbo;EuroShopper;117;0;0;0;0;0;0;0;0;0;0;129.428571428571
1574;Jumbo;EuroShopper;118;0;0;0;0;0;0;0;0;0;0;128.857142857143
1575;Jumbo;EuroShopper;119;0;0;0;0;0;0;0;0;0;0;137.142857142857
1576;Jumbo;EuroShopper;120;0;0;0;0;0;0;0;0;0;1;188.142857142857
1577;Jumbo;EuroShopper;121;0;0;0;0;0;0;0;0;0;1;204.285714285714
1578;Jumbo;EuroShopper;122;0;0;0;0;0;0;0;0;0;0;131
1579;Jumbo;EuroShopper;123;0;0;0;0;0;0;0;0;0;1;137.142857142857
1580;Jumbo;EuroShopper;124;0;0;0;0;0;0;0;0;0;0;168.571428571429
1581;Jumbo;EuroShopper;125;0;0;0;0;0;0;0;0;0;0;188.142857142857
1582;Jumbo;EuroShopper;126;0;0;0;0;0;0;0;0;0;1;201.428571428571
1583;Jumbo;EuroShopper;127;0;0;0;0;0;0;0;0;0;0;219
1584;Jumbo;EuroShopper;128;0;0;0;0;0;0;0;0;0;1;202.571428571429
1585;Jumbo;EuroShopper;129;0;0;0;0;0;0;0;0;0;0;233.857142857143
1586;Jumbo;EuroShopper;130;0;0;0;0;0;0;0;0;0;0;273.428571428571
1587;Jumbo;EuroShopper;131;0;0;0;0;0;0;0;0;0;0;222.428571428571
1588;Jumbo;EuroShopper;132;0;0;0;0;0;0;0;0;0;0;197
1589;Jumbo;EuroShopper;133;0;0;0;0;0;0;0;0;0;0;217.571428571429
1590;Jumbo;EuroShopper;134;0;0;0;0;0;0;0;0;0;0;315.428571428571
1591;Jumbo;EuroShopper;135;0;0;0;0;0;0;0;0;0;0;233.714285714286
1592;Jumbo;EuroShopper;136;0;0;0;0;0;0;0;0;0;0;239.285714285714
1593;Jumbo;EuroShopper;137;0;0;0;0;0;0;0;0;0;0;206.142857142857
1594;Jumbo;EuroShopper;138;0;0;0;0;0;0;0;0;0;0;233.428571428571
1595;Jumbo;EuroShopper;139;0;0;0;0;0;0;0;0;0;0;281.142857142857
1596;Jumbo;EuroShopper;140;0;0;0;0;0;0;0;0;0;0;190.285714285714
1597;Jumbo;EuroShopper;141;0;0;0;0;0;0;0;0;0;0;195.571428571429
1598;Jumbo;EuroShopper;142;0;0;0;0;0;0;0;0;0;0;192
1599;Jumbo;EuroShopper;143;0;0;0;0;0;0;0;0;0;0;192.428571428571
1600;Jumbo;EuroShopper;144;0;0;0;0;0;0;0;0;0;0;157.142857142857
1601;Jumbo;EuroShopper;145;0;0;0;0;0;0;0;0;0;0;142.714285714286
1602;Jumbo;EuroShopper;146;0;0;0;0;0;0;0;0;0;0;166.857142857143
1603;Jumbo;EuroShopper;147;0;0;0;0;0;0;0;0;0;0;164.428571428571
1604;Jumbo;EuroShopper;148;0;0;0;0;0;0;0;0;0;0;124.285714285714
1605;Jumbo;EuroShopper;149;0;0;0;0;0;0;0;0;0;0;110.428571428571
1606;Jumbo;EuroShopper;150;0;0;0;0;0;0;0;0;0;0;74.5714285714286
1607;Jumbo;EuroShopper;151;0;0;0;0;0;0;0;0;0;0;78.7142857142857
1608;Jumbo;EuroShopper;152;0;0;0;0;0;0;0;0;0;0;103.714285714286
1609;Jumbo;EuroShopper;153;0;0;0;0;0;0;0;0;0;0;75.2857142857143
1610;Jumbo;EuroShopper;154;0;0;0;0;0;0;0;0;0;0;79.7142857142857
1611;Jumbo;EuroShopper;155;0;0;0;0;0;0;0;0;0;0;107.571428571429
1612;Jumbo;EuroShopper;156;0;0;0;0;0;0;0;0;0;1;77.5714285714286
1613;Jumbo;EuroShopper;157;0;0;0;0;0;0;0;0;0;1;67.5714285714286
1614;Jumbo;EuroShopper;158;0;0;0;0;0;0;0;0;0;0;92.7142857142857
1615;Jumbo;EuroShopper;159;0;0;0;0;0;0;0;0;0;0;105.571428571429
1616;Jumbo;EuroShopper;160;0;0;0;0;0;0;0;0;0;0;52
1617;Jumbo;EuroShopper;161;0;0;0;0;0;0;0;0;0;0;98.7142857142857
1618;Jumbo;EuroShopper;162;0;0;0;0;0;0;0;0;0;0;93.5714285714286
1619;Jumbo;EuroShopper;163;0;0;0;0;0;0;0;0;0;0;98.5714285714286
1620;Jumbo;EuroShopper;164;0;0;0;0;0;0;0;0;0;0;108
1621;Jumbo;EuroShopper;165;0;0;0;0;0;0;0;0;5.42857142857143;0;93.5714285714286
1622;Jumbo;EuroShopper;166;0;0;0;0;0;0;0;0;66.4285714285714;0;88.8571428571429
1623;Jumbo;EuroShopper;167;0;0;0;0;0;0;0;0;221.142857142857;0;111.428571428571
1624;Jumbo;EuroShopper;168;0;0;0;0;0;0;0;0;623;0;113.428571428571
1625;Jumbo;EuroShopper;169;0;0;0;0;0;0;0;0;1028.85714285714;0;117.142857142857
1626;Jumbo;EuroShopper;170;0;0;0;0;0;0;0;0;990.714285714286;0;103.571428571429
1627;Jumbo;EuroShopper;171;0;0;0;0;0;0;0;0;1086.28571428571;1;209.857142857143
1628;Jumbo;EuroShopper;172;0;0;0;0;0;0;0;0;955.571428571429;1;166.285714285714
1629;Jumbo;EuroShopper;173;0;0;0;0;0;0;0;0;565.714285714286;0;189
1630;Jumbo;EuroShopper;174;0;0;0;0;0;0;0;0;359.571428571429;1;154.857142857143
1631;Jumbo;EuroShopper;175;0;0;0;0;0;0;0;0;270.285714285714;1;188.571428571429
1632;Jumbo;EuroShopper;176;0;0;0;0;0;0;0;0;176.571428571429;0;147.714285714286
1633;Jumbo;EuroShopper;177;0;0;0;0;0;0;0;0;188.714285714286;1;219.142857142857
1634;Jumbo;EuroShopper;178;0;0;0;0;0;0;0;0;137.857142857143;0;208.428571428571
1635;Jumbo;EuroShopper;179;0;0;0;0;0;0;0;0;193.428571428571;1;207.142857142857
1636;Jumbo;EuroShopper;180;0;0;0;0;0;0;0;0;159.571428571429;0;203.285714285714
1637;Jumbo;EuroShopper;181;0;0;0;0;0;0;0;0;85.7142857142857;0;226
1638;Jumbo;EuroShopper;182;0;0;0;0;0;0;0;0;75.8571428571429;0;267.571428571429
1639;Jumbo;EuroShopper;183;0;0;0;0;0;0;0;0;58.7142857142857;0;202.571428571429
1640;Jumbo;EuroShopper;184;0;0;0;0;0;0;0;0;72.2857142857143;0;188
1641;Jumbo;EuroShopper;185;0;0;0;0;0;0;0;0;141.285714285714;0;215.428571428571
1642;Jumbo;EuroShopper;186;0;0;0;0;0;0;0;0;197.142857142857;0;222
1643;Jumbo;EuroShopper;187;0;0;0;0;0;0;0;0;394.285714285714;0;242
1644;Jumbo;EuroShopper;188;0;0;0;0;0;0;0;0;606.571428571429;0;275.428571428571
1645;Jumbo;EuroShopper;189;0;0;0;0;0;0;0;0;556.857142857143;0;315.571428571429
1646;Jumbo;EuroShopper;190;0;0;0;0;0;0;0;0;512.714285714286;0;265.571428571429
1647;Jumbo;EuroShopper;191;0;0;0;0;0;0;0;0;535.571428571429;0;201.714285714286
1648;Jumbo;EuroShopper;192;0;0;0;0;0;0;0;0;832.142857142857;0;195.285714285714
1649;Jumbo;EuroShopper;193;0;0;0;0;0;0;0;0;1233.14285714286;0;198.714285714286
1650;Jumbo;EuroShopper;194;0;0;0;0;0;0;0;0;2039.57142857143;0;242.142857142857
1651;Jumbo;EuroShopper;195;0;0;0;0;0;0;0;0;2892.57142857143;0;201
1652;Jumbo;EuroShopper;196;0;0;0;0;0;0;0;0;4163.28571428571;0;162.857142857143
1653;Jumbo;EuroShopper;197;0;0;0;0;0;0;0;0;6596.42857142857;0;147.285714285714
1654;Jumbo;EuroShopper;198;0;0;0;0;0;0;0;0;8138.71428571429;0;127.857142857143
1655;Jumbo;EuroShopper;199;0;0;0;0;0;0;0;0;9551;0;156.428571428571
1656;Jumbo;EuroShopper;200;0;0;0;0;0;0;0;0;9076;0;140.714285714286
1657;Jumbo;EuroShopper;201;0;0;0;0;0;0;0;0;5899.42857142857;0;143.428571428571
1658;Jumbo;EuroShopper;202;0;0;0;0;0;0;0;0;5256.14285714286;0;143.285714285714
1659;Jumbo;EuroShopper;203;0;0;0;0;0;0;0;0;5291.57142857143;0;123
1660;Jumbo;EuroShopper;204;0;0;0;0;0;0;0;0;4827.28571428571;0;92.1428571428571
1661;Jumbo;EuroShopper;205;0;0;0;0;0;0;0;0;6360.14285714286;0;68.7142857142857
1662;Jumbo;EuroShopper;206;0;0;0;0;0;0;0;0;8968.71428571429;0;48.2857142857143
1663;Jumbo;EuroShopper;207;0;0;0;0;0;0;0;0;11617.8571428571;0;103.428571428571
1664;Jumbo;EuroShopper;208;0;0;0;0;0;0;0;0;9461.28571428571;1;100
1665;Jumbo;KarvanCevitam;1;71018;2.84;3.97;2.82;3.92;0;0;0;0;1;42.1428571428571
1666;Jumbo;KarvanCevitam;2;74629;2.85;3.97;2.82;3.91;0;0;0;0;0;66.8571428571429
1667;Jumbo;KarvanCevitam;3;76047;2.84;3.95;2.85;3.96;0;3;0;0;0;26.5714285714286
1668;Jumbo;KarvanCevitam;4;79725;2.84;3.96;2.85;3.93;0;0;0;0;0;33.2857142857143
1669;Jumbo;KarvanCevitam;5;75949;2.84;3.96;2.85;3.97;0;1;0;0;0;81.4285714285714
1670;Jumbo;KarvanCevitam;6;72966;2.84;3.95;2.84;3.97;0;0;0;0;0;25.4285714285714
1671;Jumbo;KarvanCevitam;7;76207;2.84;3.97;2.85;3.94;0;0;0;0;0;87.5714285714286
1672;Jumbo;KarvanCevitam;8;77903;2.84;3.99;2.85;3.97;0;0;0;0;0;100.142857142857
1673;Jumbo;KarvanCevitam;9;77871;2.84;3.95;2.84;3.95;0;0;0;0;0;96.1428571428571
1674;Jumbo;KarvanCevitam;10;79442;2.84;3.93;2.84;3.93;0;0;0;0;0;110.142857142857
1675;Jumbo;KarvanCevitam;11;83774;2.84;3.95;2.85;3.95;0;0;0;0;0;138.714285714286
1676;Jumbo;KarvanCevitam;12;190913;2.4;3.26;2.86;3.97;100;0;92;0;0;127
1677;Jumbo;KarvanCevitam;13;99401;2.64;3.65;2.85;3.96;0;2;0;0;0;175
1678;Jumbo;KarvanCevitam;14;77577;2.83;3.96;2.84;3.94;0;0;0;0;0;145.142857142857
1679;Jumbo;KarvanCevitam;15;81116;2.84;3.96;2.84;3.94;0;0;0;0;1;143.714285714286
1680;Jumbo;KarvanCevitam;16;78130;2.84;4;2.84;3.96;0;2;0;0;1;114.571428571429
1681;Jumbo;KarvanCevitam;17;78620;2.83;3.99;2.84;3.96;0;2;0;0;1;116.142857142857
1682;Jumbo;KarvanCevitam;18;75652;2.84;3.97;2.83;3.95;0;0;0;0;1;151
1683;Jumbo;KarvanCevitam;19;82016;2.83;3.97;2.83;3.96;0;8;0;0;0;177.428571428571
1684;Jumbo;KarvanCevitam;20;96001;2.81;3.99;2.84;3.98;0;7;0;0;0;215.428571428571
1685;Jumbo;KarvanCevitam;21;117080;2.82;4.05;2.86;4.08;0;9;0;0;1;242.285714285714
1686;Jumbo;KarvanCevitam;22;201290;2.45;3.4;2.85;4.05;0;76;0;0;0;246.142857142857
1687;Jumbo;KarvanCevitam;23;172618;2.39;3.3;2.86;4.02;0;66;0;0;1;205.571428571429
1688;Jumbo;KarvanCevitam;24;158844;2.41;3.34;2.86;4;0;75;0;0;0;225.285714285714
1689;Jumbo;KarvanCevitam;25;192127;2.41;3.35;2.84;4.02;0;68;0;0;0;267.285714285714
1690;Jumbo;KarvanCevitam;26;152379;2.39;3.31;2.51;3.5;0;65;0;0;0;209.714285714286
1691;Jumbo;KarvanCevitam;27;162481;2.4;3.36;2.46;3.48;0;62;0;0;0;238
1692;Jumbo;KarvanCevitam;28;142659;2.41;3.39;2.44;3.41;0;60;0;0;0;212.285714285714
1693;Jumbo;KarvanCevitam;29;141574;2.42;3.42;2.45;3.44;100;0;67;0;0;244.142857142857
1694;Jumbo;KarvanCevitam;30;118718;2.42;3.42;2.46;3.48;0;56;0;0;0;208.285714285714
1695;Jumbo;KarvanCevitam;31;111197;2.43;3.43;2.45;3.44;0;57;0;0;0;221.571428571429
1696;Jumbo;KarvanCevitam;32;107189;2.43;3.41;2.46;3.44;0;46;0;0;0;210.857142857143
1697;Jumbo;KarvanCevitam;33;112244;2.43;3.39;2.47;3.44;0;35;0;0;0;214.714285714286
1698;Jumbo;KarvanCevitam;34;92499;2.71;3.84;2.46;3.44;0;5;0;0;0;228.142857142857
1699;Jumbo;KarvanCevitam;35;86682;2.84;3.99;2.5;3.49;0;2;0;0;0;230.571428571429
1700;Jumbo;KarvanCevitam;36;76862;2.84;4;2.72;3.79;0;1;0;0;0;190.857142857143
1701;Jumbo;KarvanCevitam;37;71589;2.85;3.99;2.84;3.94;0;1;0;0;0;163.857142857143
1702;Jumbo;KarvanCevitam;38;146890;2.42;3.32;2.87;3.99;95;0;61;0;0;177.714285714286
1703;Jumbo;KarvanCevitam;39;92678;2.64;3.68;2.88;4;0;14;0;0;0;192.714285714286
1704;Jumbo;KarvanCevitam;40;73023;2.83;3.97;2.85;3.96;0;0;0;0;0;160.285714285714
1705;Jumbo;KarvanCevitam;41;68087;2.85;4.01;2.85;3.98;0;1;0;0;0;163.142857142857
1706;Jumbo;KarvanCevitam;42;74602;2.81;3.94;2.85;4;0;1;0;0;0;194.714285714286
1707;Jumbo;KarvanCevitam;43;78341;2.8;3.91;2.85;3.97;0;0;0;0;0;156.857142857143
1708;Jumbo;KarvanCevitam;44;80351;2.8;3.9;2.85;3.94;0;0;0;0;0;130.714285714286
1709;Jumbo;KarvanCevitam;45;77717;2.8;3.9;2.85;3.97;0;0;0;0;0;102.142857142857
1710;Jumbo;KarvanCevitam;46;144640;2.43;3.31;2.84;3.96;95;0;56;0;0;96.2857142857143
1711;Jumbo;KarvanCevitam;47;90231;2.64;3.66;2.81;3.9;0;3;0;0;0;112
1712;Jumbo;KarvanCevitam;48;70728;2.8;3.89;2.8;3.9;0;2;0;0;0;53.1428571428571
1713;Jumbo;KarvanCevitam;49;71108;2.8;3.89;2.8;3.88;0;0;0;0;0;74.1428571428571
1714;Jumbo;KarvanCevitam;50;76009;2.8;3.89;2.81;3.89;0;0;0;0;0;45.8571428571429
1715;Jumbo;KarvanCevitam;51;151655;2.46;3.38;2.83;3.91;91;0;54;0;0;84
1716;Jumbo;KarvanCevitam;52;65590;2.75;3.84;2.85;3.97;0;13;0;0;1;81.2857142857143
1717;Jumbo;KarvanCevitam;53;67817;2.82;3.95;2.81;3.89;0;0;0;0;1;98.2857142857143
1718;Jumbo;KarvanCevitam;54;75831;2.82;3.96;2.81;3.91;0;0;0;0;0;57.7142857142857
1719;Jumbo;KarvanCevitam;55;78863;2.82;3.94;2.82;3.94;0;0;0;0;0;66.8571428571429
1720;Jumbo;KarvanCevitam;56;149257;2.52;3.46;2.84;3.98;92;0;42;0;0;94.1428571428571
1721;Jumbo;KarvanCevitam;57;90819;2.7;3.76;2.81;3.91;0;4;0;0;0;79.8571428571429
1722;Jumbo;KarvanCevitam;58;74376;2.75;3.84;2.83;3.93;0;0;0;0;0;35.4285714285714
1723;Jumbo;KarvanCevitam;59;78432;2.79;3.89;2.82;3.92;0;0;0;0;0;73.7142857142857
1724;Jumbo;KarvanCevitam;60;85686;2.81;3.92;2.8;3.91;0;1;0;0;0;45.4285714285714
1725;Jumbo;KarvanCevitam;61;84483;2.81;3.9;2.81;3.88;0;3;0;0;0;-4.71428571428571
1726;Jumbo;KarvanCevitam;62;88695;2.81;3.91;2.81;3.88;0;0;0;0;0;108.571428571429
1727;Jumbo;KarvanCevitam;63;88730;2.8;3.88;2.8;3.87;0;0;0;0;0;93
1728;Jumbo;KarvanCevitam;64;162543;2.51;3.43;2.83;3.93;97;0;54;0;0;73.5714285714286
1729;Jumbo;KarvanCevitam;65;143255;2.49;3.43;2.83;3.92;99;0;50;0;1;111
1730;Jumbo;KarvanCevitam;66;131812;2.5;3.44;2.82;3.91;97;0;56;0;1;139.571428571429
1731;Jumbo;KarvanCevitam;67;139445;2.5;3.45;2.82;3.89;99;6;53;0;0;176.428571428571
1732;Jumbo;KarvanCevitam;68;157895;2.51;3.47;2.58;3.59;99;2;56;0;0;218.714285714286
1733;Jumbo;KarvanCevitam;69;140810;2.5;3.47;2.55;3.54;99;2;54;0;1;166.428571428571
1734;Jumbo;KarvanCevitam;70;129146;2.51;3.5;2.53;3.53;99;0;45;0;1;158.857142857143
1735;Jumbo;KarvanCevitam;71;146109;2.5;3.48;2.54;3.52;99;0;50;0;1;231.142857142857
1736;Jumbo;KarvanCevitam;72;132979;2.5;3.48;2.53;3.52;99;0;37;0;0;187.714285714286
1737;Jumbo;KarvanCevitam;73;166118;2.5;3.47;2.54;3.51;99;0;43;0;1;253
1738;Jumbo;KarvanCevitam;74;129032;2.71;3.82;2.54;3.53;0;3;0;0;0;258.285714285714
1739;Jumbo;KarvanCevitam;75;110422;2.81;3.96;2.57;3.59;0;6;0;0;0;240.142857142857
1740;Jumbo;KarvanCevitam;76;95442;2.81;3.95;2.72;3.8;0;10;0;0;0;209.428571428571
1741;Jumbo;KarvanCevitam;77;93535;2.81;3.96;2.81;3.95;0;7;0;0;0;196.428571428571
1742;Jumbo;KarvanCevitam;78;112886;2.81;3.98;2.81;3.95;0;4;0;0;0;237.285714285714
1743;Jumbo;KarvanCevitam;79;194228;2.54;3.54;2.82;3.98;99;0;48;0;0;255.714285714286
1744;Jumbo;KarvanCevitam;80;115593;2.69;3.85;2.82;4;0;16;0;0;0;236.142857142857
1745;Jumbo;KarvanCevitam;81;115924;2.8;4.05;2.8;4;0;10;0;0;0;268
1746;Jumbo;KarvanCevitam;82;141150;2.8;4.04;2.8;4;0;6;0;0;0;306.142857142857
1747;Jumbo;KarvanCevitam;83;124784;2.81;4.01;2.8;3.98;0;10;0;0;0;286
1748;Jumbo;KarvanCevitam;84;106479;2.82;3.98;2.81;3.95;0;8;0;0;0;255.571428571429
1749;Jumbo;KarvanCevitam;85;93728;2.82;3.97;2.82;3.97;0;3;0;0;0;233.142857142857
1750;Jumbo;KarvanCevitam;86;164395;2.54;3.49;2.84;4.01;90;0;62;0;0;222.428571428571
1751;Jumbo;KarvanCevitam;87;103069;2.69;3.74;2.84;4.01;0;24;0;0;0;198
1752;Jumbo;KarvanCevitam;88;89576;2.81;3.91;2.82;3.94;0;7;0;0;0;210.857142857143
1753;Jumbo;KarvanCevitam;89;85768;2.8;3.9;2.81;3.91;0;4;0;0;0;206.285714285714
1754;Jumbo;KarvanCevitam;90;92654;2.8;3.89;2.81;3.91;0;3;0;0;0;220.285714285714
1755;Jumbo;KarvanCevitam;91;90374;2.79;3.88;2.81;3.88;0;2;0;0;0;164.285714285714
1756;Jumbo;KarvanCevitam;92;131876;2.54;3.49;2.83;3.91;0;36;0;0;0;177
1757;Jumbo;KarvanCevitam;93;136489;2.5;3.44;2.82;3.91;0;46;0;0;0;209.714285714286
1758;Jumbo;KarvanCevitam;94;119836;2.52;3.47;2.82;3.92;0;35;0;0;0;199
1759;Jumbo;KarvanCevitam;95;118577;2.52;3.46;2.82;3.89;0;49;0;0;0;141.714285714286
1760;Jumbo;KarvanCevitam;96;120728;2.5;3.43;2.61;3.59;98;0;53;0;0;99.7142857142857
1761;Jumbo;KarvanCevitam;97;108129;2.52;3.46;2.57;3.53;98;0;23;0;0;134.714285714286
1762;Jumbo;KarvanCevitam;98;100484;2.52;3.47;2.55;3.52;99;0;20;0;0;115.857142857143
1763;Jumbo;KarvanCevitam;99;101771;2.53;3.48;2.55;3.52;99;0;18;0;0;55.8571428571429
1764;Jumbo;KarvanCevitam;100;104506;2.53;3.49;2.56;3.54;0;19;0;0;0;82.5714285714286
1765;Jumbo;KarvanCevitam;101;82009;2.74;3.79;2.55;3.5;0;3;0;0;0;114
1766;Jumbo;KarvanCevitam;102;77643;2.82;3.91;2.58;3.56;0;0;0;0;0;51.8571428571429
1767;Jumbo;KarvanCevitam;103;91209;2.82;3.92;2.74;3.79;0;0;0;0;0;87.4285714285714
1768;Jumbo;KarvanCevitam;104;106710;2.55;3.5;2.84;3.94;98;0;74;0;1;73.1428571428571
1769;Jumbo;KarvanCevitam;105;81427;2.75;3.82;2.84;3.92;0;24;0;0;1;81.2857142857143
1770;Jumbo;KarvanCevitam;106;77507;2.85;3.97;2.82;3.91;0;7;0;0;0;80.2857142857143
1771;Jumbo;KarvanCevitam;107;80757;2.86;3.98;2.83;3.91;0;12;0;0;0;65.2857142857143
1772;Jumbo;KarvanCevitam;108;160042;2.6;3.55;2.87;3.98;96;0;59;0;0;29.8571428571429
1773;Jumbo;KarvanCevitam;109;89141;2.76;3.83;2.86;3.99;0;13;0;0;0;36.7142857142857
1774;Jumbo;KarvanCevitam;110;78799;2.83;3.95;2.85;3.96;0;7;0;0;0;75.4285714285714
1775;Jumbo;KarvanCevitam;111;82667;2.82;3.97;2.85;3.97;0;2;0;0;0;109.142857142857
1776;Jumbo;KarvanCevitam;112;85817;2.82;3.96;2.83;3.94;0;2;0;0;0;124.714285714286
1777;Jumbo;KarvanCevitam;113;146289;2.61;3.62;2.85;3.98;0;45;0;0;0;148.142857142857
1778;Jumbo;KarvanCevitam;114;137227;2.62;3.61;2.84;3.96;0;52;0;0;0;117.428571428571
1779;Jumbo;KarvanCevitam;115;128698;2.62;3.61;2.84;3.94;98;0;48;0;0;105
1780;Jumbo;KarvanCevitam;116;121828;2.61;3.61;2.83;3.96;99;0;38;0;0;121.714285714286
1781;Jumbo;KarvanCevitam;117;89737;2.75;3.87;2.68;3.72;0;3;0;0;0;129.428571428571
1782;Jumbo;KarvanCevitam;118;81726;2.82;3.98;2.67;3.74;0;2;0;0;0;128.857142857143
1783;Jumbo;KarvanCevitam;119;89100;2.82;3.97;2.77;3.87;0;0;0;0;0;137.142857142857
1784;Jumbo;KarvanCevitam;120;101841;2.82;4;2.81;3.96;0;0;0;0;1;188.142857142857
1785;Jumbo;KarvanCevitam;121;160587;2.61;3.64;2.83;3.98;0;52;0;0;1;204.285714285714
1786;Jumbo;KarvanCevitam;122;158529;2.58;3.56;2.83;3.98;0;59;0;0;0;131
1787;Jumbo;KarvanCevitam;123;137951;2.58;3.57;2.83;3.98;0;56;0;0;1;137.142857142857
1788;Jumbo;KarvanCevitam;124;135787;2.58;3.6;2.83;3.99;0;47;0;0;0;168.571428571429
1789;Jumbo;KarvanCevitam;125;98010;2.76;3.9;2.63;3.67;0;7;0;0;0;188.142857142857
1790;Jumbo;KarvanCevitam;126;97828;2.83;4.06;2.63;3.71;0;0;0;0;1;201.428571428571
1791;Jumbo;KarvanCevitam;127;102044;2.83;4.01;2.78;3.91;0;4;0;0;0;219
1792;Jumbo;KarvanCevitam;128;96011;2.83;3.97;2.84;3.98;0;4;0;0;1;202.571428571429
1793;Jumbo;KarvanCevitam;129;171943;2.64;3.66;2.85;4.02;0;33;0;0;0;233.857142857143
1794;Jumbo;KarvanCevitam;130;218844;2.6;3.62;2.84;4.02;0;47;0;0;0;273.428571428571
1795;Jumbo;KarvanCevitam;131;158466;2.6;3.64;2.84;4.01;100;0;37;0;0;222.428571428571
1796;Jumbo;KarvanCevitam;132;127292;2.6;3.67;2.82;4.01;99;0;36;0;0;197
1797;Jumbo;KarvanCevitam;133;93434;2.77;4.02;2.67;3.79;0;4;0;0;0;217.571428571429
1798;Jumbo;KarvanCevitam;134;135540;2.84;4.08;2.66;3.79;0;5;0;0;0;315.428571428571
1799;Jumbo;KarvanCevitam;135;91914;2.84;4.08;2.77;3.94;0;4;0;0;0;233.714285714286
1800;Jumbo;KarvanCevitam;136;89635;2.84;4.03;2.84;4.02;0;2;0;0;0;239.285714285714
1801;Jumbo;KarvanCevitam;137;89235;2.84;4.01;2.84;4.02;0;10;0;0;0;206.142857142857
1802;Jumbo;KarvanCevitam;138;142600;2.58;3.59;2.86;4.03;0;24;0;0;0;233.428571428571
1803;Jumbo;KarvanCevitam;139;181490;2.53;3.49;2.86;4;0;37;0;0;0;281.142857142857
1804;Jumbo;KarvanCevitam;140;145755;2.51;3.46;2.86;3.98;0;44;0;0;0;190.285714285714
1805;Jumbo;KarvanCevitam;141;91338;2.74;3.79;2.84;3.93;0;2;0;0;0;195.571428571429
1806;Jumbo;KarvanCevitam;142;84391;2.84;3.94;2.75;3.82;0;0;0;0;0;192
1807;Jumbo;KarvanCevitam;143;90426;2.83;3.93;2.75;3.82;0;4;0;0;0;192.428571428571
1808;Jumbo;KarvanCevitam;144;86020;2.82;3.93;2.82;3.94;0;4;0;0;0;157.142857142857
1809;Jumbo;KarvanCevitam;145;142830;2.59;3.58;2.84;3.94;98;0;42;0;0;142.714285714286
1810;Jumbo;KarvanCevitam;146;92265;2.72;3.81;2.84;3.96;0;11;0;0;0;166.857142857143
1811;Jumbo;KarvanCevitam;147;82290;2.81;3.93;2.83;3.96;0;2;0;0;0;164.428571428571
1812;Jumbo;KarvanCevitam;148;85649;2.84;3.9;2.83;3.93;0;2;0;0;0;124.285714285714
1813;Jumbo;KarvanCevitam;149;84358;2.84;3.9;2.82;3.91;0;1;0;0;0;110.428571428571
1814;Jumbo;KarvanCevitam;150;83701;2.84;3.89;2.83;3.9;0;0;0;0;0;74.5714285714286
1815;Jumbo;KarvanCevitam;151;149787;2.62;3.55;2.86;3.93;98;0;45;0;0;78.7142857142857
1816;Jumbo;KarvanCevitam;152;92730;2.75;3.77;2.85;3.92;0;0;0;0;0;103.714285714286
1817;Jumbo;KarvanCevitam;153;79147;2.84;3.91;2.83;3.87;0;0;0;0;0;75.2857142857143
1818;Jumbo;KarvanCevitam;154;83238;2.83;3.89;2.83;3.88;0;0;0;0;0;79.7142857142857
1819;Jumbo;KarvanCevitam;155;128302;2.63;3.61;2.86;3.93;98;0;57;0;0;107.571428571429
1820;Jumbo;KarvanCevitam;156;81010;2.71;3.74;2.84;3.93;0;54;0;0;1;77.5714285714286
1821;Jumbo;KarvanCevitam;157;78883;2.83;3.92;2.83;3.89;0;4;0;0;1;67.5714285714286
1822;Jumbo;KarvanCevitam;158;82286;2.83;3.91;2.85;3.94;0;0;0;0;0;92.7142857142857
1823;Jumbo;KarvanCevitam;159;84329;2.83;3.9;2.83;3.92;0;0;0;0;0;105.571428571429
1824;Jumbo;KarvanCevitam;160;144853;2.61;3.57;2.86;3.91;98;0;43;0;0;52
1825;Jumbo;KarvanCevitam;161;90689;2.76;3.81;2.85;3.91;0;3;0;0;0;98.7142857142857
1826;Jumbo;KarvanCevitam;162;82075;2.84;3.92;2.85;3.91;0;0;0;0;0;93.5714285714286
1827;Jumbo;KarvanCevitam;163;87074;2.83;3.93;2.83;3.91;0;0;0;0;0;98.5714285714286
1828;Jumbo;KarvanCevitam;164;84315;2.83;4;2.84;3.94;0;0;0;0;0;108
1829;Jumbo;KarvanCevitam;165;94402;2.84;3.92;2.83;3.94;0;0;0;5.42857142857143;0;93.5714285714286
1830;Jumbo;KarvanCevitam;166;154733;2.62;3.58;2.86;3.94;99;3;41;66.4285714285714;0;88.8571428571429
1831;Jumbo;KarvanCevitam;167;157370;2.78;3.8;2.83;3.86;0;3;0;221.142857142857;0;111.428571428571
1832;Jumbo;KarvanCevitam;168;126511;2.83;3.89;2.84;3.87;0;0;0;623;0;113.428571428571
1833;Jumbo;KarvanCevitam;169;168050;2.64;3.57;2.86;3.88;0;0;0;1028.85714285714;0;117.142857142857
1834;Jumbo;KarvanCevitam;170;163965;2.59;3.5;2.85;3.89;0;0;0;990.714285714286;0;103.571428571429
1835;Jumbo;KarvanCevitam;171;169842;2.59;3.52;2.81;3.8;0;0;0;1086.28571428571;1;209.857142857143
1836;Jumbo;KarvanCevitam;172;161161;2.59;3.51;2.81;3.8;0;0;0;955.571428571429;1;166.285714285714
1837;Jumbo;KarvanCevitam;173;115741;2.76;3.78;2.66;3.61;0;0;0;565.714285714286;0;189
1838;Jumbo;KarvanCevitam;174;96392;2.83;3.89;2.64;3.59;0;0;0;359.571428571429;1;154.857142857143
1839;Jumbo;KarvanCevitam;175;102313;2.83;3.9;2.75;3.75;0;0;0;270.285714285714;1;188.571428571429
1840;Jumbo;KarvanCevitam;176;100483;2.83;3.89;2.82;3.86;0;0;0;176.571428571429;0;147.714285714286
1841;Jumbo;KarvanCevitam;177;197689;2.61;3.55;2.86;3.9;0;0;0;188.714285714286;1;219.142857142857
1842;Jumbo;KarvanCevitam;178;193425;2.58;3.52;2.86;3.87;99;3;34;137.857142857143;0;208.428571428571
1843;Jumbo;KarvanCevitam;179;178926;2.58;3.52;2.87;3.91;98;3;45;193.428571428571;1;207.142857142857
1844;Jumbo;KarvanCevitam;180;147204;2.64;3.63;2.87;3.94;99;5;39;159.571428571429;0;203.285714285714
1845;Jumbo;KarvanCevitam;181;109149;2.87;4.04;2.72;3.73;0;9;0;85.7142857142857;0;226
1846;Jumbo;KarvanCevitam;182;133425;2.96;4.18;2.7;3.7;0;15;0;75.8571428571429;0;267.571428571429
1847;Jumbo;KarvanCevitam;183;103849;2.95;4.14;2.85;3.92;94;8;0;58.7142857142857;0;202.571428571429
1848;Jumbo;KarvanCevitam;184;91655;2.96;4.18;2.96;4.07;97;9;0;72.2857142857143;0;188
1849;Jumbo;KarvanCevitam;185;160463;2.66;3.72;3.02;4.17;100;0;51;141.285714285714;0;215.428571428571
1850;Jumbo;KarvanCevitam;186;161352;2.62;3.69;3.01;4.15;100;3;45;197.142857142857;0;222
1851;Jumbo;KarvanCevitam;187;154463;2.63;3.71;2.99;4.1;100;0;51;394.285714285714;0;242
1852;Jumbo;KarvanCevitam;188;182507;2.63;3.73;2.99;4.12;100;0;55;606.571428571429;0;275.428571428571
1853;Jumbo;KarvanCevitam;189;205917;2.63;3.69;2.72;3.73;100;0;55;556.857142857143;0;315.571428571429
1854;Jumbo;KarvanCevitam;190;119605;2.82;3.92;2.67;3.66;0;6;0;512.714285714286;0;265.571428571429
1855;Jumbo;KarvanCevitam;191;94507;2.88;3.98;2.69;3.71;0;4;0;535.571428571429;0;201.714285714286
1856;Jumbo;KarvanCevitam;192;89662;2.88;3.96;2.82;3.87;0;8;0;832.142857142857;0;195.285714285714
1857;Jumbo;KarvanCevitam;193;143926;2.65;3.63;2.9;3.99;99;0;47;1233.14285714286;0;198.714285714286
1858;Jumbo;KarvanCevitam;194;158572;2.61;3.59;2.9;3.99;99;0;46;2039.57142857143;0;242.142857142857
1859;Jumbo;KarvanCevitam;195;156026;2.62;3.59;2.9;3.99;99;0;49;2892.57142857143;0;201
1860;Jumbo;KarvanCevitam;196;139974;2.61;3.58;2.88;3.94;98;0;41;4163.28571428571;0;162.857142857143
1861;Jumbo;KarvanCevitam;197;91031;2.78;3.8;2.69;3.7;0;4;0;6596.42857142857;0;147.285714285714
1862;Jumbo;KarvanCevitam;198;86167;2.85;3.9;2.69;3.7;0;3;0;8138.71428571429;0;127.857142857143
1863;Jumbo;KarvanCevitam;199;88992;2.85;3.9;2.78;3.81;0;4;0;9551;0;156.428571428571
1864;Jumbo;KarvanCevitam;200;90816;2.85;3.87;2.85;3.87;0;4;0;9076;0;140.714285714286
1865;Jumbo;KarvanCevitam;201;139648;2.69;3.64;2.88;3.95;99;2;47;5899.42857142857;0;143.428571428571
1866;Jumbo;KarvanCevitam;202;95104;2.91;3.94;2.88;3.91;0;5;0;5256.14285714286;0;143.285714285714
1867;Jumbo;KarvanCevitam;203;80067;2.97;4.06;2.89;3.92;0;4;0;5291.57142857143;0;123
1868;Jumbo;KarvanCevitam;204;83875;2.91;3.95;2.93;3.96;0;3;0;4827.28571428571;0;92.1428571428571
1869;Jumbo;KarvanCevitam;205;85149;2.92;3.95;2.95;3.99;0;0;0;6360.14285714286;0;68.7142857142857
1870;Jumbo;KarvanCevitam;206;87736;2.92;3.98;2.95;3.99;0;0;0;8968.71428571429;0;48.2857142857143
1871;Jumbo;KarvanCevitam;207;97354;2.93;3.97;2.95;4;0;0;0;11617.8571428571;0;103.428571428571
1872;Jumbo;KarvanCevitam;208;77163;2.93;3.98;2.93;3.95;0;0;0;9461.28571428571;1;100
1873;Jumbo;Raak;1;36510;1.3;1.73;1.28;1.71;0;0;0;0;1;42.1428571428571
1874;Jumbo;Raak;2;38476;1.3;1.73;1.28;1.71;0;0;0;0;0;66.8571428571429
1875;Jumbo;Raak;3;39102;1.32;1.76;1.3;1.73;0;0;0;0;0;26.5714285714286
1876;Jumbo;Raak;4;41102;1.32;1.76;1.3;1.73;0;0;0;0;0;33.2857142857143
1877;Jumbo;Raak;5;41688;1.32;1.75;1.31;1.75;0;0;0;0;0;81.4285714285714
1878;Jumbo;Raak;6;41147;1.32;1.75;1.32;1.76;0;1;0;0;0;25.4285714285714
1879;Jumbo;Raak;7;40843;1.32;1.75;1.32;1.76;0;4;0;0;0;87.5714285714286
1880;Jumbo;Raak;8;42043;1.32;1.76;1.32;1.76;0;4;0;0;0;100.142857142857
1881;Jumbo;Raak;9;39575;1.32;1.76;1.32;1.76;0;0;0;0;0;96.1428571428571
1882;Jumbo;Raak;10;40382;1.32;1.76;1.32;1.76;0;0;0;0;0;110.142857142857
1883;Jumbo;Raak;11;48054;1.33;1.78;1.33;1.78;0;1;0;0;0;138.714285714286
1884;Jumbo;Raak;12;48678;1.34;1.78;1.34;1.78;0;1;0;0;0;127
1885;Jumbo;Raak;13;49638;1.33;1.78;1.33;1.78;0;3;0;0;0;175
1886;Jumbo;Raak;14;50236;1.33;1.77;1.34;1.79;0;3;0;0;0;145.142857142857
1887;Jumbo;Raak;15;49024;1.34;1.78;1.34;1.79;0;0;0;0;1;143.714285714286
1888;Jumbo;Raak;16;43444;1.33;1.78;1.34;1.78;0;0;0;0;1;114.571428571429
1889;Jumbo;Raak;17;43169;1.32;1.76;1.33;1.78;0;0;0;0;1;116.142857142857
1890;Jumbo;Raak;18;44836;1.33;1.77;1.34;1.79;0;0;0;0;1;151
1891;Jumbo;Raak;19;48366;1.34;1.78;1.34;1.79;0;0;0;0;0;177.428571428571
1892;Jumbo;Raak;20;54768;1.34;1.79;1.35;1.8;0;0;0;0;0;215.428571428571
1893;Jumbo;Raak;21;62460;1.34;1.79;1.34;1.79;0;0;0;0;1;242.285714285714
1894;Jumbo;Raak;22;60849;1.34;1.79;1.34;1.79;0;0;0;0;0;246.142857142857
1895;Jumbo;Raak;23;53108;1.34;1.79;1.34;1.79;0;0;0;0;1;205.571428571429
1896;Jumbo;Raak;24;54724;1.34;1.78;1.34;1.79;0;0;0;0;0;225.285714285714
1897;Jumbo;Raak;25;64767;1.34;1.78;1.34;1.78;0;0;0;0;0;267.285714285714
1898;Jumbo;Raak;26;53258;1.34;1.78;1.34;1.78;0;0;0;0;0;209.714285714286
1899;Jumbo;Raak;27;54726;1.34;1.78;1.34;1.78;0;0;0;0;0;238
1900;Jumbo;Raak;28;51883;1.34;1.79;1.34;1.78;0;0;0;0;0;212.285714285714
1901;Jumbo;Raak;29;54263;1.34;1.79;1.34;1.78;0;0;0;0;0;244.142857142857
1902;Jumbo;Raak;30;46289;1.34;1.78;1.34;1.78;0;0;0;0;0;208.285714285714
1903;Jumbo;Raak;31;43172;1.34;1.79;1.34;1.78;0;0;0;0;0;221.571428571429
1904;Jumbo;Raak;32;42278;1.34;1.78;1.33;1.78;0;0;0;0;0;210.857142857143
1905;Jumbo;Raak;33;44573;1.34;1.79;1.34;1.79;0;0;0;0;0;214.714285714286
1906;Jumbo;Raak;34;50938;1.34;1.79;1.34;1.79;0;0;0;0;0;228.142857142857
1907;Jumbo;Raak;35;53956;1.34;1.79;1.34;1.78;0;0;0;0;0;230.571428571429
1908;Jumbo;Raak;36;51300;1.34;1.79;1.34;1.79;0;0;0;0;0;190.857142857143
1909;Jumbo;Raak;37;48762;1.34;1.79;1.34;1.79;0;0;0;0;0;163.857142857143
1910;Jumbo;Raak;38;49451;1.34;1.79;1.35;1.8;0;0;0;0;0;177.714285714286
1911;Jumbo;Raak;39;51427;1.35;1.8;1.35;1.8;0;0;0;0;0;192.714285714286
1912;Jumbo;Raak;40;51121;1.35;1.8;1.35;1.8;0;0;0;0;0;160.285714285714
1913;Jumbo;Raak;41;50989;1.35;1.8;1.35;1.8;0;0;0;0;0;163.142857142857
1914;Jumbo;Raak;42;55771;1.33;1.78;1.35;1.8;0;0;0;0;0;194.714285714286
1915;Jumbo;Raak;43;56037;1.33;1.77;1.35;1.81;0;0;0;0;0;156.857142857143
1916;Jumbo;Raak;44;57172;1.33;1.77;1.36;1.81;0;0;0;0;0;130.714285714286
1917;Jumbo;Raak;45;56354;1.33;1.77;1.36;1.81;0;0;0;0;0;102.142857142857
1918;Jumbo;Raak;46;56098;1.32;1.77;1.33;1.78;0;0;0;0;0;96.2857142857143
1919;Jumbo;Raak;47;59506;1.33;1.77;1.33;1.78;0;3;0;0;0;112
1920;Jumbo;Raak;48;57499;1.33;1.77;1.33;1.78;0;0;0;0;0;53.1428571428571
1921;Jumbo;Raak;49;56264;1.33;1.77;1.33;1.77;0;0;0;0;0;74.1428571428571
1922;Jumbo;Raak;50;58873;1.33;1.77;1.32;1.77;0;0;0;0;0;45.8571428571429
1923;Jumbo;Raak;51;67605;1.33;1.77;1.33;1.77;0;0;0;0;0;84
1924;Jumbo;Raak;52;44001;1.38;1.83;1.33;1.77;0;0;0;0;1;81.2857142857143
1925;Jumbo;Raak;53;48785;1.39;1.86;1.33;1.78;0;0;0;0;1;98.2857142857143
1926;Jumbo;Raak;54;54511;1.39;1.85;1.38;1.83;0;0;0;0;0;57.7142857142857
1927;Jumbo;Raak;55;57114;1.37;1.83;1.39;1.85;0;0;0;0;0;66.8571428571429
1928;Jumbo;Raak;56;62377;1.37;1.82;1.39;1.85;0;0;0;0;0;94.1428571428571
1929;Jumbo;Raak;57;61109;1.36;1.81;1.39;1.85;0;0;0;0;0;79.8571428571429
1930;Jumbo;Raak;58;59007;1.36;1.82;1.39;1.85;0;0;0;0;0;35.4285714285714
1931;Jumbo;Raak;59;58778;1.36;1.82;1.37;1.83;0;0;0;0;0;73.7142857142857
1932;Jumbo;Raak;60;57994;1.36;1.82;1.36;1.82;0;0;0;0;0;45.4285714285714
1933;Jumbo;Raak;61;56531;1.36;1.81;1.36;1.82;0;0;0;0;0;-4.71428571428571
1934;Jumbo;Raak;62;61473;1.35;1.8;1.36;1.81;0;0;0;0;0;108.571428571429
1935;Jumbo;Raak;63;63883;1.35;1.8;1.35;1.8;0;0;0;0;0;93
1936;Jumbo;Raak;64;66675;1.35;1.8;1.36;1.81;0;0;0;0;0;73.5714285714286
1937;Jumbo;Raak;65;65584;1.35;1.8;1.35;1.8;0;3;0;0;1;111
1938;Jumbo;Raak;66;63861;1.34;1.79;1.35;1.8;0;0;0;0;1;139.571428571429
1939;Jumbo;Raak;67;68578;1.34;1.79;1.35;1.81;0;0;0;0;0;176.428571428571
1940;Jumbo;Raak;68;77871;1.34;1.79;1.35;1.8;0;0;0;0;0;218.714285714286
1941;Jumbo;Raak;69;69005;1.34;1.79;1.35;1.8;0;0;0;0;1;166.428571428571
1942;Jumbo;Raak;70;64080;1.34;1.79;1.35;1.8;0;0;0;0;1;158.857142857143
1943;Jumbo;Raak;71;72871;1.35;1.8;1.35;1.8;0;0;0;0;1;231.142857142857
1944;Jumbo;Raak;72;73254;1.35;1.8;1.35;1.8;0;0;0;0;0;187.714285714286
1945;Jumbo;Raak;73;82747;1.35;1.8;1.35;1.8;0;0;0;0;1;253
1946;Jumbo;Raak;74;84838;1.35;1.8;1.35;1.8;0;0;0;0;0;258.285714285714
1947;Jumbo;Raak;75;77382;1.34;1.79;1.35;1.8;0;0;0;0;0;240.142857142857
1948;Jumbo;Raak;76;69489;1.34;1.78;1.34;1.79;0;0;0;0;0;209.428571428571
1949;Jumbo;Raak;77;70559;1.34;1.78;1.34;1.79;0;0;0;0;0;196.428571428571
1950;Jumbo;Raak;78;78726;1.34;1.78;1.34;1.78;0;0;0;0;0;237.285714285714
1951;Jumbo;Raak;79;84007;1.34;1.79;1.34;1.79;0;0;0;0;0;255.714285714286
1952;Jumbo;Raak;80;74910;1.34;1.78;1.34;1.79;0;0;0;0;0;236.142857142857
1953;Jumbo;Raak;81;85096;1.34;1.79;1.34;1.79;0;0;0;0;0;268
1954;Jumbo;Raak;82;95549;1.34;1.79;1.34;1.79;0;0;0;0;0;306.142857142857
1955;Jumbo;Raak;83;85005;1.35;1.8;1.34;1.79;0;0;0;0;0;286
1956;Jumbo;Raak;84;76066;1.34;1.78;1.34;1.78;0;0;0;0;0;255.571428571429
1957;Jumbo;Raak;85;70595;1.34;1.79;1.34;1.78;0;0;0;0;0;233.142857142857
1958;Jumbo;Raak;86;74547;1.35;1.8;1.34;1.79;0;0;0;0;0;222.428571428571
1959;Jumbo;Raak;87;69931;1.35;1.79;1.35;1.8;0;0;0;0;0;198
1960;Jumbo;Raak;88;73697;1.34;1.79;1.35;1.81;0;0;0;0;0;210.857142857143
1961;Jumbo;Raak;89;73315;1.34;1.79;1.35;1.8;0;0;0;0;0;206.285714285714
1962;Jumbo;Raak;90;75320;1.34;1.79;1.34;1.79;0;0;0;0;0;220.285714285714
1963;Jumbo;Raak;91;69888;1.34;1.79;1.36;1.82;0;0;0;0;0;164.285714285714
1964;Jumbo;Raak;92;68797;1.33;1.78;1.36;1.81;0;0;0;0;0;177
1965;Jumbo;Raak;93;68337;1.33;1.77;1.35;1.8;0;0;0;0;0;209.714285714286
1966;Jumbo;Raak;94;69125;1.32;1.76;1.35;1.8;0;0;0;0;0;199
1967;Jumbo;Raak;95;66945;1.32;1.76;1.34;1.79;0;0;0;0;0;141.714285714286
1968;Jumbo;Raak;96;66558;1.32;1.76;1.34;1.79;0;0;0;0;0;99.7142857142857
1969;Jumbo;Raak;97;70825;1.32;1.76;1.34;1.78;0;0;0;0;0;134.714285714286
1970;Jumbo;Raak;98;70125;1.32;1.76;1.32;1.77;0;0;0;0;0;115.857142857143
1971;Jumbo;Raak;99;74866;1.33;1.78;1.32;1.77;0;0;0;0;0;55.8571428571429
1972;Jumbo;Raak;100;75390;1.34;1.78;1.32;1.76;0;0;0;0;0;82.5714285714286
1973;Jumbo;Raak;101;70349;1.33;1.78;1.32;1.76;0;0;0;0;0;114
1974;Jumbo;Raak;102;68098;1.34;1.79;1.33;1.77;0;0;0;0;0;51.8571428571429
1975;Jumbo;Raak;103;78756;1.35;1.8;1.33;1.77;0;0;0;0;0;87.4285714285714
1976;Jumbo;Raak;104;54872;1.35;1.8;1.34;1.79;0;0;0;0;1;73.1428571428571
1977;Jumbo;Raak;105;60190;1.36;1.81;1.35;1.8;0;0;0;0;1;81.2857142857143
1978;Jumbo;Raak;106;66034;1.36;1.81;1.35;1.8;0;0;0;0;0;80.2857142857143
1979;Jumbo;Raak;107;67387;1.36;1.81;1.35;1.8;0;0;0;0;0;65.2857142857143
1980;Jumbo;Raak;108;71895;1.37;1.82;1.35;1.8;0;0;0;0;0;29.8571428571429
1981;Jumbo;Raak;109;70141;1.37;1.83;1.35;1.81;0;0;0;0;0;36.7142857142857
1982;Jumbo;Raak;110;71058;1.37;1.83;1.37;1.82;0;0;0;0;0;75.4285714285714
1983;Jumbo;Raak;111;70312;1.37;1.82;1.37;1.83;0;0;0;0;0;109.142857142857
1984;Jumbo;Raak;112;71694;1.37;1.83;1.38;1.83;0;0;0;0;0;124.714285714286
1985;Jumbo;Raak;113;74194;1.36;1.82;1.38;1.84;0;3;0;0;0;148.142857142857
1986;Jumbo;Raak;114;70220;1.36;1.81;1.37;1.83;0;2;0;0;0;117.428571428571
1987;Jumbo;Raak;115;70743;1.35;1.81;1.36;1.82;0;2;0;0;0;105
1988;Jumbo;Raak;116;73944;1.36;1.81;1.36;1.82;0;2;0;0;0;121.714285714286
1989;Jumbo;Raak;117;75666;1.36;1.81;1.37;1.83;0;3;0;0;0;129.428571428571
1990;Jumbo;Raak;118;74006;1.36;1.81;1.37;1.83;0;3;0;0;0;128.857142857143
1991;Jumbo;Raak;119;75237;1.36;1.81;1.37;1.82;0;2;0;0;0;137.142857142857
1992;Jumbo;Raak;120;80260;1.36;1.81;1.36;1.82;0;2;0;0;1;188.142857142857
1993;Jumbo;Raak;121;80571;1.35;1.8;1.36;1.81;0;0;0;0;1;204.285714285714
1994;Jumbo;Raak;122;73435;1.35;1.8;1.36;1.81;0;0;0;0;0;131
1995;Jumbo;Raak;123;72611;1.36;1.81;1.36;1.81;0;0;0;0;1;137.142857142857
1996;Jumbo;Raak;124;76147;1.36;1.81;1.36;1.81;0;0;0;0;0;168.571428571429
1997;Jumbo;Raak;125;79841;1.36;1.81;1.36;1.81;0;0;0;0;0;188.142857142857
1998;Jumbo;Raak;126;77418;1.43;1.9;1.36;1.81;0;0;0;0;1;201.428571428571
1999;Jumbo;Raak;127;82307;1.45;1.93;1.36;1.81;0;0;0;0;0;219
2000;Jumbo;Raak;128;76813;1.54;2.05;1.45;1.93;0;0;0;0;1;202.571428571429
2001;Jumbo;Raak;129;91431;1.56;2.07;1.48;1.97;0;0;0;0;0;233.857142857143
2002;Jumbo;Raak;130;100356;1.56;2.08;1.54;2.05;0;0;0;0;0;273.428571428571
2003;Jumbo;Raak;131;82416;1.56;2.08;1.52;2.03;0;0;0;0;0;222.428571428571
2004;Jumbo;Raak;132;72156;1.54;2.05;1.55;2.07;0;0;0;0;0;197
2005;Jumbo;Raak;133;71238;1.53;2.04;1.58;2.1;0;0;0;0;0;217.571428571429
2006;Jumbo;Raak;134;99179;1.55;2.07;1.58;2.1;0;2;0;0;0;315.428571428571
2007;Jumbo;Raak;135;70523;1.56;2.08;1.57;2.09;0;2;0;0;0;233.714285714286
2008;Jumbo;Raak;136;69992;1.55;2.07;1.57;2.1;0;2;0;0;0;239.285714285714
2009;Jumbo;Raak;137;68947;1.51;2.02;1.57;2.09;0;2;0;0;0;206.142857142857
2010;Jumbo;Raak;138;78745;1.46;1.95;1.55;2.07;0;2;0;0;0;233.428571428571
2011;Jumbo;Raak;139;90983;1.45;1.94;1.56;2.08;0;2;0;0;0;281.142857142857
2012;Jumbo;Raak;140;78404;1.42;1.9;1.56;2.08;0;3;0;0;0;190.285714285714
2013;Jumbo;Raak;141;75427;1.42;1.89;1.53;2.04;0;4;0;0;0;195.571428571429
2014;Jumbo;Raak;142;75599;1.42;1.9;1.47;1.97;0;3;0;0;0;192
2015;Jumbo;Raak;143;75394;1.43;1.91;1.46;1.95;0;0;0;0;0;192.428571428571
2016;Jumbo;Raak;144;66577;1.43;1.91;1.44;1.92;0;0;0;0;0;157.142857142857
2017;Jumbo;Raak;145;66627;1.44;1.92;1.43;1.91;0;0;0;0;0;142.714285714286
2018;Jumbo;Raak;146;67440;1.44;1.91;1.43;1.91;0;0;0;0;0;166.857142857143
2019;Jumbo;Raak;147;71029;1.43;1.91;1.43;1.91;0;0;0;0;0;164.428571428571
2020;Jumbo;Raak;148;71286;1.43;1.91;1.44;1.91;0;0;0;0;0;124.285714285714
2021;Jumbo;Raak;149;68700;1.43;1.91;1.44;1.91;0;0;0;0;0;110.428571428571
2022;Jumbo;Raak;150;68162;1.43;1.91;1.43;1.91;0;0;0;0;0;74.5714285714286
2023;Jumbo;Raak;151;71495;1.44;1.92;1.43;1.91;0;0;0;0;0;78.7142857142857
2024;Jumbo;Raak;152;72169;1.45;1.93;1.43;1.9;0;0;0;0;0;103.714285714286
2025;Jumbo;Raak;153;70851;1.44;1.93;1.43;1.91;0;0;0;0;0;75.2857142857143
2026;Jumbo;Raak;154;72781;1.44;1.92;1.44;1.92;0;0;0;0;0;79.7142857142857
2027;Jumbo;Raak;155;74821;1.44;1.92;1.44;1.92;0;0;0;0;0;107.571428571429
2028;Jumbo;Raak;156;57209;1.44;1.92;1.44;1.92;0;0;0;0;1;77.5714285714286
2029;Jumbo;Raak;157;67920;1.44;1.92;1.44;1.93;0;0;0;0;1;67.5714285714286
2030;Jumbo;Raak;158;71020;1.44;1.92;1.45;1.93;0;0;0;0;0;92.7142857142857
2031;Jumbo;Raak;159;70781;1.44;1.92;1.44;1.92;0;0;0;0;0;105.571428571429
2032;Jumbo;Raak;160;74279;1.44;1.93;1.45;1.93;0;0;0;0;0;52
2033;Jumbo;Raak;161;72613;1.45;1.93;1.45;1.93;0;0;0;0;0;98.7142857142857
2034;Jumbo;Raak;162;73048;1.44;1.93;1.45;1.93;0;0;0;0;0;93.5714285714286
2035;Jumbo;Raak;163;71876;1.44;1.92;1.44;1.92;0;0;0;0;0;98.5714285714286
2036;Jumbo;Raak;164;71887;1.44;1.92;1.44;1.92;0;0;0;0;0;108
2037;Jumbo;Raak;165;78106;1.44;1.92;1.43;1.91;0;0;0;5.42857142857143;0;93.5714285714286
2038;Jumbo;Raak;166;76492;1.44;1.93;1.44;1.92;0;0;0;66.4285714285714;0;88.8571428571429
2039;Jumbo;Raak;167;114683;1.45;1.93;1.46;1.94;0;0;0;221.142857142857;0;111.428571428571
2040;Jumbo;Raak;168;92361;1.46;1.95;1.46;1.95;0;0;0;623;0;113.428571428571
2041;Jumbo;Raak;169;87513;1.45;1.93;1.46;1.94;0;0;0;1028.85714285714;0;117.142857142857
2042;Jumbo;Raak;170;79119;1.44;1.93;1.46;1.94;0;0;0;990.714285714286;0;103.571428571429
2043;Jumbo;Raak;171;85453;1.45;1.93;1.45;1.94;0;0;0;1086.28571428571;1;209.857142857143
2044;Jumbo;Raak;172;79526;1.44;1.93;1.45;1.94;0;0;0;955.571428571429;1;166.285714285714
2045;Jumbo;Raak;173;88091;1.45;1.93;1.44;1.92;0;0;0;565.714285714286;0;189
2046;Jumbo;Raak;174;78834;1.45;1.93;1.44;1.93;0;0;0;359.571428571429;1;154.857142857143
2047;Jumbo;Raak;175;82461;1.45;1.93;1.45;1.93;0;0;0;270.285714285714;1;188.571428571429
2048;Jumbo;Raak;176;84039;1.45;1.93;1.44;1.93;0;0;0;176.571428571429;0;147.714285714286
2049;Jumbo;Raak;177;91534;1.45;1.93;1.45;1.93;0;0;0;188.714285714286;1;219.142857142857
2050;Jumbo;Raak;178;91122;1.45;1.93;1.44;1.93;0;0;0;137.857142857143;0;208.428571428571
2051;Jumbo;Raak;179;87751;1.45;1.93;1.44;1.93;0;0;0;193.428571428571;1;207.142857142857
2052;Jumbo;Raak;180;82318;1.46;1.94;1.46;1.94;0;0;0;159.571428571429;0;203.285714285714
2053;Jumbo;Raak;181;91431;1.46;1.95;1.46;1.94;0;0;0;85.7142857142857;0;226
2054;Jumbo;Raak;182;113534;1.46;1.95;1.46;1.95;0;0;0;75.8571428571429;0;267.571428571429
2055;Jumbo;Raak;183;91519;1.46;1.95;1.46;1.95;0;0;0;58.7142857142857;0;202.571428571429
2056;Jumbo;Raak;184;81097;1.46;1.94;1.47;1.96;0;0;0;72.2857142857143;0;188
2057;Jumbo;Raak;185;78026;1.46;1.95;1.46;1.95;0;0;0;141.285714285714;0;215.428571428571
2058;Jumbo;Raak;186;79212;1.52;2.03;1.46;1.95;0;0;0;197.142857142857;0;222
2059;Jumbo;Raak;187;78991;1.55;2.06;1.46;1.95;0;0;0;394.285714285714;0;242
2060;Jumbo;Raak;188;95885;1.54;2.05;1.53;2.04;0;0;0;606.571428571429;0;275.428571428571
2061;Jumbo;Raak;189;111417;1.53;2.04;1.54;2.05;0;0;0;556.857142857143;0;315.571428571429
2062;Jumbo;Raak;190;97809;1.5;2.01;1.55;2.06;0;0;0;512.714285714286;0;265.571428571429
2063;Jumbo;Raak;191;86097;1.5;1.99;1.54;2.06;0;0;0;535.571428571429;0;201.714285714286
2064;Jumbo;Raak;192;82882;1.5;2;1.54;2.06;0;0;0;832.142857142857;0;195.285714285714
2065;Jumbo;Raak;193;79934;1.5;2;1.54;2.05;0;0;0;1233.14285714286;0;198.714285714286
2066;Jumbo;Raak;194;85056;1.5;1.99;1.52;2.02;0;0;0;2039.57142857143;0;242.142857142857
2067;Jumbo;Raak;195;89119;1.52;2.02;1.5;2;0;0;0;2892.57142857143;0;201
2068;Jumbo;Raak;196;82511;1.48;1.98;1.5;2;0;0;0;4163.28571428571;0;162.857142857143
2069;Jumbo;Raak;197;78051;1.47;1.96;1.51;2.02;0;0;0;6596.42857142857;0;147.285714285714
2070;Jumbo;Raak;198;76055;1.47;1.96;1.51;2.01;0;0;0;8138.71428571429;0;127.857142857143
2071;Jumbo;Raak;199;79890;1.47;1.96;1.5;1.99;0;0;0;9551;0;156.428571428571
2072;Jumbo;Raak;200;80560;1.47;1.96;1.49;1.99;0;0;0;9076;0;140.714285714286
2073;Jumbo;Raak;201;80671;1.55;2.07;1.47;1.96;0;0;0;5899.42857142857;0;143.428571428571
2074;Jumbo;Raak;202;77912;1.56;2.08;1.47;1.96;0;3;0;5256.14285714286;0;143.285714285714
2075;Jumbo;Raak;203;80398;1.56;2.08;1.55;2.06;0;3;0;5291.57142857143;0;123
2076;Jumbo;Raak;204;82089;1.54;2.06;1.56;2.08;0;3;0;4827.28571428571;0;92.1428571428571
2077;Jumbo;Raak;205;77967;1.54;2.05;1.56;2.07;0;3;0;6360.14285714286;0;68.7142857142857
2078;Jumbo;Raak;206;79376;1.54;2.05;1.56;2.08;0;3;0;8968.71428571429;0;48.2857142857143
2079;Jumbo;Raak;207;87964;1.54;2.06;1.55;2.07;0;3;0;11617.8571428571;0;103.428571428571
2080;Jumbo;Raak;208;67986;1.54;2.05;1.55;2.06;0;3;0;9461.28571428571;1;100
2081;Jumbo;Slimpie;1;30314;1.79;3.17;1.79;3.19;0;0;0;0;1;42.1428571428571
2082;Jumbo;Slimpie;2;65783;1.57;2.75;1.77;3.13;93;0;82;0;0;66.8571428571429
2083;Jumbo;Slimpie;3;36260;1.69;2.99;1.79;3.19;0;7;0;0;0;26.5714285714286
2084;Jumbo;Slimpie;4;31091;1.76;3.12;1.76;3.09;0;0;0;0;0;33.2857142857143
2085;Jumbo;Slimpie;5;32078;1.75;3.1;1.76;3.13;0;0;0;0;0;81.4285714285714
2086;Jumbo;Slimpie;6;31585;1.75;3.09;1.76;3.11;0;0;0;0;0;25.4285714285714
2087;Jumbo;Slimpie;7;32303;1.74;3.09;1.75;3.1;0;0;0;0;0;87.5714285714286
2088;Jumbo;Slimpie;8;33356;1.74;3.09;1.75;3.1;0;0;0;0;0;100.142857142857
2089;Jumbo;Slimpie;9;32953;1.74;3.09;1.75;3.09;0;0;0;0;0;96.1428571428571
2090;Jumbo;Slimpie;10;33661;1.74;3.08;1.76;3.12;0;2;0;0;0;110.142857142857
2091;Jumbo;Slimpie;11;35494;1.74;3.08;1.74;3.08;0;0;0;0;0;138.714285714286
2092;Jumbo;Slimpie;12;35893;1.74;3.18;1.75;3.09;0;0;0;0;0;127
2093;Jumbo;Slimpie;13;37330;1.73;3.19;1.75;3.1;0;0;0;0;0;175
2094;Jumbo;Slimpie;14;36747;1.73;3.17;1.74;3.07;0;0;0;0;0;145.142857142857
2095;Jumbo;Slimpie;15;36395;1.73;3.16;1.74;3.07;0;0;0;0;1;143.714285714286
2096;Jumbo;Slimpie;16;33648;1.73;3.19;1.72;3.04;0;0;0;0;1;114.571428571429
2097;Jumbo;Slimpie;17;34268;1.73;3.17;1.72;3.08;0;0;0;0;1;116.142857142857
2098;Jumbo;Slimpie;18;34988;1.73;3.18;1.72;3.09;0;0;0;0;1;151
2099;Jumbo;Slimpie;19;35667;1.74;3.2;1.73;3.13;0;0;0;0;0;177.428571428571
2100;Jumbo;Slimpie;20;39376;1.75;3.26;1.72;3.1;0;0;0;0;0;215.428571428571
2101;Jumbo;Slimpie;21;45483;1.75;3.29;1.74;3.21;0;0;0;0;1;242.285714285714
2102;Jumbo;Slimpie;22;44388;1.77;3.21;1.75;3.22;0;0;0;0;0;246.142857142857
2103;Jumbo;Slimpie;23;35016;1.77;3.17;1.75;3.17;0;0;0;0;1;205.571428571429
2104;Jumbo;Slimpie;24;35068;1.77;3.19;1.76;3.16;0;0;0;0;0;225.285714285714
2105;Jumbo;Slimpie;25;41759;1.77;3.2;1.76;3.15;0;0;0;0;0;267.285714285714
2106;Jumbo;Slimpie;26;67121;1.57;2.78;1.77;3.18;100;0;76;0;0;209.714285714286
2107;Jumbo;Slimpie;27;40877;1.68;3.03;1.8;3.25;0;22;0;0;0;238
2108;Jumbo;Slimpie;28;30620;1.77;3.23;1.78;3.22;0;6;0;0;0;212.285714285714
2109;Jumbo;Slimpie;29;33528;1.78;3.22;1.76;3.16;0;0;0;0;0;244.142857142857
2110;Jumbo;Slimpie;30;29662;1.77;3.2;1.79;3.22;0;3;0;0;0;208.285714285714
2111;Jumbo;Slimpie;31;27997;1.77;3.2;1.76;3.15;0;0;0;0;0;221.571428571429
2112;Jumbo;Slimpie;32;27572;1.77;3.18;1.78;3.2;0;0;0;0;0;210.857142857143
2113;Jumbo;Slimpie;33;28710;1.76;3.15;1.77;3.18;0;0;0;0;0;214.714285714286
2114;Jumbo;Slimpie;34;32338;1.77;3.16;1.76;3.13;0;0;0;0;0;228.142857142857
2115;Jumbo;Slimpie;35;33339;1.76;3.15;1.76;3.13;0;0;0;0;0;230.571428571429
2116;Jumbo;Slimpie;36;30119;1.76;3.15;1.76;3.15;0;0;0;0;0;190.857142857143
2117;Jumbo;Slimpie;37;27667;1.76;3.14;1.76;3.15;0;0;0;0;0;163.857142857143
2118;Jumbo;Slimpie;38;28534;1.77;3.16;1.76;3.15;0;0;0;0;0;177.714285714286
2119;Jumbo;Slimpie;39;29339;1.77;3.17;1.77;3.14;0;0;0;0;0;192.714285714286
2120;Jumbo;Slimpie;40;56987;1.57;2.78;1.78;3.18;84;0;78;0;0;160.285714285714
2121;Jumbo;Slimpie;41;32291;1.68;3.02;1.76;3.12;0;8;0;0;0;163.142857142857
2122;Jumbo;Slimpie;42;26484;1.78;3.21;1.77;3.14;0;2;0;0;0;194.714285714286
2123;Jumbo;Slimpie;43;27720;1.78;3.2;1.78;3.19;0;0;0;0;0;156.857142857143
2124;Jumbo;Slimpie;44;26648;1.78;3.2;1.78;3.2;0;0;0;0;0;130.714285714286
2125;Jumbo;Slimpie;45;26322;1.78;3.21;1.77;3.15;0;0;0;0;0;102.142857142857
2126;Jumbo;Slimpie;46;26086;1.77;3.17;1.78;3.19;0;0;0;0;0;96.2857142857143
2127;Jumbo;Slimpie;47;27537;1.78;3.2;1.77;3.16;0;0;0;0;0;112
2128;Jumbo;Slimpie;48;26949;1.77;3.18;1.77;3.17;0;0;0;0;0;53.1428571428571
2129;Jumbo;Slimpie;49;25875;1.77;3.16;1.78;3.17;0;0;0;0;0;74.1428571428571
2130;Jumbo;Slimpie;50;27268;1.77;3.16;1.78;3.2;0;0;0;0;0;45.8571428571429
2131;Jumbo;Slimpie;51;32133;1.77;3.16;1.77;3.16;0;0;0;0;0;84
2132;Jumbo;Slimpie;52;21664;1.77;3.18;1.77;3.15;0;0;0;0;1;81.2857142857143
2133;Jumbo;Slimpie;53;26035;1.77;3.19;1.78;3.21;0;0;0;0;1;98.2857142857143
2134;Jumbo;Slimpie;54;58079;1.57;2.79;1.77;3.16;78;0;69;0;0;57.7142857142857
2135;Jumbo;Slimpie;55;32069;1.69;3.03;1.78;3.18;0;4;0;0;0;66.8571428571429
2136;Jumbo;Slimpie;56;26095;1.77;3.2;1.77;3.16;0;1;0;0;0;94.1428571428571
2137;Jumbo;Slimpie;57;25373;1.78;3.22;1.77;3.17;0;0;0;0;0;79.8571428571429
2138;Jumbo;Slimpie;58;25912;1.76;3.16;1.81;3.22;0;0;0;0;0;35.4285714285714
2139;Jumbo;Slimpie;59;26974;1.75;3.12;1.78;3.17;0;0;0;0;0;73.7142857142857
2140;Jumbo;Slimpie;60;28672;1.75;3.11;1.79;3.19;0;0;0;0;0;45.4285714285714
2141;Jumbo;Slimpie;61;27822;1.75;3.11;1.77;3.14;0;0;0;0;0;-4.71428571428571
2142;Jumbo;Slimpie;62;29341;1.76;3.13;1.76;3.13;0;0;0;0;0;108.571428571429
2143;Jumbo;Slimpie;63;29084;1.75;3.12;1.8;3.21;0;0;0;0;0;93
2144;Jumbo;Slimpie;64;31700;1.7;3.02;1.75;3.11;0;0;0;0;0;73.5714285714286
2145;Jumbo;Slimpie;65;30460;1.69;3.01;1.76;3.16;0;0;0;0;1;111
2146;Jumbo;Slimpie;66;29246;1.68;3;1.74;3.1;0;0;0;0;1;139.571428571429
2147;Jumbo;Slimpie;67;32004;1.64;2.95;1.74;3.09;0;0;0;0;0;176.428571428571
2148;Jumbo;Slimpie;68;36843;1.64;2.94;1.71;3.05;0;0;0;0;0;218.714285714286
2149;Jumbo;Slimpie;69;33575;1.64;2.95;1.69;3.03;0;0;0;0;1;166.428571428571
2150;Jumbo;Slimpie;70;32061;1.7;3.06;1.69;3.01;0;0;0;0;1;158.857142857143
2151;Jumbo;Slimpie;71;35926;1.83;3.29;1.68;3.02;0;0;0;0;1;231.142857142857
2152;Jumbo;Slimpie;72;35042;1.77;3.18;1.7;3.04;0;0;0;0;0;187.714285714286
2153;Jumbo;Slimpie;73;40542;1.74;3.14;1.77;3.15;0;0;0;0;1;253
2154;Jumbo;Slimpie;74;42857;1.74;3.12;1.76;3.15;0;0;0;0;0;258.285714285714
2155;Jumbo;Slimpie;75;38610;1.73;3.11;1.77;3.18;0;0;0;0;0;240.142857142857
2156;Jumbo;Slimpie;76;60509;1.49;2.64;1.79;3.21;88;0;38;0;0;209.428571428571
2157;Jumbo;Slimpie;77;37484;1.64;2.93;1.76;3.15;0;9;0;0;0;196.428571428571
2158;Jumbo;Slimpie;78;35755;1.75;3.16;1.74;3.11;0;0;0;0;0;237.285714285714
2159;Jumbo;Slimpie;79;40051;1.76;3.19;1.74;3.13;0;0;0;0;0;255.714285714286
2160;Jumbo;Slimpie;80;35622;1.78;3.22;1.76;3.17;0;0;0;0;0;236.142857142857
2161;Jumbo;Slimpie;81;40682;1.78;3.23;1.75;3.13;0;0;0;0;0;268
2162;Jumbo;Slimpie;82;49117;1.76;3.2;1.78;3.2;0;0;0;0;0;306.142857142857
2163;Jumbo;Slimpie;83;44099;1.76;3.19;1.77;3.17;0;0;0;0;0;286
2164;Jumbo;Slimpie;84;36066;1.76;3.16;1.78;3.22;0;0;0;0;0;255.571428571429
2165;Jumbo;Slimpie;85;33396;1.71;3.15;1.78;3.19;0;0;0;0;0;233.142857142857
2166;Jumbo;Slimpie;86;35172;1.7;3.12;1.75;3.13;0;0;0;0;0;222.428571428571
2167;Jumbo;Slimpie;87;32008;1.69;3.1;1.75;3.14;0;0;0;0;0;198
2168;Jumbo;Slimpie;88;32429;1.69;3.09;1.76;3.15;0;0;0;0;0;210.857142857143
2169;Jumbo;Slimpie;89;51311;1.48;2.63;1.74;3.11;88;0;71;0;0;206.285714285714
2170;Jumbo;Slimpie;90;37251;1.6;2.85;1.72;3.05;0;13;0;0;0;220.285714285714
2171;Jumbo;Slimpie;91;29215;1.69;2.99;1.69;3;0;2;0;0;0;164.285714285714
2172;Jumbo;Slimpie;92;28565;1.67;2.97;1.7;3.04;0;0;0;0;0;177
2173;Jumbo;Slimpie;93;29486;1.67;2.97;1.7;3.01;0;0;0;0;0;209.714285714286
2174;Jumbo;Slimpie;94;30472;1.66;2.94;1.69;3;0;0;0;0;0;199
2175;Jumbo;Slimpie;95;30409;1.65;2.94;1.69;2.98;0;3;0;0;0;141.714285714286
2176;Jumbo;Slimpie;96;28634;1.66;2.95;1.68;2.98;0;0;0;0;0;99.7142857142857
2177;Jumbo;Slimpie;97;28377;1.67;2.95;1.67;2.96;0;0;0;0;0;134.714285714286
2178;Jumbo;Slimpie;98;27593;1.67;2.95;1.66;2.93;0;0;0;0;0;115.857142857143
2179;Jumbo;Slimpie;99;28684;1.66;2.94;1.66;2.93;0;0;0;0;0;55.8571428571429
2180;Jumbo;Slimpie;100;28697;1.66;2.92;1.66;2.91;0;0;0;0;0;82.5714285714286
2181;Jumbo;Slimpie;101;27712;1.65;2.91;1.67;2.94;0;0;0;0;0;114
2182;Jumbo;Slimpie;102;28177;1.64;2.9;1.67;2.95;0;0;0;0;0;51.8571428571429
2183;Jumbo;Slimpie;103;32750;1.64;2.9;1.66;2.92;0;0;0;0;0;87.4285714285714
2184;Jumbo;Slimpie;104;23902;1.65;2.9;1.65;2.89;0;0;0;0;1;73.1428571428571
2185;Jumbo;Slimpie;105;28186;1.65;2.93;1.65;2.89;0;0;0;0;1;81.2857142857143
2186;Jumbo;Slimpie;106;30496;1.66;2.95;1.65;2.9;0;0;0;0;0;80.2857142857143
2187;Jumbo;Slimpie;107;30950;1.66;2.95;1.65;2.91;0;0;0;0;0;65.2857142857143
2188;Jumbo;Slimpie;108;31836;1.66;2.94;1.65;2.9;0;0;0;0;0;29.8571428571429
2189;Jumbo;Slimpie;109;31971;1.67;2.95;1.66;2.93;0;0;0;0;0;36.7142857142857
2190;Jumbo;Slimpie;110;32224;1.67;2.95;1.65;2.91;0;0;0;0;0;75.4285714285714
2191;Jumbo;Slimpie;111;33165;1.67;2.97;1.66;2.94;0;0;0;0;0;109.142857142857
2192;Jumbo;Slimpie;112;34877;1.69;3;1.67;2.93;0;0;0;0;0;124.714285714286
2193;Jumbo;Slimpie;113;34085;1.7;3.03;1.68;2.98;0;0;0;0;0;148.142857142857
2194;Jumbo;Slimpie;114;33821;1.69;2.99;1.69;2.99;0;0;0;0;0;117.428571428571
2195;Jumbo;Slimpie;115;32890;1.7;3.01;1.69;2.98;0;0;0;0;0;105
2196;Jumbo;Slimpie;116;33886;1.69;3;1.69;2.98;0;0;0;0;0;121.714285714286
2197;Jumbo;Slimpie;117;34210;1.7;3.02;1.7;3.03;0;2;0;0;0;129.428571428571
2198;Jumbo;Slimpie;118;34124;1.69;3.02;1.69;2.98;0;0;0;0;0;128.857142857143
2199;Jumbo;Slimpie;119;62963;1.47;2.6;1.69;3.01;86;0;65;0;0;137.142857142857
2200;Jumbo;Slimpie;120;42996;1.6;2.87;1.69;3.02;0;0;0;0;1;188.142857142857
2201;Jumbo;Slimpie;121;37015;1.69;3.02;1.69;3.02;0;0;0;0;1;204.285714285714
2202;Jumbo;Slimpie;122;34202;1.68;3.01;1.68;2.98;0;0;0;0;0;131
2203;Jumbo;Slimpie;123;33267;1.68;2.99;1.68;2.98;0;0;0;0;1;137.142857142857
2204;Jumbo;Slimpie;124;36207;1.68;2.99;1.68;3;0;0;0;0;0;168.571428571429
2205;Jumbo;Slimpie;125;39031;1.67;2.99;1.67;2.97;0;0;0;0;0;188.142857142857
2206;Jumbo;Slimpie;126;39162;1.68;3.02;1.68;2.98;0;0;0;0;1;201.428571428571
2207;Jumbo;Slimpie;127;63610;1.48;2.63;1.7;3.01;93;0;65;0;0;219
2208;Jumbo;Slimpie;128;41309;1.58;2.83;1.71;3.03;0;15;0;0;1;202.571428571429
2209;Jumbo;Slimpie;129;44228;1.65;2.99;1.66;2.93;0;2;0;0;0;233.857142857143
2210;Jumbo;Slimpie;130;51914;1.66;3.01;1.66;2.94;0;0;0;0;0;273.428571428571
2211;Jumbo;Slimpie;131;42995;1.66;3.01;1.64;2.89;0;0;0;0;0;222.428571428571
2212;Jumbo;Slimpie;132;37076;1.67;3.04;1.65;2.93;0;0;0;0;0;197
2213;Jumbo;Slimpie;133;37801;1.66;3.05;1.65;2.93;0;0;0;0;0;217.571428571429
2214;Jumbo;Slimpie;134;57039;1.67;3.13;1.65;2.95;0;0;0;0;0;315.428571428571
2215;Jumbo;Slimpie;135;41364;1.68;3.11;1.66;2.96;0;0;0;0;0;233.714285714286
2216;Jumbo;Slimpie;136;39496;1.67;3.07;1.68;2.99;0;0;0;0;0;239.285714285714
2217;Jumbo;Slimpie;137;36535;1.7;3.09;1.68;2.98;0;0;0;0;0;206.142857142857
2218;Jumbo;Slimpie;138;40293;1.73;3.12;1.68;2.99;0;0;0;0;0;233.428571428571
2219;Jumbo;Slimpie;139;47530;1.72;3.12;1.7;3.04;0;0;0;0;0;281.142857142857
2220;Jumbo;Slimpie;140;37038;1.7;3.05;1.71;3.09;0;0;0;0;0;190.285714285714
2221;Jumbo;Slimpie;141;56247;1.5;2.66;1.74;3.13;90;0;85;0;0;195.571428571429
2222;Jumbo;Slimpie;142;38575;1.61;2.86;1.72;3.1;0;6;0;0;0;192
2223;Jumbo;Slimpie;143;34269;1.69;3.01;1.72;3.06;0;0;0;0;0;192.428571428571
2224;Jumbo;Slimpie;144;31904;1.7;3.02;1.71;3.07;0;0;0;0;0;157.142857142857
2225;Jumbo;Slimpie;145;31626;1.7;3.03;1.7;3.03;0;0;0;0;0;142.714285714286
2226;Jumbo;Slimpie;146;31902;1.69;3.01;1.69;2.99;0;0;0;0;0;166.857142857143
2227;Jumbo;Slimpie;147;33986;1.68;2.99;1.69;3.02;0;0;0;0;0;164.428571428571
2228;Jumbo;Slimpie;148;33319;1.68;3;1.68;2.97;0;0;0;0;0;124.285714285714
2229;Jumbo;Slimpie;149;32519;1.67;2.99;1.69;3;0;0;0;0;0;110.428571428571
2230;Jumbo;Slimpie;150;31602;1.66;2.98;1.68;2.99;0;0;0;0;0;74.5714285714286
2231;Jumbo;Slimpie;151;32897;1.66;2.98;1.68;2.97;0;0;0;0;0;78.7142857142857
2232;Jumbo;Slimpie;152;32508;1.66;2.98;1.68;2.97;0;0;0;0;0;103.714285714286
2233;Jumbo;Slimpie;153;31099;1.67;2.97;1.66;2.93;0;0;0;0;0;75.2857142857143
2234;Jumbo;Slimpie;154;31819;1.67;2.96;1.67;2.95;0;0;0;0;0;79.7142857142857
2235;Jumbo;Slimpie;155;33773;1.67;2.96;1.67;2.96;0;0;0;0;0;107.571428571429
2236;Jumbo;Slimpie;156;26073;1.67;2.95;1.67;2.94;0;0;0;0;1;77.5714285714286
2237;Jumbo;Slimpie;157;39737;1.51;2.68;1.69;3.01;0;0;0;0;1;67.5714285714286
2238;Jumbo;Slimpie;158;44146;1.46;2.6;1.7;2.99;0;4;0;0;0;92.7142857142857
2239;Jumbo;Slimpie;159;41290;1.46;2.6;1.69;2.98;0;4;0;0;0;105.571428571429
2240;Jumbo;Slimpie;160;42885;1.46;2.61;1.68;2.97;0;4;0;0;0;52
2241;Jumbo;Slimpie;161;33848;1.61;2.88;1.55;2.73;0;0;0;0;0;98.7142857142857
2242;Jumbo;Slimpie;162;32943;1.67;2.97;1.54;2.74;0;0;0;0;0;93.5714285714286
2243;Jumbo;Slimpie;163;33752;1.67;2.97;1.61;2.85;0;0;0;0;0;98.5714285714286
2244;Jumbo;Slimpie;164;35018;1.67;2.98;1.66;2.96;0;0;0;0;0;108
2245;Jumbo;Slimpie;165;38708;1.66;2.96;1.66;2.95;0;0;0;5.42857142857143;0;93.5714285714286
2246;Jumbo;Slimpie;166;36759;1.67;2.97;1.66;2.94;0;0;0;66.4285714285714;0;88.8571428571429
2247;Jumbo;Slimpie;167;52659;1.66;2.94;1.66;2.94;0;0;0;221.142857142857;0;111.428571428571
2248;Jumbo;Slimpie;168;47904;1.66;2.93;1.67;2.96;0;0;0;623;0;113.428571428571
2249;Jumbo;Slimpie;169;40870;1.66;2.92;1.67;2.93;0;0;0;1028.85714285714;0;117.142857142857
2250;Jumbo;Slimpie;170;37680;1.66;2.92;1.67;2.96;0;0;0;990.714285714286;0;103.571428571429
2251;Jumbo;Slimpie;171;42527;1.66;2.93;1.66;2.92;0;0;0;1086.28571428571;1;209.857142857143
2252;Jumbo;Slimpie;172;70125;1.45;2.55;1.69;2.97;86;0;0;955.571428571429;1;166.285714285714
2253;Jumbo;Slimpie;173;50157;1.59;2.8;1.65;2.9;0;0;0;565.714285714286;0;189
2254;Jumbo;Slimpie;174;38054;1.66;2.94;1.65;2.91;0;0;0;359.571428571429;1;154.857142857143
2255;Jumbo;Slimpie;175;40255;1.67;2.95;1.65;2.91;0;0;0;270.285714285714;1;188.571428571429
2256;Jumbo;Slimpie;176;40675;1.67;2.95;1.67;2.96;0;0;0;176.571428571429;0;147.714285714286
2257;Jumbo;Slimpie;177;46178;1.66;2.95;1.66;2.94;0;0;0;188.714285714286;1;219.142857142857
2258;Jumbo;Slimpie;178;47900;1.66;2.95;1.67;2.93;0;0;0;137.857142857143;0;208.428571428571
2259;Jumbo;Slimpie;179;46737;1.66;2.93;1.66;2.94;0;0;0;193.428571428571;1;207.142857142857
2260;Jumbo;Slimpie;180;40290;1.64;2.92;1.65;2.92;0;0;0;159.571428571429;0;203.285714285714
2261;Jumbo;Slimpie;181;43285;1.64;2.91;1.66;2.91;0;0;0;85.7142857142857;0;226
2262;Jumbo;Slimpie;182;53045;1.64;2.91;1.65;2.9;0;0;0;75.8571428571429;0;267.571428571429
2263;Jumbo;Slimpie;183;41812;1.65;2.9;1.65;2.91;0;0;0;58.7142857142857;0;202.571428571429
2264;Jumbo;Slimpie;184;64170;1.46;2.55;1.67;2.95;75;0;68;72.2857142857143;0;188
2265;Jumbo;Slimpie;185;42053;1.57;2.77;1.64;2.9;0;2;0;141.285714285714;0;215.428571428571
2266;Jumbo;Slimpie;186;37531;1.65;2.92;1.65;2.89;0;2;0;197.142857142857;0;222
2267;Jumbo;Slimpie;187;38312;1.65;2.92;1.65;2.92;0;2;0;394.285714285714;0;242
2268;Jumbo;Slimpie;188;47215;1.65;2.91;1.64;2.88;0;2;0;606.571428571429;0;275.428571428571
2269;Jumbo;Slimpie;189;54804;1.65;2.91;1.64;2.9;0;0;0;556.857142857143;0;315.571428571429
2270;Jumbo;Slimpie;190;46297;1.64;2.88;1.64;2.89;0;0;0;512.714285714286;0;265.571428571429
2271;Jumbo;Slimpie;191;39149;1.65;2.9;1.64;2.88;0;0;0;535.571428571429;0;201.714285714286
2272;Jumbo;Slimpie;192;36187;1.67;2.94;1.64;2.89;0;0;0;832.142857142857;0;195.285714285714
2273;Jumbo;Slimpie;193;36482;1.67;2.93;1.65;2.9;0;0;0;1233.14285714286;0;198.714285714286
2274;Jumbo;Slimpie;194;38832;1.65;2.9;1.67;2.94;0;0;0;2039.57142857143;0;242.142857142857
2275;Jumbo;Slimpie;195;67921;1.49;2.59;1.69;2.97;71;0;70;2892.57142857143;0;201
2276;Jumbo;Slimpie;196;41170;1.58;2.75;1.67;2.91;0;2;0;4163.28571428571;0;162.857142857143
2277;Jumbo;Slimpie;197;32258;1.64;2.86;1.68;2.94;0;0;0;6596.42857142857;0;147.285714285714
2278;Jumbo;Slimpie;198;33995;1.64;2.86;1.66;2.91;0;0;0;8138.71428571429;0;127.857142857143
2279;Jumbo;Slimpie;199;35563;1.59;2.77;1.64;2.85;0;0;0;9551;0;156.428571428571
2280;Jumbo;Slimpie;200;35885;1.57;2.74;1.63;2.84;0;2;0;9076;0;140.714285714286
2281;Jumbo;Slimpie;201;35558;1.57;2.74;1.64;2.86;0;0;0;5899.42857142857;0;143.428571428571
2282;Jumbo;Slimpie;202;35382;1.57;2.75;1.64;2.87;0;0;0;5256.14285714286;0;143.285714285714
2283;Jumbo;Slimpie;203;35895;1.57;2.74;1.59;2.77;0;0;0;5291.57142857143;0;123
2284;Jumbo;Slimpie;204;36764;1.57;2.74;1.57;2.74;0;0;0;4827.28571428571;0;92.1428571428571
2285;Jumbo;Slimpie;205;34665;1.56;2.72;1.58;2.78;0;0;0;6360.14285714286;0;68.7142857142857
2286;Jumbo;Slimpie;206;35395;1.57;2.73;1.58;2.77;0;0;0;8968.71428571429;0;48.2857142857143
2287;Jumbo;Slimpie;207;39858;1.57;2.73;1.57;2.73;0;0;0;11617.8571428571;0;103.428571428571
2288;Jumbo;Slimpie;208;29457;1.57;2.73;1.57;2.73;0;0;0;9461.28571428571;1;100
2289;Jumbo;Teisseire;1;10373;2.54;3.84;2.53;3.87;0;0;0;0;1;42.1428571428571
2290;Jumbo;Teisseire;2;10560;2.54;3.83;2.55;3.78;0;0;0;0;0;66.8571428571429
2291;Jumbo;Teisseire;3;10689;2.54;3.86;2.54;3.83;0;0;0;0;0;26.5714285714286
2292;Jumbo;Teisseire;4;11518;2.54;3.84;2.53;3.92;0;0;0;0;0;33.2857142857143
2293;Jumbo;Teisseire;5;11551;2.55;3.86;2.53;3.77;0;0;0;0;0;81.4285714285714
2294;Jumbo;Teisseire;6;10944;2.55;3.86;2.53;3.97;0;0;0;0;0;25.4285714285714
2295;Jumbo;Teisseire;7;11370;2.56;3.89;2.56;3.87;0;0;0;0;0;87.5714285714286
2296;Jumbo;Teisseire;8;11445;2.55;3.94;2.56;3.91;0;0;0;0;0;100.142857142857
2297;Jumbo;Teisseire;9;11272;2.56;3.88;2.55;3.93;0;0;0;0;0;96.1428571428571
2298;Jumbo;Teisseire;10;11552;2.55;3.87;2.56;3.84;0;0;0;0;0;110.142857142857
2299;Jumbo;Teisseire;11;12132;2.56;3.91;2.56;3.82;0;0;0;0;0;138.714285714286
2300;Jumbo;Teisseire;12;11605;2.55;3.9;2.55;3.88;0;0;0;0;0;127
2301;Jumbo;Teisseire;13;11948;2.56;3.85;2.56;3.77;0;0;0;0;0;175
2302;Jumbo;Teisseire;14;13757;2.56;3.85;2.56;3.87;0;0;0;0;0;145.142857142857
2303;Jumbo;Teisseire;15;13746;2.57;3.82;2.56;3.83;0;0;0;0;1;143.714285714286
2304;Jumbo;Teisseire;16;12943;2.56;3.9;2.56;3.82;0;0;0;0;1;114.571428571429
2305;Jumbo;Teisseire;17;13123;2.56;3.91;2.56;3.85;0;0;0;0;1;116.142857142857
2306;Jumbo;Teisseire;18;13518;2.56;3.96;2.56;3.85;0;0;0;0;1;151
2307;Jumbo;Teisseire;19;13928;2.55;3.96;2.55;3.93;0;0;0;0;0;177.428571428571
2308;Jumbo;Teisseire;20;15938;2.56;4.01;2.56;3.86;0;0;0;0;0;215.428571428571
2309;Jumbo;Teisseire;21;19202;2.56;4.1;2.57;3.95;0;0;0;0;1;242.285714285714
2310;Jumbo;Teisseire;22;17873;2.54;4.12;2.55;4.09;0;0;0;0;0;246.142857142857
2311;Jumbo;Teisseire;23;15817;2.55;4.14;2.55;4.02;0;0;0;0;1;205.571428571429
2312;Jumbo;Teisseire;24;15963;2.54;4.21;2.55;4.07;0;0;0;0;0;225.285714285714
2313;Jumbo;Teisseire;25;17909;2.53;4.31;2.54;4.16;0;0;0;0;0;267.285714285714
2314;Jumbo;Teisseire;26;13212;2.52;4.32;2.52;4.35;0;0;0;0;0;209.714285714286
2315;Jumbo;Teisseire;27;18040;2.54;4.17;2.53;4.13;0;0;0;0;0;238
2316;Jumbo;Teisseire;28;21463;2.21;3.48;2.56;4.15;97;0;33;0;0;212.285714285714
2317;Jumbo;Teisseire;29;18696;2.4;4.01;2.54;4.19;0;4;0;0;0;244.142857142857
2318;Jumbo;Teisseire;30;13703;2.53;4.33;2.52;4.16;0;0;0;0;0;208.285714285714
2319;Jumbo;Teisseire;31;12848;2.56;4.25;2.54;4.1;0;0;0;0;0;221.571428571429
2320;Jumbo;Teisseire;32;11739;2.56;4.18;2.54;4.21;0;0;0;0;0;210.857142857143
2321;Jumbo;Teisseire;33;12364;2.56;4.23;2.54;4.24;0;0;0;0;0;214.714285714286
2322;Jumbo;Teisseire;34;14180;2.58;4.23;2.57;4.13;0;0;0;0;0;228.142857142857
2323;Jumbo;Teisseire;35;14536;2.58;4.18;2.56;4.13;0;0;0;0;0;230.571428571429
2324;Jumbo;Teisseire;36;12994;2.59;4.09;2.58;4.13;0;0;0;0;0;190.857142857143
2325;Jumbo;Teisseire;37;15663;2.21;3.33;2.59;4.17;58;0;34;0;0;163.857142857143
2326;Jumbo;Teisseire;38;12590;2.43;3.65;2.61;4.05;0;8;0;0;0;177.714285714286
2327;Jumbo;Teisseire;39;11401;2.58;3.78;2.59;3.99;0;0;0;0;0;192.714285714286
2328;Jumbo;Teisseire;40;10541;2.59;3.68;2.56;3.95;0;0;0;0;0;160.285714285714
2329;Jumbo;Teisseire;41;10318;2.61;3.66;2.6;3.82;0;0;0;0;0;163.142857142857
2330;Jumbo;Teisseire;42;10291;2.61;3.61;2.61;3.82;0;0;0;0;0;194.714285714286
2331;Jumbo;Teisseire;43;10109;2.61;3.57;2.6;3.75;0;0;0;0;0;156.857142857143
2332;Jumbo;Teisseire;44;13662;2.19;2.96;2.59;3.89;86;0;41;0;0;130.714285714286
2333;Jumbo;Teisseire;45;10349;2.45;3.31;2.62;3.59;0;0;0;0;0;102.142857142857
2334;Jumbo;Teisseire;46;9097;2.61;3.52;2.6;3.56;0;0;0;0;0;96.2857142857143
2335;Jumbo;Teisseire;47;9499;2.62;3.52;2.61;3.53;0;0;0;0;0;112
2336;Jumbo;Teisseire;48;9238;2.62;3.51;2.62;3.52;0;0;0;0;0;53.1428571428571
2337;Jumbo;Teisseire;49;8788;2.64;3.54;2.62;3.53;0;0;0;0;0;74.1428571428571
2338;Jumbo;Teisseire;50;9203;2.64;3.54;2.62;3.5;0;0;0;0;0;45.8571428571429
2339;Jumbo;Teisseire;51;10890;2.67;3.57;2.63;3.52;0;0;0;0;0;84
2340;Jumbo;Teisseire;52;7272;2.69;3.59;2.65;3.53;0;0;0;0;1;81.2857142857143
2341;Jumbo;Teisseire;53;8944;2.68;3.59;2.66;3.57;0;0;0;0;1;98.2857142857143
2342;Jumbo;Teisseire;54;9731;2.68;3.59;2.68;3.59;0;0;0;0;0;57.7142857142857
2343;Jumbo;Teisseire;55;10186;2.68;3.58;2.67;3.57;0;0;0;0;0;66.8571428571429
2344;Jumbo;Teisseire;56;10884;2.68;3.58;2.68;3.58;0;0;0;0;0;94.1428571428571
2345;Jumbo;Teisseire;57;10887;2.68;3.58;2.68;3.58;0;0;0;0;0;79.8571428571429
2346;Jumbo;Teisseire;58;12092;2.66;4.13;2.67;4.02;0;0;0;0;0;35.4285714285714
2347;Jumbo;Teisseire;59;12278;2.66;4.1;2.67;4.02;0;0;0;0;0;73.7142857142857
2348;Jumbo;Teisseire;60;12717;2.66;4.14;2.66;4.24;0;0;0;0;0;45.4285714285714
2349;Jumbo;Teisseire;61;12177;2.66;4.1;2.66;4.01;0;0;0;0;0;-4.71428571428571
2350;Jumbo;Teisseire;62;13343;2.66;4.12;2.66;4.09;0;0;0;0;0;108.571428571429
2351;Jumbo;Teisseire;63;13332;2.66;4.1;2.67;4.06;0;0;0;0;0;93
2352;Jumbo;Teisseire;64;13700;2.57;3.95;2.67;4.07;0;0;0;0;0;73.5714285714286
2353;Jumbo;Teisseire;65;13617;2.55;3.95;2.66;4.08;0;0;0;0;1;111
2354;Jumbo;Teisseire;66;13381;2.54;4;2.67;4.14;0;0;0;0;1;139.571428571429
2355;Jumbo;Teisseire;67;14209;2.54;3.99;2.67;4.08;0;0;0;0;0;176.428571428571
2356;Jumbo;Teisseire;68;17074;2.53;4.11;2.57;3.94;0;0;0;0;0;218.714285714286
2357;Jumbo;Teisseire;69;14820;2.53;4.12;2.56;4.02;0;0;0;0;1;166.428571428571
2358;Jumbo;Teisseire;70;14345;2.53;4.11;2.53;3.91;0;0;0;0;1;158.857142857143
2359;Jumbo;Teisseire;71;16560;2.52;4.1;2.53;4.02;0;0;0;0;1;231.142857142857
2360;Jumbo;Teisseire;72;15734;2.53;4.09;2.54;4.12;0;0;0;0;0;187.714285714286
2361;Jumbo;Teisseire;73;18747;2.53;4.1;2.51;4.03;0;0;0;0;1;253
2362;Jumbo;Teisseire;74;27820;2.18;3.37;2.5;3.94;0;8;0;0;0;258.285714285714
2363;Jumbo;Teisseire;75;27170;2.11;3.21;2.49;3.93;0;8;0;0;0;240.142857142857
2364;Jumbo;Teisseire;76;22562;2.11;3.23;2.51;4.01;97;0;13;0;0;209.428571428571
2365;Jumbo;Teisseire;77;22185;2.11;3.21;2.52;3.96;96;0;33;0;0;196.428571428571
2366;Jumbo;Teisseire;78;23713;2.11;3.3;2.3;3.55;98;0;14;0;0;237.285714285714
2367;Jumbo;Teisseire;79;27154;2.16;3.39;2.26;3.48;98;0;13;0;0;255.714285714286
2368;Jumbo;Teisseire;80;22388;2.11;3.39;2.22;3.51;0;15;0;0;0;236.142857142857
2369;Jumbo;Teisseire;81;28045;2.1;3.36;2.2;3.4;0;34;0;0;0;268
2370;Jumbo;Teisseire;82;33554;2.1;3.35;2.2;3.45;0;16;0;0;0;306.142857142857
2371;Jumbo;Teisseire;83;29709;2.09;3.29;2.19;3.4;98;0;10;0;0;286
2372;Jumbo;Teisseire;84;25445;2.09;3.23;2.19;3.48;98;0;35;0;0;255.571428571429
2373;Jumbo;Teisseire;85;20935;2.11;3.24;2.2;3.49;96;0;16;0;0;233.142857142857
2374;Jumbo;Teisseire;86;15026;2.4;3.84;2.2;3.51;0;0;0;0;0;222.428571428571
2375;Jumbo;Teisseire;87;12017;2.56;4.11;2.23;3.5;0;0;0;0;0;198
2376;Jumbo;Teisseire;88;12851;2.56;4.04;2.43;3.83;0;0;0;0;0;210.857142857143
2377;Jumbo;Teisseire;89;12380;2.55;4.03;2.55;3.91;0;0;0;0;0;206.285714285714
2378;Jumbo;Teisseire;90;13373;2.54;4.03;2.55;3.94;0;0;0;0;0;220.285714285714
2379;Jumbo;Teisseire;91;20347;2.17;3.27;2.54;4.02;95;0;65;0;0;164.285714285714
2380;Jumbo;Teisseire;92;13578;2.4;3.78;2.55;4.04;0;8;0;0;0;177
2381;Jumbo;Teisseire;93;11617;2.54;4.15;2.58;4.05;0;4;0;0;0;209.714285714286
2382;Jumbo;Teisseire;94;11841;2.54;4.13;2.59;4.17;0;3;0;0;0;199
2383;Jumbo;Teisseire;95;12013;2.55;4.08;2.54;4.09;0;0;0;0;0;141.714285714286
2384;Jumbo;Teisseire;96;18141;2.17;3.28;2.55;3.96;94;0;41;0;0;99.7142857142857
2385;Jumbo;Teisseire;97;13405;2.41;3.75;2.55;4;0;5;0;0;0;134.714285714286
2386;Jumbo;Teisseire;98;11333;2.55;4.02;2.56;4.11;0;0;0;0;0;115.857142857143
2387;Jumbo;Teisseire;99;11602;2.57;4.02;2.55;3.96;0;0;0;0;0;55.8571428571429
2388;Jumbo;Teisseire;100;18642;2.2;3.27;2.55;3.96;94;0;42;0;0;82.5714285714286
2389;Jumbo;Teisseire;101;12938;2.43;3.74;2.52;3.83;0;7;0;0;0;114
2390;Jumbo;Teisseire;102;11062;2.58;4.05;2.55;3.97;0;0;0;0;0;51.8571428571429
2391;Jumbo;Teisseire;103;13193;2.6;4.04;2.59;4.09;0;0;0;0;0;87.4285714285714
2392;Jumbo;Teisseire;104;9873;2.6;4.08;2.6;3.98;0;0;0;0;1;73.1428571428571
2393;Jumbo;Teisseire;105;11784;2.6;4.1;2.58;4.04;0;0;0;0;1;81.2857142857143
2394;Jumbo;Teisseire;106;12786;2.6;4.12;2.6;4;0;0;0;0;0;80.2857142857143
2395;Jumbo;Teisseire;107;12966;2.61;4.12;2.6;4.02;0;0;0;0;0;65.2857142857143
2396;Jumbo;Teisseire;108;13277;2.61;4.12;2.63;4.1;0;0;0;0;0;29.8571428571429
2397;Jumbo;Teisseire;109;13437;2.61;4.11;2.61;4.09;0;0;0;0;0;36.7142857142857
2398;Jumbo;Teisseire;110;13455;2.6;4.1;2.62;4.06;0;0;0;0;0;75.4285714285714
2399;Jumbo;Teisseire;111;14498;2.49;3.93;2.6;4.13;0;0;0;0;0;109.142857142857
2400;Jumbo;Teisseire;112;15286;2.56;4.04;2.61;3.95;0;0;0;0;0;124.714285714286
2401;Jumbo;Teisseire;113;16149;2.61;4.14;2.62;4.12;0;0;0;0;0;148.142857142857
2402;Jumbo;Teisseire;114;14611;2.63;4.13;2.62;4.04;0;0;0;0;0;117.428571428571
2403;Jumbo;Teisseire;115;14535;2.64;4.11;2.64;4.12;0;0;0;0;0;105
2404;Jumbo;Teisseire;116;37304;2.14;3.02;2.65;4.1;98;0;65;0;0;121.714285714286
2405;Jumbo;Teisseire;117;19955;2.42;3.61;2.67;4.07;0;5;0;0;0;129.428571428571
2406;Jumbo;Teisseire;118;14962;2.67;4.11;2.67;4.08;0;2;0;0;0;128.857142857143
2407;Jumbo;Teisseire;119;17151;2.64;4.21;2.67;4.2;0;2;0;0;0;137.142857142857
2408;Jumbo;Teisseire;120;19621;2.63;4.21;2.63;4.18;0;0;0;0;1;188.142857142857
2409;Jumbo;Teisseire;121;18073;2.65;4.26;2.66;4.14;0;0;0;0;1;204.285714285714
2410;Jumbo;Teisseire;122;16718;2.71;4.34;2.72;4.4;0;0;0;0;0;131
2411;Jumbo;Teisseire;123;16172;2.69;4.23;2.74;4.41;0;0;0;0;1;137.142857142857
2412;Jumbo;Teisseire;124;17126;2.7;4.27;2.75;4.58;0;0;0;0;0;168.571428571429
2413;Jumbo;Teisseire;125;44755;2.17;3.09;2.75;4.46;100;2;56;0;0;188.142857142857
2414;Jumbo;Teisseire;126;25098;2.45;3.75;2.7;4.32;0;7;0;0;1;201.428571428571
2415;Jumbo;Teisseire;127;19105;2.71;4.27;2.67;4.2;0;2;0;0;0;219
2416;Jumbo;Teisseire;128;18337;2.73;4.28;2.66;4.2;0;0;0;0;1;202.571428571429
2417;Jumbo;Teisseire;129;22726;2.72;4.27;2.69;4.26;0;0;0;0;0;233.857142857143
2418;Jumbo;Teisseire;130;26622;2.72;4.35;2.71;4.32;0;0;0;0;0;273.428571428571
2419;Jumbo;Teisseire;131;19835;2.72;4.39;2.7;4.26;0;0;0;0;0;222.428571428571
2420;Jumbo;Teisseire;132;17173;2.72;4.46;2.71;4.42;0;0;0;0;0;197
2421;Jumbo;Teisseire;133;18063;2.72;4.58;2.72;4.38;0;0;0;0;0;217.571428571429
2422;Jumbo;Teisseire;134;27402;2.77;4.51;2.72;4.39;0;0;0;0;0;315.428571428571
2423;Jumbo;Teisseire;135;18648;2.76;4.48;2.7;4.34;0;0;0;0;0;233.714285714286
2424;Jumbo;Teisseire;136;41035;2.2;3.18;2.77;4.52;99;0;61;0;0;239.285714285714
2425;Jumbo;Teisseire;137;21881;2.48;3.75;2.76;4.46;0;6;0;0;0;206.142857142857
2426;Jumbo;Teisseire;138;17232;2.8;4.51;2.77;4.45;0;2;0;0;0;233.428571428571
2427;Jumbo;Teisseire;139;20995;2.79;4.44;2.79;4.43;0;2;0;0;0;281.142857142857
2428;Jumbo;Teisseire;140;15130;2.8;4.41;2.79;4.36;0;0;0;0;0;190.285714285714
2429;Jumbo;Teisseire;141;14340;2.79;4.41;2.79;4.47;0;0;0;0;0;195.571428571429
2430;Jumbo;Teisseire;142;14323;2.8;4.38;2.8;4.38;0;0;0;0;0;192
2431;Jumbo;Teisseire;143;28510;2.34;3.38;2.78;4.36;99;0;63;0;0;192.428571428571
2432;Jumbo;Teisseire;144;17145;2.58;3.9;2.84;4.38;0;7;0;0;0;157.142857142857
2433;Jumbo;Teisseire;145;13416;2.76;4.29;2.8;4.36;0;2;0;0;0;142.714285714286
2434;Jumbo;Teisseire;146;13950;2.77;4.29;2.79;4.38;0;0;0;0;0;166.857142857143
2435;Jumbo;Teisseire;147;14855;2.77;4.25;2.78;4.36;0;0;0;0;0;164.428571428571
2436;Jumbo;Teisseire;148;15249;2.78;4.23;2.77;4.22;0;0;0;0;0;124.285714285714
2437;Jumbo;Teisseire;149;14811;2.78;4.23;2.77;4.31;0;0;0;0;0;110.428571428571
2438;Jumbo;Teisseire;150;24879;2.42;3.44;2.78;4.24;98;0;43;0;0;74.5714285714286
2439;Jumbo;Teisseire;151;16591;2.65;3.94;2.78;4.23;0;4;0;0;0;78.7142857142857
2440;Jumbo;Teisseire;152;13356;2.8;4.29;2.77;4.1;0;0;0;0;0;103.714285714286
2441;Jumbo;Teisseire;153;13597;2.81;4.28;2.77;4.18;0;0;0;0;0;75.2857142857143
2442;Jumbo;Teisseire;154;13515;2.8;4.27;2.81;4.3;0;0;0;0;0;79.7142857142857
2443;Jumbo;Teisseire;155;14355;2.81;4.27;2.81;4.3;0;0;0;0;0;107.571428571429
2444;Jumbo;Teisseire;156;11799;2.8;4.3;2.81;4.21;0;0;0;0;1;77.5714285714286
2445;Jumbo;Teisseire;157;14157;2.8;4.25;2.81;4.22;0;0;0;0;1;67.5714285714286
2446;Jumbo;Teisseire;158;15325;2.8;4.29;2.8;4.15;0;0;0;0;0;92.7142857142857
2447;Jumbo;Teisseire;159;14624;2.83;4.35;2.8;4.28;0;0;0;0;0;105.571428571429
2448;Jumbo;Teisseire;160;15058;2.84;4.37;2.8;4.29;0;0;0;0;0;52
2449;Jumbo;Teisseire;161;15248;2.84;4.38;2.83;4.31;0;0;0;0;0;98.7142857142857
2450;Jumbo;Teisseire;162;15058;2.84;4.37;2.85;4.34;0;0;0;0;0;93.5714285714286
2451;Jumbo;Teisseire;163;14880;2.83;4.41;2.85;4.33;0;0;0;0;0;98.5714285714286
2452;Jumbo;Teisseire;164;15772;2.82;4.49;2.83;4.41;0;0;0;0;0;108
2453;Jumbo;Teisseire;165;17296;2.84;4.38;2.86;4.43;0;0;0;5.42857142857143;0;93.5714285714286
2454;Jumbo;Teisseire;166;16571;2.83;4.36;2.84;4.3;0;0;0;66.4285714285714;0;88.8571428571429
2455;Jumbo;Teisseire;167;24917;2.85;4.25;2.82;4.23;0;0;0;221.142857142857;0;111.428571428571
2456;Jumbo;Teisseire;168;22084;2.84;4.22;2.84;4.18;0;0;0;623;0;113.428571428571
2457;Jumbo;Teisseire;169;17516;2.85;4.2;2.86;4.26;0;0;0;1028.85714285714;0;117.142857142857
2458;Jumbo;Teisseire;170;15981;2.83;4.22;2.86;4.19;0;0;0;990.714285714286;0;103.571428571429
2459;Jumbo;Teisseire;171;18149;2.82;4.21;2.83;4.25;0;0;0;1086.28571428571;1;209.857142857143
2460;Jumbo;Teisseire;172;17021;2.83;4.21;2.85;4.17;0;0;0;955.571428571429;1;166.285714285714
2461;Jumbo;Teisseire;173;19937;2.82;4.23;2.82;4.11;0;0;0;565.714285714286;0;189
2462;Jumbo;Teisseire;174;17768;2.83;4.24;2.83;4.23;0;0;0;359.571428571429;1;154.857142857143
2463;Jumbo;Teisseire;175;39274;2.4;3.39;2.85;4.25;100;0;0;270.285714285714;1;188.571428571429
2464;Jumbo;Teisseire;176;22423;2.62;3.84;2.83;4.21;0;0;0;176.571428571429;0;147.714285714286
2465;Jumbo;Teisseire;177;18248;2.79;4.25;2.82;4.19;0;0;0;188.714285714286;1;219.142857142857
2466;Jumbo;Teisseire;178;19092;2.79;4.26;2.81;4.19;0;2;0;137.857142857143;0;208.428571428571
2467;Jumbo;Teisseire;179;18517;2.79;4.18;2.81;4.12;0;0;0;193.428571428571;1;207.142857142857
2468;Jumbo;Teisseire;180;20049;2.75;4.18;2.84;4.24;0;0;0;159.571428571429;0;203.285714285714
2469;Jumbo;Teisseire;181;38989;2.41;3.47;2.81;4.15;100;0;39;85.7142857142857;0;226
2470;Jumbo;Teisseire;182;31130;2.66;3.94;2.82;4.16;0;3;0;75.8571428571429;0;267.571428571429
2471;Jumbo;Teisseire;183;18654;2.83;4.29;2.79;4.23;0;0;0;58.7142857142857;0;202.571428571429
2472;Jumbo;Teisseire;184;16547;2.83;4.34;2.81;4.36;0;0;0;72.2857142857143;0;188
2473;Jumbo;Teisseire;185;18092;2.85;4.42;2.81;4.28;0;0;0;141.285714285714;0;215.428571428571
2474;Jumbo;Teisseire;186;17945;2.85;4.44;2.84;4.35;0;0;0;197.142857142857;0;222
2475;Jumbo;Teisseire;187;18534;2.85;4.41;2.87;4.41;0;0;0;394.285714285714;0;242
2476;Jumbo;Teisseire;188;24073;2.84;4.4;2.84;4.34;0;0;0;606.571428571429;0;275.428571428571
2477;Jumbo;Teisseire;189;47564;2.47;3.61;2.86;4.39;100;4;51;556.857142857143;0;315.571428571429
2478;Jumbo;Teisseire;190;26526;2.68;3.99;2.86;4.49;0;0;0;512.714285714286;0;265.571428571429
2479;Jumbo;Teisseire;191;18683;2.83;4.32;2.87;4.32;0;0;0;535.571428571429;0;201.714285714286
2480;Jumbo;Teisseire;192;17786;2.82;4.24;2.86;4.35;0;0;0;832.142857142857;0;195.285714285714
2481;Jumbo;Teisseire;193;17689;2.83;4.25;2.85;4.37;0;1;0;1233.14285714286;0;198.714285714286
2482;Jumbo;Teisseire;194;17271;2.82;4.29;2.84;4.25;0;0;0;2039.57142857143;0;242.142857142857
2483;Jumbo;Teisseire;195;17033;2.82;4.27;2.86;4.41;0;0;0;2892.57142857143;0;201
2484;Jumbo;Teisseire;196;15763;2.84;4.25;2.84;4.32;0;0;0;4163.28571428571;0;162.857142857143
2485;Jumbo;Teisseire;197;15123;2.82;4.2;2.84;4.21;0;0;0;6596.42857142857;0;147.285714285714
2486;Jumbo;Teisseire;198;30026;2.42;3.44;2.83;4.31;100;0;49;8138.71428571429;0;127.857142857143
2487;Jumbo;Teisseire;199;20200;2.64;3.88;2.87;4.22;0;14;0;9551;0;156.428571428571
2488;Jumbo;Teisseire;200;15799;2.81;4.17;2.87;4.16;0;3;0;9076;0;140.714285714286
2489;Jumbo;Teisseire;201;14955;2.82;4.19;2.83;4.15;0;0;0;5899.42857142857;0;143.428571428571
2490;Jumbo;Teisseire;202;15040;2.82;4.21;2.85;4.18;0;0;0;5256.14285714286;0;143.285714285714
2491;Jumbo;Teisseire;203;15320;2.82;4.16;2.83;4.08;0;0;0;5291.57142857143;0;123
2492;Jumbo;Teisseire;204;29580;2.41;3.42;2.85;4.26;100;0;51;4827.28571428571;0;92.1428571428571
2493;Jumbo;Teisseire;205;17612;2.64;3.85;2.83;4.14;0;0;0;6360.14285714286;0;68.7142857142857
2494;Jumbo;Teisseire;206;14279;2.83;4.17;2.83;4.18;0;0;0;8968.71428571429;0;48.2857142857143
2495;Jumbo;Teisseire;207;16669;2.83;4.16;2.83;4.2;0;0;0;11617.8571428571;0;103.428571428571
2496;Jumbo;Teisseire;208;13502;2.83;4.15;2.82;4.16;0;0;0;9461.28571428571;1;100
2497;Plus;PrivateLabel;1;16921;1.66;2.03;1.65;2.02;0;5;0;0;1;42.1428571428571
2498;Plus;PrivateLabel;2;17397;1.65;2.02;1.64;2;0;2;0;0;0;66.8571428571429
2499;Plus;PrivateLabel;3;17465;1.62;1.97;1.61;1.96;0;2;0;0;0;26.5714285714286
2500;Plus;PrivateLabel;4;13743;1.42;1.69;1.55;1.87;0;5;0;0;0;33.2857142857143
2501;Plus;PrivateLabel;5;19773;1.57;1.93;1.6;1.94;0;3;0;0;0;81.4285714285714
2502;Plus;PrivateLabel;6;75207;1.38;1.81;1.7;2.07;89;0;100;0;0;25.4285714285714
2503;Plus;PrivateLabel;7;17139;1.58;1.92;1.66;2.01;0;18;0;0;0;87.5714285714286
2504;Plus;PrivateLabel;8;18223;1.56;1.89;1.59;1.94;0;5;0;0;0;100.142857142857
2505;Plus;PrivateLabel;9;17190;1.6;1.95;1.68;2.04;0;15;0;0;0;96.1428571428571
2506;Plus;PrivateLabel;10;17182;1.59;1.94;1.64;1.99;0;0;0;0;0;110.142857142857
2507;Plus;PrivateLabel;11;14253;1.37;1.63;1.52;1.82;0;0;0;0;0;138.714285714286
2508;Plus;PrivateLabel;12;17427;1.56;1.89;1.53;1.85;0;0;0;0;0;127
2509;Plus;PrivateLabel;13;18662;1.59;1.94;1.54;1.86;0;0;0;0;0;175
2510;Plus;PrivateLabel;14;18210;1.62;1.98;1.56;1.9;0;0;0;0;0;145.142857142857
2511;Plus;PrivateLabel;15;15381;1.66;2.02;1.58;1.9;0;0;0;0;1;143.714285714286
2512;Plus;PrivateLabel;16;17222;1.62;1.97;1.63;1.97;0;0;0;0;1;114.571428571429
2513;Plus;PrivateLabel;17;20635;1.61;2;1.63;2;0;0;0;0;1;116.142857142857
2514;Plus;PrivateLabel;18;56848;1.46;1.9;1.71;2.11;50;2;98;0;1;151
2515;Plus;PrivateLabel;19;18077;1.55;1.88;1.61;1.96;0;4;0;0;0;177.428571428571
2516;Plus;PrivateLabel;20;17004;1.4;1.66;1.57;1.89;0;0;0;0;0;215.428571428571
2517;Plus;PrivateLabel;21;22838;1.56;1.89;1.56;1.88;0;0;0;0;1;242.285714285714
2518;Plus;PrivateLabel;22;23999;1.56;1.89;1.56;1.87;0;3;0;0;0;246.142857142857
2519;Plus;PrivateLabel;23;18927;1.57;1.9;1.61;1.94;0;2;0;0;1;205.571428571429
2520;Plus;PrivateLabel;24;16383;1.63;1.96;1.58;1.9;0;9;0;0;0;225.285714285714
2521;Plus;PrivateLabel;25;24593;1.59;1.94;1.57;1.9;0;3;0;0;0;267.285714285714
2522;Plus;PrivateLabel;26;18876;1.59;1.93;1.62;1.97;0;6;0;0;0;209.714285714286
2523;Plus;PrivateLabel;27;21502;1.56;1.89;1.6;1.94;0;7;0;0;0;238
2524;Plus;PrivateLabel;28;15247;1.4;1.66;1.5;1.8;0;10;0;0;0;212.285714285714
2525;Plus;PrivateLabel;29;18710;1.52;1.83;1.52;1.82;0;6;0;0;0;244.142857142857
2526;Plus;PrivateLabel;30;14804;1.56;1.88;1.54;1.86;0;0;0;0;0;208.285714285714
2527;Plus;PrivateLabel;31;15209;1.54;1.85;1.51;1.82;0;0;0;0;0;221.571428571429
2528;Plus;PrivateLabel;32;18208;1.64;2.06;1.61;2.01;0;0;0;0;0;210.857142857143
2529;Plus;PrivateLabel;33;19678;1.63;2.03;1.62;2.02;0;0;0;0;0;214.714285714286
2530;Plus;PrivateLabel;34;21940;1.63;2.03;1.62;2.02;0;0;0;0;0;228.142857142857
2531;Plus;PrivateLabel;35;19967;1.54;1.92;1.59;1.98;0;0;0;0;0;230.571428571429
2532;Plus;PrivateLabel;36;20261;1.62;2.03;1.61;2.01;0;0;0;0;0;190.857142857143
2533;Plus;PrivateLabel;37;20253;1.63;2.05;1.61;2.01;0;6;0;0;0;163.857142857143
2534;Plus;PrivateLabel;38;20616;1.65;2.08;1.6;2;0;0;0;0;0;177.714285714286
2535;Plus;PrivateLabel;39;20929;1.68;2.13;1.66;2.09;0;0;0;0;0;192.714285714286
2536;Plus;PrivateLabel;40;24134;1.55;2.08;1.62;2.02;35;0;65;0;0;160.285714285714
2537;Plus;PrivateLabel;41;18573;1.64;2.07;1.64;2.07;0;1;0;0;0;163.142857142857
2538;Plus;PrivateLabel;42;19278;1.64;2.05;1.64;2.05;0;0;0;0;0;194.714285714286
2539;Plus;PrivateLabel;43;20576;1.68;2.13;1.67;2.09;0;0;0;0;0;156.857142857143
2540;Plus;PrivateLabel;44;22158;1.77;2.26;1.72;2.19;0;3;0;0;0;130.714285714286
2541;Plus;PrivateLabel;45;16413;1.55;1.93;1.59;1.97;0;0;0;0;0;102.142857142857
2542;Plus;PrivateLabel;46;18409;1.61;2.03;1.61;2.02;0;0;0;0;0;96.2857142857143
2543;Plus;PrivateLabel;47;20322;1.65;2.09;1.67;2.09;0;0;0;0;0;112
2544;Plus;PrivateLabel;48;19725;1.66;2.09;1.64;2.06;0;0;0;0;0;53.1428571428571
2545;Plus;PrivateLabel;49;18549;1.65;2.07;1.61;2.03;0;0;0;0;0;74.1428571428571
2546;Plus;PrivateLabel;50;17180;1.54;1.92;1.64;2.05;0;0;0;0;0;45.8571428571429
2547;Plus;PrivateLabel;51;21229;1.66;2.09;1.65;2.08;0;0;0;0;0;84
2548;Plus;PrivateLabel;52;14089;1.71;2.19;1.65;2.09;0;0;0;0;1;81.2857142857143
2549;Plus;PrivateLabel;53;15796;1.66;2.12;1.63;2.06;0;0;0;0;1;98.2857142857143
2550;Plus;PrivateLabel;54;16638;1.52;1.93;1.6;2.03;0;0;0;0;0;57.7142857142857
2551;Plus;PrivateLabel;55;17525;1.61;2.06;1.57;1.99;0;0;0;0;0;66.8571428571429
2552;Plus;PrivateLabel;56;19176;1.65;2.11;1.61;2.05;0;0;0;0;0;94.1428571428571
2553;Plus;PrivateLabel;57;19478;1.68;2.14;1.64;2.08;0;0;0;0;0;79.8571428571429
2554;Plus;PrivateLabel;58;20412;1.67;2.11;1.62;2.04;0;0;0;0;0;35.4285714285714
2555;Plus;PrivateLabel;59;20637;1.7;2.16;1.66;2.1;0;0;0;0;0;73.7142857142857
2556;Plus;PrivateLabel;60;21337;1.7;2.17;1.7;2.16;0;0;0;0;0;45.4285714285714
2557;Plus;PrivateLabel;61;19883;1.7;2.16;1.7;2.16;0;0;0;0;0;-4.71428571428571
2558;Plus;PrivateLabel;62;20533;1.68;2.14;1.68;2.13;0;0;0;0;0;108.571428571429
2559;Plus;PrivateLabel;63;18803;1.55;1.96;1.67;2.12;0;2;0;0;0;93
2560;Plus;PrivateLabel;64;19719;1.63;2.07;1.62;2.04;0;0;0;0;0;73.5714285714286
2561;Plus;PrivateLabel;65;19979;1.68;2.14;1.64;2.07;0;0;0;0;1;111
2562;Plus;PrivateLabel;66;19418;1.68;2.13;1.62;2.05;0;0;0;0;1;139.571428571429
2563;Plus;PrivateLabel;67;20719;1.68;2.13;1.65;2.09;0;0;0;0;0;176.428571428571
2564;Plus;PrivateLabel;68;25751;1.65;2.07;1.64;2.07;0;0;0;0;0;218.714285714286
2565;Plus;PrivateLabel;69;18541;1.57;1.97;1.63;2.05;0;0;0;0;1;166.428571428571
2566;Plus;PrivateLabel;70;19942;1.65;2.08;1.62;2.03;0;0;0;0;1;158.857142857143
2567;Plus;PrivateLabel;71;24085;1.65;2.08;1.61;2.02;0;0;0;0;1;231.142857142857
2568;Plus;PrivateLabel;72;23815;1.63;2.06;1.65;2.08;0;0;0;0;0;187.714285714286
2569;Plus;PrivateLabel;73;26902;1.66;2.1;1.65;2.09;0;0;0;0;1;253
2570;Plus;PrivateLabel;74;28562;1.65;2.07;1.7;2.14;0;2;0;0;0;258.285714285714
2571;Plus;PrivateLabel;75;20945;1.72;2.18;1.64;2.06;0;0;0;0;0;240.142857142857
2572;Plus;PrivateLabel;76;21788;1.64;2.07;1.62;2.04;0;0;0;0;0;209.428571428571
2573;Plus;PrivateLabel;77;20299;1.53;1.92;1.6;2;0;0;0;0;0;196.428571428571
2574;Plus;PrivateLabel;78;24788;1.61;2.02;1.6;2;0;3;0;0;0;237.285714285714
2575;Plus;PrivateLabel;79;32777;1.58;2;1.61;2.02;0;2;0;0;0;255.714285714286
2576;Plus;PrivateLabel;80;63812;1.48;1.93;1.69;2.14;79;46;75;0;0;236.142857142857
2577;Plus;PrivateLabel;81;27747;1.57;1.97;1.62;2.01;0;12;0;0;0;268
2578;Plus;PrivateLabel;82;31127;1.62;2.04;1.63;2.05;0;9;0;0;0;306.142857142857
2579;Plus;PrivateLabel;83;29540;1.61;2.01;1.62;2.02;0;6;0;0;0;286
2580;Plus;PrivateLabel;84;25476;1.56;1.95;1.6;1.99;0;2;0;0;0;255.571428571429
2581;Plus;PrivateLabel;85;22364;1.56;1.96;1.54;1.9;0;2;0;0;0;233.142857142857
2582;Plus;PrivateLabel;86;22438;1.6;2.02;1.57;1.96;0;2;0;0;0;222.428571428571
2583;Plus;PrivateLabel;87;16883;1.67;2.12;1.59;1.99;0;2;0;0;0;198
2584;Plus;PrivateLabel;88;18139;1.5;1.89;1.53;1.9;0;4;0;0;0;210.857142857143
2585;Plus;PrivateLabel;89;20272;1.54;1.94;1.54;1.91;0;3;0;0;0;206.285714285714
2586;Plus;PrivateLabel;90;22035;1.55;1.95;1.54;1.91;0;0;0;0;0;220.285714285714
2587;Plus;PrivateLabel;91;19368;1.62;2.06;1.56;1.95;0;4;0;0;0;164.285714285714
2588;Plus;PrivateLabel;92;19227;1.61;2.04;1.55;1.96;0;3;0;0;0;177
2589;Plus;PrivateLabel;93;18237;1.48;1.87;1.55;1.97;0;3;0;0;0;209.714285714286
2590;Plus;PrivateLabel;94;19334;1.56;1.98;1.55;1.96;0;0;0;0;0;199
2591;Plus;PrivateLabel;95;19670;1.54;1.94;1.5;1.89;0;2;0;0;0;141.714285714286
2592;Plus;PrivateLabel;96;23401;1.55;1.97;1.53;1.93;0;0;0;0;0;99.7142857142857
2593;Plus;PrivateLabel;97;28593;1.61;2.04;1.6;2.03;0;0;0;0;0;134.714285714286
2594;Plus;PrivateLabel;98;25564;1.51;1.91;1.54;1.94;0;0;0;0;0;115.857142857143
2595;Plus;PrivateLabel;99;25298;1.49;1.89;1.53;1.92;0;2;0;0;0;55.8571428571429
2596;Plus;PrivateLabel;100;24529;1.53;1.95;1.54;1.94;0;0;0;0;0;82.5714285714286
2597;Plus;PrivateLabel;101;19457;1.54;1.94;1.58;2.01;0;0;0;0;0;114
2598;Plus;PrivateLabel;102;18330;1.47;1.85;1.5;1.89;0;0;0;0;0;51.8571428571429
2599;Plus;PrivateLabel;103;21140;1.53;1.93;1.5;1.89;0;0;0;0;0;87.4285714285714
2600;Plus;PrivateLabel;104;14765;1.61;2.06;1.53;1.93;0;0;0;0;1;73.1428571428571
2601;Plus;PrivateLabel;105;16724;1.62;2.06;1.55;1.95;0;0;0;0;1;81.2857142857143
2602;Plus;PrivateLabel;106;16787;1.54;1.94;1.54;1.95;0;0;0;0;0;80.2857142857143
2603;Plus;PrivateLabel;107;18088;1.6;2.02;1.55;1.96;0;2;0;0;0;65.2857142857143
2604;Plus;PrivateLabel;108;19215;1.63;2.07;1.57;1.98;0;4;0;0;0;29.8571428571429
2605;Plus;PrivateLabel;109;19619;1.63;2.06;1.58;2;0;0;0;0;0;36.7142857142857
2606;Plus;PrivateLabel;110;18667;1.53;1.94;1.65;2.1;0;0;0;0;0;75.4285714285714
2607;Plus;PrivateLabel;111;18432;1.5;1.89;1.6;2.03;0;0;0;0;0;109.142857142857
2608;Plus;PrivateLabel;112;19087;1.54;1.94;1.58;1.98;0;0;0;0;0;124.714285714286
2609;Plus;PrivateLabel;113;20197;1.53;1.92;1.57;1.97;0;0;0;0;0;148.142857142857
2610;Plus;PrivateLabel;114;19959;1.52;1.93;1.53;1.93;0;0;0;0;0;117.428571428571
2611;Plus;PrivateLabel;115;18731;1.47;1.84;1.5;1.89;0;0;0;0;0;105
2612;Plus;PrivateLabel;116;20276;1.49;1.89;1.48;1.87;0;0;0;0;0;121.714285714286
2613;Plus;PrivateLabel;117;20605;1.51;1.91;1.52;1.91;0;0;0;0;0;129.428571428571
2614;Plus;PrivateLabel;118;19184;1.53;1.94;1.5;1.9;0;0;0;0;0;128.857142857143
2615;Plus;PrivateLabel;119;20969;1.51;1.9;1.48;1.85;0;4;0;0;0;137.142857142857
2616;Plus;PrivateLabel;120;21824;1.46;1.83;1.51;1.9;0;0;0;0;1;188.142857142857
2617;Plus;PrivateLabel;121;21073;1.48;1.86;1.48;1.86;0;0;0;0;1;204.285714285714
2618;Plus;PrivateLabel;122;19743;1.5;1.89;1.49;1.88;0;0;0;0;0;131
2619;Plus;PrivateLabel;123;20729;1.49;1.87;1.47;1.86;0;0;0;0;1;137.142857142857
2620;Plus;PrivateLabel;124;21043;1.47;1.85;1.47;1.84;0;4;0;0;0;168.571428571429
2621;Plus;PrivateLabel;125;21585;1.49;1.87;1.47;1.86;0;4;0;0;0;188.142857142857
2622;Plus;PrivateLabel;126;22035;1.51;1.9;1.49;1.87;0;0;0;0;1;201.428571428571
2623;Plus;PrivateLabel;127;21878;1.45;1.82;1.46;1.83;0;3;0;0;0;219
2624;Plus;PrivateLabel;128;19626;1.52;1.91;1.46;1.83;0;0;0;0;1;202.571428571429
2625;Plus;PrivateLabel;129;24859;1.53;1.91;1.52;1.9;0;0;0;0;0;233.857142857143
2626;Plus;PrivateLabel;130;29684;1.52;1.89;1.5;1.86;0;0;0;0;0;273.428571428571
2627;Plus;PrivateLabel;131;21223;1.42;1.76;1.46;1.81;0;0;0;0;0;222.428571428571
2628;Plus;PrivateLabel;132;19826;1.48;1.85;1.46;1.81;0;0;0;0;0;197
2629;Plus;PrivateLabel;133;19867;1.48;1.85;1.48;1.85;0;0;0;0;0;217.571428571429
2630;Plus;PrivateLabel;134;30130;1.52;1.89;1.49;1.85;0;2;0;0;0;315.428571428571
2631;Plus;PrivateLabel;135;19022;1.52;1.89;1.49;1.85;0;0;0;0;0;233.714285714286
2632;Plus;PrivateLabel;136;20050;1.49;1.86;1.46;1.82;0;0;0;0;0;239.285714285714
2633;Plus;PrivateLabel;137;18065;1.45;1.8;1.48;1.83;0;0;0;0;0;206.142857142857
2634;Plus;PrivateLabel;138;20918;1.47;1.83;1.48;1.83;0;0;0;0;0;233.428571428571
2635;Plus;PrivateLabel;139;25558;1.51;1.88;1.48;1.83;0;0;0;0;0;281.142857142857
2636;Plus;PrivateLabel;140;20496;1.52;1.91;1.5;1.87;0;0;0;0;0;190.285714285714
2637;Plus;PrivateLabel;141;19490;1.5;1.87;1.49;1.87;0;0;0;0;0;195.571428571429
2638;Plus;PrivateLabel;142;16124;1.41;1.73;1.46;1.82;0;0;0;0;0;192
2639;Plus;PrivateLabel;143;18038;1.47;1.84;1.46;1.8;0;0;0;0;0;192.428571428571
2640;Plus;PrivateLabel;144;14408;1.57;1.98;1.53;1.93;0;0;0;0;0;157.142857142857
2641;Plus;PrivateLabel;145;16511;1.58;1.99;1.51;1.87;0;0;0;0;0;142.714285714286
2642;Plus;PrivateLabel;146;17148;1.57;1.98;1.57;1.97;0;0;0;0;0;166.857142857143
2643;Plus;PrivateLabel;147;18527;1.55;1.95;1.58;1.99;0;0;0;0;0;164.428571428571
2644;Plus;PrivateLabel;148;19201;1.56;1.96;1.59;2.02;0;0;0;0;0;124.285714285714
2645;Plus;PrivateLabel;149;20303;1.61;2.04;1.58;1.99;0;0;0;0;0;110.428571428571
2646;Plus;PrivateLabel;150;18051;1.53;1.92;1.54;1.93;0;0;0;0;0;74.5714285714286
2647;Plus;PrivateLabel;151;19711;1.53;1.92;1.54;1.93;0;0;0;0;0;78.7142857142857
2648;Plus;PrivateLabel;152;19606;1.55;1.95;1.52;1.91;0;0;0;0;0;103.714285714286
2649;Plus;PrivateLabel;153;19427;1.55;1.94;1.55;1.94;0;0;0;0;0;75.2857142857143
2650;Plus;PrivateLabel;154;18286;1.49;1.85;1.52;1.9;0;0;0;0;0;79.7142857142857
2651;Plus;PrivateLabel;155;20136;1.53;1.92;1.52;1.9;0;0;0;0;0;107.571428571429
2652;Plus;PrivateLabel;156;14688;1.61;2.04;1.54;1.95;0;0;0;0;1;77.5714285714286
2653;Plus;PrivateLabel;157;17458;1.6;2.02;1.53;1.92;0;0;0;0;1;67.5714285714286
2654;Plus;PrivateLabel;158;19066;1.56;1.97;1.58;2.01;0;0;0;0;0;92.7142857142857
2655;Plus;PrivateLabel;159;18869;1.56;1.96;1.58;1.98;0;0;0;0;0;105.571428571429
2656;Plus;PrivateLabel;160;19641;1.57;1.99;1.55;1.95;0;2;0;0;0;52
2657;Plus;PrivateLabel;161;19514;1.59;2.01;1.57;1.99;0;2;0;0;0;98.7142857142857
2658;Plus;PrivateLabel;162;17654;1.54;1.93;1.55;1.94;0;0;0;0;0;93.5714285714286
2659;Plus;PrivateLabel;163;16457;1.55;1.95;1.54;1.94;0;0;0;0;0;98.5714285714286
2660;Plus;PrivateLabel;164;17855;1.54;1.92;1.53;1.91;0;0;0;0;0;108
2661;Plus;PrivateLabel;165;19590;1.57;1.98;1.55;1.93;0;0;0;5.42857142857143;0;93.5714285714286
2662;Plus;PrivateLabel;166;19707;1.58;1.99;1.58;1.97;0;0;0;66.4285714285714;0;88.8571428571429
2663;Plus;PrivateLabel;167;30739;1.59;2;1.58;1.97;0;4;0;221.142857142857;0;111.428571428571
2664;Plus;PrivateLabel;168;26423;1.56;1.94;1.56;1.94;0;0;0;623;0;113.428571428571
2665;Plus;PrivateLabel;169;20642;1.59;2;1.61;2.01;0;0;0;1028.85714285714;0;117.142857142857
2666;Plus;PrivateLabel;170;19176;1.59;1.99;1.61;2;0;0;0;990.714285714286;0;103.571428571429
2667;Plus;PrivateLabel;171;21931;1.63;2.04;1.62;2.01;0;0;0;1086.28571428571;1;209.857142857143
2668;Plus;PrivateLabel;172;21049;1.59;1.99;1.59;1.98;0;0;0;955.571428571429;1;166.285714285714
2669;Plus;PrivateLabel;173;21404;1.54;1.92;1.62;2.03;0;0;0;565.714285714286;0;189
2670;Plus;PrivateLabel;174;18404;1.58;1.97;1.57;1.95;0;0;0;359.571428571429;1;154.857142857143
2671;Plus;PrivateLabel;175;20619;1.6;2;1.61;2.01;0;0;0;270.285714285714;1;188.571428571429
2672;Plus;PrivateLabel;176;20453;1.59;1.99;1.58;1.97;0;0;0;176.571428571429;0;147.714285714286
2673;Plus;PrivateLabel;177;22400;1.6;2.01;1.61;2.02;0;0;0;188.714285714286;1;219.142857142857
2674;Plus;PrivateLabel;178;19582;1.54;1.93;1.6;2.01;0;0;0;137.857142857143;0;208.428571428571
2675;Plus;PrivateLabel;179;20290;1.59;2;1.59;2;0;0;0;193.428571428571;1;207.142857142857
2676;Plus;PrivateLabel;180;19655;1.58;1.99;1.6;2.02;0;0;0;159.571428571429;0;203.285714285714
2677;Plus;PrivateLabel;181;21532;1.59;2.01;1.55;1.94;0;0;0;85.7142857142857;0;226
2678;Plus;PrivateLabel;182;26400;1.6;2.02;1.6;2.02;0;0;0;75.8571428571429;0;267.571428571429
2679;Plus;PrivateLabel;183;19997;1.54;1.93;1.61;2.04;0;0;0;58.7142857142857;0;202.571428571429
2680;Plus;PrivateLabel;184;19152;1.56;1.96;1.58;1.98;0;0;0;72.2857142857143;0;188
2681;Plus;PrivateLabel;185;18913;1.59;2;1.55;1.94;0;0;0;141.285714285714;0;215.428571428571
2682;Plus;PrivateLabel;186;16329;1.63;2.05;1.59;2.01;0;0;0;197.142857142857;0;222
2683;Plus;PrivateLabel;187;17378;1.58;1.99;1.57;1.97;0;0;0;394.285714285714;0;242
2684;Plus;PrivateLabel;188;22802;1.57;1.96;1.56;1.96;0;0;0;606.571428571429;0;275.428571428571
2685;Plus;PrivateLabel;189;28445;1.56;1.95;1.55;1.94;0;0;0;556.857142857143;0;315.571428571429
2686;Plus;PrivateLabel;190;24327;1.54;1.93;1.57;1.96;0;5;0;512.714285714286;0;265.571428571429
2687;Plus;PrivateLabel;191;18963;1.52;1.9;1.54;1.92;0;0;0;535.571428571429;0;201.714285714286
2688;Plus;PrivateLabel;192;18293;1.56;1.96;1.56;1.95;0;0;0;832.142857142857;0;195.285714285714
2689;Plus;PrivateLabel;193;18966;1.57;1.96;1.56;1.94;0;0;0;1233.14285714286;0;198.714285714286
2690;Plus;PrivateLabel;194;20100;1.56;1.94;1.53;1.92;0;0;0;2039.57142857143;0;242.142857142857
2691;Plus;PrivateLabel;195;19979;1.57;1.97;1.55;1.93;0;0;0;2892.57142857143;0;201
2692;Plus;PrivateLabel;196;18005;1.59;2;1.54;1.92;0;0;0;4163.28571428571;0;162.857142857143
2693;Plus;PrivateLabel;197;16123;1.6;2.01;1.57;1.95;0;0;0;6596.42857142857;0;147.285714285714
2694;Plus;PrivateLabel;198;15591;1.58;1.97;1.59;1.99;0;0;0;8138.71428571429;0;127.857142857143
2695;Plus;PrivateLabel;199;16276;1.59;1.99;1.6;2.02;0;0;0;9551;0;156.428571428571
2696;Plus;PrivateLabel;200;16865;1.59;2;1.57;1.97;0;0;0;9076;0;140.714285714286
2697;Plus;PrivateLabel;201;17547;1.58;1.99;1.59;1.99;0;0;0;5899.42857142857;0;143.428571428571
2698;Plus;PrivateLabel;202;15281;1.61;2.06;1.62;2.07;0;0;0;5256.14285714286;0;143.285714285714
2699;Plus;PrivateLabel;203;14591;1.69;2.22;1.68;2.19;0;0;0;5291.57142857143;0;123
2700;Plus;PrivateLabel;204;14639;1.71;2.26;1.67;2.18;0;0;0;4827.28571428571;0;92.1428571428571
2701;Plus;PrivateLabel;205;13876;1.71;2.27;1.75;2.33;0;0;0;6360.14285714286;0;68.7142857142857
2702;Plus;PrivateLabel;206;12627;1.71;2.29;1.74;2.32;0;0;0;8968.71428571429;0;48.2857142857143
2703;Plus;PrivateLabel;207;14382;1.75;2.35;1.7;2.26;0;0;0;11617.8571428571;0;103.428571428571
2704;Plus;PrivateLabel;208;10877;1.82;2.48;1.75;2.35;0;0;0;9461.28571428571;1;100
2705;Plus;EuroShopper;1;0;0;0;0;0;0;0;0;0;1;42.1428571428571
2706;Plus;EuroShopper;2;0;0;0;0;0;0;0;0;0;0;66.8571428571429
2707;Plus;EuroShopper;3;0;0;0;0;0;0;0;0;0;0;26.5714285714286
2708;Plus;EuroShopper;4;0;0;0;0;0;0;0;0;0;0;33.2857142857143
2709;Plus;EuroShopper;5;0;0;0;0;0;0;0;0;0;0;81.4285714285714
2710;Plus;EuroShopper;6;0;0;0;0;0;0;0;0;0;0;25.4285714285714
2711;Plus;EuroShopper;7;0;0;0;0;0;0;0;0;0;0;87.5714285714286
2712;Plus;EuroShopper;8;0;0;0;0;0;0;0;0;0;0;100.142857142857
2713;Plus;EuroShopper;9;0;0;0;0;0;0;0;0;0;0;96.1428571428571
2714;Plus;EuroShopper;10;0;0;0;0;0;0;0;0;0;0;110.142857142857
2715;Plus;EuroShopper;11;0;0;0;0;0;0;0;0;0;0;138.714285714286
2716;Plus;EuroShopper;12;0;0;0;0;0;0;0;0;0;0;127
2717;Plus;EuroShopper;13;0;0;0;0;0;0;0;0;0;0;175
2718;Plus;EuroShopper;14;0;0;0;0;0;0;0;0;0;0;145.142857142857
2719;Plus;EuroShopper;15;0;0;0;0;0;0;0;0;0;1;143.714285714286
2720;Plus;EuroShopper;16;0;0;0;0;0;0;0;0;0;1;114.571428571429
2721;Plus;EuroShopper;17;0;0;0;0;0;0;0;0;0;1;116.142857142857
2722;Plus;EuroShopper;18;0;0;0;0;0;0;0;0;0;1;151
2723;Plus;EuroShopper;19;0;0;0;0;0;0;0;0;0;0;177.428571428571
2724;Plus;EuroShopper;20;0;0;0;0;0;0;0;0;0;0;215.428571428571
2725;Plus;EuroShopper;21;0;0;0;0;0;0;0;0;0;1;242.285714285714
2726;Plus;EuroShopper;22;0;0;0;0;0;0;0;0;0;0;246.142857142857
2727;Plus;EuroShopper;23;0;0;0;0;0;0;0;0;0;1;205.571428571429
2728;Plus;EuroShopper;24;0;0;0;0;0;0;0;0;0;0;225.285714285714
2729;Plus;EuroShopper;25;0;0;0;0;0;0;0;0;0;0;267.285714285714
2730;Plus;EuroShopper;26;0;0;0;0;0;0;0;0;0;0;209.714285714286
2731;Plus;EuroShopper;27;0;0;0;0;0;0;0;0;0;0;238
2732;Plus;EuroShopper;28;0;0;0;0;0;0;0;0;0;0;212.285714285714
2733;Plus;EuroShopper;29;0;0;0;0;0;0;0;0;0;0;244.142857142857
2734;Plus;EuroShopper;30;0;0;0;0;0;0;0;0;0;0;208.285714285714
2735;Plus;EuroShopper;31;0;0;0;0;0;0;0;0;0;0;221.571428571429
2736;Plus;EuroShopper;32;0;0;0;0;0;0;0;0;0;0;210.857142857143
2737;Plus;EuroShopper;33;0;0;0;0;0;0;0;0;0;0;214.714285714286
2738;Plus;EuroShopper;34;0;0;0;0;0;0;0;0;0;0;228.142857142857
2739;Plus;EuroShopper;35;0;0;0;0;0;0;0;0;0;0;230.571428571429
2740;Plus;EuroShopper;36;0;0;0;0;0;0;0;0;0;0;190.857142857143
2741;Plus;EuroShopper;37;0;0;0;0;0;0;0;0;0;0;163.857142857143
2742;Plus;EuroShopper;38;0;0;0;0;0;0;0;0;0;0;177.714285714286
2743;Plus;EuroShopper;39;0;0;0;0;0;0;0;0;0;0;192.714285714286
2744;Plus;EuroShopper;40;0;0;0;0;0;0;0;0;0;0;160.285714285714
2745;Plus;EuroShopper;41;0;0;0;0;0;0;0;0;0;0;163.142857142857
2746;Plus;EuroShopper;42;0;0;0;0;0;0;0;0;0;0;194.714285714286
2747;Plus;EuroShopper;43;0;0;0;0;0;0;0;0;0;0;156.857142857143
2748;Plus;EuroShopper;44;0;0;0;0;0;0;0;0;0;0;130.714285714286
2749;Plus;EuroShopper;45;0;0;0;0;0;0;0;0;0;0;102.142857142857
2750;Plus;EuroShopper;46;0;0;0;0;0;0;0;0;0;0;96.2857142857143
2751;Plus;EuroShopper;47;0;0;0;0;0;0;0;0;0;0;112
2752;Plus;EuroShopper;48;0;0;0;0;0;0;0;0;0;0;53.1428571428571
2753;Plus;EuroShopper;49;0;0;0;0;0;0;0;0;0;0;74.1428571428571
2754;Plus;EuroShopper;50;0;0;0;0;0;0;0;0;0;0;45.8571428571429
2755;Plus;EuroShopper;51;0;0;0;0;0;0;0;0;0;0;84
2756;Plus;EuroShopper;52;0;0;0;0;0;0;0;0;0;1;81.2857142857143
2757;Plus;EuroShopper;53;0;0;0;0;0;0;0;0;0;1;98.2857142857143
2758;Plus;EuroShopper;54;0;0;0;0;0;0;0;0;0;0;57.7142857142857
2759;Plus;EuroShopper;55;0;0;0;0;0;0;0;0;0;0;66.8571428571429
2760;Plus;EuroShopper;56;0;0;0;0;0;0;0;0;0;0;94.1428571428571
2761;Plus;EuroShopper;57;0;0;0;0;0;0;0;0;0;0;79.8571428571429
2762;Plus;EuroShopper;58;0;0;0;0;0;0;0;0;0;0;35.4285714285714
2763;Plus;EuroShopper;59;0;0;0;0;0;0;0;0;0;0;73.7142857142857
2764;Plus;EuroShopper;60;0;0;0;0;0;0;0;0;0;0;45.4285714285714
2765;Plus;EuroShopper;61;0;0;0;0;0;0;0;0;0;0;-4.71428571428571
2766;Plus;EuroShopper;62;0;0;0;0;0;0;0;0;0;0;108.571428571429
2767;Plus;EuroShopper;63;0;0;0;0;0;0;0;0;0;0;93
2768;Plus;EuroShopper;64;0;0;0;0;0;0;0;0;0;0;73.5714285714286
2769;Plus;EuroShopper;65;0;0;0;0;0;0;0;0;0;1;111
2770;Plus;EuroShopper;66;0;0;0;0;0;0;0;0;0;1;139.571428571429
2771;Plus;EuroShopper;67;0;0;0;0;0;0;0;0;0;0;176.428571428571
2772;Plus;EuroShopper;68;0;0;0;0;0;0;0;0;0;0;218.714285714286
2773;Plus;EuroShopper;69;0;0;0;0;0;0;0;0;0;1;166.428571428571
2774;Plus;EuroShopper;70;0;0;0;0;0;0;0;0;0;1;158.857142857143
2775;Plus;EuroShopper;71;0;0;0;0;0;0;0;0;0;1;231.142857142857
2776;Plus;EuroShopper;72;0;0;0;0;0;0;0;0;0;0;187.714285714286
2777;Plus;EuroShopper;73;0;0;0;0;0;0;0;0;0;1;253
2778;Plus;EuroShopper;74;0;0;0;0;0;0;0;0;0;0;258.285714285714
2779;Plus;EuroShopper;75;0;0;0;0;0;0;0;0;0;0;240.142857142857
2780;Plus;EuroShopper;76;0;0;0;0;0;0;0;0;0;0;209.428571428571
2781;Plus;EuroShopper;77;0;0;0;0;0;0;0;0;0;0;196.428571428571
2782;Plus;EuroShopper;78;0;0;0;0;0;0;0;0;0;0;237.285714285714
2783;Plus;EuroShopper;79;0;0;0;0;0;0;0;0;0;0;255.714285714286
2784;Plus;EuroShopper;80;0;0;0;0;0;0;0;0;0;0;236.142857142857
2785;Plus;EuroShopper;81;0;0;0;0;0;0;0;0;0;0;268
2786;Plus;EuroShopper;82;0;0;0;0;0;0;0;0;0;0;306.142857142857
2787;Plus;EuroShopper;83;0;0;0;0;0;0;0;0;0;0;286
2788;Plus;EuroShopper;84;0;0;0;0;0;0;0;0;0;0;255.571428571429
2789;Plus;EuroShopper;85;0;0;0;0;0;0;0;0;0;0;233.142857142857
2790;Plus;EuroShopper;86;0;0;0;0;0;0;0;0;0;0;222.428571428571
2791;Plus;EuroShopper;87;0;0;0;0;0;0;0;0;0;0;198
2792;Plus;EuroShopper;88;0;0;0;0;0;0;0;0;0;0;210.857142857143
2793;Plus;EuroShopper;89;0;0;0;0;0;0;0;0;0;0;206.285714285714
2794;Plus;EuroShopper;90;0;0;0;0;0;0;0;0;0;0;220.285714285714
2795;Plus;EuroShopper;91;0;0;0;0;0;0;0;0;0;0;164.285714285714
2796;Plus;EuroShopper;92;0;0;0;0;0;0;0;0;0;0;177
2797;Plus;EuroShopper;93;0;0;0;0;0;0;0;0;0;0;209.714285714286
2798;Plus;EuroShopper;94;0;0;0;0;0;0;0;0;0;0;199
2799;Plus;EuroShopper;95;0;0;0;0;0;0;0;0;0;0;141.714285714286
2800;Plus;EuroShopper;96;0;0;0;0;0;0;0;0;0;0;99.7142857142857
2801;Plus;EuroShopper;97;0;0;0;0;0;0;0;0;0;0;134.714285714286
2802;Plus;EuroShopper;98;0;0;0;0;0;0;0;0;0;0;115.857142857143
2803;Plus;EuroShopper;99;0;0;0;0;0;0;0;0;0;0;55.8571428571429
2804;Plus;EuroShopper;100;0;0;0;0;0;0;0;0;0;0;82.5714285714286
2805;Plus;EuroShopper;101;0;0;0;0;0;0;0;0;0;0;114
2806;Plus;EuroShopper;102;0;0;0;0;0;0;0;0;0;0;51.8571428571429
2807;Plus;EuroShopper;103;0;0;0;0;0;0;0;0;0;0;87.4285714285714
2808;Plus;EuroShopper;104;0;0;0;0;0;0;0;0;0;1;73.1428571428571
2809;Plus;EuroShopper;105;0;0;0;0;0;0;0;0;0;1;81.2857142857143
2810;Plus;EuroShopper;106;0;0;0;0;0;0;0;0;0;0;80.2857142857143
2811;Plus;EuroShopper;107;0;0;0;0;0;0;0;0;0;0;65.2857142857143
2812;Plus;EuroShopper;108;0;0;0;0;0;0;0;0;0;0;29.8571428571429
2813;Plus;EuroShopper;109;0;0;0;0;0;0;0;0;0;0;36.7142857142857
2814;Plus;EuroShopper;110;0;0;0;0;0;0;0;0;0;0;75.4285714285714
2815;Plus;EuroShopper;111;0;0;0;0;0;0;0;0;0;0;109.142857142857
2816;Plus;EuroShopper;112;0;0;0;0;0;0;0;0;0;0;124.714285714286
2817;Plus;EuroShopper;113;0;0;0;0;0;0;0;0;0;0;148.142857142857
2818;Plus;EuroShopper;114;0;0;0;0;0;0;0;0;0;0;117.428571428571
2819;Plus;EuroShopper;115;0;0;0;0;0;0;0;0;0;0;105
2820;Plus;EuroShopper;116;0;0;0;0;0;0;0;0;0;0;121.714285714286
2821;Plus;EuroShopper;117;0;0;0;0;0;0;0;0;0;0;129.428571428571
2822;Plus;EuroShopper;118;0;0;0;0;0;0;0;0;0;0;128.857142857143
2823;Plus;EuroShopper;119;0;0;0;0;0;0;0;0;0;0;137.142857142857
2824;Plus;EuroShopper;120;0;0;0;0;0;0;0;0;0;1;188.142857142857
2825;Plus;EuroShopper;121;0;0;0;0;0;0;0;0;0;1;204.285714285714
2826;Plus;EuroShopper;122;0;0;0;0;0;0;0;0;0;0;131
2827;Plus;EuroShopper;123;0;0;0;0;0;0;0;0;0;1;137.142857142857
2828;Plus;EuroShopper;124;0;0;0;0;0;0;0;0;0;0;168.571428571429
2829;Plus;EuroShopper;125;0;0;0;0;0;0;0;0;0;0;188.142857142857
2830;Plus;EuroShopper;126;0;0;0;0;0;0;0;0;0;1;201.428571428571
2831;Plus;EuroShopper;127;0;0;0;0;0;0;0;0;0;0;219
2832;Plus;EuroShopper;128;0;0;0;0;0;0;0;0;0;1;202.571428571429
2833;Plus;EuroShopper;129;0;0;0;0;0;0;0;0;0;0;233.857142857143
2834;Plus;EuroShopper;130;0;0;0;0;0;0;0;0;0;0;273.428571428571
2835;Plus;EuroShopper;131;0;0;0;0;0;0;0;0;0;0;222.428571428571
2836;Plus;EuroShopper;132;0;0;0;0;0;0;0;0;0;0;197
2837;Plus;EuroShopper;133;0;0;0;0;0;0;0;0;0;0;217.571428571429
2838;Plus;EuroShopper;134;0;0;0;0;0;0;0;0;0;0;315.428571428571
2839;Plus;EuroShopper;135;0;0;0;0;0;0;0;0;0;0;233.714285714286
2840;Plus;EuroShopper;136;0;0;0;0;0;0;0;0;0;0;239.285714285714
2841;Plus;EuroShopper;137;0;0;0;0;0;0;0;0;0;0;206.142857142857
2842;Plus;EuroShopper;138;0;0;0;0;0;0;0;0;0;0;233.428571428571
2843;Plus;EuroShopper;139;0;0;0;0;0;0;0;0;0;0;281.142857142857
2844;Plus;EuroShopper;140;0;0;0;0;0;0;0;0;0;0;190.285714285714
2845;Plus;EuroShopper;141;0;0;0;0;0;0;0;0;0;0;195.571428571429
2846;Plus;EuroShopper;142;0;0;0;0;0;0;0;0;0;0;192
2847;Plus;EuroShopper;143;0;0;0;0;0;0;0;0;0;0;192.428571428571
2848;Plus;EuroShopper;144;0;0;0;0;0;0;0;0;0;0;157.142857142857
2849;Plus;EuroShopper;145;0;0;0;0;0;0;0;0;0;0;142.714285714286
2850;Plus;EuroShopper;146;0;0;0;0;0;0;0;0;0;0;166.857142857143
2851;Plus;EuroShopper;147;0;0;0;0;0;0;0;0;0;0;164.428571428571
2852;Plus;EuroShopper;148;0;0;0;0;0;0;0;0;0;0;124.285714285714
2853;Plus;EuroShopper;149;0;0;0;0;0;0;0;0;0;0;110.428571428571
2854;Plus;EuroShopper;150;0;0;0;0;0;0;0;0;0;0;74.5714285714286
2855;Plus;EuroShopper;151;0;0;0;0;0;0;0;0;0;0;78.7142857142857
2856;Plus;EuroShopper;152;0;0;0;0;0;0;0;0;0;0;103.714285714286
2857;Plus;EuroShopper;153;0;0;0;0;0;0;0;0;0;0;75.2857142857143
2858;Plus;EuroShopper;154;0;0;0;0;0;0;0;0;0;0;79.7142857142857
2859;Plus;EuroShopper;155;0;0;0;0;0;0;0;0;0;0;107.571428571429
2860;Plus;EuroShopper;156;0;0;0;0;0;0;0;0;0;1;77.5714285714286
2861;Plus;EuroShopper;157;0;0;0;0;0;0;0;0;0;1;67.5714285714286
2862;Plus;EuroShopper;158;0;0;0;0;0;0;0;0;0;0;92.7142857142857
2863;Plus;EuroShopper;159;0;0;0;0;0;0;0;0;0;0;105.571428571429
2864;Plus;EuroShopper;160;0;0;0;0;0;0;0;0;0;0;52
2865;Plus;EuroShopper;161;0;0;0;0;0;0;0;0;0;0;98.7142857142857
2866;Plus;EuroShopper;162;0;0;0;0;0;0;0;0;0;0;93.5714285714286
2867;Plus;EuroShopper;163;0;0;0;0;0;0;0;0;0;0;98.5714285714286
2868;Plus;EuroShopper;164;0;0;0;0;0;0;0;0;0;0;108
2869;Plus;EuroShopper;165;0;0;0;0;0;0;0;0;5.42857142857143;0;93.5714285714286
2870;Plus;EuroShopper;166;0;0;0;0;0;0;0;0;66.4285714285714;0;88.8571428571429
2871;Plus;EuroShopper;167;0;0;0;0;0;0;0;0;221.142857142857;0;111.428571428571
2872;Plus;EuroShopper;168;0;0;0;0;0;0;0;0;623;0;113.428571428571
2873;Plus;EuroShopper;169;0;0;0;0;0;0;0;0;1028.85714285714;0;117.142857142857
2874;Plus;EuroShopper;170;0;0;0;0;0;0;0;0;990.714285714286;0;103.571428571429
2875;Plus;EuroShopper;171;0;0;0;0;0;0;0;0;1086.28571428571;1;209.857142857143
2876;Plus;EuroShopper;172;0;0;0;0;0;0;0;0;955.571428571429;1;166.285714285714
2877;Plus;EuroShopper;173;0;0;0;0;0;0;0;0;565.714285714286;0;189
2878;Plus;EuroShopper;174;0;0;0;0;0;0;0;0;359.571428571429;1;154.857142857143
2879;Plus;EuroShopper;175;0;0;0;0;0;0;0;0;270.285714285714;1;188.571428571429
2880;Plus;EuroShopper;176;0;0;0;0;0;0;0;0;176.571428571429;0;147.714285714286
2881;Plus;EuroShopper;177;0;0;0;0;0;0;0;0;188.714285714286;1;219.142857142857
2882;Plus;EuroShopper;178;0;0;0;0;0;0;0;0;137.857142857143;0;208.428571428571
2883;Plus;EuroShopper;179;0;0;0;0;0;0;0;0;193.428571428571;1;207.142857142857
2884;Plus;EuroShopper;180;0;0;0;0;0;0;0;0;159.571428571429;0;203.285714285714
2885;Plus;EuroShopper;181;0;0;0;0;0;0;0;0;85.7142857142857;0;226
2886;Plus;EuroShopper;182;0;0;0;0;0;0;0;0;75.8571428571429;0;267.571428571429
2887;Plus;EuroShopper;183;0;0;0;0;0;0;0;0;58.7142857142857;0;202.571428571429
2888;Plus;EuroShopper;184;0;0;0;0;0;0;0;0;72.2857142857143;0;188
2889;Plus;EuroShopper;185;0;0;0;0;0;0;0;0;141.285714285714;0;215.428571428571
2890;Plus;EuroShopper;186;0;0;0;0;0;0;0;0;197.142857142857;0;222
2891;Plus;EuroShopper;187;0;0;0;0;0;0;0;0;394.285714285714;0;242
2892;Plus;EuroShopper;188;0;0;0;0;0;0;0;0;606.571428571429;0;275.428571428571
2893;Plus;EuroShopper;189;0;0;0;0;0;0;0;0;556.857142857143;0;315.571428571429
2894;Plus;EuroShopper;190;0;0;0;0;0;0;0;0;512.714285714286;0;265.571428571429
2895;Plus;EuroShopper;191;0;0;0;0;0;0;0;0;535.571428571429;0;201.714285714286
2896;Plus;EuroShopper;192;0;0;0;0;0;0;0;0;832.142857142857;0;195.285714285714
2897;Plus;EuroShopper;193;0;0;0;0;0;0;0;0;1233.14285714286;0;198.714285714286
2898;Plus;EuroShopper;194;0;0;0;0;0;0;0;0;2039.57142857143;0;242.142857142857
2899;Plus;EuroShopper;195;0;0;0;0;0;0;0;0;2892.57142857143;0;201
2900;Plus;EuroShopper;196;0;0;0;0;0;0;0;0;4163.28571428571;0;162.857142857143
2901;Plus;EuroShopper;197;0;0;0;0;0;0;0;0;6596.42857142857;0;147.285714285714
2902;Plus;EuroShopper;198;0;0;0;0;0;0;0;0;8138.71428571429;0;127.857142857143
2903;Plus;EuroShopper;199;0;0;0;0;0;0;0;0;9551;0;156.428571428571
2904;Plus;EuroShopper;200;0;0;0;0;0;0;0;0;9076;0;140.714285714286
2905;Plus;EuroShopper;201;0;0;0;0;0;0;0;0;5899.42857142857;0;143.428571428571
2906;Plus;EuroShopper;202;0;0;0;0;0;0;0;0;5256.14285714286;0;143.285714285714
2907;Plus;EuroShopper;203;0;0;0;0;0;0;0;0;5291.57142857143;0;123
2908;Plus;EuroShopper;204;0;0;0;0;0;0;0;0;4827.28571428571;0;92.1428571428571
2909;Plus;EuroShopper;205;0;0;0;0;0;0;0;0;6360.14285714286;0;68.7142857142857
2910;Plus;EuroShopper;206;0;0;0;0;0;0;0;0;8968.71428571429;0;48.2857142857143
2911;Plus;EuroShopper;207;0;0;0;0;0;0;0;0;11617.8571428571;0;103.428571428571
2912;Plus;EuroShopper;208;0;0;0;0;0;0;0;0;9461.28571428571;1;100
2913;Plus;KarvanCevitam;1;21367;2.97;4.14;2.96;4.11;0;0;0;0;1;42.1428571428571
2914;Plus;KarvanCevitam;2;23026;2.98;4.15;2.96;4.12;0;0;0;0;0;66.8571428571429
2915;Plus;KarvanCevitam;3;33804;2.62;3.61;2.94;4.08;0;0;0;0;0;26.5714285714286
2916;Plus;KarvanCevitam;4;131685;2;2.74;2.97;4.1;100;0;98;0;0;33.2857142857143
2917;Plus;KarvanCevitam;5;19468;2.84;3.97;2.86;4;0;4;0;0;0;81.4285714285714
2918;Plus;KarvanCevitam;6;18082;2.97;4.16;2.97;4.11;0;0;0;0;0;25.4285714285714
2919;Plus;KarvanCevitam;7;20725;2.97;4.16;2.98;4.16;0;0;0;0;0;87.5714285714286
2920;Plus;KarvanCevitam;8;22470;2.97;4.16;2.98;4.14;0;3;0;0;0;100.142857142857
2921;Plus;KarvanCevitam;9;22558;2.97;4.12;2.97;4.12;0;0;0;0;0;96.1428571428571
2922;Plus;KarvanCevitam;10;34068;2.6;3.59;2.95;4.08;0;3;0;0;0;110.142857142857
2923;Plus;KarvanCevitam;11;134668;2;2.74;2.97;4.11;100;0;100;0;0;138.714285714286
2924;Plus;KarvanCevitam;12;20507;2.86;4.01;2.85;3.96;0;2;0;0;0;127
2925;Plus;KarvanCevitam;13;24970;2.85;3.95;2.83;3.93;0;1;0;0;0;175
2926;Plus;KarvanCevitam;14;23094;2.96;4.12;2.97;4.1;0;3;0;0;0;145.142857142857
2927;Plus;KarvanCevitam;15;24041;2.96;4.13;2.95;4.11;0;0;0;0;1;143.714285714286
2928;Plus;KarvanCevitam;16;23348;2.97;4.17;2.97;4.17;0;0;0;0;1;114.571428571429
2929;Plus;KarvanCevitam;17;23568;2.96;4.16;2.96;4.16;0;2;0;0;1;116.142857142857
2930;Plus;KarvanCevitam;18;21682;2.96;4.16;2.98;4.14;0;7;0;0;1;151
2931;Plus;KarvanCevitam;19;34621;2.64;3.67;2.95;4.15;0;8;0;0;0;177.428571428571
2932;Plus;KarvanCevitam;20;166986;2.05;2.8;2.97;4.17;100;68;100;0;0;215.428571428571
2933;Plus;KarvanCevitam;21;27073;2.89;4.18;2.89;4.11;0;8;0;0;1;242.285714285714
2934;Plus;KarvanCevitam;22;28001;2.94;4.2;2.99;4.27;0;12;0;0;0;246.142857142857
2935;Plus;KarvanCevitam;23;26153;2.8;3.92;2.81;3.9;0;7;0;0;1;205.571428571429
2936;Plus;KarvanCevitam;24;23914;2.97;4.19;2.96;4.17;0;5;0;0;0;225.285714285714
2937;Plus;KarvanCevitam;25;32764;2.95;4.23;2.97;4.24;0;18;0;0;0;267.285714285714
2938;Plus;KarvanCevitam;26;24880;2.96;4.21;2.98;4.21;0;8;0;0;0;209.714285714286
2939;Plus;KarvanCevitam;27;41741;2.62;3.71;2.93;4.15;0;12;0;0;0;238
2940;Plus;KarvanCevitam;28;143705;2.05;2.85;2.97;4.26;100;0;100;0;0;212.285714285714
2941;Plus;KarvanCevitam;29;25228;2.73;4.02;2.95;4.28;0;35;0;0;0;244.142857142857
2942;Plus;KarvanCevitam;30;18209;2.94;4.33;2.96;4.32;0;11;0;0;0;208.285714285714
2943;Plus;KarvanCevitam;31;18772;2.93;4.28;2.92;4.24;0;7;0;0;0;221.571428571429
2944;Plus;KarvanCevitam;32;18112;2.96;4.27;2.97;4.27;0;2;0;0;0;210.857142857143
2945;Plus;KarvanCevitam;33;19705;2.97;4.24;2.96;4.25;0;3;0;0;0;214.714285714286
2946;Plus;KarvanCevitam;34;41344;2.53;3.54;2.96;4.3;0;2;0;0;0;228.142857142857
2947;Plus;KarvanCevitam;35;175586;2.04;2.82;2.97;4.25;78;0;70;0;0;230.571428571429
2948;Plus;KarvanCevitam;36;17876;2.9;4.14;2.96;4.21;0;4;0;0;0;190.857142857143
2949;Plus;KarvanCevitam;37;18150;2.96;4.19;2.96;4.18;0;0;0;0;0;163.857142857143
2950;Plus;KarvanCevitam;38;19527;2.97;4.19;2.97;4.16;0;0;0;0;0;177.714285714286
2951;Plus;KarvanCevitam;39;20822;2.97;4.16;2.98;4.19;0;0;0;0;0;192.714285714286
2952;Plus;KarvanCevitam;40;21825;2.91;4.1;2.95;4.18;0;0;0;0;0;160.285714285714
2953;Plus;KarvanCevitam;41;30621;2.54;3.51;3.1;4.37;0;30;0;0;0;163.142857142857
2954;Plus;KarvanCevitam;42;19691;2.95;4.14;2.97;4.15;0;0;0;0;0;194.714285714286
2955;Plus;KarvanCevitam;43;21306;2.96;4.13;2.98;4.14;0;0;0;0;0;156.857142857143
2956;Plus;KarvanCevitam;44;33931;2.59;3.54;2.96;4.12;0;0;0;0;0;130.714285714286
2957;Plus;KarvanCevitam;45;126237;2.05;2.76;2.98;4.16;64;0;99;0;0;102.142857142857
2958;Plus;KarvanCevitam;46;17019;2.79;3.89;3.01;4.16;0;19;0;0;0;96.2857142857143
2959;Plus;KarvanCevitam;47;19752;2.87;3.99;2.97;4.15;0;8;0;0;0;112
2960;Plus;KarvanCevitam;48;19874;2.88;3.99;3;4.17;0;8;0;0;0;53.1428571428571
2961;Plus;KarvanCevitam;49;36314;2.42;3.3;2.95;4.13;0;20;0;0;0;74.1428571428571
2962;Plus;KarvanCevitam;50;115256;2.06;2.76;2.94;4.07;70;0;94;0;0;45.8571428571429
2963;Plus;KarvanCevitam;51;22150;2.78;3.89;3.01;4.15;0;9;0;0;0;84
2964;Plus;KarvanCevitam;52;15188;2.92;4.09;2.92;4.07;0;0;0;0;1;81.2857142857143
2965;Plus;KarvanCevitam;53;25180;2.7;3.75;2.95;4.12;0;0;0;0;1;98.2857142857143
2966;Plus;KarvanCevitam;54;91222;2.3;3.16;2.93;4.1;77;0;69;0;0;57.7142857142857
2967;Plus;KarvanCevitam;55;24568;2.63;3.66;2.99;4.15;0;35;0;0;0;66.8571428571429
2968;Plus;KarvanCevitam;56;21648;2.86;3.97;2.88;3.97;0;4;0;0;0;94.1428571428571
2969;Plus;KarvanCevitam;57;21013;2.94;4.11;2.94;4.1;0;5;0;0;0;79.8571428571429
2970;Plus;KarvanCevitam;58;21588;2.95;4.13;2.98;4.18;0;5;0;0;0;35.4285714285714
2971;Plus;KarvanCevitam;59;22512;2.95;4.11;2.94;4.11;0;0;0;0;0;73.7142857142857
2972;Plus;KarvanCevitam;60;26661;2.93;4.12;2.93;4.05;0;3;0;0;0;45.4285714285714
2973;Plus;KarvanCevitam;61;24685;2.95;4.1;2.95;4.08;0;0;0;0;0;-4.71428571428571
2974;Plus;KarvanCevitam;62;35531;2.71;3.74;2.96;4.14;0;0;0;0;0;108.571428571429
2975;Plus;KarvanCevitam;63;110218;2.3;3.13;2.95;4.11;82;39;64;0;0;93
2976;Plus;KarvanCevitam;64;19244;2.9;4.08;2.92;4.05;0;0;0;0;0;73.5714285714286
2977;Plus;KarvanCevitam;65;20370;2.93;4.13;2.95;4.14;0;8;0;0;1;111
2978;Plus;KarvanCevitam;66;21757;2.92;4.09;2.93;4.13;0;0;0;0;1;139.571428571429
2979;Plus;KarvanCevitam;67;31417;2.74;3.81;3.03;4.29;0;24;0;0;0;176.428571428571
2980;Plus;KarvanCevitam;68;37787;2.77;3.88;2.94;4.14;0;3;0;0;0;218.714285714286
2981;Plus;KarvanCevitam;69;97914;2.31;3.15;2.94;4.11;92;0;87;0;1;166.428571428571
2982;Plus;KarvanCevitam;70;20730;2.89;4.18;2.92;4.09;0;4;0;0;1;158.857142857143
2983;Plus;KarvanCevitam;71;24680;2.93;4.19;2.93;4.16;0;4;0;0;1;231.142857142857
2984;Plus;KarvanCevitam;72;23339;2.92;4.14;2.92;4.1;0;0;0;0;0;187.714285714286
2985;Plus;KarvanCevitam;73;29866;2.94;4.19;2.93;4.16;0;0;0;0;1;253
2986;Plus;KarvanCevitam;74;32462;2.95;4.21;2.96;4.19;0;0;0;0;0;258.285714285714
2987;Plus;KarvanCevitam;75;29013;2.95;4.19;2.96;4.17;0;5;0;0;0;240.142857142857
2988;Plus;KarvanCevitam;76;33389;2.75;3.85;2.98;4.17;0;5;0;0;0;209.428571428571
2989;Plus;KarvanCevitam;77;105426;2.31;3.17;2.95;4.2;86;0;68;0;0;196.428571428571
2990;Plus;KarvanCevitam;78;27883;2.84;4.08;3.02;4.29;0;23;0;0;0;237.285714285714
2991;Plus;KarvanCevitam;79;29012;2.93;4.21;2.97;4.27;0;4;0;0;0;255.714285714286
2992;Plus;KarvanCevitam;80;23834;2.95;4.34;2.96;4.24;0;0;0;0;0;236.142857142857
2993;Plus;KarvanCevitam;81;28640;2.94;4.32;2.96;4.27;0;3;0;0;0;268
2994;Plus;KarvanCevitam;82;88890;2.2;3.19;2.94;4.29;93;2;14;0;0;306.142857142857
2995;Plus;KarvanCevitam;83;34582;2.87;4.12;2.99;4.27;0;11;0;0;0;286
2996;Plus;KarvanCevitam;84;27755;2.94;4.19;2.94;4.12;0;3;0;0;0;255.571428571429
2997;Plus;KarvanCevitam;85;24095;2.95;4.18;2.95;4.15;0;5;0;0;0;233.142857142857
2998;Plus;KarvanCevitam;86;24603;2.95;4.15;2.95;4.16;0;3;0;0;0;222.428571428571
2999;Plus;KarvanCevitam;87;32037;2.71;3.76;2.96;4.15;0;3;0;0;0;198
3000;Plus;KarvanCevitam;88;102173;2.3;3.14;2.96;4.12;83;0;72;0;0;210.857142857143
3001;Plus;KarvanCevitam;89;19810;2.83;3.98;2.97;4.12;0;20;0;0;0;206.285714285714
3002;Plus;KarvanCevitam;90;20757;2.93;4.09;2.96;4.13;0;2;0;0;0;220.285714285714
3003;Plus;KarvanCevitam;91;23423;2.81;3.91;2.82;3.92;0;4;0;0;0;164.285714285714
3004;Plus;KarvanCevitam;92;30370;2.7;3.73;2.93;4.09;0;2;0;0;0;177
3005;Plus;KarvanCevitam;93;93683;2.31;3.15;2.94;4.1;85;0;68;0;0;209.714285714286
3006;Plus;KarvanCevitam;94;18791;2.83;3.99;2.95;4.14;0;22;0;0;0;199
3007;Plus;KarvanCevitam;95;17722;2.93;4.1;2.95;4.1;0;6;0;0;0;141.714285714286
3008;Plus;KarvanCevitam;96;18763;2.94;4.08;2.94;4.04;0;3;0;0;0;99.7142857142857
3009;Plus;KarvanCevitam;97;19965;2.94;4.07;2.93;4.09;0;0;0;0;0;134.714285714286
3010;Plus;KarvanCevitam;98;20464;2.93;4.05;2.93;4.08;0;4;0;0;0;115.857142857143
3011;Plus;KarvanCevitam;99;156241;1.59;2.18;2.93;4.07;98;0;18;0;0;55.8571428571429
3012;Plus;KarvanCevitam;100;20530;2.69;3.72;2.94;4.08;0;12;0;0;0;82.5714285714286
3013;Plus;KarvanCevitam;101;24579;2.69;3.7;2.98;4.11;0;6;0;0;0;114
3014;Plus;KarvanCevitam;102;75974;2.31;3.14;2.94;4.08;92;0;63;0;0;51.8571428571429
3015;Plus;KarvanCevitam;103;18987;2.84;3.97;2.85;3.95;0;14;0;0;0;87.4285714285714
3016;Plus;KarvanCevitam;104;14236;2.92;4.07;2.87;4.01;0;4;0;0;1;73.1428571428571
3017;Plus;KarvanCevitam;105;21927;2.8;3.87;2.91;4.06;0;5;0;0;1;81.2857142857143
3018;Plus;KarvanCevitam;106;68446;2.44;3.29;2.9;4.02;83;5;88;0;0;80.2857142857143
3019;Plus;KarvanCevitam;107;18026;2.85;3.96;2.91;4.07;0;21;0;0;0;65.2857142857143
3020;Plus;KarvanCevitam;108;17807;2.99;4.15;2.95;4.08;0;13;0;0;0;29.8571428571429
3021;Plus;KarvanCevitam;109;19765;2.93;4.07;3.01;4.17;0;2;0;0;0;36.7142857142857
3022;Plus;KarvanCevitam;110;170825;1.6;2.18;2.98;4.15;97;0;37;0;0;75.4285714285714
3023;Plus;KarvanCevitam;111;20495;2.61;3.67;2.87;3.96;0;13;0;0;0;109.142857142857
3024;Plus;KarvanCevitam;112;17976;2.95;4.16;2.98;4.18;0;0;0;0;0;124.714285714286
3025;Plus;KarvanCevitam;113;18919;2.97;4.21;3;4.22;0;0;0;0;0;148.142857142857
3026;Plus;KarvanCevitam;114;27913;2.76;3.82;2.99;4.18;0;0;0;0;0;117.428571428571
3027;Plus;KarvanCevitam;115;86868;2.43;3.3;2.99;4.18;86;0;96;0;0;105
3028;Plus;KarvanCevitam;116;17567;2.92;4.11;2.95;4.12;0;11;0;0;0;121.714285714286
3029;Plus;KarvanCevitam;117;18144;2.99;4.22;2.98;4.18;0;0;0;0;0;129.428571428571
3030;Plus;KarvanCevitam;118;18898;2.99;4.2;2.99;4.21;0;2;0;0;0;128.857142857143
3031;Plus;KarvanCevitam;119;28369;2.79;3.89;2.98;4.17;0;0;0;0;0;137.142857142857
3032;Plus;KarvanCevitam;120;89880;2.44;3.35;3;4.2;95;0;96;0;1;188.142857142857
3033;Plus;KarvanCevitam;121;19162;2.94;4.22;3.01;4.21;0;15;0;0;1;204.285714285714
3034;Plus;KarvanCevitam;122;17676;2.99;4.24;2.99;4.22;0;3;0;0;0;131
3035;Plus;KarvanCevitam;123;18548;2.99;4.19;2.99;4.21;0;3;0;0;1;137.142857142857
3036;Plus;KarvanCevitam;124;20187;2.97;4.17;2.99;4.21;0;4;0;0;0;168.571428571429
3037;Plus;KarvanCevitam;125;22259;2.96;4.16;2.99;4.24;0;3;0;0;0;188.142857142857
3038;Plus;KarvanCevitam;126;33486;2.77;3.88;2.97;4.17;0;2;0;0;1;201.428571428571
3039;Plus;KarvanCevitam;127;97237;2.43;3.33;2.99;4.2;89;0;61;0;0;219
3040;Plus;KarvanCevitam;128;19292;2.88;4.07;2.97;4.26;0;27;0;0;1;202.571428571429
3041;Plus;KarvanCevitam;129;32220;2.5;3.92;2.97;4.24;0;4;0;0;0;233.857142857143
3042;Plus;KarvanCevitam;130;68557;2.12;3.39;2.93;4.15;77;0;35;0;0;273.428571428571
3043;Plus;KarvanCevitam;131;120617;2.05;2.81;2.93;4.19;92;8;62;0;0;222.428571428571
3044;Plus;KarvanCevitam;132;18191;2.79;4.05;2.99;4.32;0;23;0;0;0;197
3045;Plus;KarvanCevitam;133;18511;2.91;4.25;2.92;4.26;0;6;0;0;0;217.571428571429
3046;Plus;KarvanCevitam;134;30518;2.97;4.31;2.95;4.27;0;2;0;0;0;315.428571428571
3047;Plus;KarvanCevitam;135;20526;2.97;4.3;2.96;4.31;0;2;0;0;0;233.714285714286
3048;Plus;KarvanCevitam;136;26261;2.81;3.98;2.97;4.25;0;9;0;0;0;239.285714285714
3049;Plus;KarvanCevitam;137;69575;2.44;3.37;2.98;4.22;86;6;61;0;0;206.142857142857
3050;Plus;KarvanCevitam;138;23976;2.8;3.97;3.03;4.3;0;30;0;0;0;233.428571428571
3051;Plus;KarvanCevitam;139;25297;2.96;4.19;2.96;4.2;0;7;0;0;0;281.142857142857
3052;Plus;KarvanCevitam;140;20473;2.98;4.18;2.97;4.18;0;0;0;0;0;190.285714285714
3053;Plus;KarvanCevitam;141;33968;2.47;3.39;2.92;4.09;0;0;0;0;0;195.571428571429
3054;Plus;KarvanCevitam;142;168527;1.74;2.33;2.96;4.13;81;0;96;0;0;192
3055;Plus;KarvanCevitam;143;18971;2.65;3.69;3.18;4.45;0;31;0;0;0;192.428571428571
3056;Plus;KarvanCevitam;144;16709;2.89;4.04;3.06;4.28;0;15;0;0;0;157.142857142857
3057;Plus;KarvanCevitam;145;17177;2.93;4.1;2.98;4.16;0;0;0;0;0;142.714285714286
3058;Plus;KarvanCevitam;146;17689;2.95;4.13;2.94;4.1;0;2;0;0;0;166.857142857143
3059;Plus;KarvanCevitam;147;18501;2.96;4.13;2.97;4.13;0;3;0;0;0;164.428571428571
3060;Plus;KarvanCevitam;148;28342;2.7;3.7;2.94;4.09;0;0;0;0;0;124.285714285714
3061;Plus;KarvanCevitam;149;81812;2.3;3.12;2.96;4.11;88;0;59;0;0;110.428571428571
3062;Plus;KarvanCevitam;150;17062;2.84;3.95;2.94;4.1;0;25;0;0;0;74.5714285714286
3063;Plus;KarvanCevitam;151;17671;2.95;4.12;2.97;4.12;0;6;0;0;0;78.7142857142857
3064;Plus;KarvanCevitam;152;18178;2.96;4.11;2.97;4.14;0;0;0;0;0;103.714285714286
3065;Plus;KarvanCevitam;153;28226;2.69;3.69;2.97;4.12;0;0;0;0;0;75.2857142857143
3066;Plus;KarvanCevitam;154;92572;2.3;3.12;2.96;4.09;93;0;68;0;0;79.7142857142857
3067;Plus;KarvanCevitam;155;16405;2.92;4.09;2.96;4.08;0;3;0;0;0;107.571428571429
3068;Plus;KarvanCevitam;156;13560;2.95;4.13;2.96;4.11;0;2;0;0;1;77.5714285714286
3069;Plus;KarvanCevitam;157;17043;2.96;4.15;2.96;4.14;0;0;0;0;1;67.5714285714286
3070;Plus;KarvanCevitam;158;18728;2.95;4.11;2.96;4.11;0;0;0;0;0;92.7142857142857
3071;Plus;KarvanCevitam;159;19181;2.94;4.12;2.99;4.16;0;2;0;0;0;105.571428571429
3072;Plus;KarvanCevitam;160;19796;2.95;4.1;2.98;4.14;0;0;0;0;0;52
3073;Plus;KarvanCevitam;161;28638;2.79;3.85;2.96;4.1;0;0;0;0;0;98.7142857142857
3074;Plus;KarvanCevitam;162;88127;2.53;3.44;2.96;4.1;90;0;65;0;0;93.5714285714286
3075;Plus;KarvanCevitam;163;16615;2.89;4.08;2.99;4.17;0;11;0;0;0;98.5714285714286
3076;Plus;KarvanCevitam;164;16365;2.95;4.19;2.97;4.15;0;3;0;0;0;108
3077;Plus;KarvanCevitam;165;18953;2.95;4.15;2.95;4.12;0;0;0;5.42857142857143;0;93.5714285714286
3078;Plus;KarvanCevitam;166;19414;2.95;4.1;2.94;4.11;0;0;0;66.4285714285714;0;88.8571428571429
3079;Plus;KarvanCevitam;167;48775;2.78;3.8;2.94;4.06;0;0;0;221.142857142857;0;111.428571428571
3080;Plus;KarvanCevitam;168;109398;2.53;3.44;2.95;4.1;88;0;0;623;0;113.428571428571
3081;Plus;KarvanCevitam;169;20645;2.92;4.06;2.95;4.09;0;0;0;1028.85714285714;0;117.142857142857
3082;Plus;KarvanCevitam;170;20185;2.96;4.11;2.96;4.09;0;0;0;990.714285714286;0;103.571428571429
3083;Plus;KarvanCevitam;171;24029;2.95;4.09;2.96;4.09;0;0;0;1086.28571428571;1;209.857142857143
3084;Plus;KarvanCevitam;172;34273;2.75;3.77;2.96;4.08;0;0;0;955.571428571429;1;166.285714285714
3085;Plus;KarvanCevitam;173;111818;2.44;3.31;2.96;4.08;100;0;0;565.714285714286;0;189
3086;Plus;KarvanCevitam;174;18218;2.92;4.06;2.97;4.11;0;0;0;359.571428571429;1;154.857142857143
3087;Plus;KarvanCevitam;175;21040;2.93;4.07;2.92;4.05;0;0;0;270.285714285714;1;188.571428571429
3088;Plus;KarvanCevitam;176;21281;2.96;4.09;2.96;4.1;0;0;0;176.571428571429;0;147.714285714286
3089;Plus;KarvanCevitam;177;46551;2.48;3.39;2.96;4.07;0;0;0;188.714285714286;1;219.142857142857
3090;Plus;KarvanCevitam;178;181962;2.04;2.77;2.97;4.1;96;0;52;137.857142857143;0;208.428571428571
3091;Plus;KarvanCevitam;179;20358;2.83;3.94;3.02;4.17;0;6;0;193.428571428571;1;207.142857142857
3092;Plus;KarvanCevitam;180;18280;2.97;4.09;2.99;4.09;0;2;0;159.571428571429;0;203.285714285714
3093;Plus;KarvanCevitam;181;21897;2.99;4.08;3.01;4.09;0;3;0;85.7142857142857;0;226
3094;Plus;KarvanCevitam;182;40637;2.83;3.85;2.99;4.09;0;9;0;75.8571428571429;0;267.571428571429
3095;Plus;KarvanCevitam;183;96652;2.55;3.42;3;4.07;84;5;85;58.7142857142857;0;202.571428571429
3096;Plus;KarvanCevitam;184;18381;2.98;4.12;3.03;4.17;0;24;0;72.2857142857143;0;188
3097;Plus;KarvanCevitam;185;18136;3.06;4.25;3;4.11;0;7;0;141.285714285714;0;215.428571428571
3098;Plus;KarvanCevitam;186;26299;2.63;3.61;3.04;4.18;0;6;0;197.142857142857;0;222
3099;Plus;KarvanCevitam;187;75851;2.02;2.72;3.06;4.22;78;7;98;394.285714285714;0;242
3100;Plus;KarvanCevitam;188;24795;2.98;4.15;3.06;4.21;0;2;0;606.571428571429;0;275.428571428571
3101;Plus;KarvanCevitam;189;30145;3.01;4.14;3.07;4.22;0;0;0;556.857142857143;0;315.571428571429
3102;Plus;KarvanCevitam;190;34861;2.84;3.85;3.06;4.22;0;5;0;512.714285714286;0;265.571428571429
3103;Plus;KarvanCevitam;191;83165;2.55;3.43;3.02;4.12;81;4;95;535.571428571429;0;201.714285714286
3104;Plus;KarvanCevitam;192;16975;2.97;4.05;2.99;4.06;0;17;0;832.142857142857;0;195.285714285714
3105;Plus;KarvanCevitam;193;17608;3.03;4.11;3.01;4.11;0;2;0;1233.14285714286;0;198.714285714286
3106;Plus;KarvanCevitam;194;19961;3.04;4.1;3.03;4.14;0;0;0;2039.57142857143;0;242.142857142857
3107;Plus;KarvanCevitam;195;20238;3.04;4.07;3.03;4.1;0;0;0;2892.57142857143;0;201
3108;Plus;KarvanCevitam;196;19444;3.04;4.05;3.03;4.16;0;0;0;4163.28571428571;0;162.857142857143
3109;Plus;KarvanCevitam;197;26575;2.85;3.8;3.03;4.05;0;0;0;6596.42857142857;0;147.285714285714
3110;Plus;KarvanCevitam;198;74794;2.56;3.42;3.03;4.08;74;0;97;8138.71428571429;0;127.857142857143
3111;Plus;KarvanCevitam;199;16069;2.99;4;3.08;4.13;0;8;0;9551;0;156.428571428571
3112;Plus;KarvanCevitam;200;16667;3.04;4.05;3.06;4.09;0;2;0;9076;0;140.714285714286
3113;Plus;KarvanCevitam;201;26829;2.84;3.78;3.02;4.02;0;0;0;5899.42857142857;0;143.428571428571
3114;Plus;KarvanCevitam;202;77447;2.55;3.41;3.01;4.03;78;0;98;5256.14285714286;0;143.285714285714
3115;Plus;KarvanCevitam;203;14556;3.01;4.02;3.01;4.01;0;5;0;5291.57142857143;0;123
3116;Plus;KarvanCevitam;204;16043;3.05;4.05;3.04;4.04;0;0;0;4827.28571428571;0;92.1428571428571
3117;Plus;KarvanCevitam;205;27916;2.59;3.44;3.04;4.05;0;0;0;6360.14285714286;0;68.7142857142857
3118;Plus;KarvanCevitam;206;105660;2.07;2.76;3.02;4.02;94;0;83;8968.71428571429;0;48.2857142857143
3119;Plus;KarvanCevitam;207;16026;2.99;3.97;2.97;3.95;0;0;0;11617.8571428571;0;103.428571428571
3120;Plus;KarvanCevitam;208;18200;2.68;3.55;3.01;4.02;0;0;0;9461.28571428571;1;100
3121;Plus;Raak;1;17179;1.41;1.88;1.36;1.81;0;0;0;0;1;42.1428571428571
3122;Plus;Raak;2;18778;1.4;1.87;1.35;1.8;0;0;0;0;0;66.8571428571429
3123;Plus;Raak;3;19946;1.41;1.88;1.37;1.83;0;0;0;0;0;26.5714285714286
3124;Plus;Raak;4;18379;1.46;1.94;1.4;1.87;0;0;0;0;0;33.2857142857143
3125;Plus;Raak;5;18940;1.43;1.91;1.51;2.01;0;0;0;0;0;81.4285714285714
3126;Plus;Raak;6;16204;1.44;1.93;1.47;1.95;0;0;0;0;0;25.4285714285714
3127;Plus;Raak;7;18078;1.43;1.9;1.52;2.03;0;0;0;0;0;87.5714285714286
3128;Plus;Raak;8;18813;1.42;1.89;1.53;2.04;0;9;0;0;0;100.142857142857
3129;Plus;Raak;9;17629;1.42;1.9;1.48;1.97;0;0;0;0;0;96.1428571428571
3130;Plus;Raak;10;18966;1.41;1.88;1.44;1.92;0;3;0;0;0;110.142857142857
3131;Plus;Raak;11;18671;1.44;1.92;1.48;1.98;0;3;0;0;0;138.714285714286
3132;Plus;Raak;12;18903;1.43;1.91;1.43;1.91;0;0;0;0;0;127
3133;Plus;Raak;13;20282;1.44;1.91;1.44;1.92;0;0;0;0;0;175
3134;Plus;Raak;14;27736;1.29;1.72;1.44;1.92;0;0;0;0;0;145.142857142857
3135;Plus;Raak;15;107705;0.99;1.32;1.45;1.93;63;3;90;0;1;143.714285714286
3136;Plus;Raak;16;17148;1.34;1.79;1.4;1.86;0;10;0;0;1;114.571428571429
3137;Plus;Raak;17;16691;1.39;1.85;1.48;1.97;0;6;0;0;1;116.142857142857
3138;Plus;Raak;18;17004;1.41;1.88;1.46;1.94;0;0;0;0;1;151
3139;Plus;Raak;19;19080;1.42;1.9;1.44;1.92;0;0;0;0;0;177.428571428571
3140;Plus;Raak;20;21405;1.42;1.89;1.44;1.93;0;4;0;0;0;215.428571428571
3141;Plus;Raak;21;24508;1.41;1.88;1.42;1.89;0;0;0;0;1;242.285714285714
3142;Plus;Raak;22;24486;1.42;1.89;1.42;1.9;0;0;0;0;0;246.142857142857
3143;Plus;Raak;23;32645;1.24;1.65;1.41;1.88;0;0;0;0;1;205.571428571429
3144;Plus;Raak;24;136022;1;1.34;1.42;1.9;81;0;91;0;0;225.285714285714
3145;Plus;Raak;25;22838;1.38;1.85;1.4;1.87;0;2;0;0;0;267.285714285714
3146;Plus;Raak;26;19418;1.42;1.89;1.42;1.9;0;0;0;0;0;209.714285714286
3147;Plus;Raak;27;22313;1.42;1.89;1.43;1.9;0;4;0;0;0;238
3148;Plus;Raak;28;20215;1.41;1.87;1.52;2.02;0;11;0;0;0;212.285714285714
3149;Plus;Raak;29;22286;1.41;1.88;1.42;1.89;0;6;0;0;0;244.142857142857
3150;Plus;Raak;30;17737;1.42;1.89;1.43;1.9;0;5;0;0;0;208.285714285714
3151;Plus;Raak;31;17428;1.42;1.89;1.42;1.89;0;0;0;0;0;221.571428571429
3152;Plus;Raak;32;17795;1.42;1.89;1.42;1.89;0;0;0;0;0;210.857142857143
3153;Plus;Raak;33;18361;1.42;1.89;1.41;1.89;0;0;0;0;0;214.714285714286
3154;Plus;Raak;34;21600;1.42;1.89;1.42;1.89;0;0;0;0;0;228.142857142857
3155;Plus;Raak;35;22376;1.41;1.88;1.41;1.88;0;0;0;0;0;230.571428571429
3156;Plus;Raak;36;20863;1.41;1.89;1.41;1.88;0;0;0;0;0;190.857142857143
3157;Plus;Raak;37;19999;1.42;1.89;1.42;1.89;0;0;0;0;0;163.857142857143
3158;Plus;Raak;38;20430;1.42;1.89;1.42;1.89;0;0;0;0;0;177.714285714286
3159;Plus;Raak;39;20124;1.42;1.89;1.42;1.89;0;0;0;0;0;192.714285714286
3160;Plus;Raak;40;19320;1.42;1.89;1.42;1.89;0;0;0;0;0;160.285714285714
3161;Plus;Raak;41;18482;1.42;1.89;1.42;1.89;0;0;0;0;0;163.142857142857
3162;Plus;Raak;42;19236;1.42;1.89;1.42;1.89;0;0;0;0;0;194.714285714286
3163;Plus;Raak;43;20076;1.42;1.89;1.42;1.89;0;0;0;0;0;156.857142857143
3164;Plus;Raak;44;19472;1.41;1.88;1.42;1.89;0;0;0;0;0;130.714285714286
3165;Plus;Raak;45;18606;1.41;1.89;1.42;1.89;0;0;0;0;0;102.142857142857
3166;Plus;Raak;46;18508;1.41;1.89;1.42;1.89;0;0;0;0;0;96.2857142857143
3167;Plus;Raak;47;20456;1.41;1.88;1.41;1.88;0;0;0;0;0;112
3168;Plus;Raak;48;19968;1.4;1.87;1.41;1.88;0;0;0;0;0;53.1428571428571
3169;Plus;Raak;49;19674;1.4;1.87;1.41;1.89;0;0;0;0;0;74.1428571428571
3170;Plus;Raak;50;19399;1.4;1.87;1.41;1.89;0;0;0;0;0;45.8571428571429
3171;Plus;Raak;51;21876;1.4;1.87;1.41;1.88;0;0;0;0;0;84
3172;Plus;Raak;52;14989;1.4;1.87;1.41;1.88;0;0;0;0;1;81.2857142857143
3173;Plus;Raak;53;16581;1.4;1.87;1.41;1.87;0;0;0;0;1;98.2857142857143
3174;Plus;Raak;54;18689;1.47;1.96;1.41;1.87;0;0;0;0;0;57.7142857142857
3175;Plus;Raak;55;18860;1.48;1.97;1.4;1.87;0;0;0;0;0;66.8571428571429
3176;Plus;Raak;56;20576;1.45;1.93;1.47;1.96;0;0;0;0;0;94.1428571428571
3177;Plus;Raak;57;20611;1.45;1.94;1.47;1.97;0;0;0;0;0;79.8571428571429
3178;Plus;Raak;58;20515;1.45;1.93;1.47;1.97;0;0;0;0;0;35.4285714285714
3179;Plus;Raak;59;21302;1.45;1.93;1.48;1.97;0;0;0;0;0;73.7142857142857
3180;Plus;Raak;60;20714;1.45;1.93;1.45;1.94;0;0;0;0;0;45.4285714285714
3181;Plus;Raak;61;19466;1.44;1.92;1.45;1.93;0;0;0;0;0;-4.71428571428571
3182;Plus;Raak;62;21197;1.42;1.89;1.43;1.91;0;0;0;0;0;108.571428571429
3183;Plus;Raak;63;22183;1.41;1.88;1.46;1.95;0;5;0;0;0;93
3184;Plus;Raak;64;22071;1.4;1.87;1.5;2;0;6;0;0;0;73.5714285714286
3185;Plus;Raak;65;21579;1.43;1.91;1.46;1.94;0;0;0;0;1;111
3186;Plus;Raak;66;20543;1.44;1.92;1.44;1.93;0;0;0;0;1;139.571428571429
3187;Plus;Raak;67;22877;1.41;1.89;1.42;1.89;0;0;0;0;0;176.428571428571
3188;Plus;Raak;68;26565;1.43;1.91;1.42;1.9;0;5;0;0;0;218.714285714286
3189;Plus;Raak;69;22510;1.43;1.91;1.44;1.92;0;2;0;0;1;166.428571428571
3190;Plus;Raak;70;20803;1.43;1.91;1.44;1.92;0;2;0;0;1;158.857142857143
3191;Plus;Raak;71;24052;1.44;1.92;1.44;1.92;0;0;0;0;1;231.142857142857
3192;Plus;Raak;72;23102;1.45;1.93;1.44;1.92;0;0;0;0;0;187.714285714286
3193;Plus;Raak;73;26015;1.45;1.93;1.45;1.93;0;0;0;0;1;253
3194;Plus;Raak;74;42244;1.27;1.7;1.44;1.92;0;0;0;0;0;258.285714285714
3195;Plus;Raak;75;149672;1;1.34;1.45;1.93;54;0;99;0;0;240.142857142857
3196;Plus;Raak;76;19397;1.37;1.83;1.45;1.93;0;8;0;0;0;209.428571428571
3197;Plus;Raak;77;19055;1.45;1.93;1.44;1.93;0;0;0;0;0;196.428571428571
3198;Plus;Raak;78;23288;1.44;1.92;1.45;1.93;0;0;0;0;0;237.285714285714
3199;Plus;Raak;79;26839;1.44;1.93;1.45;1.93;0;0;0;0;0;255.714285714286
3200;Plus;Raak;80;22101;1.44;1.92;1.45;1.93;0;0;0;0;0;236.142857142857
3201;Plus;Raak;81;26251;1.44;1.93;1.45;1.93;0;0;0;0;0;268
3202;Plus;Raak;82;30132;1.45;1.93;1.45;1.93;0;0;0;0;0;306.142857142857
3203;Plus;Raak;83;27487;1.45;1.93;1.45;1.93;0;0;0;0;0;286
3204;Plus;Raak;84;24074;1.44;1.93;1.45;1.93;0;0;0;0;0;255.571428571429
3205;Plus;Raak;85;20484;1.44;1.92;1.44;1.92;0;0;0;0;0;233.142857142857
3206;Plus;Raak;86;35152;1.25;1.66;1.44;1.92;0;0;0;0;0;222.428571428571
3207;Plus;Raak;87;128115;1;1.34;1.44;1.92;64;0;97;0;0;198
3208;Plus;Raak;88;19403;1.28;1.71;1.38;1.84;0;14;0;0;0;210.857142857143
3209;Plus;Raak;89;18503;1.4;1.86;1.43;1.91;0;2;0;0;0;206.285714285714
3210;Plus;Raak;90;24918;1.31;1.75;1.42;1.89;0;0;0;0;0;220.285714285714
3211;Plus;Raak;91;58149;0.97;1.3;1.41;1.89;16;8;98;0;0;164.285714285714
3212;Plus;Raak;92;21689;1.31;1.75;1.43;1.9;0;14;0;0;0;177
3213;Plus;Raak;93;20018;1.39;1.85;1.41;1.89;0;10;0;0;0;209.714285714286
3214;Plus;Raak;94;20075;1.4;1.86;1.42;1.9;0;5;0;0;0;199
3215;Plus;Raak;95;14834;1.42;1.9;1.42;1.9;0;2;0;0;0;141.714285714286
3216;Plus;Raak;96;8752;1.45;1.93;1.48;1.97;0;5;0;0;0;99.7142857142857
3217;Plus;Raak;97;7433;1.46;1.95;1.48;1.97;0;1;0;0;0;134.714285714286
3218;Plus;Raak;98;6322;1.46;1.95;1.51;2.01;0;0;0;0;0;115.857142857143
3219;Plus;Raak;99;4071;1.47;1.97;1.47;1.97;0;0;0;0;0;55.8571428571429
3220;Plus;Raak;100;8507;1.41;1.88;1.45;1.93;0;0;0;0;0;82.5714285714286
3221;Plus;Raak;101;20446;1.4;1.87;1.43;1.91;0;4;0;0;0;114
3222;Plus;Raak;102;17959;1.42;1.9;1.41;1.88;0;0;0;0;0;51.8571428571429
3223;Plus;Raak;103;19151;1.43;1.9;1.4;1.87;0;0;0;0;0;87.4285714285714
3224;Plus;Raak;104;13803;1.43;1.9;1.43;1.9;0;0;0;0;1;73.1428571428571
3225;Plus;Raak;105;15559;1.46;1.95;1.43;1.9;0;0;0;0;1;81.2857142857143
3226;Plus;Raak;106;17354;1.47;1.96;1.43;1.91;0;0;0;0;0;80.2857142857143
3227;Plus;Raak;107;16768;1.47;1.96;1.46;1.94;0;0;0;0;0;65.2857142857143
3228;Plus;Raak;108;18801;1.45;1.94;1.46;1.95;0;0;0;0;0;29.8571428571429
3229;Plus;Raak;109;19256;1.46;1.95;1.46;1.95;0;0;0;0;0;36.7142857142857
3230;Plus;Raak;110;18410;1.46;1.94;1.47;1.96;0;0;0;0;0;75.4285714285714
3231;Plus;Raak;111;23261;1.34;1.78;1.46;1.94;0;0;0;0;0;109.142857142857
3232;Plus;Raak;112;56404;1.06;1.41;1.46;1.95;33;7;98;0;0;124.714285714286
3233;Plus;Raak;113;18846;1.44;1.91;1.46;1.95;0;4;0;0;0;148.142857142857
3234;Plus;Raak;114;18526;1.45;1.93;1.46;1.95;0;0;0;0;0;117.428571428571
3235;Plus;Raak;115;18747;1.46;1.95;1.47;1.96;0;0;0;0;0;105
3236;Plus;Raak;116;21621;1.42;1.9;1.46;1.95;0;4;0;0;0;121.714285714286
3237;Plus;Raak;117;27863;1.33;1.77;1.47;1.95;0;13;0;0;0;129.428571428571
3238;Plus;Raak;118;71300;1.12;1.5;1.47;1.95;70;0;86;0;0;128.857142857143
3239;Plus;Raak;119;19477;1.35;1.8;1.48;1.98;0;29;0;0;0;137.142857142857
3240;Plus;Raak;120;20350;1.42;1.89;1.46;1.95;0;5;0;0;1;188.142857142857
3241;Plus;Raak;121;19727;1.44;1.91;1.44;1.92;0;0;0;0;1;204.285714285714
3242;Plus;Raak;122;18960;1.43;1.91;1.43;1.9;0;0;0;0;0;131
3243;Plus;Raak;123;19843;1.43;1.9;1.43;1.9;0;0;0;0;1;137.142857142857
3244;Plus;Raak;124;21498;1.43;1.9;1.43;1.91;0;0;0;0;0;168.571428571429
3245;Plus;Raak;125;22353;1.43;1.9;1.45;1.94;0;5;0;0;0;188.142857142857
3246;Plus;Raak;126;22183;1.48;1.98;1.44;1.92;0;0;0;0;1;201.428571428571
3247;Plus;Raak;127;28498;1.36;1.81;1.42;1.89;0;2;0;0;0;219
3248;Plus;Raak;128;94126;0.92;1.22;1.49;1.98;46;5;92;0;1;202.571428571429
3249;Plus;Raak;129;25195;1.5;2;1.47;1.96;0;5;0;0;0;233.857142857143
3250;Plus;Raak;130;29322;1.62;2.16;1.5;2;0;0;0;0;0;273.428571428571
3251;Plus;Raak;131;22459;1.64;2.18;1.54;2.05;0;0;0;0;0;222.428571428571
3252;Plus;Raak;132;19902;1.6;2.13;1.62;2.16;0;0;0;0;0;197
3253;Plus;Raak;133;19919;1.59;2.12;1.63;2.18;0;0;0;0;0;217.571428571429
3254;Plus;Raak;134;35721;1.51;2.01;1.64;2.19;0;2;0;0;0;315.428571428571
3255;Plus;Raak;135;66421;1.24;1.66;1.65;2.2;69;0;90;0;0;233.714285714286
3256;Plus;Raak;136;20525;1.47;1.96;1.61;2.15;0;36;0;0;0;239.285714285714
3257;Plus;Raak;137;17436;1.56;2.08;1.58;2.11;0;0;0;0;0;206.142857142857
3258;Plus;Raak;138;19809;1.53;2.04;1.58;2.11;0;0;0;0;0;233.428571428571
3259;Plus;Raak;139;25728;1.52;2.02;1.56;2.08;0;0;0;0;0;281.142857142857
3260;Plus;Raak;140;22609;1.46;1.95;1.56;2.09;0;6;0;0;0;190.285714285714
3261;Plus;Raak;141;22282;1.46;1.94;1.56;2.08;0;10;0;0;0;195.571428571429
3262;Plus;Raak;142;20199;1.48;1.97;1.53;2.04;0;3;0;0;0;192
3263;Plus;Raak;143;33149;1.16;1.55;1.47;1.96;0;0;0;0;0;192.428571428571
3264;Plus;Raak;144;130110;0.78;1.04;1.5;1.99;68;0;100;0;0;157.142857142857
3265;Plus;Raak;145;21578;1.14;1.52;1.52;2.02;0;27;0;0;0;142.714285714286
3266;Plus;Raak;146;15695;1.46;1.95;1.51;2.01;0;6;0;0;0;166.857142857143
3267;Plus;Raak;147;17542;1.49;1.99;1.5;2;0;3;0;0;0;164.428571428571
3268;Plus;Raak;148;18470;1.51;2.02;1.46;1.94;0;3;0;0;0;124.285714285714
3269;Plus;Raak;149;18369;1.52;2.02;1.49;1.99;0;0;0;0;0;110.428571428571
3270;Plus;Raak;150;18656;1.51;2.01;1.5;2.01;0;0;0;0;0;74.5714285714286
3271;Plus;Raak;151;20330;1.52;2.02;1.52;2.02;0;0;0;0;0;78.7142857142857
3272;Plus;Raak;152;20867;1.51;2.02;1.52;2.02;0;0;0;0;0;103.714285714286
3273;Plus;Raak;153;20497;1.52;2.02;1.52;2.03;0;0;0;0;0;75.2857142857143
3274;Plus;Raak;154;21325;1.52;2.03;1.52;2.02;0;0;0;0;0;79.7142857142857
3275;Plus;Raak;155;21239;1.51;2.02;1.51;2.01;0;0;0;0;0;107.571428571429
3276;Plus;Raak;156;16172;1.52;2.02;1.51;2.02;0;0;0;0;1;77.5714285714286
3277;Plus;Raak;157;19336;1.52;2.02;1.51;2.02;0;0;0;0;1;67.5714285714286
3278;Plus;Raak;158;20922;1.52;2.02;1.52;2.03;0;0;0;0;0;92.7142857142857
3279;Plus;Raak;159;20834;1.51;2.02;1.51;2.01;0;0;0;0;0;105.571428571429
3280;Plus;Raak;160;21404;1.51;2.02;1.51;2.02;0;0;0;0;0;52
3281;Plus;Raak;161;21492;1.52;2.02;1.52;2.02;0;0;0;0;0;98.7142857142857
3282;Plus;Raak;162;30888;1.38;1.84;1.5;2;0;0;0;0;0;93.5714285714286
3283;Plus;Raak;163;91082;1.17;1.56;1.51;2.02;82;0;97;0;0;98.5714285714286
3284;Plus;Raak;164;16635;1.47;1.96;1.51;2.01;0;12;0;0;0;108
3285;Plus;Raak;165;18676;1.52;2.03;1.51;2.02;0;0;0;5.42857142857143;0;93.5714285714286
3286;Plus;Raak;166;20389;1.52;2.03;1.51;2.02;0;0;0;66.4285714285714;0;88.8571428571429
3287;Plus;Raak;167;32506;1.52;2.03;1.52;2.03;0;0;0;221.142857142857;0;111.428571428571
3288;Plus;Raak;168;31499;1.52;2.03;1.52;2.03;0;0;0;623;0;113.428571428571
3289;Plus;Raak;169;24553;1.52;2.03;1.53;2.04;0;0;0;1028.85714285714;0;117.142857142857
3290;Plus;Raak;170;23598;1.52;2.02;1.53;2.04;0;0;0;990.714285714286;0;103.571428571429
3291;Plus;Raak;171;26848;1.52;2.03;1.52;2.03;0;0;0;1086.28571428571;1;209.857142857143
3292;Plus;Raak;172;24474;1.53;2.04;1.53;2.04;0;0;0;955.571428571429;1;166.285714285714
3293;Plus;Raak;173;26423;1.53;2.03;1.52;2.03;0;0;0;565.714285714286;0;189
3294;Plus;Raak;174;22154;1.52;2.03;1.53;2.03;0;0;0;359.571428571429;1;154.857142857143
3295;Plus;Raak;175;24114;1.53;2.03;1.53;2.04;0;0;0;270.285714285714;1;188.571428571429
3296;Plus;Raak;176;24531;1.52;2.03;1.52;2.03;0;0;0;176.571428571429;0;147.714285714286
3297;Plus;Raak;177;26865;1.53;2.03;1.53;2.03;0;0;0;188.714285714286;1;219.142857142857
3298;Plus;Raak;178;26600;1.52;2.03;1.53;2.04;0;0;0;137.857142857143;0;208.428571428571
3299;Plus;Raak;179;25126;1.53;2.04;1.52;2.03;0;0;0;193.428571428571;1;207.142857142857
3300;Plus;Raak;180;24395;1.53;2.04;1.52;2.03;0;0;0;159.571428571429;0;203.285714285714
3301;Plus;Raak;181;26400;1.53;2.04;1.53;2.04;0;0;0;85.7142857142857;0;226
3302;Plus;Raak;182;32447;1.53;2.04;1.53;2.04;0;0;0;75.8571428571429;0;267.571428571429
3303;Plus;Raak;183;26734;1.53;2.04;1.53;2.04;0;0;0;58.7142857142857;0;202.571428571429
3304;Plus;Raak;184;25803;1.52;2.02;1.53;2.04;44;0;61;72.2857142857143;0;188
3305;Plus;Raak;185;35147;1.31;1.74;1.51;2.02;0;12;0;141.285714285714;0;215.428571428571
3306;Plus;Raak;186;112005;1;1.33;1.53;2.04;71;6;94;197.142857142857;0;222
3307;Plus;Raak;187;18650;1.56;2.07;1.53;2.05;0;5;0;394.285714285714;0;242
3308;Plus;Raak;188;25309;1.59;2.12;1.53;2.04;0;7;0;606.571428571429;0;275.428571428571
3309;Plus;Raak;189;31990;1.59;2.12;1.59;2.12;0;7;0;556.857142857143;0;315.571428571429
3310;Plus;Raak;190;26690;1.6;2.13;1.59;2.11;0;7;0;512.714285714286;0;265.571428571429
3311;Plus;Raak;191;22689;1.58;2.11;1.6;2.13;0;2;0;535.571428571429;0;201.714285714286
3312;Plus;Raak;192;22567;1.57;2.09;1.59;2.12;0;0;0;832.142857142857;0;195.285714285714
3313;Plus;Raak;193;23382;1.58;2.11;1.6;2.13;0;0;0;1233.14285714286;0;198.714285714286
3314;Plus;Raak;194;24878;1.58;2.11;1.59;2.13;0;0;0;2039.57142857143;0;242.142857142857
3315;Plus;Raak;195;24726;1.57;2.1;1.58;2.11;0;0;0;2892.57142857143;0;201
3316;Plus;Raak;196;32888;1.46;1.95;1.57;2.09;0;0;0;4163.28571428571;0;162.857142857143
3317;Plus;Raak;197;85020;1.27;1.7;1.58;2.11;66;2;100;6596.42857142857;0;147.285714285714
3318;Plus;Raak;198;17065;1.54;2.05;1.56;2.09;0;2;0;8138.71428571429;0;127.857142857143
3319;Plus;Raak;199;18975;1.54;2.05;1.58;2.11;0;0;0;9551;0;156.428571428571
3320;Plus;Raak;200;21017;1.54;2.05;1.56;2.08;0;0;0;9076;0;140.714285714286
3321;Plus;Raak;201;22233;1.58;2.11;1.54;2.06;0;5;0;5899.42857142857;0;143.428571428571
3322;Plus;Raak;202;22125;1.59;2.13;1.55;2.06;0;0;0;5256.14285714286;0;143.285714285714
3323;Plus;Raak;203;22625;1.59;2.13;1.59;2.12;0;3;0;5291.57142857143;0;123
3324;Plus;Raak;204;23008;1.61;2.15;1.59;2.12;0;2;0;4827.28571428571;0;92.1428571428571
3325;Plus;Raak;205;22290;1.64;2.18;1.6;2.13;0;0;0;6360.14285714286;0;68.7142857142857
3326;Plus;Raak;206;22038;1.64;2.18;1.62;2.16;0;0;0;8968.71428571429;0;48.2857142857143
3327;Plus;Raak;207;23616;1.64;2.19;1.64;2.19;0;0;0;11617.8571428571;0;103.428571428571
3328;Plus;Raak;208;18585;1.65;2.2;1.64;2.19;0;0;0;9461.28571428571;1;100
3329;Plus;Slimpie;1;5564;1.82;3.27;1.79;3.19;0;0;0;0;1;42.1428571428571
3330;Plus;Slimpie;2;6244;1.84;3.31;1.81;3.3;0;0;0;0;0;66.8571428571429
3331;Plus;Slimpie;3;5947;1.84;3.3;1.83;3.27;0;0;0;0;0;26.5714285714286
3332;Plus;Slimpie;4;6291;1.81;3.22;1.84;3.32;0;0;0;0;0;33.2857142857143
3333;Plus;Slimpie;5;6262;1.81;3.26;1.85;3.37;0;0;0;0;0;81.4285714285714
3334;Plus;Slimpie;6;6132;1.8;3.25;1.84;3.32;0;0;0;0;0;25.4285714285714
3335;Plus;Slimpie;7;6197;1.8;3.23;1.83;3.27;0;0;0;0;0;87.5714285714286
3336;Plus;Slimpie;8;6296;1.79;3.22;1.82;3.29;0;0;0;0;0;100.142857142857
3337;Plus;Slimpie;9;5997;1.8;3.24;1.81;3.25;0;0;0;0;0;96.1428571428571
3338;Plus;Slimpie;10;6428;1.79;3.22;1.79;3.19;0;0;0;0;0;110.142857142857
3339;Plus;Slimpie;11;9469;1.7;3.03;1.78;3.19;0;0;0;0;0;138.714285714286
3340;Plus;Slimpie;12;30432;1.52;2.69;1.79;3.22;87;0;95;0;0;127
3341;Plus;Slimpie;13;5935;1.8;3.3;1.78;3.2;0;3;0;0;0;175
3342;Plus;Slimpie;14;6342;1.81;3.28;1.8;3.25;0;0;0;0;0;145.142857142857
3343;Plus;Slimpie;15;6451;1.8;3.24;1.79;3.23;0;0;0;0;1;143.714285714286
3344;Plus;Slimpie;16;6677;1.81;3.3;1.8;3.27;0;0;0;0;1;114.571428571429
3345;Plus;Slimpie;17;7035;1.81;3.31;1.8;3.25;0;0;0;0;1;116.142857142857
3346;Plus;Slimpie;18;7124;1.81;3.28;1.81;3.29;0;0;0;0;1;151
3347;Plus;Slimpie;19;7442;1.82;3.31;1.8;3.24;0;0;0;0;0;177.428571428571
3348;Plus;Slimpie;20;8181;1.82;3.3;1.82;3.3;0;0;0;0;0;215.428571428571
3349;Plus;Slimpie;21;9141;1.83;3.36;1.83;3.29;0;0;0;0;1;242.285714285714
3350;Plus;Slimpie;22;9871;1.83;3.36;1.81;3.28;0;0;0;0;0;246.142857142857
3351;Plus;Slimpie;23;7366;1.83;3.37;1.85;3.38;0;0;0;0;1;205.571428571429
3352;Plus;Slimpie;24;7225;1.82;3.32;1.82;3.32;0;0;0;0;0;225.285714285714
3353;Plus;Slimpie;25;9463;1.8;3.3;1.81;3.28;0;2;0;0;0;267.285714285714
3354;Plus;Slimpie;26;6997;1.82;3.32;1.83;3.36;0;0;0;0;0;209.714285714286
3355;Plus;Slimpie;27;7606;1.83;3.35;1.82;3.29;0;0;0;0;0;238
3356;Plus;Slimpie;28;7129;1.82;3.32;1.81;3.25;0;0;0;0;0;212.285714285714
3357;Plus;Slimpie;29;7822;1.82;3.34;1.81;3.27;0;0;0;0;0;244.142857142857
3358;Plus;Slimpie;30;6648;1.82;3.32;1.82;3.32;0;0;0;0;0;208.285714285714
3359;Plus;Slimpie;31;6364;1.82;3.35;1.83;3.39;0;0;0;0;0;221.571428571429
3360;Plus;Slimpie;32;6079;1.81;3.29;1.82;3.3;0;0;0;0;0;210.857142857143
3361;Plus;Slimpie;33;6276;1.83;3.32;1.81;3.26;0;0;0;0;0;214.714285714286
3362;Plus;Slimpie;34;7432;1.82;3.28;1.8;3.25;0;1;0;0;0;228.142857142857
3363;Plus;Slimpie;35;7743;1.82;3.29;1.83;3.26;0;2;0;0;0;230.571428571429
3364;Plus;Slimpie;36;9620;1.71;3.07;1.84;3.3;0;3;0;0;0;190.857142857143
3365;Plus;Slimpie;37;28991;1.52;2.69;1.81;3.24;64;0;51;0;0;163.857142857143
3366;Plus;Slimpie;38;5467;1.79;3.26;1.83;3.26;0;6;0;0;0;177.714285714286
3367;Plus;Slimpie;39;5555;1.83;3.32;1.83;3.33;0;3;0;0;0;192.714285714286
3368;Plus;Slimpie;40;5525;1.82;3.29;1.82;3.32;0;0;0;0;0;160.285714285714
3369;Plus;Slimpie;41;5888;1.8;3.21;1.81;3.27;0;0;0;0;0;163.142857142857
3370;Plus;Slimpie;42;6345;1.8;3.23;1.81;3.29;0;0;0;0;0;194.714285714286
3371;Plus;Slimpie;43;14182;1.33;2.34;1.81;3.23;0;0;0;0;0;156.857142857143
3372;Plus;Slimpie;44;63403;1.01;1.75;1.81;3.22;64;0;98;0;0;130.714285714286
3373;Plus;Slimpie;45;4974;1.7;3.02;1.83;3.28;0;4;0;0;0;102.142857142857
3374;Plus;Slimpie;46;4760;1.81;3.24;1.8;3.19;0;0;0;0;0;96.2857142857143
3375;Plus;Slimpie;47;5566;1.81;3.22;1.81;3.24;0;0;0;0;0;112
3376;Plus;Slimpie;48;5802;1.81;3.22;1.81;3.22;0;0;0;0;0;53.1428571428571
3377;Plus;Slimpie;49;5813;1.8;3.2;1.82;3.24;0;0;0;0;0;74.1428571428571
3378;Plus;Slimpie;50;5961;1.81;3.22;1.81;3.18;0;0;0;0;0;45.8571428571429
3379;Plus;Slimpie;51;7280;1.8;3.19;1.82;3.23;0;0;0;0;0;84
3380;Plus;Slimpie;52;4985;1.81;3.24;1.83;3.3;0;0;0;0;1;81.2857142857143
3381;Plus;Slimpie;53;6104;1.8;3.22;1.81;3.21;0;0;0;0;1;98.2857142857143
3382;Plus;Slimpie;54;6812;1.8;3.22;1.81;3.2;0;0;0;0;0;57.7142857142857
3383;Plus;Slimpie;55;6595;1.8;3.21;1.8;3.18;0;0;0;0;0;66.8571428571429
3384;Plus;Slimpie;56;6659;1.8;3.21;1.8;3.17;0;0;0;0;0;94.1428571428571
3385;Plus;Slimpie;57;6390;1.8;3.21;1.8;3.21;0;0;0;0;0;79.8571428571429
3386;Plus;Slimpie;58;6285;1.8;3.21;1.81;3.23;0;0;0;0;0;35.4285714285714
3387;Plus;Slimpie;59;6437;1.79;3.18;1.79;3.16;0;0;0;0;0;73.7142857142857
3388;Plus;Slimpie;60;6861;1.8;3.22;1.8;3.17;0;0;0;0;0;45.4285714285714
3389;Plus;Slimpie;61;6484;1.79;3.19;1.81;3.23;0;0;0;0;0;-4.71428571428571
3390;Plus;Slimpie;62;6653;1.79;3.19;1.79;3.16;0;0;0;0;0;108.571428571429
3391;Plus;Slimpie;63;6669;1.77;3.14;1.79;3.2;0;0;0;0;0;93
3392;Plus;Slimpie;64;6792;1.78;3.18;1.79;3.21;0;0;0;0;0;73.5714285714286
3393;Plus;Slimpie;65;7502;1.74;3.11;1.78;3.19;0;0;0;0;1;111
3394;Plus;Slimpie;66;32618;1.52;2.64;1.79;3.16;51;0;98;0;1;139.571428571429
3395;Plus;Slimpie;67;6371;1.69;3.03;1.8;3.26;0;4;0;0;0;176.428571428571
3396;Plus;Slimpie;68;7169;1.7;3.08;1.77;3.15;0;0;0;0;0;218.714285714286
3397;Plus;Slimpie;69;6898;1.7;3.06;1.78;3.21;0;0;0;0;1;166.428571428571
3398;Plus;Slimpie;70;6677;1.68;3.09;1.71;3.04;0;0;0;0;1;158.857142857143
3399;Plus;Slimpie;71;8206;1.67;3.02;1.69;3.01;0;0;0;0;1;231.142857142857
3400;Plus;Slimpie;72;7433;1.74;3.16;1.68;2.94;0;2;0;0;0;187.714285714286
3401;Plus;Slimpie;73;8614;1.76;3.11;1.67;2.96;0;0;0;0;1;253
3402;Plus;Slimpie;74;9185;1.75;3.11;1.74;3.07;0;0;0;0;0;258.285714285714
3403;Plus;Slimpie;75;7796;1.76;3.11;1.76;3.08;0;0;0;0;0;240.142857142857
3404;Plus;Slimpie;76;7142;1.77;3.16;1.76;3.09;0;4;0;0;0;209.428571428571
3405;Plus;Slimpie;77;6969;1.79;3.13;1.77;3.11;0;0;0;0;0;196.428571428571
3406;Plus;Slimpie;78;7636;1.79;3.12;1.79;3.11;0;0;0;0;0;237.285714285714
3407;Plus;Slimpie;79;9232;1.77;3.08;1.8;3.12;0;0;0;0;0;255.714285714286
3408;Plus;Slimpie;80;11825;1.68;2.91;1.8;3.12;0;0;0;0;0;236.142857142857
3409;Plus;Slimpie;81;37072;1.52;2.63;2.11;3.66;74;0;94;0;0;268
3410;Plus;Slimpie;82;10590;1.81;3.13;1.8;3.13;0;7;0;0;0;306.142857142857
3411;Plus;Slimpie;83;9499;1.84;3.18;1.78;3.09;0;2;0;0;0;286
3412;Plus;Slimpie;84;8582;1.83;3.18;1.82;3.15;0;0;0;0;0;255.571428571429
3413;Plus;Slimpie;85;7357;1.82;3.14;1.84;3.18;0;0;0;0;0;233.142857142857
3414;Plus;Slimpie;86;7683;1.81;3.13;1.85;3.21;0;0;0;0;0;222.428571428571
3415;Plus;Slimpie;87;6629;1.79;3.1;1.84;3.19;0;0;0;0;0;198
3416;Plus;Slimpie;88;6939;1.79;3.08;1.83;3.17;0;0;0;0;0;210.857142857143
3417;Plus;Slimpie;89;6753;1.81;3.13;1.82;3.14;0;0;0;0;0;206.285714285714
3418;Plus;Slimpie;90;7544;1.78;3.08;1.8;3.11;0;0;0;0;0;220.285714285714
3419;Plus;Slimpie;91;6808;1.75;3.02;1.79;3.1;0;0;0;0;0;164.285714285714
3420;Plus;Slimpie;92;6585;1.74;2.99;1.8;3.1;0;0;0;0;0;177
3421;Plus;Slimpie;93;7115;1.71;2.95;1.8;3.1;0;0;0;0;0;209.714285714286
3422;Plus;Slimpie;94;7346;1.69;2.92;1.79;3.09;0;0;0;0;0;199
3423;Plus;Slimpie;95;11088;1.52;2.62;1.73;2.98;0;0;0;0;0;141.714285714286
3424;Plus;Slimpie;96;35789;1.3;2.23;1.74;3.01;43;0;96;0;0;99.7142857142857
3425;Plus;Slimpie;97;6706;1.63;2.81;1.71;2.95;0;18;0;0;0;134.714285714286
3426;Plus;Slimpie;98;6449;1.68;2.91;1.68;2.89;0;3;0;0;0;115.857142857143
3427;Plus;Slimpie;99;6790;1.71;2.95;1.7;2.94;0;5;0;0;0;55.8571428571429
3428;Plus;Slimpie;100;7335;1.71;2.95;1.71;2.95;0;3;0;0;0;82.5714285714286
3429;Plus;Slimpie;101;6676;1.71;2.94;1.71;2.94;0;3;0;0;0;114
3430;Plus;Slimpie;102;6812;1.71;2.95;1.71;2.95;0;4;0;0;0;51.8571428571429
3431;Plus;Slimpie;103;7409;1.71;2.95;1.71;2.95;0;0;0;0;0;87.4285714285714
3432;Plus;Slimpie;104;5464;1.71;2.94;1.71;2.94;0;0;0;0;1;73.1428571428571
3433;Plus;Slimpie;105;6664;1.75;3.01;1.71;2.95;0;0;0;0;1;81.2857142857143
3434;Plus;Slimpie;106;7528;1.75;3.02;1.71;2.94;0;0;0;0;0;80.2857142857143
3435;Plus;Slimpie;107;7236;1.75;3.02;1.74;3;0;3;0;0;0;65.2857142857143
3436;Plus;Slimpie;108;7669;1.76;3.03;1.76;3.03;0;0;0;0;0;29.8571428571429
3437;Plus;Slimpie;109;7868;1.76;3.03;1.75;3.02;0;0;0;0;0;36.7142857142857
3438;Plus;Slimpie;110;7917;1.75;3.03;1.75;3.03;0;0;0;0;0;75.4285714285714
3439;Plus;Slimpie;111;7553;1.75;3.02;1.75;3.02;0;0;0;0;0;109.142857142857
3440;Plus;Slimpie;112;7899;1.76;3.03;1.76;3.03;0;0;0;0;0;124.714285714286
3441;Plus;Slimpie;113;8123;1.76;3.04;1.76;3.04;0;0;0;0;0;148.142857142857
3442;Plus;Slimpie;114;7815;1.76;3.04;1.76;3.03;0;0;0;0;0;117.428571428571
3443;Plus;Slimpie;115;12404;1.66;2.86;1.75;3.02;0;0;0;0;0;105
3444;Plus;Slimpie;116;39543;1.51;2.61;1.76;3.03;53;0;100;0;0;121.714285714286
3445;Plus;Slimpie;117;6784;1.74;2.99;1.76;3.03;0;11;0;0;0;129.428571428571
3446;Plus;Slimpie;118;6714;1.76;3.03;1.76;3.03;0;0;0;0;0;128.857142857143
3447;Plus;Slimpie;119;7181;1.76;3.03;1.76;3.03;0;0;0;0;0;137.142857142857
3448;Plus;Slimpie;120;7950;1.76;3.03;1.77;3.05;0;0;0;0;1;188.142857142857
3449;Plus;Slimpie;121;8054;1.76;3.03;1.76;3.04;0;0;0;0;1;204.285714285714
3450;Plus;Slimpie;122;7799;1.76;3.03;1.75;3.02;0;0;0;0;0;131
3451;Plus;Slimpie;123;7600;1.75;3.02;1.76;3.03;0;0;0;0;1;137.142857142857
3452;Plus;Slimpie;124;8140;1.75;3.02;1.77;3.05;0;0;0;0;0;168.571428571429
3453;Plus;Slimpie;125;8544;1.75;3.03;1.76;3.03;0;0;0;0;0;188.142857142857
3454;Plus;Slimpie;126;8903;1.76;3.03;1.77;3.05;0;0;0;0;1;201.428571428571
3455;Plus;Slimpie;127;9318;1.76;3.03;1.75;3.03;0;0;0;0;0;219
3456;Plus;Slimpie;128;7607;1.76;3.03;1.76;3.03;0;0;0;0;1;202.571428571429
3457;Plus;Slimpie;129;10409;1.76;3.03;1.76;3.03;0;0;0;0;0;233.857142857143
3458;Plus;Slimpie;130;12557;1.76;3.04;1.76;3.04;0;0;0;0;0;273.428571428571
3459;Plus;Slimpie;131;9492;1.76;3.04;1.77;3.05;0;0;0;0;0;222.428571428571
3460;Plus;Slimpie;132;8083;1.76;3.04;1.76;3.03;0;0;0;0;0;197
3461;Plus;Slimpie;133;8188;1.78;3.08;1.77;3.04;0;0;0;0;0;217.571428571429
3462;Plus;Slimpie;134;12774;1.79;3.09;1.78;3.06;0;2;0;0;0;315.428571428571
3463;Plus;Slimpie;135;8712;1.78;3.08;1.78;3.07;0;0;0;0;0;233.714285714286
3464;Plus;Slimpie;136;8247;1.78;3.07;1.79;3.08;0;0;0;0;0;239.285714285714
3465;Plus;Slimpie;137;7923;1.8;3.1;1.77;3.06;0;0;0;0;0;206.142857142857
3466;Plus;Slimpie;138;8591;1.8;3.11;1.79;3.08;0;0;0;0;0;233.428571428571
3467;Plus;Slimpie;139;10443;1.8;3.11;1.81;3.11;0;0;0;0;0;281.142857142857
3468;Plus;Slimpie;140;11987;1.69;2.92;1.79;3.08;0;0;0;0;0;190.285714285714
3469;Plus;Slimpie;141;33344;1.52;2.61;1.8;3.1;67;0;95;0;0;195.571428571429
3470;Plus;Slimpie;142;6004;1.76;3.03;1.81;3.12;0;7;0;0;0;192
3471;Plus;Slimpie;143;6316;1.82;3.13;1.8;3.1;0;0;0;0;0;192.428571428571
3472;Plus;Slimpie;144;5997;1.83;3.15;1.78;3.06;0;0;0;0;0;157.142857142857
3473;Plus;Slimpie;145;6109;1.83;3.15;1.81;3.13;0;0;0;0;0;142.714285714286
3474;Plus;Slimpie;146;6762;1.82;3.14;1.83;3.15;0;0;0;0;0;166.857142857143
3475;Plus;Slimpie;147;7274;1.81;3.12;1.82;3.14;0;0;0;0;0;164.428571428571
3476;Plus;Slimpie;148;7376;1.79;3.08;1.83;3.15;0;0;0;0;0;124.285714285714
3477;Plus;Slimpie;149;7192;1.78;3.07;1.83;3.15;0;0;0;0;0;110.428571428571
3478;Plus;Slimpie;150;7059;1.77;3.06;1.82;3.14;0;0;0;0;0;74.5714285714286
3479;Plus;Slimpie;151;12121;1.55;2.67;1.8;3.1;0;0;0;0;0;78.7142857142857
3480;Plus;Slimpie;152;40122;1.27;2.2;1.79;3.09;60;0;95;0;0;103.714285714286
3481;Plus;Slimpie;153;6033;1.74;3;1.78;3.07;0;5;0;0;0;75.2857142857143
3482;Plus;Slimpie;154;6169;1.77;3.05;1.77;3.06;0;0;0;0;0;79.7142857142857
3483;Plus;Slimpie;155;7221;1.75;3.01;1.77;3.06;0;0;0;0;0;107.571428571429
3484;Plus;Slimpie;156;5613;1.74;3.01;1.77;3.05;0;0;0;0;1;77.5714285714286
3485;Plus;Slimpie;157;6972;1.74;3.01;1.77;3.06;0;0;0;0;1;67.5714285714286
3486;Plus;Slimpie;158;7897;1.74;3.01;1.77;3.05;0;0;0;0;0;92.7142857142857
3487;Plus;Slimpie;159;7571;1.74;3;1.75;3.02;0;0;0;0;0;105.571428571429
3488;Plus;Slimpie;160;7901;1.74;3.01;1.74;3;0;0;0;0;0;52
3489;Plus;Slimpie;161;7992;1.75;3.01;1.75;3.01;0;0;0;0;0;98.7142857142857
3490;Plus;Slimpie;162;8133;1.74;3.01;1.75;3.01;0;0;0;0;0;93.5714285714286
3491;Plus;Slimpie;163;7664;1.74;3.01;1.75;3.02;0;0;0;0;0;98.5714285714286
3492;Plus;Slimpie;164;7682;1.74;3.01;1.74;3;0;0;0;0;0;108
3493;Plus;Slimpie;165;8466;1.73;2.99;1.74;3;0;0;0;5.42857142857143;0;93.5714285714286
3494;Plus;Slimpie;166;8507;1.73;2.98;1.75;3.01;0;0;0;66.4285714285714;0;88.8571428571429
3495;Plus;Slimpie;167;12263;1.73;2.98;1.74;3;0;0;0;221.142857142857;0;111.428571428571
3496;Plus;Slimpie;168;11817;1.73;2.99;1.74;3;0;0;0;623;0;113.428571428571
3497;Plus;Slimpie;169;9062;1.74;3;1.74;2.99;0;0;0;1028.85714285714;0;117.142857142857
3498;Plus;Slimpie;170;8887;1.74;2.99;1.73;2.99;0;0;0;990.714285714286;0;103.571428571429
3499;Plus;Slimpie;171;10246;1.74;3;1.74;3;0;0;0;1086.28571428571;1;209.857142857143
3500;Plus;Slimpie;172;9789;1.73;2.99;1.74;2.99;0;0;0;955.571428571429;1;166.285714285714
3501;Plus;Slimpie;173;16968;1.54;2.66;1.74;3;0;0;0;565.714285714286;0;189
3502;Plus;Slimpie;174;46672;1.27;2.19;1.74;2.99;100;0;0;359.571428571429;1;154.857142857143
3503;Plus;Slimpie;175;8381;1.67;2.89;1.75;3.02;0;0;0;270.285714285714;1;188.571428571429
3504;Plus;Slimpie;176;8457;1.73;2.98;1.73;2.98;0;0;0;176.571428571429;0;147.714285714286
3505;Plus;Slimpie;177;9885;1.72;2.96;1.74;2.99;0;0;0;188.714285714286;1;219.142857142857
3506;Plus;Slimpie;178;11157;1.71;2.95;1.73;2.98;0;0;0;137.857142857143;0;208.428571428571
3507;Plus;Slimpie;179;10837;1.7;2.94;1.72;2.96;0;0;0;193.428571428571;1;207.142857142857
3508;Plus;Slimpie;180;16269;1.5;2.58;1.69;2.92;0;0;0;159.571428571429;0;203.285714285714
3509;Plus;Slimpie;181;53653;1.27;2.19;1.7;2.93;74;0;92;85.7142857142857;0;226
3510;Plus;Slimpie;182;11477;1.66;2.86;1.68;2.89;0;2;0;75.8571428571429;0;267.571428571429
3511;Plus;Slimpie;183;9357;1.69;2.91;1.69;2.91;0;0;0;58.7142857142857;0;202.571428571429
3512;Plus;Slimpie;184;8562;1.69;2.91;1.68;2.9;0;0;0;72.2857142857143;0;188
3513;Plus;Slimpie;185;8726;1.69;2.91;1.69;2.91;0;0;0;141.285714285714;0;215.428571428571
3514;Plus;Slimpie;186;8994;1.69;2.91;1.69;2.92;0;0;0;197.142857142857;0;222
3515;Plus;Slimpie;187;9415;1.68;2.9;1.69;2.91;0;0;0;394.285714285714;0;242
3516;Plus;Slimpie;188;12183;1.69;2.91;1.69;2.91;0;3;0;606.571428571429;0;275.428571428571
3517;Plus;Slimpie;189;14230;1.66;2.86;1.69;2.91;0;0;0;556.857142857143;0;315.571428571429
3518;Plus;Slimpie;190;11760;1.66;2.85;1.69;2.91;0;5;0;512.714285714286;0;265.571428571429
3519;Plus;Slimpie;191;9880;1.72;2.97;1.68;2.89;0;0;0;535.571428571429;0;201.714285714286
3520;Plus;Slimpie;192;9195;1.74;2.99;1.67;2.88;0;0;0;832.142857142857;0;195.285714285714
3521;Plus;Slimpie;193;9318;1.74;2.99;1.73;2.98;0;0;0;1233.14285714286;0;198.714285714286
3522;Plus;Slimpie;194;13922;1.57;2.7;1.72;2.97;0;0;0;2039.57142857143;0;242.142857142857
3523;Plus;Slimpie;195;37807;1.27;2.2;1.73;2.99;62;0;96;2892.57142857143;0;201
3524;Plus;Slimpie;196;7847;1.62;2.79;1.74;3;0;7;0;4163.28571428571;0;162.857142857143
3525;Plus;Slimpie;197;7426;1.64;2.83;1.73;2.99;0;0;0;6596.42857142857;0;147.285714285714
3526;Plus;Slimpie;198;7997;1.65;2.84;1.68;2.9;0;0;0;8138.71428571429;0;127.857142857143
3527;Plus;Slimpie;199;8220;1.61;2.77;1.65;2.85;0;0;0;9551;0;156.428571428571
3528;Plus;Slimpie;200;8871;1.6;2.76;1.64;2.83;0;0;0;9076;0;140.714285714286
3529;Plus;Slimpie;201;8985;1.6;2.76;1.64;2.84;0;0;0;5899.42857142857;0;143.428571428571
3530;Plus;Slimpie;202;8897;1.6;2.76;1.64;2.83;0;0;0;5256.14285714286;0;143.285714285714
3531;Plus;Slimpie;203;8883;1.6;2.76;1.61;2.77;0;0;0;5291.57142857143;0;123
3532;Plus;Slimpie;204;9293;1.59;2.74;1.6;2.76;0;0;0;4827.28571428571;0;92.1428571428571
3533;Plus;Slimpie;205;8470;1.59;2.74;1.6;2.76;0;0;0;6360.14285714286;0;68.7142857142857
3534;Plus;Slimpie;206;8689;1.59;2.74;1.6;2.76;0;0;0;8968.71428571429;0;48.2857142857143
3535;Plus;Slimpie;207;9547;1.59;2.74;1.6;2.76;0;0;0;11617.8571428571;0;103.428571428571
3536;Plus;Slimpie;208;7192;1.59;2.74;1.59;2.74;0;0;0;9461.28571428571;1;100
3537;Plus;Teisseire;1;1970;2.69;4.04;2.69;3.98;0;0;0;0;1;42.1428571428571
3538;Plus;Teisseire;2;2095;2.69;3.98;2.69;4.03;0;0;0;0;0;66.8571428571429
3539;Plus;Teisseire;3;2110;2.68;3.97;2.71;3.9;0;0;0;0;0;26.5714285714286
3540;Plus;Teisseire;4;2057;2.69;4.02;2.71;4.17;0;0;0;0;0;33.2857142857143
3541;Plus;Teisseire;5;2157;2.68;3.99;2.71;4.02;0;0;0;0;0;81.4285714285714
3542;Plus;Teisseire;6;2063;2.67;4.1;2.69;3.84;0;0;0;0;0;25.4285714285714
3543;Plus;Teisseire;7;2174;2.7;4.18;2.68;3.96;0;0;0;0;0;87.5714285714286
3544;Plus;Teisseire;8;2238;2.71;4.18;2.69;3.85;0;0;0;0;0;100.142857142857
3545;Plus;Teisseire;9;2163;2.72;4.1;2.71;3.95;0;0;0;0;0;96.1428571428571
3546;Plus;Teisseire;10;2275;2.72;4.07;2.73;3.98;0;0;0;0;0;110.142857142857
3547;Plus;Teisseire;11;2195;2.66;4.11;2.59;4.04;0;0;0;0;0;138.714285714286
3548;Plus;Teisseire;12;2228;2.69;4.12;2.71;3.93;0;0;0;0;0;127
3549;Plus;Teisseire;13;2484;2.69;4.13;2.72;4.13;0;0;0;0;0;175
3550;Plus;Teisseire;14;2467;2.71;4.17;2.69;4.18;0;0;0;0;0;145.142857142857
3551;Plus;Teisseire;15;1930;2.69;4.36;2.71;4.21;0;0;0;0;1;143.714285714286
3552;Plus;Teisseire;16;2674;2.69;4.24;2.73;4.14;0;0;0;0;1;114.571428571429
3553;Plus;Teisseire;17;2884;2.67;4.14;2.71;4.23;0;0;0;0;1;116.142857142857
3554;Plus;Teisseire;18;2977;2.65;4.25;2.6;4.39;0;4;0;0;1;151
3555;Plus;Teisseire;19;2988;2.68;4.18;2.67;4.3;0;0;0;0;0;177.428571428571
3556;Plus;Teisseire;20;3213;2.71;4.14;2.72;4.11;0;0;0;0;0;215.428571428571
3557;Plus;Teisseire;21;4510;2.7;4.23;2.71;4.16;0;0;0;0;1;242.285714285714
3558;Plus;Teisseire;22;3986;2.7;4.3;2.7;4.27;0;0;0;0;0;246.142857142857
3559;Plus;Teisseire;23;3409;2.71;4.27;2.71;4.29;0;0;0;0;1;205.571428571429
3560;Plus;Teisseire;24;3769;2.71;4.23;2.71;4.27;0;0;0;0;0;225.285714285714
3561;Plus;Teisseire;25;4547;2.71;4.2;2.71;4.28;0;0;0;0;0;267.285714285714
3562;Plus;Teisseire;26;3120;2.7;4.26;2.7;4.24;0;0;0;0;0;209.714285714286
3563;Plus;Teisseire;27;3832;2.7;4.26;2.7;4.2;0;0;0;0;0;238
3564;Plus;Teisseire;28;3243;2.67;4.27;2.66;4.34;0;0;0;0;0;212.285714285714
3565;Plus;Teisseire;29;3840;2.59;4.2;2.5;3.79;0;0;0;0;0;244.142857142857
3566;Plus;Teisseire;30;3002;2.56;4.08;2.5;3.96;0;0;0;0;0;208.285714285714
3567;Plus;Teisseire;31;2825;2.66;4.27;2.58;4.08;0;0;0;0;0;221.571428571429
3568;Plus;Teisseire;32;2866;2.62;4.09;2.44;3.8;0;0;0;0;0;210.857142857143
3569;Plus;Teisseire;33;2796;2.68;4.18;2.58;3.93;0;0;0;0;0;214.714285714286
3570;Plus;Teisseire;34;3314;2.7;4.18;2.65;4.28;0;0;0;0;0;228.142857142857
3571;Plus;Teisseire;35;3029;2.69;4.13;2.69;4.14;0;0;0;0;0;230.571428571429
3572;Plus;Teisseire;36;2633;2.66;4.16;2.67;4.13;0;0;0;0;0;190.857142857143
3573;Plus;Teisseire;37;2552;2.72;4.14;2.73;4.13;0;0;0;0;0;163.857142857143
3574;Plus;Teisseire;38;2454;2.73;4.23;2.76;4.21;0;0;0;0;0;177.714285714286
3575;Plus;Teisseire;39;2714;2.73;4.28;2.78;4.33;0;0;0;0;0;192.714285714286
3576;Plus;Teisseire;40;2396;2.72;4.2;2.81;4.29;0;0;0;0;0;160.285714285714
3577;Plus;Teisseire;41;2348;2.71;4.24;2.75;4.2;0;0;0;0;0;163.142857142857
3578;Plus;Teisseire;42;2534;2.72;4.23;2.74;4.35;0;0;0;0;0;194.714285714286
3579;Plus;Teisseire;43;2492;2.72;4.24;2.73;4.24;0;0;0;0;0;156.857142857143
3580;Plus;Teisseire;44;2411;2.72;4.22;2.74;4.3;0;0;0;0;0;130.714285714286
3581;Plus;Teisseire;45;3349;2.41;3.56;2.66;4.05;0;0;0;0;0;102.142857142857
3582;Plus;Teisseire;46;12665;2;2.78;2.69;4.23;97;10;70;0;0;96.2857142857143
3583;Plus;Teisseire;47;2631;2.42;3.77;2.75;4.35;0;9;0;0;0;112
3584;Plus;Teisseire;48;2143;2.59;3.99;2.72;4.14;0;4;0;0;0;53.1428571428571
3585;Plus;Teisseire;49;2101;2.68;4.1;2.7;4.19;0;0;0;0;0;74.1428571428571
3586;Plus;Teisseire;50;2059;2.68;4.21;2.69;3.99;0;0;0;0;0;45.8571428571429
3587;Plus;Teisseire;51;2662;2.72;4.15;2.7;4.23;0;0;0;0;0;84
3588;Plus;Teisseire;52;1785;2.72;4.19;2.71;4.15;0;0;0;0;1;81.2857142857143
3589;Plus;Teisseire;53;2085;2.73;4.21;2.69;4.12;0;0;0;0;1;98.2857142857143
3590;Plus;Teisseire;54;2408;2.72;4.29;2.7;4.27;0;0;0;0;0;57.7142857142857
3591;Plus;Teisseire;55;2478;2.75;4.28;2.73;4.1;0;0;0;0;0;66.8571428571429
3592;Plus;Teisseire;56;2641;2.78;4.25;2.72;4.2;0;0;0;0;0;94.1428571428571
3593;Plus;Teisseire;57;2991;2.78;4.25;2.75;4.22;0;0;0;0;0;79.8571428571429
3594;Plus;Teisseire;58;2873;2.78;4.26;2.76;4.28;0;0;0;0;0;35.4285714285714
3595;Plus;Teisseire;59;2940;2.78;4.22;2.76;4.19;0;0;0;0;0;73.7142857142857
3596;Plus;Teisseire;60;3074;2.78;4.31;2.77;4.11;0;0;0;0;0;45.4285714285714
3597;Plus;Teisseire;61;2947;2.78;4.21;2.77;4.23;0;0;0;0;0;-4.71428571428571
3598;Plus;Teisseire;62;3261;2.78;4.28;2.77;4.3;0;0;0;0;0;108.571428571429
3599;Plus;Teisseire;63;3004;2.78;4.18;2.78;4.18;0;0;0;0;0;93
3600;Plus;Teisseire;64;2957;2.77;4.19;2.78;4.18;0;0;0;0;0;73.5714285714286
3601;Plus;Teisseire;65;3004;2.74;4.2;2.78;4.25;0;7;0;0;1;111
3602;Plus;Teisseire;66;3047;2.74;4.21;2.77;4.15;0;0;0;0;1;139.571428571429
3603;Plus;Teisseire;67;3330;2.71;4.18;2.77;4.18;0;0;0;0;0;176.428571428571
3604;Plus;Teisseire;68;4356;2.7;4.19;2.78;4.14;0;0;0;0;0;218.714285714286
3605;Plus;Teisseire;69;3558;2.7;4.27;2.77;4.05;0;0;0;0;1;166.428571428571
3606;Plus;Teisseire;70;3723;2.68;4.2;2.72;4.16;0;0;0;0;1;158.857142857143
3607;Plus;Teisseire;71;4321;2.69;4.19;2.79;4.1;0;0;0;0;1;231.142857142857
3608;Plus;Teisseire;72;4127;2.68;4.25;2.85;4.27;0;0;0;0;0;187.714285714286
3609;Plus;Teisseire;73;5137;2.67;4.16;2.68;4.09;0;0;0;0;1;253
3610;Plus;Teisseire;74;5420;2.67;4.17;2.67;4.08;0;0;0;0;0;258.285714285714
3611;Plus;Teisseire;75;4580;2.68;4.23;2.7;4.13;0;0;0;0;0;240.142857142857
3612;Plus;Teisseire;76;3808;2.71;4.25;2.71;4.17;0;0;0;0;0;209.428571428571
3613;Plus;Teisseire;77;3387;2.71;4.27;2.69;4.3;0;0;0;0;0;196.428571428571
3614;Plus;Teisseire;78;6048;2.42;3.74;2.69;4.29;0;0;0;0;0;237.285714285714
3615;Plus;Teisseire;79;21047;2;2.89;2.71;4.21;95;0;42;0;0;255.714285714286
3616;Plus;Teisseire;80;4184;2.56;4.31;2.66;4.28;0;2;0;0;0;236.142857142857
3617;Plus;Teisseire;81;4911;2.68;4.39;2.68;4.22;0;0;0;0;0;268
3618;Plus;Teisseire;82;6089;2.69;4.31;2.68;4.3;0;0;0;0;0;306.142857142857
3619;Plus;Teisseire;83;5696;2.7;4.24;2.68;4.39;0;0;0;0;0;286
3620;Plus;Teisseire;84;6567;2.43;3.66;2.65;4.2;0;0;0;0;0;255.571428571429
3621;Plus;Teisseire;85;18589;2.01;2.83;2.71;4.2;80;0;95;0;0;233.142857142857
3622;Plus;Teisseire;86;3597;2.57;3.98;2.66;4.14;0;5;0;0;0;222.428571428571
3623;Plus;Teisseire;87;2868;2.71;4.38;2.72;4.31;0;5;0;0;0;198
3624;Plus;Teisseire;88;2856;2.69;4.25;2.71;4.24;0;0;0;0;0;210.857142857143
3625;Plus;Teisseire;89;2893;2.7;4.2;2.73;4.23;0;0;0;0;0;206.285714285714
3626;Plus;Teisseire;90;3044;2.7;4.25;2.74;4.31;0;0;0;0;0;220.285714285714
3627;Plus;Teisseire;91;6020;1.99;2.89;2.81;4.43;0;0;0;0;0;164.285714285714
3628;Plus;Teisseire;92;26695;1.44;2.02;2.73;4.38;85;0;96;0;0;177
3629;Plus;Teisseire;93;3040;2.29;3.6;2.62;4.23;0;13;0;0;0;209.714285714286
3630;Plus;Teisseire;94;2669;2.61;4.19;2.74;4.37;0;2;0;0;0;199
3631;Plus;Teisseire;95;2643;2.62;4.11;2.76;4.35;0;2;0;0;0;141.714285714286
3632;Plus;Teisseire;96;2498;2.65;4.17;2.72;4.22;0;3;0;0;0;99.7142857142857
3633;Plus;Teisseire;97;2904;2.67;4.15;2.66;4.23;0;5;0;0;0;134.714285714286
3634;Plus;Teisseire;98;2856;2.66;4.05;2.73;4.21;0;0;0;0;0;115.857142857143
3635;Plus;Teisseire;99;2913;2.67;4.11;2.68;4.15;0;0;0;0;0;55.8571428571429
3636;Plus;Teisseire;100;2868;2.68;4.06;2.68;4.06;0;0;0;0;0;82.5714285714286
3637;Plus;Teisseire;101;2642;2.67;4.1;2.68;4.09;0;0;0;0;0;114
3638;Plus;Teisseire;102;2601;2.67;4.1;2.63;4.21;0;0;0;0;0;51.8571428571429
3639;Plus;Teisseire;103;2957;2.69;4.08;2.67;3.99;0;0;0;0;0;87.4285714285714
3640;Plus;Teisseire;104;2268;2.69;4.16;2.65;4.19;0;0;0;0;1;73.1428571428571
3641;Plus;Teisseire;105;2725;2.72;4.21;2.66;4.23;0;0;0;0;1;81.2857142857143
3642;Plus;Teisseire;106;2939;2.71;4.21;2.64;4.05;0;0;0;0;0;80.2857142857143
3643;Plus;Teisseire;107;3245;2.59;4.09;2.72;4.15;0;0;0;0;0;65.2857142857143
3644;Plus;Teisseire;108;6040;2.05;3.3;2.74;4.1;53;0;43;0;0;29.8571428571429
3645;Plus;Teisseire;109;3130;2.72;4.25;2.73;4.37;0;0;0;0;0;36.7142857142857
3646;Plus;Teisseire;110;2802;2.72;4.28;2.73;4.13;0;0;0;0;0;75.4285714285714
3647;Plus;Teisseire;111;2920;2.74;4.31;2.72;4.33;0;0;0;0;0;109.142857142857
3648;Plus;Teisseire;112;3147;2.75;4.33;2.74;4.29;0;0;0;0;0;124.714285714286
3649;Plus;Teisseire;113;3422;2.75;4.33;2.74;4.26;0;0;0;0;0;148.142857142857
3650;Plus;Teisseire;114;3282;2.75;4.27;2.77;4.28;0;0;0;0;0;117.428571428571
3651;Plus;Teisseire;115;3196;2.77;4.25;2.74;4.21;0;0;0;0;0;105
3652;Plus;Teisseire;116;3243;2.76;4.21;2.76;4.26;0;0;0;0;0;121.714285714286
3653;Plus;Teisseire;117;3316;2.77;4.21;2.77;4.2;0;0;0;0;0;129.428571428571
3654;Plus;Teisseire;118;3558;2.75;4.22;2.79;4.22;0;0;0;0;0;128.857142857143
3655;Plus;Teisseire;119;3542;2.74;4.27;2.75;4.23;0;0;0;0;0;137.142857142857
3656;Plus;Teisseire;120;4165;2.73;4.22;2.77;4.2;0;0;0;0;1;188.142857142857
3657;Plus;Teisseire;121;3639;2.72;4.32;2.74;4.33;0;0;0;0;1;204.285714285714
3658;Plus;Teisseire;122;3175;2.72;4.32;2.74;4.32;0;0;0;0;0;131
3659;Plus;Teisseire;123;8376;1.92;2.71;2.65;4.03;0;0;0;0;1;137.142857142857
3660;Plus;Teisseire;124;44924;1.47;1.99;2.23;3.24;100;5;88;0;0;168.571428571429
3661;Plus;Teisseire;125;4737;2.33;3.61;2.28;3.34;0;10;0;0;0;188.142857142857
3662;Plus;Teisseire;126;4383;2.66;4.3;2.3;3.76;0;0;0;0;1;201.428571428571
3663;Plus;Teisseire;127;4291;2.79;4.33;2.6;3.76;0;2;0;0;0;219
3664;Plus;Teisseire;128;3784;2.85;4.4;2.64;4.1;0;0;0;0;1;202.571428571429
3665;Plus;Teisseire;129;5267;2.86;4.34;2.81;4.15;0;0;0;0;0;233.857142857143
3666;Plus;Teisseire;130;6454;2.87;4.37;2.86;4.35;0;0;0;0;0;273.428571428571
3667;Plus;Teisseire;131;4485;2.81;4.44;2.79;4.27;0;0;0;0;0;222.428571428571
3668;Plus;Teisseire;132;5679;2.48;3.72;2.83;4.32;0;0;0;0;0;197
3669;Plus;Teisseire;133;20379;2;2.78;2.83;4.39;90;0;100;0;0;217.571428571429
3670;Plus;Teisseire;134;8546;2.44;3.64;2.71;4.14;0;10;0;0;0;315.428571428571
3671;Plus;Teisseire;135;4108;2.74;4.32;2.79;4.28;0;2;0;0;0;233.714285714286
3672;Plus;Teisseire;136;3853;2.79;4.38;2.76;4.22;0;0;0;0;0;239.285714285714
3673;Plus;Teisseire;137;8359;2;2.86;2.77;4.34;0;0;0;0;0;206.142857142857
3674;Plus;Teisseire;138;38958;1.56;2.13;2.73;4.17;81;0;53;0;0;233.428571428571
3675;Plus;Teisseire;139;5916;2.42;3.6;2.68;4.16;0;7;0;0;0;281.142857142857
3676;Plus;Teisseire;140;3219;2.79;4.28;2.71;4.14;0;0;0;0;0;190.285714285714
3677;Plus;Teisseire;141;3033;2.87;4.37;2.76;4.32;0;0;0;0;0;195.571428571429
3678;Plus;Teisseire;142;4937;2.44;3.54;2.87;4.27;0;0;0;0;0;192
3679;Plus;Teisseire;143;19930;2;2.73;2.81;4.28;72;13;53;0;0;192.428571428571
3680;Plus;Teisseire;144;3469;2.48;3.73;2.85;4.45;0;10;0;0;0;157.142857142857
3681;Plus;Teisseire;145;2947;2.78;4.17;2.79;4.32;0;6;0;0;0;142.714285714286
3682;Plus;Teisseire;146;2956;2.82;4.27;2.78;4.26;0;3;0;0;0;166.857142857143
3683;Plus;Teisseire;147;3093;2.88;4.24;2.79;4.14;0;0;0;0;0;164.428571428571
3684;Plus;Teisseire;148;3439;2.86;4.21;2.84;4.28;0;0;0;0;0;124.285714285714
3685;Plus;Teisseire;149;3062;2.86;4.27;2.85;4.26;0;0;0;0;0;110.428571428571
3686;Plus;Teisseire;150;3089;2.86;4.24;2.85;4.19;0;0;0;0;0;74.5714285714286
3687;Plus;Teisseire;151;3247;2.88;4.22;2.88;4.2;0;0;0;0;0;78.7142857142857
3688;Plus;Teisseire;152;3305;2.89;4.24;2.88;4.22;0;0;0;0;0;103.714285714286
3689;Plus;Teisseire;153;3153;2.89;4.22;2.86;4.22;0;0;0;0;0;75.2857142857143
3690;Plus;Teisseire;154;2984;2.89;4.23;2.9;4.21;0;0;0;0;0;79.7142857142857
3691;Plus;Teisseire;155;3125;2.89;4.23;2.88;4.21;0;0;0;0;0;107.571428571429
3692;Plus;Teisseire;156;2604;2.89;4.26;2.9;4.2;0;0;0;0;1;77.5714285714286
3693;Plus;Teisseire;157;3115;2.88;4.25;2.93;4.24;0;0;0;0;1;67.5714285714286
3694;Plus;Teisseire;158;11096;1.89;2.62;2.8;4.19;0;0;0;0;0;92.7142857142857
3695;Plus;Teisseire;159;54656;1.51;2.07;2.83;4.27;80;1;48;0;0;105.571428571429
3696;Plus;Teisseire;160;4003;2.42;3.63;2.8;4.18;0;3;0;0;0;52
3697;Plus;Teisseire;161;3058;2.88;4.38;2.82;4.2;0;0;0;0;0;98.7142857142857
3698;Plus;Teisseire;162;2937;2.87;4.46;2.91;4.32;0;0;0;0;0;93.5714285714286
3699;Plus;Teisseire;163;2986;2.88;4.45;2.9;4.53;0;0;0;0;0;98.5714285714286
3700;Plus;Teisseire;164;3241;2.86;4.44;2.88;4.46;0;0;0;0;0;108
3701;Plus;Teisseire;165;3490;2.92;4.3;2.93;4.38;0;0;0;5.42857142857143;0;93.5714285714286
3702;Plus;Teisseire;166;3590;2.92;4.33;2.96;4.4;0;0;0;66.4285714285714;0;88.8571428571429
3703;Plus;Teisseire;167;5764;2.94;4.27;2.96;4.29;0;0;0;221.142857142857;0;111.428571428571
3704;Plus;Teisseire;168;7390;2.55;3.58;2.92;4.28;0;0;0;623;0;113.428571428571
3705;Plus;Teisseire;169;21780;2;2.7;2.93;4.26;100;0;0;1028.85714285714;0;117.142857142857
3706;Plus;Teisseire;170;3813;2.7;3.74;2.98;4.22;0;0;0;990.714285714286;0;103.571428571429
3707;Plus;Teisseire;171;4275;2.88;4.07;2.92;4.18;0;0;0;1086.28571428571;1;209.857142857143
3708;Plus;Teisseire;172;4090;2.92;4.15;3;4.19;0;0;0;955.571428571429;1;166.285714285714
3709;Plus;Teisseire;173;4607;2.93;4.18;2.94;4.17;0;0;0;565.714285714286;0;189
3710;Plus;Teisseire;174;3954;2.92;4.23;2.9;4.22;0;0;0;359.571428571429;1;154.857142857143
3711;Plus;Teisseire;175;4467;2.93;4.19;2.94;4.12;0;0;0;270.285714285714;1;188.571428571429
3712;Plus;Teisseire;176;4217;2.94;4.2;2.93;4.21;0;0;0;176.571428571429;0;147.714285714286
3713;Plus;Teisseire;177;4822;2.93;4.19;2.93;4.21;0;0;0;188.714285714286;1;219.142857142857
3714;Plus;Teisseire;178;5323;2.89;4.17;2.92;4.16;0;0;0;137.857142857143;0;208.428571428571
3715;Plus;Teisseire;179;5391;2.88;4.16;2.9;4.19;0;0;0;193.428571428571;1;207.142857142857
3716;Plus;Teisseire;180;5258;2.82;4.16;2.93;4.28;0;0;0;159.571428571429;0;203.285714285714
3717;Plus;Teisseire;181;9614;2.46;3.58;2.93;4.3;0;0;0;85.7142857142857;0;226
3718;Plus;Teisseire;182;38754;2;2.8;2.91;4.27;100;0;77;75.8571428571429;0;267.571428571429
3719;Plus;Teisseire;183;3926;2.83;4.5;2.77;4.25;0;0;0;58.7142857142857;0;202.571428571429
3720;Plus;Teisseire;184;4282;2.78;4.25;2.73;3.91;0;0;0;72.2857142857143;0;188
3721;Plus;Teisseire;185;4726;2.86;4.46;2.62;4.08;0;0;0;141.285714285714;0;215.428571428571
3722;Plus;Teisseire;186;4765;2.85;4.55;2.84;4.33;0;0;0;197.142857142857;0;222
3723;Plus;Teisseire;187;7872;2.44;3.73;2.77;4.34;0;0;0;394.285714285714;0;242
3724;Plus;Teisseire;188;28806;2.01;2.88;2.91;4.71;92;0;98;606.571428571429;0;275.428571428571
3725;Plus;Teisseire;189;8245;2.82;4.33;2.85;4.49;0;3;0;556.857142857143;0;315.571428571429
3726;Plus;Teisseire;190;6069;2.89;4.48;2.89;4.57;0;6;0;512.714285714286;0;265.571428571429
3727;Plus;Teisseire;191;4564;2.91;4.49;2.91;4.57;0;0;0;535.571428571429;0;201.714285714286
3728;Plus;Teisseire;192;4132;2.91;4.54;2.9;4.55;0;2;0;832.142857142857;0;195.285714285714
3729;Plus;Teisseire;193;12633;1.97;2.82;2.9;4.48;0;0;0;1233.14285714286;0;198.714285714286
3730;Plus;Teisseire;194;49978;1.55;2.18;2.87;4.54;78;0;54;2039.57142857143;0;242.142857142857
3731;Plus;Teisseire;195;3798;2.71;4.27;2.9;4.56;0;0;0;2892.57142857143;0;201
3732;Plus;Teisseire;196;3572;2.82;4.36;3;4.63;0;2;0;4163.28571428571;0;162.857142857143
3733;Plus;Teisseire;197;3469;2.85;4.39;2.92;4.64;0;2;0;6596.42857142857;0;147.285714285714
3734;Plus;Teisseire;198;3562;2.83;4.39;2.87;4.41;0;3;0;8138.71428571429;0;127.857142857143
3735;Plus;Teisseire;199;3846;2.85;4.33;2.87;4.36;0;0;0;9551;0;156.428571428571
3736;Plus;Teisseire;200;4009;2.88;4.33;2.89;4.35;0;0;0;9076;0;140.714285714286
3737;Plus;Teisseire;201;3903;2.9;4.3;2.9;4.27;0;0;0;5899.42857142857;0;143.428571428571
3738;Plus;Teisseire;202;3833;2.88;4.37;2.88;4.35;0;0;0;5256.14285714286;0;143.285714285714
3739;Plus;Teisseire;203;3892;2.89;4.35;2.9;4.28;0;0;0;5291.57142857143;0;123
3740;Plus;Teisseire;204;12714;1.92;2.72;2.82;4.17;0;0;0;4827.28571428571;0;92.1428571428571
3741;Plus;Teisseire;205;59437;1.53;2.11;2.85;4.29;78;0;61;6360.14285714286;0;68.7142857142857
3742;Plus;Teisseire;206;3549;2.52;3.84;2.71;4.05;0;5;0;8968.71428571429;0;48.2857142857143
3743;Plus;Teisseire;207;3664;2.8;4.26;2.81;4.21;0;0;0;11617.8571428571;0;103.428571428571
3744;Plus;Teisseire;208;2937;2.88;4.31;2.87;4.3;0;0;0;9461.28571428571;1;100
3745;Coop;PrivateLabel;1;9135;1.63;1.97;1.64;1.98;0;0;0;0;1;42.1428571428571
3746;Coop;PrivateLabel;2;9975;1.64;1.97;1.6;1.91;0;0;0;0;0;66.8571428571429
3747;Coop;PrivateLabel;3;10161;1.61;1.93;1.62;1.94;0;6;0;0;0;26.5714285714286
3748;Coop;PrivateLabel;4;10471;1.64;1.97;1.61;1.92;0;0;0;0;0;33.2857142857143
3749;Coop;PrivateLabel;5;10736;1.6;1.92;1.61;1.94;0;5;0;0;0;81.4285714285714
3750;Coop;PrivateLabel;6;9034;1.5;1.78;1.53;1.82;0;0;0;0;0;25.4285714285714
3751;Coop;PrivateLabel;7;10581;1.56;1.87;1.61;1.94;0;0;0;0;0;87.5714285714286
3752;Coop;PrivateLabel;8;19548;1.61;2.02;1.62;1.94;63;3;86;0;0;100.142857142857
3753;Coop;PrivateLabel;9;9921;1.58;1.89;1.62;1.94;0;6;0;0;0;96.1428571428571
3754;Coop;PrivateLabel;10;10754;1.58;1.9;1.56;1.86;0;0;0;0;0;110.142857142857
3755;Coop;PrivateLabel;11;21336;1.52;1.91;1.62;1.93;69;11;89;0;0;138.714285714286
3756;Coop;PrivateLabel;12;10923;1.53;1.82;1.56;1.84;0;2;0;0;0;127
3757;Coop;PrivateLabel;13;9951;1.44;1.7;1.57;1.87;0;0;0;0;0;175
3758;Coop;PrivateLabel;14;11162;1.51;1.79;1.52;1.8;0;0;0;0;0;145.142857142857
3759;Coop;PrivateLabel;15;10891;1.53;1.83;1.55;1.85;0;0;0;0;1;143.714285714286
3760;Coop;PrivateLabel;16;18236;1.47;1.83;1.53;1.8;50;4;66;0;1;114.571428571429
3761;Coop;PrivateLabel;17;9877;1.52;1.82;1.54;1.82;0;10;0;0;1;116.142857142857
3762;Coop;PrivateLabel;18;10482;1.52;1.82;1.54;1.85;0;7;0;0;1;151
3763;Coop;PrivateLabel;19;11277;1.52;1.82;1.54;1.83;0;5;0;0;0;177.428571428571
3764;Coop;PrivateLabel;20;12650;1.52;1.81;1.53;1.83;0;0;0;0;0;215.428571428571
3765;Coop;PrivateLabel;21;15432;1.53;1.83;1.5;1.77;0;0;0;0;1;242.285714285714
3766;Coop;PrivateLabel;22;15615;1.55;1.85;1.48;1.75;0;0;0;0;0;246.142857142857
3767;Coop;PrivateLabel;23;12488;1.53;1.83;1.54;1.85;0;0;0;0;1;205.571428571429
3768;Coop;PrivateLabel;24;13620;1.52;1.82;1.58;1.91;0;0;0;0;0;225.285714285714
3769;Coop;PrivateLabel;25;16782;1.51;1.81;1.47;1.74;0;0;0;0;0;267.285714285714
3770;Coop;PrivateLabel;26;12053;1.53;1.84;1.49;1.79;0;0;0;0;0;209.714285714286
3771;Coop;PrivateLabel;27;11397;1.4;1.65;1.46;1.73;0;0;0;0;0;238
3772;Coop;PrivateLabel;28;12047;1.52;1.82;1.49;1.77;0;0;0;0;0;212.285714285714
3773;Coop;PrivateLabel;29;13187;1.48;1.77;1.52;1.82;0;0;0;0;0;244.142857142857
3774;Coop;PrivateLabel;30;10452;1.48;1.76;1.54;1.83;0;6;0;0;0;208.285714285714
3775;Coop;PrivateLabel;31;10327;1.48;1.77;1.5;1.79;0;0;0;0;0;221.571428571429
3776;Coop;PrivateLabel;32;12542;1.55;1.97;1.53;1.92;0;0;0;0;0;210.857142857143
3777;Coop;PrivateLabel;33;11813;1.46;1.85;1.48;1.85;0;0;0;0;0;214.714285714286
3778;Coop;PrivateLabel;34;14325;1.53;1.93;1.45;1.81;0;0;0;0;0;228.142857142857
3779;Coop;PrivateLabel;35;15232;1.54;1.94;1.49;1.84;0;0;0;0;0;230.571428571429
3780;Coop;PrivateLabel;36;13969;1.56;2;1.46;1.82;0;0;0;0;0;190.857142857143
3781;Coop;PrivateLabel;37;13333;1.57;2.02;1.54;1.95;0;0;0;0;0;163.857142857143
3782;Coop;PrivateLabel;38;19639;1.6;2.06;1.63;2.08;78;0;81;0;0;177.714285714286
3783;Coop;PrivateLabel;39;12804;1.58;2.04;1.6;2.06;0;0;0;0;0;192.714285714286
3784;Coop;PrivateLabel;40;11266;1.49;1.9;1.57;2.01;0;0;0;0;0;160.285714285714
3785;Coop;PrivateLabel;41;12380;1.52;1.95;1.57;2;0;0;0;0;0;163.142857142857
3786;Coop;PrivateLabel;42;11573;1.59;2.05;1.61;2.07;0;0;0;0;0;194.714285714286
3787;Coop;PrivateLabel;43;12185;1.59;2.05;1.59;2.05;0;0;0;0;0;156.857142857143
3788;Coop;PrivateLabel;44;14929;1.7;2.2;1.6;2.05;0;0;0;0;0;130.714285714286
3789;Coop;PrivateLabel;45;12746;1.56;2;1.58;2.02;0;0;0;0;0;102.142857142857
3790;Coop;PrivateLabel;46;13230;1.58;2.03;1.53;1.97;0;0;0;0;0;96.2857142857143
3791;Coop;PrivateLabel;47;22111;1.53;2;1.61;2.07;83;0;82;0;0;112
3792;Coop;PrivateLabel;48;12634;1.56;2.01;1.56;2.03;0;4;0;0;0;53.1428571428571
3793;Coop;PrivateLabel;49;12655;1.56;2.02;1.56;1.97;0;0;0;0;0;74.1428571428571
3794;Coop;PrivateLabel;50;14000;1.56;2.02;1.58;2.03;0;0;0;0;0;45.8571428571429
3795;Coop;PrivateLabel;51;13052;1.51;1.95;1.6;2.08;0;0;0;0;0;84
3796;Coop;PrivateLabel;52;8780;1.6;2.07;1.59;2.1;0;0;0;0;1;81.2857142857143
3797;Coop;PrivateLabel;53;10117;1.57;2.03;1.55;1.99;0;0;0;0;1;98.2857142857143
3798;Coop;PrivateLabel;54;12166;1.6;2.07;1.57;2.03;0;0;0;0;0;57.7142857142857
3799;Coop;PrivateLabel;55;12630;1.59;2.05;1.57;2.04;0;0;0;0;0;66.8571428571429
3800;Coop;PrivateLabel;56;11381;1.51;1.95;1.48;1.89;0;0;0;0;0;94.1428571428571
3801;Coop;PrivateLabel;57;12413;1.58;2.03;1.6;2.1;0;0;0;0;0;79.8571428571429
3802;Coop;PrivateLabel;58;12577;1.59;2.06;1.59;2.07;0;0;0;0;0;35.4285714285714
3803;Coop;PrivateLabel;59;12905;1.59;2.06;1.57;2.04;0;6;0;0;0;73.7142857142857
3804;Coop;PrivateLabel;60;30505;1.39;1.83;1.56;2.01;100;0;11;0;0;45.4285714285714
3805;Coop;PrivateLabel;61;12267;1.57;2.03;1.52;1.99;0;1;0;0;0;-4.71428571428571
3806;Coop;PrivateLabel;62;13185;1.57;2.03;1.57;2.01;0;0;0;0;0;108.571428571429
3807;Coop;PrivateLabel;63;13125;1.58;2.04;1.5;1.92;0;0;0;0;0;93
3808;Coop;PrivateLabel;64;13486;1.59;2.04;1.57;2.03;0;1;0;0;0;73.5714285714286
3809;Coop;PrivateLabel;65;13176;1.6;2.06;1.6;2.06;40;0;78;0;1;111
3810;Coop;PrivateLabel;66;12706;1.58;2.03;1.58;2.02;0;7;0;0;1;139.571428571429
3811;Coop;PrivateLabel;67;12423;1.5;1.92;1.58;2.06;0;5;0;0;0;176.428571428571
3812;Coop;PrivateLabel;68;16224;1.56;1.97;1.51;1.89;0;5;0;0;0;218.714285714286
3813;Coop;PrivateLabel;69;13722;1.58;2.02;1.6;2.06;0;0;0;0;1;166.428571428571
3814;Coop;PrivateLabel;70;12034;1.59;2.03;1.55;1.98;0;0;0;0;1;158.857142857143
3815;Coop;PrivateLabel;71;15129;1.55;1.96;1.55;1.95;0;0;0;0;1;231.142857142857
3816;Coop;PrivateLabel;72;15926;1.54;1.95;1.56;1.97;0;0;0;0;0;187.714285714286
3817;Coop;PrivateLabel;73;15438;1.46;1.82;1.58;1.99;0;0;0;0;1;253
3818;Coop;PrivateLabel;74;18142;1.55;1.95;1.51;1.89;0;6;0;0;0;258.285714285714
3819;Coop;PrivateLabel;75;17293;1.55;1.96;1.54;1.94;0;4;0;0;0;240.142857142857
3820;Coop;PrivateLabel;76;15881;1.54;1.95;1.55;1.95;0;4;0;0;0;209.428571428571
3821;Coop;PrivateLabel;77;14969;1.53;1.94;1.54;1.94;0;0;0;0;0;196.428571428571
3822;Coop;PrivateLabel;78;17619;1.54;1.95;1.47;1.84;0;0;0;0;0;237.285714285714
3823;Coop;PrivateLabel;79;17047;1.5;1.89;1.5;1.89;0;0;0;0;0;255.714285714286
3824;Coop;PrivateLabel;80;15213;1.57;1.99;1.62;2.08;0;0;0;0;0;236.142857142857
3825;Coop;PrivateLabel;81;19173;1.55;1.95;1.52;1.91;0;5;0;0;0;268
3826;Coop;PrivateLabel;82;34204;1.44;1.85;1.55;1.94;77;0;64;0;0;306.142857142857
3827;Coop;PrivateLabel;83;19747;1.54;1.94;1.53;1.94;0;11;0;0;0;286
3828;Coop;PrivateLabel;84;17299;1.52;1.92;1.5;1.86;0;3;0;0;0;255.571428571429
3829;Coop;PrivateLabel;85;17089;1.43;1.82;1.43;1.8;0;26;0;0;0;233.142857142857
3830;Coop;PrivateLabel;86;14993;1.41;1.79;1.51;1.91;0;28;0;0;0;222.428571428571
3831;Coop;PrivateLabel;87;14281;1.51;1.93;1.55;1.98;0;9;0;0;0;198
3832;Coop;PrivateLabel;88;15356;1.53;1.94;1.52;1.9;0;10;0;0;0;210.857142857143
3833;Coop;PrivateLabel;89;14929;1.51;1.92;1.49;1.9;0;2;0;0;0;206.285714285714
3834;Coop;PrivateLabel;90;15515;1.52;1.94;1.46;1.87;0;2;0;0;0;220.285714285714
3835;Coop;PrivateLabel;91;14146;1.58;2.03;1.55;2.01;0;5;0;0;0;164.285714285714
3836;Coop;PrivateLabel;92;13889;1.6;2.06;1.55;1.97;0;0;0;0;0;177
3837;Coop;PrivateLabel;93;14885;1.56;2.02;1.54;1.96;0;0;0;0;0;209.714285714286
3838;Coop;PrivateLabel;94;13583;1.47;1.88;1.49;1.89;0;0;0;0;0;199
3839;Coop;PrivateLabel;95;13596;1.54;1.99;1.58;2.05;0;0;0;0;0;141.714285714286
3840;Coop;PrivateLabel;96;14629;1.51;1.95;1.47;1.87;0;0;0;0;0;99.7142857142857
3841;Coop;PrivateLabel;97;17990;1.63;2.12;1.59;2.04;0;0;0;0;0;134.714285714286
3842;Coop;PrivateLabel;98;15712;1.51;1.95;1.47;1.87;0;0;0;0;0;115.857142857143
3843;Coop;PrivateLabel;99;16189;1.55;1.99;1.51;1.94;0;0;0;0;0;55.8571428571429
3844;Coop;PrivateLabel;100;14459;1.62;2.09;1.5;1.93;0;0;0;0;0;82.5714285714286
3845;Coop;PrivateLabel;101;26758;1.38;1.81;1.56;2.03;74;0;74;0;0;114
3846;Coop;PrivateLabel;102;12611;1.58;2.04;1.56;1.98;0;0;0;0;0;51.8571428571429
3847;Coop;PrivateLabel;103;14162;1.59;2.05;1.62;2.1;0;0;0;0;0;87.4285714285714
3848;Coop;PrivateLabel;104;9307;1.56;2.03;1.58;2.04;0;0;0;0;1;73.1428571428571
3849;Coop;PrivateLabel;105;11189;1.59;2.07;1.57;2.03;0;0;0;0;1;81.2857142857143
3850;Coop;PrivateLabel;106;19435;1.59;2.08;1.59;2.06;60;12;65;0;0;80.2857142857143
3851;Coop;PrivateLabel;107;13704;1.62;2.11;1.56;2;0;16;0;0;0;65.2857142857143
3852;Coop;PrivateLabel;108;13785;1.56;2.01;1.63;2.14;0;0;0;0;0;29.8571428571429
3853;Coop;PrivateLabel;109;13185;1.6;2.07;1.6;2.07;0;0;0;0;0;36.7142857142857
3854;Coop;PrivateLabel;110;14152;1.61;2.08;1.59;2.04;0;0;0;0;0;75.4285714285714
3855;Coop;PrivateLabel;111;14777;1.56;2.01;1.61;2.08;0;0;0;0;0;109.142857142857
3856;Coop;PrivateLabel;112;26791;1.3;1.71;1.51;1.92;84;0;61;0;0;124.714285714286
3857;Coop;PrivateLabel;113;15461;1.54;1.99;1.57;2.04;0;0;0;0;0;148.142857142857
3858;Coop;PrivateLabel;114;14633;1.54;1.99;1.51;1.94;0;0;0;0;0;117.428571428571
3859;Coop;PrivateLabel;115;14047;1.49;1.93;1.48;1.9;0;0;0;0;0;105
3860;Coop;PrivateLabel;116;14990;1.51;1.95;1.48;1.9;0;0;0;0;0;121.714285714286
3861;Coop;PrivateLabel;117;15906;1.51;1.94;1.45;1.87;0;0;0;0;0;129.428571428571
3862;Coop;PrivateLabel;118;15733;1.52;1.96;1.45;1.83;0;0;0;0;0;128.857142857143
3863;Coop;PrivateLabel;119;16968;1.51;1.94;1.5;1.93;0;0;0;0;0;137.142857142857
3864;Coop;PrivateLabel;120;17507;1.49;1.91;1.51;1.94;0;0;0;0;1;188.142857142857
3865;Coop;PrivateLabel;121;16595;1.49;1.92;1.53;1.96;0;1;0;0;1;204.285714285714
3866;Coop;PrivateLabel;122;14904;1.51;1.96;1.52;1.97;0;0;0;0;0;131
3867;Coop;PrivateLabel;123;15337;1.52;1.97;1.5;1.93;0;0;0;0;1;137.142857142857
3868;Coop;PrivateLabel;124;15149;1.53;1.98;1.53;1.98;0;0;0;0;0;168.571428571429
3869;Coop;PrivateLabel;125;16927;1.5;1.94;1.47;1.88;0;0;0;0;0;188.142857142857
3870;Coop;PrivateLabel;126;16764;1.47;1.89;1.49;1.92;0;0;0;0;1;201.428571428571
3871;Coop;PrivateLabel;127;18106;1.51;1.95;1.49;1.89;0;0;0;0;0;219
3872;Coop;PrivateLabel;128;16683;1.49;1.91;1.48;1.9;0;0;0;0;1;202.571428571429
3873;Coop;PrivateLabel;129;20041;1.53;1.96;1.5;1.93;0;0;0;0;0;233.857142857143
3874;Coop;PrivateLabel;130;23341;1.54;1.96;1.47;1.86;0;5;0;0;0;273.428571428571
3875;Coop;PrivateLabel;131;18876;1.5;1.93;1.43;1.8;0;0;0;0;0;222.428571428571
3876;Coop;PrivateLabel;132;15420;1.43;1.82;1.46;1.84;0;10;0;0;0;197
3877;Coop;PrivateLabel;133;16320;1.48;1.9;1.51;1.92;0;10;0;0;0;217.571428571429
3878;Coop;PrivateLabel;134;25096;1.47;1.85;1.46;1.83;0;11;0;0;0;315.428571428571
3879;Coop;PrivateLabel;135;17676;1.47;1.87;1.47;1.88;0;15;0;0;0;233.714285714286
3880;Coop;PrivateLabel;136;16984;1.46;1.84;1.48;1.9;0;11;0;0;0;239.285714285714
3881;Coop;PrivateLabel;137;14297;1.49;1.89;1.44;1.82;0;19;0;0;0;206.142857142857
3882;Coop;PrivateLabel;138;17855;1.46;1.85;1.46;1.84;0;10;0;0;0;233.428571428571
3883;Coop;PrivateLabel;139;20028;1.42;1.78;1.43;1.8;0;2;0;0;0;281.142857142857
3884;Coop;PrivateLabel;140;15814;1.46;1.85;1.42;1.79;0;0;0;0;0;190.285714285714
3885;Coop;PrivateLabel;141;15065;1.45;1.84;1.44;1.81;0;0;0;0;0;195.571428571429
3886;Coop;PrivateLabel;142;14906;1.48;1.87;1.45;1.82;0;0;0;0;0;192
3887;Coop;PrivateLabel;143;15789;1.54;1.94;1.53;1.95;0;0;0;0;0;192.428571428571
3888;Coop;PrivateLabel;144;13996;1.52;1.92;1.48;1.87;0;0;0;0;0;157.142857142857
3889;Coop;PrivateLabel;145;14233;1.55;1.94;1.53;1.94;0;0;0;0;0;142.714285714286
3890;Coop;PrivateLabel;146;15014;1.55;1.95;1.51;1.9;0;0;0;0;0;166.857142857143
3891;Coop;PrivateLabel;147;14539;1.56;1.96;1.54;1.93;0;0;0;0;0;164.428571428571
3892;Coop;PrivateLabel;148;14911;1.58;1.99;1.51;1.91;0;0;0;0;0;124.285714285714
3893;Coop;PrivateLabel;149;17304;1.69;2.15;1.66;2.11;0;0;0;0;0;110.428571428571
3894;Coop;PrivateLabel;150;13855;1.54;1.92;1.54;1.93;0;0;0;0;0;74.5714285714286
3895;Coop;PrivateLabel;151;14723;1.55;1.94;1.54;1.93;0;0;0;0;0;78.7142857142857
3896;Coop;PrivateLabel;152;14426;1.55;1.94;1.55;1.96;0;0;0;0;0;103.714285714286
3897;Coop;PrivateLabel;153;19562;1.6;2.04;1.6;2.03;83;0;51;0;0;75.2857142857143
3898;Coop;PrivateLabel;154;13721;1.5;1.87;1.54;1.94;0;0;0;0;0;79.7142857142857
3899;Coop;PrivateLabel;155;14936;1.57;1.97;1.54;1.92;0;0;0;0;0;107.571428571429
3900;Coop;PrivateLabel;156;10130;1.59;2.01;1.57;1.98;0;0;0;0;1;77.5714285714286
3901;Coop;PrivateLabel;157;12323;1.6;2.02;1.54;1.93;0;0;0;0;1;67.5714285714286
3902;Coop;PrivateLabel;158;13356;1.56;1.97;1.58;1.99;0;0;0;0;0;92.7142857142857
3903;Coop;PrivateLabel;159;13619;1.53;1.92;1.53;1.9;0;0;0;0;0;105.571428571429
3904;Coop;PrivateLabel;160;13936;1.57;1.97;1.59;2.01;0;0;0;0;0;52
3905;Coop;PrivateLabel;161;13485;1.57;1.97;1.52;1.89;0;0;0;0;0;98.7142857142857
3906;Coop;PrivateLabel;162;13813;1.57;1.97;1.56;1.97;0;0;0;0;0;93.5714285714286
3907;Coop;PrivateLabel;163;13812;1.57;1.97;1.54;1.93;0;0;0;0;0;98.5714285714286
3908;Coop;PrivateLabel;164;13803;1.52;1.89;1.59;2;0;0;0;0;0;108
3909;Coop;PrivateLabel;165;14147;1.59;2;1.57;1.97;0;0;0;5.42857142857143;0;93.5714285714286
3910;Coop;PrivateLabel;166;13873;1.58;1.99;1.57;1.96;0;0;0;66.4285714285714;0;88.8571428571429
3911;Coop;PrivateLabel;167;21239;1.58;1.98;1.56;1.92;0;0;0;221.142857142857;0;111.428571428571
3912;Coop;PrivateLabel;168;19998;1.58;1.98;1.57;1.94;0;0;0;623;0;113.428571428571
3913;Coop;PrivateLabel;169;18465;1.59;2.01;1.62;2.03;0;0;0;1028.85714285714;0;117.142857142857
3914;Coop;PrivateLabel;170;14791;1.62;2.03;1.64;2.06;0;0;0;990.714285714286;0;103.571428571429
3915;Coop;PrivateLabel;171;16247;1.55;1.96;1.61;2;80;0;0;1086.28571428571;1;209.857142857143
3916;Coop;PrivateLabel;172;14738;1.6;2;1.55;1.93;0;0;0;955.571428571429;1;166.285714285714
3917;Coop;PrivateLabel;173;15483;1.61;2.01;1.62;2.04;0;0;0;565.714285714286;0;189
3918;Coop;PrivateLabel;174;13978;1.6;2.01;1.58;1.98;0;0;0;359.571428571429;1;154.857142857143
3919;Coop;PrivateLabel;175;15659;1.57;1.96;1.57;1.94;0;0;0;270.285714285714;1;188.571428571429
3920;Coop;PrivateLabel;176;14829;1.55;1.93;1.59;1.99;0;0;0;176.571428571429;0;147.714285714286
3921;Coop;PrivateLabel;177;16585;1.58;1.97;1.63;2.04;0;0;0;188.714285714286;1;219.142857142857
3922;Coop;PrivateLabel;178;17107;1.59;2;1.59;1.98;0;0;0;137.857142857143;0;208.428571428571
3923;Coop;PrivateLabel;179;16366;1.57;1.96;1.56;1.96;0;0;0;193.428571428571;1;207.142857142857
3924;Coop;PrivateLabel;180;15909;1.58;1.98;1.57;1.96;0;0;0;159.571428571429;0;203.285714285714
3925;Coop;PrivateLabel;181;15482;1.49;1.84;1.56;1.94;0;0;0;85.7142857142857;0;226
3926;Coop;PrivateLabel;182;21400;1.55;1.93;1.57;1.95;0;0;0;75.8571428571429;0;267.571428571429
3927;Coop;PrivateLabel;183;16521;1.54;1.92;1.49;1.84;0;0;0;58.7142857142857;0;202.571428571429
3928;Coop;PrivateLabel;184;13761;1.58;1.96;1.56;1.93;0;0;0;72.2857142857143;0;188
3929;Coop;PrivateLabel;185;15016;1.55;1.92;1.56;1.92;0;0;0;141.285714285714;0;215.428571428571
3930;Coop;PrivateLabel;186;13770;1.49;1.85;1.61;2.02;0;0;0;197.142857142857;0;222
3931;Coop;PrivateLabel;187;25111;1.34;1.72;1.51;1.85;81;0;66;394.285714285714;0;242
3932;Coop;PrivateLabel;188;19966;1.54;1.91;1.52;1.87;0;15;0;606.571428571429;0;275.428571428571
3933;Coop;PrivateLabel;189;24374;1.51;1.87;1.53;1.88;0;9;0;556.857142857143;0;315.571428571429
3934;Coop;PrivateLabel;190;19340;1.52;1.88;1.49;1.84;0;0;0;512.714285714286;0;265.571428571429
3935;Coop;PrivateLabel;191;14022;1.56;1.93;1.49;1.82;0;3;0;535.571428571429;0;201.714285714286
3936;Coop;PrivateLabel;192;15054;1.55;1.93;1.55;1.92;0;0;0;832.142857142857;0;195.285714285714
3937;Coop;PrivateLabel;193;15205;1.55;1.92;1.58;1.96;0;0;0;1233.14285714286;0;198.714285714286
3938;Coop;PrivateLabel;194;16292;1.49;1.84;1.53;1.89;0;0;0;2039.57142857143;0;242.142857142857
3939;Coop;PrivateLabel;195;15971;1.53;1.9;1.47;1.79;0;0;0;2892.57142857143;0;201
3940;Coop;PrivateLabel;196;14641;1.55;1.94;1.56;1.95;0;0;0;4163.28571428571;0;162.857142857143
3941;Coop;PrivateLabel;197;13517;1.52;1.89;1.53;1.91;0;0;0;6596.42857142857;0;147.285714285714
3942;Coop;PrivateLabel;198;13989;1.56;1.94;1.57;1.95;0;0;0;8138.71428571429;0;127.857142857143
3943;Coop;PrivateLabel;199;14241;1.56;1.95;1.5;1.85;0;0;0;9551;0;156.428571428571
3944;Coop;PrivateLabel;200;14091;1.57;1.97;1.56;1.94;67;0;0;9076;0;140.714285714286
3945;Coop;PrivateLabel;201;13831;1.53;1.9;1.53;1.91;0;0;0;5899.42857142857;0;143.428571428571
3946;Coop;PrivateLabel;202;13766;1.52;1.89;1.58;2.01;0;0;0;5256.14285714286;0;143.285714285714
3947;Coop;PrivateLabel;203;14029;1.55;1.94;1.61;2.04;0;0;0;5291.57142857143;0;123
3948;Coop;PrivateLabel;204;13951;1.57;1.97;1.62;2.06;0;0;0;4827.28571428571;0;92.1428571428571
3949;Coop;PrivateLabel;205;11508;1.64;2.08;1.61;2.03;0;0;0;6360.14285714286;0;68.7142857142857
3950;Coop;PrivateLabel;206;12735;1.65;2.11;1.56;1.96;0;0;0;8968.71428571429;0;48.2857142857143
3951;Coop;PrivateLabel;207;13615;1.66;2.12;1.62;2.05;0;0;0;11617.8571428571;0;103.428571428571
3952;Coop;PrivateLabel;208;10120;1.69;2.18;1.61;2.05;0;0;0;9461.28571428571;1;100
3953;Coop;EuroShopper;1;0;0;0;0;0;0;0;0;0;1;42.1428571428571
3954;Coop;EuroShopper;2;0;0;0;0;0;0;0;0;0;0;66.8571428571429
3955;Coop;EuroShopper;3;0;0;0;0;0;0;0;0;0;0;26.5714285714286
3956;Coop;EuroShopper;4;0;0;0;0;0;0;0;0;0;0;33.2857142857143
3957;Coop;EuroShopper;5;0;0;0;0;0;0;0;0;0;0;81.4285714285714
3958;Coop;EuroShopper;6;0;0;0;0;0;0;0;0;0;0;25.4285714285714
3959;Coop;EuroShopper;7;0;0;0;0;0;0;0;0;0;0;87.5714285714286
3960;Coop;EuroShopper;8;0;0;0;0;0;0;0;0;0;0;100.142857142857
3961;Coop;EuroShopper;9;0;0;0;0;0;0;0;0;0;0;96.1428571428571
3962;Coop;EuroShopper;10;0;0;0;0;0;0;0;0;0;0;110.142857142857
3963;Coop;EuroShopper;11;0;0;0;0;0;0;0;0;0;0;138.714285714286
3964;Coop;EuroShopper;12;0;0;0;0;0;0;0;0;0;0;127
3965;Coop;EuroShopper;13;0;0;0;0;0;0;0;0;0;0;175
3966;Coop;EuroShopper;14;0;0;0;0;0;0;0;0;0;0;145.142857142857
3967;Coop;EuroShopper;15;0;0;0;0;0;0;0;0;0;1;143.714285714286
3968;Coop;EuroShopper;16;0;0;0;0;0;0;0;0;0;1;114.571428571429
3969;Coop;EuroShopper;17;0;0;0;0;0;0;0;0;0;1;116.142857142857
3970;Coop;EuroShopper;18;0;0;0;0;0;0;0;0;0;1;151
3971;Coop;EuroShopper;19;0;0;0;0;0;0;0;0;0;0;177.428571428571
3972;Coop;EuroShopper;20;0;0;0;0;0;0;0;0;0;0;215.428571428571
3973;Coop;EuroShopper;21;0;0;0;0;0;0;0;0;0;1;242.285714285714
3974;Coop;EuroShopper;22;0;0;0;0;0;0;0;0;0;0;246.142857142857
3975;Coop;EuroShopper;23;0;0;0;0;0;0;0;0;0;1;205.571428571429
3976;Coop;EuroShopper;24;0;0;0;0;0;0;0;0;0;0;225.285714285714
3977;Coop;EuroShopper;25;0;0;0;0;0;0;0;0;0;0;267.285714285714
3978;Coop;EuroShopper;26;0;0;0;0;0;0;0;0;0;0;209.714285714286
3979;Coop;EuroShopper;27;0;0;0;0;0;0;0;0;0;0;238
3980;Coop;EuroShopper;28;0;0;0;0;0;0;0;0;0;0;212.285714285714
3981;Coop;EuroShopper;29;0;0;0;0;0;0;0;0;0;0;244.142857142857
3982;Coop;EuroShopper;30;0;0;0;0;0;0;0;0;0;0;208.285714285714
3983;Coop;EuroShopper;31;0;0;0;0;0;0;0;0;0;0;221.571428571429
3984;Coop;EuroShopper;32;0;0;0;0;0;0;0;0;0;0;210.857142857143
3985;Coop;EuroShopper;33;0;0;0;0;0;0;0;0;0;0;214.714285714286
3986;Coop;EuroShopper;34;0;0;0;0;0;0;0;0;0;0;228.142857142857
3987;Coop;EuroShopper;35;0;0;0;0;0;0;0;0;0;0;230.571428571429
3988;Coop;EuroShopper;36;0;0;0;0;0;0;0;0;0;0;190.857142857143
3989;Coop;EuroShopper;37;0;0;0;0;0;0;0;0;0;0;163.857142857143
3990;Coop;EuroShopper;38;0;0;0;0;0;0;0;0;0;0;177.714285714286
3991;Coop;EuroShopper;39;0;0;0;0;0;0;0;0;0;0;192.714285714286
3992;Coop;EuroShopper;40;0;0;0;0;0;0;0;0;0;0;160.285714285714
3993;Coop;EuroShopper;41;0;0;0;0;0;0;0;0;0;0;163.142857142857
3994;Coop;EuroShopper;42;0;0;0;0;0;0;0;0;0;0;194.714285714286
3995;Coop;EuroShopper;43;0;0;0;0;0;0;0;0;0;0;156.857142857143
3996;Coop;EuroShopper;44;0;0;0;0;0;0;0;0;0;0;130.714285714286
3997;Coop;EuroShopper;45;0;0;0;0;0;0;0;0;0;0;102.142857142857
3998;Coop;EuroShopper;46;0;0;0;0;0;0;0;0;0;0;96.2857142857143
3999;Coop;EuroShopper;47;0;0;0;0;0;0;0;0;0;0;112
4000;Coop;EuroShopper;48;0;0;0;0;0;0;0;0;0;0;53.1428571428571
4001;Coop;EuroShopper;49;0;0;0;0;0;0;0;0;0;0;74.1428571428571
4002;Coop;EuroShopper;50;0;0;0;0;0;0;0;0;0;0;45.8571428571429
4003;Coop;EuroShopper;51;0;0;0;0;0;0;0;0;0;0;84
4004;Coop;EuroShopper;52;0;0;0;0;0;0;0;0;0;1;81.2857142857143
4005;Coop;EuroShopper;53;0;0;0;0;0;0;0;0;0;1;98.2857142857143
4006;Coop;EuroShopper;54;0;0;0;0;0;0;0;0;0;0;57.7142857142857
4007;Coop;EuroShopper;55;0;0;0;0;0;0;0;0;0;0;66.8571428571429
4008;Coop;EuroShopper;56;0;0;0;0;0;0;0;0;0;0;94.1428571428571
4009;Coop;EuroShopper;57;0;0;0;0;0;0;0;0;0;0;79.8571428571429
4010;Coop;EuroShopper;58;0;0;0;0;0;0;0;0;0;0;35.4285714285714
4011;Coop;EuroShopper;59;0;0;0;0;0;0;0;0;0;0;73.7142857142857
4012;Coop;EuroShopper;60;0;0;0;0;0;0;0;0;0;0;45.4285714285714
4013;Coop;EuroShopper;61;0;0;0;0;0;0;0;0;0;0;-4.71428571428571
4014;Coop;EuroShopper;62;0;0;0;0;0;0;0;0;0;0;108.571428571429
4015;Coop;EuroShopper;63;0;0;0;0;0;0;0;0;0;0;93
4016;Coop;EuroShopper;64;0;0;0;0;0;0;0;0;0;0;73.5714285714286
4017;Coop;EuroShopper;65;0;0;0;0;0;0;0;0;0;1;111
4018;Coop;EuroShopper;66;0;0;0;0;0;0;0;0;0;1;139.571428571429
4019;Coop;EuroShopper;67;0;0;0;0;0;0;0;0;0;0;176.428571428571
4020;Coop;EuroShopper;68;0;0;0;0;0;0;0;0;0;0;218.714285714286
4021;Coop;EuroShopper;69;0;0;0;0;0;0;0;0;0;1;166.428571428571
4022;Coop;EuroShopper;70;0;0;0;0;0;0;0;0;0;1;158.857142857143
4023;Coop;EuroShopper;71;0;0;0;0;0;0;0;0;0;1;231.142857142857
4024;Coop;EuroShopper;72;0;0;0;0;0;0;0;0;0;0;187.714285714286
4025;Coop;EuroShopper;73;0;0;0;0;0;0;0;0;0;1;253
4026;Coop;EuroShopper;74;0;0;0;0;0;0;0;0;0;0;258.285714285714
4027;Coop;EuroShopper;75;0;0;0;0;0;0;0;0;0;0;240.142857142857
4028;Coop;EuroShopper;76;0;0;0;0;0;0;0;0;0;0;209.428571428571
4029;Coop;EuroShopper;77;0;0;0;0;0;0;0;0;0;0;196.428571428571
4030;Coop;EuroShopper;78;0;0;0;0;0;0;0;0;0;0;237.285714285714
4031;Coop;EuroShopper;79;0;0;0;0;0;0;0;0;0;0;255.714285714286
4032;Coop;EuroShopper;80;0;0;0;0;0;0;0;0;0;0;236.142857142857
4033;Coop;EuroShopper;81;0;0;0;0;0;0;0;0;0;0;268
4034;Coop;EuroShopper;82;0;0;0;0;0;0;0;0;0;0;306.142857142857
4035;Coop;EuroShopper;83;0;0;0;0;0;0;0;0;0;0;286
4036;Coop;EuroShopper;84;0;0;0;0;0;0;0;0;0;0;255.571428571429
4037;Coop;EuroShopper;85;0;0;0;0;0;0;0;0;0;0;233.142857142857
4038;Coop;EuroShopper;86;0;0;0;0;0;0;0;0;0;0;222.428571428571
4039;Coop;EuroShopper;87;0;0;0;0;0;0;0;0;0;0;198
4040;Coop;EuroShopper;88;0;0;0;0;0;0;0;0;0;0;210.857142857143
4041;Coop;EuroShopper;89;0;0;0;0;0;0;0;0;0;0;206.285714285714
4042;Coop;EuroShopper;90;0;0;0;0;0;0;0;0;0;0;220.285714285714
4043;Coop;EuroShopper;91;0;0;0;0;0;0;0;0;0;0;164.285714285714
4044;Coop;EuroShopper;92;0;0;0;0;0;0;0;0;0;0;177
4045;Coop;EuroShopper;93;0;0;0;0;0;0;0;0;0;0;209.714285714286
4046;Coop;EuroShopper;94;0;0;0;0;0;0;0;0;0;0;199
4047;Coop;EuroShopper;95;0;0;0;0;0;0;0;0;0;0;141.714285714286
4048;Coop;EuroShopper;96;0;0;0;0;0;0;0;0;0;0;99.7142857142857
4049;Coop;EuroShopper;97;0;0;0;0;0;0;0;0;0;0;134.714285714286
4050;Coop;EuroShopper;98;0;0;0;0;0;0;0;0;0;0;115.857142857143
4051;Coop;EuroShopper;99;0;0;0;0;0;0;0;0;0;0;55.8571428571429
4052;Coop;EuroShopper;100;0;0;0;0;0;0;0;0;0;0;82.5714285714286
4053;Coop;EuroShopper;101;0;0;0;0;0;0;0;0;0;0;114
4054;Coop;EuroShopper;102;0;0;0;0;0;0;0;0;0;0;51.8571428571429
4055;Coop;EuroShopper;103;0;0;0;0;0;0;0;0;0;0;87.4285714285714
4056;Coop;EuroShopper;104;0;0;0;0;0;0;0;0;0;1;73.1428571428571
4057;Coop;EuroShopper;105;0;0;0;0;0;0;0;0;0;1;81.2857142857143
4058;Coop;EuroShopper;106;0;0;0;0;0;0;0;0;0;0;80.2857142857143
4059;Coop;EuroShopper;107;0;0;0;0;0;0;0;0;0;0;65.2857142857143
4060;Coop;EuroShopper;108;0;0;0;0;0;0;0;0;0;0;29.8571428571429
4061;Coop;EuroShopper;109;0;0;0;0;0;0;0;0;0;0;36.7142857142857
4062;Coop;EuroShopper;110;0;0;0;0;0;0;0;0;0;0;75.4285714285714
4063;Coop;EuroShopper;111;0;0;0;0;0;0;0;0;0;0;109.142857142857
4064;Coop;EuroShopper;112;0;0;0;0;0;0;0;0;0;0;124.714285714286
4065;Coop;EuroShopper;113;0;0;0;0;0;0;0;0;0;0;148.142857142857
4066;Coop;EuroShopper;114;0;0;0;0;0;0;0;0;0;0;117.428571428571
4067;Coop;EuroShopper;115;0;0;0;0;0;0;0;0;0;0;105
4068;Coop;EuroShopper;116;0;0;0;0;0;0;0;0;0;0;121.714285714286
4069;Coop;EuroShopper;117;0;0;0;0;0;0;0;0;0;0;129.428571428571
4070;Coop;EuroShopper;118;0;0;0;0;0;0;0;0;0;0;128.857142857143
4071;Coop;EuroShopper;119;0;0;0;0;0;0;0;0;0;0;137.142857142857
4072;Coop;EuroShopper;120;0;0;0;0;0;0;0;0;0;1;188.142857142857
4073;Coop;EuroShopper;121;0;0;0;0;0;0;0;0;0;1;204.285714285714
4074;Coop;EuroShopper;122;0;0;0;0;0;0;0;0;0;0;131
4075;Coop;EuroShopper;123;0;0;0;0;0;0;0;0;0;1;137.142857142857
4076;Coop;EuroShopper;124;0;0;0;0;0;0;0;0;0;0;168.571428571429
4077;Coop;EuroShopper;125;0;0;0;0;0;0;0;0;0;0;188.142857142857
4078;Coop;EuroShopper;126;0;0;0;0;0;0;0;0;0;1;201.428571428571
4079;Coop;EuroShopper;127;0;0;0;0;0;0;0;0;0;0;219
4080;Coop;EuroShopper;128;0;0;0;0;0;0;0;0;0;1;202.571428571429
4081;Coop;EuroShopper;129;0;0;0;0;0;0;0;0;0;0;233.857142857143
4082;Coop;EuroShopper;130;0;0;0;0;0;0;0;0;0;0;273.428571428571
4083;Coop;EuroShopper;131;0;0;0;0;0;0;0;0;0;0;222.428571428571
4084;Coop;EuroShopper;132;0;0;0;0;0;0;0;0;0;0;197
4085;Coop;EuroShopper;133;0;0;0;0;0;0;0;0;0;0;217.571428571429
4086;Coop;EuroShopper;134;0;0;0;0;0;0;0;0;0;0;315.428571428571
4087;Coop;EuroShopper;135;0;0;0;0;0;0;0;0;0;0;233.714285714286
4088;Coop;EuroShopper;136;0;0;0;0;0;0;0;0;0;0;239.285714285714
4089;Coop;EuroShopper;137;0;0;0;0;0;0;0;0;0;0;206.142857142857
4090;Coop;EuroShopper;138;0;0;0;0;0;0;0;0;0;0;233.428571428571
4091;Coop;EuroShopper;139;0;0;0;0;0;0;0;0;0;0;281.142857142857
4092;Coop;EuroShopper;140;0;0;0;0;0;0;0;0;0;0;190.285714285714
4093;Coop;EuroShopper;141;0;0;0;0;0;0;0;0;0;0;195.571428571429
4094;Coop;EuroShopper;142;0;0;0;0;0;0;0;0;0;0;192
4095;Coop;EuroShopper;143;0;0;0;0;0;0;0;0;0;0;192.428571428571
4096;Coop;EuroShopper;144;0;0;0;0;0;0;0;0;0;0;157.142857142857
4097;Coop;EuroShopper;145;0;0;0;0;0;0;0;0;0;0;142.714285714286
4098;Coop;EuroShopper;146;0;0;0;0;0;0;0;0;0;0;166.857142857143
4099;Coop;EuroShopper;147;0;0;0;0;0;0;0;0;0;0;164.428571428571
4100;Coop;EuroShopper;148;0;0;0;0;0;0;0;0;0;0;124.285714285714
4101;Coop;EuroShopper;149;0;0;0;0;0;0;0;0;0;0;110.428571428571
4102;Coop;EuroShopper;150;0;0;0;0;0;0;0;0;0;0;74.5714285714286
4103;Coop;EuroShopper;151;0;0;0;0;0;0;0;0;0;0;78.7142857142857
4104;Coop;EuroShopper;152;0;0;0;0;0;0;0;0;0;0;103.714285714286
4105;Coop;EuroShopper;153;0;0;0;0;0;0;0;0;0;0;75.2857142857143
4106;Coop;EuroShopper;154;0;0;0;0;0;0;0;0;0;0;79.7142857142857
4107;Coop;EuroShopper;155;0;0;0;0;0;0;0;0;0;0;107.571428571429
4108;Coop;EuroShopper;156;0;0;0;0;0;0;0;0;0;1;77.5714285714286
4109;Coop;EuroShopper;157;0;0;0;0;0;0;0;0;0;1;67.5714285714286
4110;Coop;EuroShopper;158;0;0;0;0;0;0;0;0;0;0;92.7142857142857
4111;Coop;EuroShopper;159;0;0;0;0;0;0;0;0;0;0;105.571428571429
4112;Coop;EuroShopper;160;0;0;0;0;0;0;0;0;0;0;52
4113;Coop;EuroShopper;161;0;0;0;0;0;0;0;0;0;0;98.7142857142857
4114;Coop;EuroShopper;162;0;0;0;0;0;0;0;0;0;0;93.5714285714286
4115;Coop;EuroShopper;163;0;0;0;0;0;0;0;0;0;0;98.5714285714286
4116;Coop;EuroShopper;164;0;0;0;0;0;0;0;0;0;0;108
4117;Coop;EuroShopper;165;0;0;0;0;0;0;0;0;5.42857142857143;0;93.5714285714286
4118;Coop;EuroShopper;166;0;0;0;0;0;0;0;0;66.4285714285714;0;88.8571428571429
4119;Coop;EuroShopper;167;0;0;0;0;0;0;0;0;221.142857142857;0;111.428571428571
4120;Coop;EuroShopper;168;0;0;0;0;0;0;0;0;623;0;113.428571428571
4121;Coop;EuroShopper;169;0;0;0;0;0;0;0;0;1028.85714285714;0;117.142857142857
4122;Coop;EuroShopper;170;0;0;0;0;0;0;0;0;990.714285714286;0;103.571428571429
4123;Coop;EuroShopper;171;0;0;0;0;0;0;0;0;1086.28571428571;1;209.857142857143
4124;Coop;EuroShopper;172;0;0;0;0;0;0;0;0;955.571428571429;1;166.285714285714
4125;Coop;EuroShopper;173;0;0;0;0;0;0;0;0;565.714285714286;0;189
4126;Coop;EuroShopper;174;0;0;0;0;0;0;0;0;359.571428571429;1;154.857142857143
4127;Coop;EuroShopper;175;0;0;0;0;0;0;0;0;270.285714285714;1;188.571428571429
4128;Coop;EuroShopper;176;0;0;0;0;0;0;0;0;176.571428571429;0;147.714285714286
4129;Coop;EuroShopper;177;0;0;0;0;0;0;0;0;188.714285714286;1;219.142857142857
4130;Coop;EuroShopper;178;0;0;0;0;0;0;0;0;137.857142857143;0;208.428571428571
4131;Coop;EuroShopper;179;0;0;0;0;0;0;0;0;193.428571428571;1;207.142857142857
4132;Coop;EuroShopper;180;0;0;0;0;0;0;0;0;159.571428571429;0;203.285714285714
4133;Coop;EuroShopper;181;0;0;0;0;0;0;0;0;85.7142857142857;0;226
4134;Coop;EuroShopper;182;0;0;0;0;0;0;0;0;75.8571428571429;0;267.571428571429
4135;Coop;EuroShopper;183;0;0;0;0;0;0;0;0;58.7142857142857;0;202.571428571429
4136;Coop;EuroShopper;184;0;0;0;0;0;0;0;0;72.2857142857143;0;188
4137;Coop;EuroShopper;185;0;0;0;0;0;0;0;0;141.285714285714;0;215.428571428571
4138;Coop;EuroShopper;186;0;0;0;0;0;0;0;0;197.142857142857;0;222
4139;Coop;EuroShopper;187;0;0;0;0;0;0;0;0;394.285714285714;0;242
4140;Coop;EuroShopper;188;0;0;0;0;0;0;0;0;606.571428571429;0;275.428571428571
4141;Coop;EuroShopper;189;0;0;0;0;0;0;0;0;556.857142857143;0;315.571428571429
4142;Coop;EuroShopper;190;0;0;0;0;0;0;0;0;512.714285714286;0;265.571428571429
4143;Coop;EuroShopper;191;0;0;0;0;0;0;0;0;535.571428571429;0;201.714285714286
4144;Coop;EuroShopper;192;0;0;0;0;0;0;0;0;832.142857142857;0;195.285714285714
4145;Coop;EuroShopper;193;0;0;0;0;0;0;0;0;1233.14285714286;0;198.714285714286
4146;Coop;EuroShopper;194;0;0;0;0;0;0;0;0;2039.57142857143;0;242.142857142857
4147;Coop;EuroShopper;195;0;0;0;0;0;0;0;0;2892.57142857143;0;201
4148;Coop;EuroShopper;196;0;0;0;0;0;0;0;0;4163.28571428571;0;162.857142857143
4149;Coop;EuroShopper;197;0;0;0;0;0;0;0;0;6596.42857142857;0;147.285714285714
4150;Coop;EuroShopper;198;0;0;0;0;0;0;0;0;8138.71428571429;0;127.857142857143
4151;Coop;EuroShopper;199;0;0;0;0;0;0;0;0;9551;0;156.428571428571
4152;Coop;EuroShopper;200;0;0;0;0;0;0;0;0;9076;0;140.714285714286
4153;Coop;EuroShopper;201;0;0;0;0;0;0;0;0;5899.42857142857;0;143.428571428571
4154;Coop;EuroShopper;202;0;0;0;0;0;0;0;0;5256.14285714286;0;143.285714285714
4155;Coop;EuroShopper;203;0;0;0;0;0;0;0;0;5291.57142857143;0;123
4156;Coop;EuroShopper;204;0;0;0;0;0;0;0;0;4827.28571428571;0;92.1428571428571
4157;Coop;EuroShopper;205;0;0;0;0;0;0;0;0;6360.14285714286;0;68.7142857142857
4158;Coop;EuroShopper;206;0;0;0;0;0;0;0;0;8968.71428571429;0;48.2857142857143
4159;Coop;EuroShopper;207;0;0;0;0;0;0;0;0;11617.8571428571;0;103.428571428571
4160;Coop;EuroShopper;208;0;0;0;0;0;0;0;0;9461.28571428571;1;100
4161;Coop;KarvanCevitam;1;10109;2.98;4.13;2.96;4.1;0;0;0;0;1;42.1428571428571
4162;Coop;KarvanCevitam;2;10785;2.99;4.13;2.96;4.05;0;0;0;0;0;66.8571428571429
4163;Coop;KarvanCevitam;3;11920;2.98;4.12;2.99;4.08;0;14;0;0;0;26.5714285714286
4164;Coop;KarvanCevitam;4;11677;2.98;4.12;2.97;4.11;0;0;0;0;0;33.2857142857143
4165;Coop;KarvanCevitam;5;11427;2.97;4.12;2.97;4.19;0;0;0;0;0;81.4285714285714
4166;Coop;KarvanCevitam;6;24126;2.34;3.19;2.98;4.15;84;4;83;0;0;25.4285714285714
4167;Coop;KarvanCevitam;7;10099;2.95;4.13;3.08;4.33;0;2;0;0;0;87.5714285714286
4168;Coop;KarvanCevitam;8;10001;2.97;4.17;2.98;4.17;0;0;0;0;0;100.142857142857
4169;Coop;KarvanCevitam;9;10715;2.97;4.12;2.97;4.16;0;0;0;0;0;96.1428571428571
4170;Coop;KarvanCevitam;10;11755;2.97;4.12;2.99;4.13;0;0;0;0;0;110.142857142857
4171;Coop;KarvanCevitam;11;11384;2.97;4.12;2.97;4.12;0;0;0;0;0;138.714285714286
4172;Coop;KarvanCevitam;12;12535;2.94;4.06;2.99;4.17;0;0;0;0;0;127
4173;Coop;KarvanCevitam;13;89848;2;2.72;2.97;4.11;98;0;90;0;0;175
4174;Coop;KarvanCevitam;14;10964;2.85;3.99;3;4.16;0;4;0;0;0;145.142857142857
4175;Coop;KarvanCevitam;15;11950;2.94;4.1;2.95;4.12;0;3;0;0;1;143.714285714286
4176;Coop;KarvanCevitam;16;9810;2.94;4.16;2.95;4.19;0;2;0;0;1;114.571428571429
4177;Coop;KarvanCevitam;17;10935;2.92;4.1;2.91;4.1;0;0;0;0;1;116.142857142857
4178;Coop;KarvanCevitam;18;11030;2.91;4.06;2.91;4.08;0;0;0;0;1;151
4179;Coop;KarvanCevitam;19;11771;2.95;4.15;2.95;4.1;0;3;0;0;0;177.428571428571
4180;Coop;KarvanCevitam;20;13794;2.96;4.17;2.95;4.16;0;3;0;0;0;215.428571428571
4181;Coop;KarvanCevitam;21;17434;2.95;4.21;2.96;4.18;0;0;0;0;1;242.285714285714
4182;Coop;KarvanCevitam;22;16673;2.97;4.22;2.97;4.19;0;0;0;0;0;246.142857142857
4183;Coop;KarvanCevitam;23;12843;2.96;4.16;2.97;4.18;0;3;0;0;1;205.571428571429
4184;Coop;KarvanCevitam;24;13885;2.96;4.19;2.96;4.17;0;9;0;0;0;225.285714285714
4185;Coop;KarvanCevitam;25;17829;2.96;4.22;2.96;4.15;0;6;0;0;0;267.285714285714
4186;Coop;KarvanCevitam;26;13134;2.95;4.14;2.97;4.19;0;6;0;0;0;209.714285714286
4187;Coop;KarvanCevitam;27;39106;2.29;3.16;2.98;4.19;100;2;95;0;0;238
4188;Coop;KarvanCevitam;28;12287;2.92;4.2;2.91;4.12;0;4;0;0;0;212.285714285714
4189;Coop;KarvanCevitam;29;13689;2.96;4.29;2.97;4.23;0;3;0;0;0;244.142857142857
4190;Coop;KarvanCevitam;30;11084;2.97;4.29;2.98;4.24;0;0;0;0;0;208.285714285714
4191;Coop;KarvanCevitam;31;10790;2.97;4.27;2.98;4.24;0;6;0;0;0;221.571428571429
4192;Coop;KarvanCevitam;32;10518;2.97;4.23;2.97;4.31;0;6;0;0;0;210.857142857143
4193;Coop;KarvanCevitam;33;25095;2.29;3.17;2.97;4.19;71;6;37;0;0;214.714285714286
4194;Coop;KarvanCevitam;34;11801;2.95;4.2;2.96;4.2;0;13;0;0;0;228.142857142857
4195;Coop;KarvanCevitam;35;12952;2.97;4.2;2.96;4.24;0;0;0;0;0;230.571428571429
4196;Coop;KarvanCevitam;36;11076;2.98;4.18;2.98;4.31;0;0;0;0;0;190.857142857143
4197;Coop;KarvanCevitam;37;10147;2.98;4.16;2.97;4.18;0;0;0;0;0;163.857142857143
4198;Coop;KarvanCevitam;38;10063;2.98;4.17;2.98;4.23;0;0;0;0;0;177.714285714286
4199;Coop;KarvanCevitam;39;11021;2.96;4.11;2.96;4.12;0;0;0;0;0;192.714285714286
4200;Coop;KarvanCevitam;40;74448;1.97;2.67;2.99;4.14;72;0;50;0;0;160.285714285714
4201;Coop;KarvanCevitam;41;9319;2.87;4.02;3.03;4.29;0;4;0;0;0;163.142857142857
4202;Coop;KarvanCevitam;42;9381;2.94;4.14;2.97;4.19;0;0;0;0;0;194.714285714286
4203;Coop;KarvanCevitam;43;9932;2.96;4.13;2.98;4.19;0;0;0;0;0;156.857142857143
4204;Coop;KarvanCevitam;44;10552;2.97;4.12;2.99;4.15;0;0;0;0;0;130.714285714286
4205;Coop;KarvanCevitam;45;10412;2.97;4.1;2.98;4.11;0;0;0;0;0;102.142857142857
4206;Coop;KarvanCevitam;46;10398;2.97;4.11;2.96;4.1;0;0;0;0;0;96.2857142857143
4207;Coop;KarvanCevitam;47;10408;2.97;4.11;2.96;4.07;0;0;0;0;0;112
4208;Coop;KarvanCevitam;48;9794;2.97;4.1;2.96;4.1;0;0;0;0;0;53.1428571428571
4209;Coop;KarvanCevitam;49;9697;2.96;4.1;2.96;4.14;0;0;0;0;0;74.1428571428571
4210;Coop;KarvanCevitam;50;11296;2.94;4.06;2.95;4.11;0;0;0;0;0;45.8571428571429
4211;Coop;KarvanCevitam;51;51800;2.1;2.84;2.98;4.08;70;0;57;0;0;84
4212;Coop;KarvanCevitam;52;8067;2.85;3.95;3.09;4.41;0;22;0;0;1;81.2857142857143
4213;Coop;KarvanCevitam;53;8745;2.93;4.1;2.95;4.07;0;4;0;0;1;98.2857142857143
4214;Coop;KarvanCevitam;54;10106;2.94;4.09;2.96;4.13;0;0;0;0;0;57.7142857142857
4215;Coop;KarvanCevitam;55;10989;2.92;4.04;2.93;4.09;0;0;0;0;0;66.8571428571429
4216;Coop;KarvanCevitam;56;50578;2.11;2.87;2.89;3.96;75;0;56;0;0;94.1428571428571
4217;Coop;KarvanCevitam;57;10012;2.94;4.12;2.93;4.06;0;0;0;0;0;79.8571428571429
4218;Coop;KarvanCevitam;58;11004;2.83;3.95;2.81;3.91;0;0;0;0;0;35.4285714285714
4219;Coop;KarvanCevitam;59;11047;2.92;4.07;2.91;4;0;0;0;0;0;73.7142857142857
4220;Coop;KarvanCevitam;60;11932;2.93;4.11;2.93;4.11;0;0;0;0;0;45.4285714285714
4221;Coop;KarvanCevitam;61;11725;2.95;4.1;2.96;4.11;0;0;0;0;0;-4.71428571428571
4222;Coop;KarvanCevitam;62;12600;2.96;4.13;2.96;4.14;0;0;0;0;0;108.571428571429
4223;Coop;KarvanCevitam;63;12272;2.95;4.09;2.95;4.11;0;0;0;0;0;93
4224;Coop;KarvanCevitam;64;12557;2.94;4.11;2.95;4.11;0;0;0;0;0;73.5714285714286
4225;Coop;KarvanCevitam;65;12467;2.94;4.1;2.95;4.14;0;0;0;0;1;111
4226;Coop;KarvanCevitam;66;11664;2.93;4.11;2.96;4.11;0;0;0;0;1;139.571428571429
4227;Coop;KarvanCevitam;67;36722;2.3;3.15;2.95;4.12;68;5;95;0;0;176.428571428571
4228;Coop;KarvanCevitam;68;14702;2.96;4.18;2.99;4.15;0;0;0;0;0;218.714285714286
4229;Coop;KarvanCevitam;69;12843;2.96;4.2;2.91;4.08;0;5;0;0;1;166.428571428571
4230;Coop;KarvanCevitam;70;12681;2.96;4.21;2.96;4.2;0;0;0;0;1;158.857142857143
4231;Coop;KarvanCevitam;71;14716;2.96;4.22;2.97;4.21;0;0;0;0;1;231.142857142857
4232;Coop;KarvanCevitam;72;13642;2.95;4.19;2.98;4.21;0;3;0;0;0;187.714285714286
4233;Coop;KarvanCevitam;73;39583;2.29;3.16;2.99;4.22;79;3;43;0;1;253
4234;Coop;KarvanCevitam;74;16867;2.96;4.26;2.96;4.15;0;0;0;0;0;258.285714285714
4235;Coop;KarvanCevitam;75;16062;2.96;4.22;2.96;4.21;0;0;0;0;0;240.142857142857
4236;Coop;KarvanCevitam;76;13732;2.96;4.19;2.96;4.26;0;0;0;0;0;209.428571428571
4237;Coop;KarvanCevitam;77;13349;2.96;4.21;2.97;4.24;0;0;0;0;0;196.428571428571
4238;Coop;KarvanCevitam;78;17451;2.95;4.2;2.95;4.13;0;0;0;0;0;237.285714285714
4239;Coop;KarvanCevitam;79;72246;2.32;3.2;2.96;4.18;80;13;61;0;0;255.714285714286
4240;Coop;KarvanCevitam;80;13956;2.9;4.18;2.98;4.21;0;6;0;0;0;236.142857142857
4241;Coop;KarvanCevitam;81;19878;2.76;3.96;2.9;4.12;0;4;0;0;0;268
4242;Coop;KarvanCevitam;82;22765;2.86;4.09;2.96;4.22;0;8;0;0;0;306.142857142857
4243;Coop;KarvanCevitam;83;19770;2.91;4.12;2.93;4.18;0;2;0;0;0;286
4244;Coop;KarvanCevitam;84;16213;2.95;4.16;2.95;4.17;0;3;0;0;0;255.571428571429
4245;Coop;KarvanCevitam;85;13378;2.94;4.14;2.95;4.17;0;4;0;0;0;233.142857142857
4246;Coop;KarvanCevitam;86;56296;2.32;3.17;2.97;4.22;82;4;89;0;0;222.428571428571
4247;Coop;KarvanCevitam;87;11671;2.87;4.04;2.97;4.16;0;15;0;0;0;198
4248;Coop;KarvanCevitam;88;11753;2.95;4.12;2.96;4.18;0;2;0;0;0;210.857142857143
4249;Coop;KarvanCevitam;89;11519;2.96;4.13;2.96;4.2;0;3;0;0;0;206.285714285714
4250;Coop;KarvanCevitam;90;12465;2.96;4.12;2.95;4.11;0;0;0;0;0;220.285714285714
4251;Coop;KarvanCevitam;91;12507;2.95;4.09;2.96;4.12;0;0;0;0;0;164.285714285714
4252;Coop;KarvanCevitam;92;12478;2.95;4.11;2.96;4.12;0;0;0;0;0;177
4253;Coop;KarvanCevitam;93;13228;2.94;4.09;2.95;4.12;0;0;0;0;0;209.714285714286
4254;Coop;KarvanCevitam;94;41097;2.34;3.19;2.93;4.05;79;0;78;0;0;199
4255;Coop;KarvanCevitam;95;10184;2.94;4.11;2.97;4.23;0;2;0;0;0;141.714285714286
4256;Coop;KarvanCevitam;96;10364;2.94;4.12;2.94;4.05;0;0;0;0;0;99.7142857142857
4257;Coop;KarvanCevitam;97;11027;2.94;4.08;2.94;4.09;0;0;0;0;0;134.714285714286
4258;Coop;KarvanCevitam;98;11151;2.94;4.07;2.94;4.08;0;0;0;0;0;115.857142857143
4259;Coop;KarvanCevitam;99;11600;2.96;4.1;2.95;4.09;0;3;0;0;0;55.8571428571429
4260;Coop;KarvanCevitam;100;11090;3.13;4.33;2.84;3.96;0;3;0;0;0;82.5714285714286
4261;Coop;KarvanCevitam;101;10727;2.98;4.13;2.93;4.03;0;0;0;0;0;114
4262;Coop;KarvanCevitam;102;11204;2.93;4.05;2.98;4.14;0;0;0;0;0;51.8571428571429
4263;Coop;KarvanCevitam;103;12359;2.93;4.06;2.99;4.14;0;0;0;0;0;87.4285714285714
4264;Coop;KarvanCevitam;104;61405;1.6;2.17;2.97;4.11;85;0;65;0;1;73.1428571428571
4265;Coop;KarvanCevitam;105;15560;2.23;3.06;2.84;3.94;0;1;0;0;1;81.2857142857143
4266;Coop;KarvanCevitam;106;9316;3.01;4.22;2.93;4.1;0;1;0;0;0;80.2857142857143
4267;Coop;KarvanCevitam;107;10428;3.01;4.17;2.93;4.06;0;0;0;0;0;65.2857142857143
4268;Coop;KarvanCevitam;108;40789;2.29;3.13;2.78;3.82;87;0;62;0;0;29.8571428571429
4269;Coop;KarvanCevitam;109;9360;3.02;4.21;3;4.13;0;0;0;0;0;36.7142857142857
4270;Coop;KarvanCevitam;110;10118;3.03;4.23;3.01;4.2;0;0;0;0;0;75.4285714285714
4271;Coop;KarvanCevitam;111;11168;3.01;4.21;3.02;4.19;0;0;0;0;0;109.142857142857
4272;Coop;KarvanCevitam;112;11597;2.99;4.18;3.02;4.26;0;0;0;0;0;124.714285714286
4273;Coop;KarvanCevitam;113;11881;2.99;4.21;3.03;4.22;0;0;0;0;0;148.142857142857
4274;Coop;KarvanCevitam;114;11245;2.98;4.15;3.01;4.22;0;0;0;0;0;117.428571428571
4275;Coop;KarvanCevitam;115;37355;2.45;3.34;2.98;4.11;86;2;48;0;0;105
4276;Coop;KarvanCevitam;116;10610;2.98;4.19;2.98;4.12;0;1;0;0;0;121.714285714286
4277;Coop;KarvanCevitam;117;11883;2.99;4.19;2.99;4.19;0;0;0;0;0;129.428571428571
4278;Coop;KarvanCevitam;118;12214;3;4.22;2.99;4.23;0;1;0;0;0;128.857142857143
4279;Coop;KarvanCevitam;119;12950;2.98;4.17;2.99;4.29;0;0;0;0;0;137.142857142857
4280;Coop;KarvanCevitam;120;39792;2.51;3.45;2.98;4.2;85;0;69;0;1;188.142857142857
4281;Coop;KarvanCevitam;121;12512;2.97;4.22;2.98;4.19;0;1;0;0;1;204.285714285714
4282;Coop;KarvanCevitam;122;11328;2.99;4.22;3.01;4.23;0;0;0;0;0;131
4283;Coop;KarvanCevitam;123;11361;3;4.21;2.99;4.18;0;0;0;0;1;137.142857142857
4284;Coop;KarvanCevitam;124;12636;3;4.23;3;4.19;0;0;0;0;0;168.571428571429
4285;Coop;KarvanCevitam;125;14052;2.98;4.21;2.99;4.16;0;0;0;0;0;188.142857142857
4286;Coop;KarvanCevitam;126;46922;2.48;3.38;2.98;4.18;93;4;84;0;1;201.428571428571
4287;Coop;KarvanCevitam;127;14200;2.99;4.18;3;4.2;0;0;0;0;0;219
4288;Coop;KarvanCevitam;128;12661;3.03;4.18;3.04;4.17;0;0;0;0;1;202.571428571429
4289;Coop;KarvanCevitam;129;17063;3.05;4.21;3.04;4.22;0;0;0;0;0;233.857142857143
4290;Coop;KarvanCevitam;130;21288;3.06;4.28;3.04;4.23;0;0;0;0;0;273.428571428571
4291;Coop;KarvanCevitam;131;15567;3.04;4.26;3.04;4.18;0;0;0;0;0;222.428571428571
4292;Coop;KarvanCevitam;132;64169;2.11;2.89;3.04;4.23;81;0;54;0;0;197
4293;Coop;KarvanCevitam;133;13947;2.84;4.07;3.12;4.47;0;18;0;0;0;217.571428571429
4294;Coop;KarvanCevitam;134;20973;3.02;4.23;3.02;4.24;0;13;0;0;0;315.428571428571
4295;Coop;KarvanCevitam;135;14047;3.03;4.22;3.03;4.2;0;15;0;0;0;233.714285714286
4296;Coop;KarvanCevitam;136;12952;3.05;4.18;3.05;4.2;0;11;0;0;0;239.285714285714
4297;Coop;KarvanCevitam;137;11707;3.05;4.2;3.06;4.26;0;4;0;0;0;206.142857142857
4298;Coop;KarvanCevitam;138;14735;3.05;4.16;3.04;4.2;0;0;0;0;0;233.428571428571
4299;Coop;KarvanCevitam;139;67230;2.36;3.22;3.04;4.15;86;0;79;0;0;281.142857142857
4300;Coop;KarvanCevitam;140;11655;3.02;4.13;3.04;4.11;0;9;0;0;0;190.285714285714
4301;Coop;KarvanCevitam;141;10928;3.05;4.15;3.05;4.16;0;0;0;0;0;195.571428571429
4302;Coop;KarvanCevitam;142;11695;3.03;4.1;3.02;4.16;0;0;0;0;0;192
4303;Coop;KarvanCevitam;143;12430;3.05;4.12;3.03;4.1;0;0;0;0;0;192.428571428571
4304;Coop;KarvanCevitam;144;41794;2.47;3.33;3.02;4.12;77;0;80;0;0;157.142857142857
4305;Coop;KarvanCevitam;145;10756;3;4.12;2.99;4.15;0;0;0;0;0;142.714285714286
4306;Coop;KarvanCevitam;146;10998;3.01;4.14;2.99;4.18;0;0;0;0;0;166.857142857143
4307;Coop;KarvanCevitam;147;11655;3.05;4.11;3.04;4.16;0;4;0;0;0;164.428571428571
4308;Coop;KarvanCevitam;148;11757;3.05;4.11;3.07;4.07;0;0;0;0;0;124.285714285714
4309;Coop;KarvanCevitam;149;11831;3.05;4.07;3.04;4.1;0;0;0;0;0;110.428571428571
4310;Coop;KarvanCevitam;150;37750;2.59;3.48;3.03;4.06;90;0;73;0;0;74.5714285714286
4311;Coop;KarvanCevitam;151;10563;3.04;4.1;3.04;4.08;0;0;0;0;0;78.7142857142857
4312;Coop;KarvanCevitam;152;10479;3.05;4.11;3.04;4.14;0;0;0;0;0;103.714285714286
4313;Coop;KarvanCevitam;153;10545;3.03;4.09;3.03;4.03;0;0;0;0;0;75.2857142857143
4314;Coop;KarvanCevitam;154;39631;2.36;3.18;3.02;4.06;80;0;78;0;0;79.7142857142857
4315;Coop;KarvanCevitam;155;10177;3.04;4.11;3.04;4.19;0;0;0;0;0;107.571428571429
4316;Coop;KarvanCevitam;156;8190;3.05;4.13;3.05;4.09;0;0;0;0;1;77.5714285714286
4317;Coop;KarvanCevitam;157;9993;3.05;4.12;3.06;4.17;0;0;0;0;1;67.5714285714286
4318;Coop;KarvanCevitam;158;11234;3.05;4.11;3.05;4.14;0;0;0;0;0;92.7142857142857
4319;Coop;KarvanCevitam;159;37868;2.58;3.48;3.05;4.08;90;0;44;0;0;105.571428571429
4320;Coop;KarvanCevitam;160;10172;3.04;4.12;3.03;4.14;0;0;0;0;0;52
4321;Coop;KarvanCevitam;161;10592;3.04;4.12;3.04;4.1;0;0;0;0;0;98.7142857142857
4322;Coop;KarvanCevitam;162;12101;2.96;4;2.96;4.06;0;0;0;0;0;93.5714285714286
4323;Coop;KarvanCevitam;163;12716;2.96;3.99;2.98;4.04;0;0;0;0;0;98.5714285714286
4324;Coop;KarvanCevitam;164;38113;2.58;3.51;3.01;4.09;89;0;61;0;0;108
4325;Coop;KarvanCevitam;165;11379;2.99;4.04;2.99;4.05;0;0;0;5.42857142857143;0;93.5714285714286
4326;Coop;KarvanCevitam;166;11229;3.04;4.1;3.02;4.07;0;0;0;66.4285714285714;0;88.8571428571429
4327;Coop;KarvanCevitam;167;19014;3.05;4.07;3.03;4.04;0;0;0;221.142857142857;0;111.428571428571
4328;Coop;KarvanCevitam;168;19436;3.05;4.05;3.04;4.05;0;0;0;623;0;113.428571428571
4329;Coop;KarvanCevitam;169;16271;3.05;4.06;3.05;4.05;0;0;0;1028.85714285714;0;117.142857142857
4330;Coop;KarvanCevitam;170;14592;3.04;4.06;3.02;4.06;0;0;0;990.714285714286;0;103.571428571429
4331;Coop;KarvanCevitam;171;44801;2.61;3.51;3.03;4.03;80;0;0;1086.28571428571;1;209.857142857143
4332;Coop;KarvanCevitam;172;13374;3.02;4.05;3.03;4.11;0;0;0;955.571428571429;1;166.285714285714
4333;Coop;KarvanCevitam;173;15354;3.03;4.1;3.02;4.08;0;0;0;565.714285714286;0;189
4334;Coop;KarvanCevitam;174;13915;3.02;4.1;3.03;4.08;0;0;0;359.571428571429;1;154.857142857143
4335;Coop;KarvanCevitam;175;15788;3.03;4.07;3.03;4.06;0;0;0;270.285714285714;1;188.571428571429
4336;Coop;KarvanCevitam;176;49909;2.58;3.47;3.02;4.07;76;0;0;176.571428571429;0;147.714285714286
4337;Coop;KarvanCevitam;177;14582;3.02;4.09;3;4.01;0;0;0;188.714285714286;1;219.142857142857
4338;Coop;KarvanCevitam;178;15780;3.02;4.1;3.02;4.08;0;0;0;137.857142857143;0;208.428571428571
4339;Coop;KarvanCevitam;179;14765;3.03;4.11;3.03;4.11;0;1;0;193.428571428571;1;207.142857142857
4340;Coop;KarvanCevitam;180;14698;3.01;4.08;3.04;4.1;0;0;0;159.571428571429;0;203.285714285714
4341;Coop;KarvanCevitam;181;91796;2.08;2.82;3.04;4.14;91;0;54;85.7142857142857;0;226
4342;Coop;KarvanCevitam;182;18484;3.08;4.24;3.05;4.18;0;6;0;75.8571428571429;0;267.571428571429
4343;Coop;KarvanCevitam;183;13209;3.18;4.33;3.03;4.13;0;0;0;58.7142857142857;0;202.571428571429
4344;Coop;KarvanCevitam;184;12203;3.19;4.36;3.15;4.24;0;0;0;72.2857142857143;0;188
4345;Coop;KarvanCevitam;185;13671;3.15;4.34;3.17;4.29;0;0;0;141.285714285714;0;215.428571428571
4346;Coop;KarvanCevitam;186;81889;2.1;2.85;3.18;4.37;88;0;55;197.142857142857;0;222
4347;Coop;KarvanCevitam;187;12094;3.1;4.37;3.16;4.34;0;0;0;394.285714285714;0;242
4348;Coop;KarvanCevitam;188;17183;3.07;4.27;3.18;4.45;0;0;0;606.571428571429;0;275.428571428571
4349;Coop;KarvanCevitam;189;21636;3.08;4.24;3.18;4.4;0;0;0;556.857142857143;0;315.571428571429
4350;Coop;KarvanCevitam;190;38079;2.36;3.18;3.14;4.27;100;0;2;512.714285714286;0;265.571428571429
4351;Coop;KarvanCevitam;191;13402;3.06;4.16;3.08;4.25;0;0;0;535.571428571429;0;201.714285714286
4352;Coop;KarvanCevitam;192;12532;3.07;4.17;3.12;4.25;0;0;0;832.142857142857;0;195.285714285714
4353;Coop;KarvanCevitam;193;12764;3.07;4.13;3.11;4.19;0;5;0;1233.14285714286;0;198.714285714286
4354;Coop;KarvanCevitam;194;43363;2.59;3.51;3.05;4.25;86;27;72;2039.57142857143;0;242.142857142857
4355;Coop;KarvanCevitam;195;11852;3.04;4.12;3.06;4.14;0;5;0;2892.57142857143;0;201
4356;Coop;KarvanCevitam;196;11986;3.02;4.09;3.06;4.17;0;0;0;4163.28571428571;0;162.857142857143
4357;Coop;KarvanCevitam;197;37534;2.58;3.48;3.04;4.16;89;0;47;6596.42857142857;0;147.285714285714
4358;Coop;KarvanCevitam;198;11093;3.02;4.08;3.03;4.11;0;0;0;8138.71428571429;0;127.857142857143
4359;Coop;KarvanCevitam;199;11825;3.02;4.08;3.04;4.18;0;4;0;9551;0;156.428571428571
4360;Coop;KarvanCevitam;200;12771;3.02;4.04;3.01;4.09;0;0;0;9076;0;140.714285714286
4361;Coop;KarvanCevitam;201;41334;2.58;3.48;3.02;4.06;88;0;41;5899.42857142857;0;143.428571428571
4362;Coop;KarvanCevitam;202;10696;3.05;4.1;3.03;4.14;0;0;0;5256.14285714286;0;143.285714285714
4363;Coop;KarvanCevitam;203;10848;3.07;4.15;3.02;4.05;0;0;0;5291.57142857143;0;123
4364;Coop;KarvanCevitam;204;11634;3.08;4.11;3.06;4.05;0;0;0;4827.28571428571;0;92.1428571428571
4365;Coop;KarvanCevitam;205;11932;3.07;4.12;3.07;4.11;0;0;0;6360.14285714286;0;68.7142857142857
4366;Coop;KarvanCevitam;206;12936;3.04;4.08;3.03;4.1;0;0;0;8968.71428571429;0;48.2857142857143
4367;Coop;KarvanCevitam;207;13956;3.07;4.11;3.07;4.11;0;0;0;11617.8571428571;0;103.428571428571
4368;Coop;KarvanCevitam;208;11109;3.08;4.09;3.07;4.13;0;0;0;9461.28571428571;1;100
4369;Coop;Raak;1;10044;1.43;1.91;1.37;1.83;0;0;0;0;1;42.1428571428571
4370;Coop;Raak;2;11990;1.41;1.88;1.41;1.88;0;0;0;0;0;66.8571428571429
4371;Coop;Raak;3;12373;1.41;1.88;1.36;1.82;0;0;0;0;0;26.5714285714286
4372;Coop;Raak;4;12403;1.43;1.91;1.42;1.89;0;0;0;0;0;33.2857142857143
4373;Coop;Raak;5;12845;1.42;1.89;1.59;2.12;0;11;0;0;0;81.4285714285714
4374;Coop;Raak;6;12011;1.41;1.88;1.5;2;0;7;0;0;0;25.4285714285714
4375;Coop;Raak;7;12490;1.41;1.88;1.46;1.94;0;4;0;0;0;87.5714285714286
4376;Coop;Raak;8;11778;1.44;1.92;1.45;1.93;0;6;0;0;0;100.142857142857
4377;Coop;Raak;9;11770;1.41;1.88;1.48;1.97;0;14;0;0;0;96.1428571428571
4378;Coop;Raak;10;12031;1.44;1.92;1.5;1.99;0;6;0;0;0;110.142857142857
4379;Coop;Raak;11;12518;1.44;1.91;1.54;2.06;0;6;0;0;0;138.714285714286
4380;Coop;Raak;12;12646;1.45;1.94;1.46;1.94;0;5;0;0;0;127
4381;Coop;Raak;13;12612;1.46;1.95;1.45;1.94;0;0;0;0;0;175
4382;Coop;Raak;14;13765;1.39;1.85;1.46;1.94;0;0;0;0;0;145.142857142857
4383;Coop;Raak;15;13030;1.4;1.87;1.48;1.98;0;7;0;0;1;143.714285714286
4384;Coop;Raak;16;10246;1.43;1.91;1.55;2.06;0;0;0;0;1;114.571428571429
4385;Coop;Raak;17;9780;1.45;1.94;1.47;1.96;0;0;0;0;1;116.142857142857
4386;Coop;Raak;18;11183;1.41;1.87;1.49;1.99;0;3;0;0;1;151
4387;Coop;Raak;19;12096;1.41;1.88;1.57;2.09;0;10;0;0;0;177.428571428571
4388;Coop;Raak;20;34335;1.24;1.66;1.46;1.94;42;0;91;0;0;215.428571428571
4389;Coop;Raak;21;15749;1.39;1.86;1.42;1.89;0;16;0;0;1;242.285714285714
4390;Coop;Raak;22;15649;1.41;1.88;1.42;1.89;0;8;0;0;0;246.142857142857
4391;Coop;Raak;23;11537;1.45;1.93;1.46;1.94;0;5;0;0;1;205.571428571429
4392;Coop;Raak;24;13258;1.43;1.91;1.51;2.01;0;5;0;0;0;225.285714285714
4393;Coop;Raak;25;16510;1.41;1.88;1.46;1.95;0;10;0;0;0;267.285714285714
4394;Coop;Raak;26;13364;1.39;1.85;1.39;1.86;0;0;0;0;0;209.714285714286
4395;Coop;Raak;27;12526;1.44;1.93;1.45;1.93;0;0;0;0;0;238
4396;Coop;Raak;28;12379;1.41;1.88;1.41;1.88;0;0;0;0;0;212.285714285714
4397;Coop;Raak;29;13166;1.41;1.88;1.41;1.88;0;0;0;0;0;244.142857142857
4398;Coop;Raak;30;11611;1.39;1.85;1.39;1.85;0;0;0;0;0;208.285714285714
4399;Coop;Raak;31;10130;1.43;1.91;1.45;1.93;0;0;0;0;0;221.571428571429
4400;Coop;Raak;32;9991;1.43;1.9;1.46;1.95;0;4;0;0;0;210.857142857143
4401;Coop;Raak;33;10294;1.42;1.89;1.45;1.93;0;2;0;0;0;214.714285714286
4402;Coop;Raak;34;12071;1.41;1.88;1.41;1.87;0;2;0;0;0;228.142857142857
4403;Coop;Raak;35;11963;1.43;1.91;1.43;1.91;0;3;0;0;0;230.571428571429
4404;Coop;Raak;36;11768;1.42;1.89;1.42;1.89;0;3;0;0;0;190.857142857143
4405;Coop;Raak;37;10347;1.44;1.93;1.44;1.93;0;3;0;0;0;163.857142857143
4406;Coop;Raak;38;10339;1.44;1.92;1.44;1.92;0;3;0;0;0;177.714285714286
4407;Coop;Raak;39;10182;1.45;1.93;1.45;1.93;0;2;0;0;0;192.714285714286
4408;Coop;Raak;40;9635;1.45;1.93;1.45;1.93;0;3;0;0;0;160.285714285714
4409;Coop;Raak;41;10153;1.45;1.93;1.45;1.93;0;0;0;0;0;163.142857142857
4410;Coop;Raak;42;27564;1.21;1.61;1.44;1.93;22;6;77;0;0;194.714285714286
4411;Coop;Raak;43;9538;1.43;1.91;1.45;1.93;0;4;0;0;0;156.857142857143
4412;Coop;Raak;44;10219;1.45;1.93;1.45;1.93;0;0;0;0;0;130.714285714286
4413;Coop;Raak;45;10006;1.45;1.93;1.46;1.95;0;0;0;0;0;102.142857142857
4414;Coop;Raak;46;10373;1.45;1.93;1.45;1.93;0;0;0;0;0;96.2857142857143
4415;Coop;Raak;47;10378;1.45;1.93;1.45;1.94;0;0;0;0;0;112
4416;Coop;Raak;48;10321;1.45;1.93;1.45;1.94;0;0;0;0;0;53.1428571428571
4417;Coop;Raak;49;10207;1.44;1.92;1.45;1.93;0;0;0;0;0;74.1428571428571
4418;Coop;Raak;50;10405;1.44;1.92;1.45;1.93;0;0;0;0;0;45.8571428571429
4419;Coop;Raak;51;11697;1.44;1.92;1.45;1.93;0;0;0;0;0;84
4420;Coop;Raak;52;7251;1.44;1.92;1.45;1.93;0;0;0;0;1;81.2857142857143
4421;Coop;Raak;53;8534;1.44;1.92;1.44;1.92;0;0;0;0;1;98.2857142857143
4422;Coop;Raak;54;10198;1.46;1.95;1.45;1.93;0;0;0;0;0;57.7142857142857
4423;Coop;Raak;55;10473;1.47;1.96;1.44;1.91;0;0;0;0;0;66.8571428571429
4424;Coop;Raak;56;10998;1.47;1.97;1.46;1.95;0;4;0;0;0;94.1428571428571
4425;Coop;Raak;57;10936;1.48;1.97;1.47;1.96;0;0;0;0;0;79.8571428571429
4426;Coop;Raak;58;10868;1.48;1.97;1.48;1.97;0;0;0;0;0;35.4285714285714
4427;Coop;Raak;59;11012;1.47;1.96;1.47;1.95;0;0;0;0;0;73.7142857142857
4428;Coop;Raak;60;10377;1.48;1.97;1.48;1.97;0;0;0;0;0;45.4285714285714
4429;Coop;Raak;61;10116;1.47;1.96;1.47;1.96;0;0;0;0;0;-4.71428571428571
4430;Coop;Raak;62;13303;1.38;1.84;1.45;1.94;0;0;0;0;0;108.571428571429
4431;Coop;Raak;63;12906;1.39;1.85;1.44;1.92;0;5;0;0;0;93
4432;Coop;Raak;64;13539;1.4;1.87;1.49;1.98;0;0;0;0;0;73.5714285714286
4433;Coop;Raak;65;13458;1.41;1.88;1.44;1.92;0;4;0;0;1;111
4434;Coop;Raak;66;12435;1.41;1.88;1.42;1.9;0;7;0;0;1;139.571428571429
4435;Coop;Raak;67;12967;1.42;1.89;1.47;1.96;0;0;0;0;0;176.428571428571
4436;Coop;Raak;68;16187;1.39;1.86;1.45;1.93;0;6;0;0;0;218.714285714286
4437;Coop;Raak;69;13732;1.38;1.84;1.43;1.91;0;3;0;0;1;166.428571428571
4438;Coop;Raak;70;40348;1.19;1.58;1.47;1.96;75;4;92;0;1;158.857142857143
4439;Coop;Raak;71;14155;1.4;1.87;1.41;1.88;0;3;0;0;1;231.142857142857
4440;Coop;Raak;72;13454;1.43;1.91;1.43;1.9;0;3;0;0;0;187.714285714286
4441;Coop;Raak;73;14874;1.43;1.91;1.43;1.91;0;3;0;0;1;253
4442;Coop;Raak;74;16575;1.44;1.91;1.43;1.91;0;8;0;0;0;258.285714285714
4443;Coop;Raak;75;14862;1.44;1.92;1.44;1.91;0;0;0;0;0;240.142857142857
4444;Coop;Raak;76;13426;1.44;1.91;1.43;1.91;0;3;0;0;0;209.428571428571
4445;Coop;Raak;77;13351;1.44;1.91;1.44;1.92;0;0;0;0;0;196.428571428571
4446;Coop;Raak;78;15582;1.43;1.91;1.43;1.9;0;0;0;0;0;237.285714285714
4447;Coop;Raak;79;16451;1.43;1.91;1.43;1.91;0;0;0;0;0;255.714285714286
4448;Coop;Raak;80;46217;0.98;1.31;1.44;1.92;100;0;8;0;0;236.142857142857
4449;Coop;Raak;81;17927;1.41;1.87;1.43;1.91;0;4;0;0;0;268
4450;Coop;Raak;82;19037;1.42;1.9;1.43;1.91;0;3;0;0;0;306.142857142857
4451;Coop;Raak;83;17061;1.43;1.9;1.42;1.9;0;0;0;0;0;286
4452;Coop;Raak;84;13890;1.44;1.92;1.43;1.91;0;0;0;0;0;255.571428571429
4453;Coop;Raak;85;11798;1.44;1.92;1.43;1.91;0;0;0;0;0;233.142857142857
4454;Coop;Raak;86;12754;1.44;1.91;1.43;1.91;0;0;0;0;0;222.428571428571
4455;Coop;Raak;87;11747;1.44;1.92;1.43;1.91;0;0;0;0;0;198
4456;Coop;Raak;88;12752;1.43;1.91;1.43;1.9;0;0;0;0;0;210.857142857143
4457;Coop;Raak;89;12789;1.41;1.89;1.42;1.89;0;0;0;0;0;206.285714285714
4458;Coop;Raak;90;13692;1.43;1.91;1.43;1.91;0;0;0;0;0;220.285714285714
4459;Coop;Raak;91;13283;1.41;1.88;1.42;1.9;0;0;0;0;0;164.285714285714
4460;Coop;Raak;92;12439;1.41;1.88;1.44;1.92;0;0;0;0;0;177
4461;Coop;Raak;93;13189;1.41;1.88;1.44;1.92;0;0;0;0;0;209.714285714286
4462;Coop;Raak;94;13326;1.42;1.89;1.45;1.93;0;0;0;0;0;199
4463;Coop;Raak;95;11425;1.43;1.9;1.43;1.91;0;0;0;0;0;141.714285714286
4464;Coop;Raak;96;9581;1.43;1.91;1.43;1.91;0;0;0;0;0;99.7142857142857
4465;Coop;Raak;97;8687;1.41;1.88;1.42;1.89;0;0;0;0;0;134.714285714286
4466;Coop;Raak;98;8279;1.4;1.87;1.42;1.89;0;0;0;0;0;115.857142857143
4467;Coop;Raak;99;8960;1.39;1.85;1.45;1.93;0;8;0;0;0;55.8571428571429
4468;Coop;Raak;100;11408;1.5;2;1.39;1.86;0;0;0;0;0;82.5714285714286
4469;Coop;Raak;101;12131;1.45;1.93;1.4;1.87;0;0;0;0;0;114
4470;Coop;Raak;102;42042;1.06;1.42;1.3;1.73;56;0;85;0;0;51.8571428571429
4471;Coop;Raak;103;11534;1.41;1.87;1.42;1.89;0;0;0;0;0;87.4285714285714
4472;Coop;Raak;104;8004;1.44;1.92;1.45;1.93;0;0;0;0;1;73.1428571428571
4473;Coop;Raak;105;9314;1.46;1.94;1.45;1.94;0;6;0;0;1;81.2857142857143
4474;Coop;Raak;106;10939;1.47;1.96;1.44;1.91;0;6;0;0;0;80.2857142857143
4475;Coop;Raak;107;11233;1.48;1.98;1.46;1.94;0;6;0;0;0;65.2857142857143
4476;Coop;Raak;108;12223;1.49;1.98;1.47;1.96;0;0;0;0;0;29.8571428571429
4477;Coop;Raak;109;12637;1.48;1.98;1.48;1.97;0;0;0;0;0;36.7142857142857
4478;Coop;Raak;110;12860;1.49;1.98;1.48;1.98;0;0;0;0;0;75.4285714285714
4479;Coop;Raak;111;13624;1.46;1.95;1.46;1.95;0;0;0;0;0;109.142857142857
4480;Coop;Raak;112;12474;1.48;1.97;1.48;1.98;0;0;0;0;0;124.714285714286
4481;Coop;Raak;113;12945;1.48;1.97;1.49;1.99;0;3;0;0;0;148.142857142857
4482;Coop;Raak;114;12699;1.47;1.96;1.48;1.97;0;3;0;0;0;117.428571428571
4483;Coop;Raak;115;13291;1.46;1.95;1.47;1.96;0;0;0;0;0;105
4484;Coop;Raak;116;13359;1.47;1.96;1.47;1.96;0;0;0;0;0;121.714285714286
4485;Coop;Raak;117;15949;1.45;1.93;1.47;1.96;0;11;0;0;0;129.428571428571
4486;Coop;Raak;118;15847;1.43;1.91;1.46;1.95;0;26;0;0;0;128.857142857143
4487;Coop;Raak;119;15770;1.45;1.93;1.48;1.98;0;9;0;0;0;137.142857142857
4488;Coop;Raak;120;16280;1.46;1.95;1.47;1.96;0;5;0;0;1;188.142857142857
4489;Coop;Raak;121;14943;1.47;1.95;1.5;2;0;1;0;0;1;204.285714285714
4490;Coop;Raak;122;13598;1.45;1.94;1.48;1.97;0;0;0;0;0;131
4491;Coop;Raak;123;13967;1.46;1.95;1.46;1.95;0;0;0;0;1;137.142857142857
4492;Coop;Raak;124;44944;1.24;1.66;1.45;1.93;79;2;86;0;0;168.571428571429
4493;Coop;Raak;125;14126;1.46;1.95;1.45;1.93;0;0;0;0;0;188.142857142857
4494;Coop;Raak;126;14372;1.52;2.02;1.46;1.95;0;0;0;0;1;201.428571428571
4495;Coop;Raak;127;15610;1.57;2.09;1.47;1.96;0;0;0;0;0;219
4496;Coop;Raak;128;14261;1.56;2.08;1.51;2.02;0;0;0;0;1;202.571428571429
4497;Coop;Raak;129;56327;1.07;1.43;1.57;2.1;100;0;14;0;0;233.857142857143
4498;Coop;Raak;130;21573;1.61;2.14;1.58;2.11;0;20;0;0;0;273.428571428571
4499;Coop;Raak;131;16886;1.65;2.21;1.56;2.08;0;0;0;0;0;222.428571428571
4500;Coop;Raak;132;14135;1.67;2.23;1.62;2.16;0;0;0;0;0;197
4501;Coop;Raak;133;14356;1.67;2.22;1.71;2.28;0;9;0;0;0;217.571428571429
4502;Coop;Raak;134;21393;1.68;2.24;1.7;2.27;0;6;0;0;0;315.428571428571
4503;Coop;Raak;135;14105;1.68;2.25;1.68;2.24;0;0;0;0;0;233.714285714286
4504;Coop;Raak;136;13451;1.68;2.24;1.68;2.24;0;0;0;0;0;239.285714285714
4505;Coop;Raak;137;41575;1.21;1.62;1.69;2.25;66;4;78;0;0;206.142857142857
4506;Coop;Raak;138;15388;1.59;2.12;1.62;2.16;0;4;0;0;0;233.428571428571
4507;Coop;Raak;139;18039;1.66;2.21;1.68;2.24;0;4;0;0;0;281.142857142857
4508;Coop;Raak;140;14838;1.57;2.09;1.68;2.23;0;4;0;0;0;190.285714285714
4509;Coop;Raak;141;15131;1.5;2;1.66;2.21;0;4;0;0;0;195.571428571429
4510;Coop;Raak;142;14989;1.52;2.03;1.66;2.21;0;9;0;0;0;192
4511;Coop;Raak;143;14171;1.52;2.03;1.65;2.21;0;4;0;0;0;192.428571428571
4512;Coop;Raak;144;13258;1.53;2.04;1.57;2.1;0;0;0;0;0;157.142857142857
4513;Coop;Raak;145;13023;1.53;2.04;1.53;2.05;0;0;0;0;0;142.714285714286
4514;Coop;Raak;146;13556;1.53;2.04;1.52;2.03;0;0;0;0;0;166.857142857143
4515;Coop;Raak;147;13335;1.53;2.04;1.52;2.03;0;0;0;0;0;164.428571428571
4516;Coop;Raak;148;13744;1.53;2.04;1.54;2.06;0;0;0;0;0;124.285714285714
4517;Coop;Raak;149;13330;1.53;2.04;1.53;2.04;0;0;0;0;0;110.428571428571
4518;Coop;Raak;150;13471;1.52;2.03;1.52;2.03;0;0;0;0;0;74.5714285714286
4519;Coop;Raak;151;13940;1.52;2.03;1.53;2.04;0;0;0;0;0;78.7142857142857
4520;Coop;Raak;152;13805;1.53;2.04;1.52;2.03;0;0;0;0;0;103.714285714286
4521;Coop;Raak;153;13434;1.53;2.03;1.52;2.03;0;0;0;0;0;75.2857142857143
4522;Coop;Raak;154;13446;1.53;2.04;1.53;2.03;0;0;0;0;0;79.7142857142857
4523;Coop;Raak;155;13778;1.53;2.03;1.53;2.04;0;0;0;0;0;107.571428571429
4524;Coop;Raak;156;10226;1.52;2.03;1.53;2.03;0;0;0;0;1;77.5714285714286
4525;Coop;Raak;157;11941;1.53;2.04;1.52;2.03;0;0;0;0;1;67.5714285714286
4526;Coop;Raak;158;13425;1.52;2.03;1.52;2.03;0;0;0;0;0;92.7142857142857
4527;Coop;Raak;159;13516;1.53;2.03;1.52;2.03;0;0;0;0;0;105.571428571429
4528;Coop;Raak;160;14259;1.52;2.03;1.53;2.03;0;0;0;0;0;52
4529;Coop;Raak;161;13744;1.52;2.03;1.53;2.03;0;0;0;0;0;98.7142857142857
4530;Coop;Raak;162;47897;1.03;1.38;1.53;2.03;97;0;8;0;0;93.5714285714286
4531;Coop;Raak;163;13357;1.49;1.99;1.51;2.01;0;15;0;0;0;98.5714285714286
4532;Coop;Raak;164;13036;1.52;2.03;1.52;2.03;0;0;0;0;0;108
4533;Coop;Raak;165;13471;1.53;2.04;1.52;2.03;0;0;0;5.42857142857143;0;93.5714285714286
4534;Coop;Raak;166;13684;1.53;2.04;1.53;2.03;0;0;0;66.4285714285714;0;88.8571428571429
4535;Coop;Raak;167;20967;1.54;2.05;1.55;2.06;0;0;0;221.142857142857;0;111.428571428571
4536;Coop;Raak;168;20596;1.53;2.04;1.53;2.05;0;0;0;623;0;113.428571428571
4537;Coop;Raak;169;17403;1.54;2.05;1.54;2.05;0;0;0;1028.85714285714;0;117.142857142857
4538;Coop;Raak;170;20392;1.43;1.9;1.63;2.17;0;0;0;990.714285714286;0;103.571428571429
4539;Coop;Raak;171;19330;1.49;1.99;1.54;2.05;0;0;0;1086.28571428571;1;209.857142857143
4540;Coop;Raak;172;17286;1.53;2.04;1.55;2.06;0;0;0;955.571428571429;1;166.285714285714
4541;Coop;Raak;173;53953;1.21;1.61;1.54;2.05;85;0;0;565.714285714286;0;189
4542;Coop;Raak;174;15384;1.5;2;1.54;2.05;0;0;0;359.571428571429;1;154.857142857143
4543;Coop;Raak;175;16695;1.53;2.04;1.52;2.03;0;0;0;270.285714285714;1;188.571428571429
4544;Coop;Raak;176;16910;1.54;2.05;1.54;2.05;0;0;0;176.571428571429;0;147.714285714286
4545;Coop;Raak;177;18509;1.54;2.05;1.53;2.04;0;0;0;188.714285714286;1;219.142857142857
4546;Coop;Raak;178;19081;1.53;2.05;1.54;2.05;0;0;0;137.857142857143;0;208.428571428571
4547;Coop;Raak;179;18122;1.54;2.05;1.54;2.05;0;0;0;193.428571428571;1;207.142857142857
4548;Coop;Raak;180;17954;1.53;2.05;1.53;2.04;0;0;0;159.571428571429;0;203.285714285714
4549;Coop;Raak;181;19031;1.53;2.04;1.54;2.05;0;0;0;85.7142857142857;0;226
4550;Coop;Raak;182;23724;1.53;2.05;1.54;2.05;0;0;0;75.8571428571429;0;267.571428571429
4551;Coop;Raak;183;18311;1.53;2.04;1.53;2.04;0;0;0;58.7142857142857;0;202.571428571429
4552;Coop;Raak;184;58096;1.19;1.58;1.53;2.04;76;0;80;72.2857142857143;0;188
4553;Coop;Raak;185;14570;1.52;2.03;1.52;2.02;0;0;0;141.285714285714;0;215.428571428571
4554;Coop;Raak;186;15006;1.61;2.14;1.54;2.05;0;0;0;197.142857142857;0;222
4555;Coop;Raak;187;15138;1.66;2.21;1.53;2.04;0;0;0;394.285714285714;0;242
4556;Coop;Raak;188;20078;1.66;2.21;1.61;2.14;0;0;0;606.571428571429;0;275.428571428571
4557;Coop;Raak;189;24134;1.65;2.2;1.66;2.21;0;0;0;556.857142857143;0;315.571428571429
4558;Coop;Raak;190;20187;1.63;2.17;1.65;2.2;0;0;0;512.714285714286;0;265.571428571429
4559;Coop;Raak;191;65618;1.16;1.54;1.64;2.19;86;0;90;535.571428571429;0;201.714285714286
4560;Coop;Raak;192;13715;1.62;2.17;1.65;2.2;0;0;0;832.142857142857;0;195.285714285714
4561;Coop;Raak;193;14672;1.63;2.17;1.64;2.19;0;0;0;1233.14285714286;0;198.714285714286
4562;Coop;Raak;194;16109;1.61;2.14;1.64;2.19;0;0;0;2039.57142857143;0;242.142857142857
4563;Coop;Raak;195;16623;1.59;2.12;1.63;2.18;0;0;0;2892.57142857143;0;201
4564;Coop;Raak;196;16151;1.57;2.09;1.63;2.17;0;0;0;4163.28571428571;0;162.857142857143
4565;Coop;Raak;197;15207;1.55;2.07;1.63;2.17;0;0;0;6596.42857142857;0;147.285714285714
4566;Coop;Raak;198;15460;1.54;2.06;1.58;2.11;0;0;0;8138.71428571429;0;127.857142857143
4567;Coop;Raak;199;15299;1.55;2.07;1.59;2.11;0;0;0;9551;0;156.428571428571
4568;Coop;Raak;200;15640;1.55;2.07;1.56;2.08;0;0;0;9076;0;140.714285714286
4569;Coop;Raak;201;15888;1.61;2.15;1.55;2.07;0;0;0;5899.42857142857;0;143.428571428571
4570;Coop;Raak;202;15454;1.65;2.21;1.56;2.08;0;0;0;5256.14285714286;0;143.285714285714
4571;Coop;Raak;203;15903;1.65;2.21;1.61;2.15;0;0;0;5291.57142857143;0;123
4572;Coop;Raak;204;16384;1.65;2.2;1.65;2.2;0;0;0;4827.28571428571;0;92.1428571428571
4573;Coop;Raak;205;64128;1.15;1.54;1.65;2.2;79;0;89;6360.14285714286;0;68.7142857142857
4574;Coop;Raak;206;12790;1.64;2.19;1.64;2.19;0;0;0;8968.71428571429;0;48.2857142857143
4575;Coop;Raak;207;15219;1.64;2.19;1.65;2.2;0;0;0;11617.8571428571;0;103.428571428571
4576;Coop;Raak;208;12059;1.64;2.18;1.66;2.22;0;0;0;9461.28571428571;1;100
4577;Coop;Slimpie;1;3191;1.88;3.35;1.81;3.2;0;4;0;0;1;42.1428571428571
4578;Coop;Slimpie;2;3495;1.92;3.41;1.79;3.16;0;4;0;0;0;66.8571428571429
4579;Coop;Slimpie;3;3425;1.92;3.42;1.87;3.36;0;5;0;0;0;26.5714285714286
4580;Coop;Slimpie;4;3566;1.88;3.35;1.91;3.41;0;5;0;0;0;33.2857142857143
4581;Coop;Slimpie;5;3579;1.86;3.34;1.95;3.61;0;4;0;0;0;81.4285714285714
4582;Coop;Slimpie;6;3502;1.86;3.33;1.92;3.49;0;0;0;0;0;25.4285714285714
4583;Coop;Slimpie;7;3715;1.86;3.34;1.93;3.48;0;0;0;0;0;87.5714285714286
4584;Coop;Slimpie;8;3714;1.85;3.32;1.89;3.33;0;0;0;0;0;100.142857142857
4585;Coop;Slimpie;9;3444;1.85;3.32;1.91;3.57;0;0;0;0;0;96.1428571428571
4586;Coop;Slimpie;10;3653;1.85;3.32;1.89;3.43;0;0;0;0;0;110.142857142857
4587;Coop;Slimpie;11;3909;1.85;3.32;1.86;3.31;0;0;0;0;0;138.714285714286
4588;Coop;Slimpie;12;3751;1.85;3.31;1.88;3.44;0;0;0;0;0;127
4589;Coop;Slimpie;13;3883;1.85;3.31;1.85;3.29;0;0;0;0;0;175
4590;Coop;Slimpie;14;3890;1.85;3.32;1.84;3.28;0;0;0;0;0;145.142857142857
4591;Coop;Slimpie;15;13182;1.49;2.67;1.85;3.28;94;0;76;0;1;143.714285714286
4592;Coop;Slimpie;16;3358;1.86;3.37;1.85;3.32;0;0;0;0;1;114.571428571429
4593;Coop;Slimpie;17;3235;1.86;3.36;1.86;3.38;0;3;0;0;1;116.142857142857
4594;Coop;Slimpie;18;3529;1.85;3.35;1.86;3.38;0;0;0;0;1;151
4595;Coop;Slimpie;19;3913;1.85;3.31;1.88;3.38;0;0;0;0;0;177.428571428571
4596;Coop;Slimpie;20;4273;1.85;3.33;1.85;3.3;0;0;0;0;0;215.428571428571
4597;Coop;Slimpie;21;4947;1.87;3.4;1.87;3.36;0;0;0;0;1;242.285714285714
4598;Coop;Slimpie;22;5144;1.87;3.38;1.88;3.46;0;0;0;0;0;246.142857142857
4599;Coop;Slimpie;23;4120;1.85;3.33;1.89;3.4;0;0;0;0;1;205.571428571429
4600;Coop;Slimpie;24;13650;1.51;2.74;1.85;3.29;81;4;64;0;0;225.285714285714
4601;Coop;Slimpie;25;4891;1.87;3.41;1.88;3.51;0;0;0;0;0;267.285714285714
4602;Coop;Slimpie;26;3892;1.86;3.35;1.85;3.31;0;0;0;0;0;209.714285714286
4603;Coop;Slimpie;27;4021;1.87;3.41;1.89;3.51;0;0;0;0;0;238
4604;Coop;Slimpie;28;3891;1.86;3.37;1.86;3.4;0;0;0;0;0;212.285714285714
4605;Coop;Slimpie;29;5291;1.77;3.67;1.85;3.31;74;0;7;0;0;244.142857142857
4606;Coop;Slimpie;30;3755;1.86;3.4;1.86;3.35;0;0;0;0;0;208.285714285714
4607;Coop;Slimpie;31;3552;1.86;3.38;1.84;3.27;0;0;0;0;0;221.571428571429
4608;Coop;Slimpie;32;3314;1.86;3.38;1.86;3.37;0;0;0;0;0;210.857142857143
4609;Coop;Slimpie;33;3435;1.85;3.31;1.86;3.45;0;0;0;0;0;214.714285714286
4610;Coop;Slimpie;34;3940;1.85;3.31;1.84;3.25;0;4;0;0;0;228.142857142857
4611;Coop;Slimpie;35;4170;1.82;3.26;1.85;3.28;0;0;0;0;0;230.571428571429
4612;Coop;Slimpie;36;3698;1.83;3.26;1.89;3.37;0;0;0;0;0;190.857142857143
4613;Coop;Slimpie;37;9588;1.51;2.7;1.83;3.27;48;5;61;0;0;163.857142857143
4614;Coop;Slimpie;38;2995;1.84;3.29;1.85;3.29;0;0;0;0;0;177.714285714286
4615;Coop;Slimpie;39;3050;1.84;3.29;1.84;3.25;0;0;0;0;0;192.714285714286
4616;Coop;Slimpie;40;3069;1.83;3.23;1.86;3.37;0;0;0;0;0;160.285714285714
4617;Coop;Slimpie;41;3118;1.82;3.23;1.83;3.25;0;0;0;0;0;163.142857142857
4618;Coop;Slimpie;42;3161;1.83;3.23;1.82;3.22;0;12;0;0;0;194.714285714286
4619;Coop;Slimpie;43;3233;1.83;3.24;1.88;3.49;0;0;0;0;0;156.857142857143
4620;Coop;Slimpie;44;3153;1.83;3.24;1.82;3.19;0;0;0;0;0;130.714285714286
4621;Coop;Slimpie;45;10496;1.51;2.71;1.83;3.24;52;0;37;0;0;102.142857142857
4622;Coop;Slimpie;46;2805;1.84;3.25;1.83;3.25;0;8;0;0;0;96.2857142857143
4623;Coop;Slimpie;47;3153;1.84;3.27;1.83;3.22;0;0;0;0;0;112
4624;Coop;Slimpie;48;3047;1.83;3.25;1.83;3.25;0;0;0;0;0;53.1428571428571
4625;Coop;Slimpie;49;3114;1.82;3.21;1.85;3.33;0;0;0;0;0;74.1428571428571
4626;Coop;Slimpie;50;3279;1.81;3.18;1.87;3.42;0;0;0;0;0;45.8571428571429
4627;Coop;Slimpie;51;3825;1.81;3.19;1.82;3.18;0;0;0;0;0;84
4628;Coop;Slimpie;52;2410;1.83;3.25;1.81;3.19;0;0;0;0;1;81.2857142857143
4629;Coop;Slimpie;53;2954;1.82;3.22;1.83;3.24;0;0;0;0;1;98.2857142857143
4630;Coop;Slimpie;54;3444;1.82;3.22;1.82;3.21;0;0;0;0;0;57.7142857142857
4631;Coop;Slimpie;55;3514;1.82;3.22;1.81;3.18;0;0;0;0;0;66.8571428571429
4632;Coop;Slimpie;56;3418;1.82;3.23;1.86;3.42;0;0;0;0;0;94.1428571428571
4633;Coop;Slimpie;57;3214;1.83;3.25;1.83;3.26;0;0;0;0;0;79.8571428571429
4634;Coop;Slimpie;58;3243;1.82;3.26;1.83;3.26;0;0;0;0;0;35.4285714285714
4635;Coop;Slimpie;59;3169;1.81;3.24;1.83;3.27;0;0;0;0;0;73.7142857142857
4636;Coop;Slimpie;60;3594;1.81;3.28;1.82;3.27;0;0;0;0;0;45.4285714285714
4637;Coop;Slimpie;61;3120;1.81;3.23;1.81;3.19;0;0;0;0;0;-4.71428571428571
4638;Coop;Slimpie;62;3650;1.82;3.26;1.83;3.3;0;0;0;0;0;108.571428571429
4639;Coop;Slimpie;63;3618;1.81;3.23;1.82;3.24;0;0;0;0;0;93
4640;Coop;Slimpie;64;3604;1.82;3.25;1.81;3.23;0;0;0;0;0;73.5714285714286
4641;Coop;Slimpie;65;3656;1.81;3.23;1.81;3.24;0;0;0;0;1;111
4642;Coop;Slimpie;66;11425;1.54;2.74;1.8;3.21;48;0;70;0;1;139.571428571429
4643;Coop;Slimpie;67;3840;1.75;3.17;1.82;3.25;0;5;0;0;0;176.428571428571
4644;Coop;Slimpie;68;4680;1.71;3.13;1.84;3.34;0;0;0;0;0;218.714285714286
4645;Coop;Slimpie;69;4299;1.71;3.15;1.82;3.34;0;0;0;0;1;166.428571428571
4646;Coop;Slimpie;70;4325;1.73;3.24;1.75;3.23;0;0;0;0;1;158.857142857143
4647;Coop;Slimpie;71;4968;1.73;3.19;1.73;3.15;0;0;0;0;1;231.142857142857
4648;Coop;Slimpie;72;4656;1.78;3.27;1.79;3.48;0;0;0;0;0;187.714285714286
4649;Coop;Slimpie;73;5546;1.83;3.34;1.73;3.14;0;0;0;0;1;253
4650;Coop;Slimpie;74;6131;1.83;3.37;1.78;3.22;0;0;0;0;0;258.285714285714
4651;Coop;Slimpie;75;15311;1.49;2.67;1.81;3.25;79;0;72;0;0;240.142857142857
4652;Coop;Slimpie;76;4395;1.86;3.4;1.82;3.37;0;0;0;0;0;209.428571428571
4653;Coop;Slimpie;77;4263;1.88;3.45;1.82;3.33;0;0;0;0;0;196.428571428571
4654;Coop;Slimpie;78;5384;1.88;3.46;1.87;3.46;0;0;0;0;0;237.285714285714
4655;Coop;Slimpie;79;5951;1.88;3.47;1.88;3.45;0;0;0;0;0;255.714285714286
4656;Coop;Slimpie;80;5029;1.9;3.48;1.92;3.64;0;0;0;0;0;236.142857142857
4657;Coop;Slimpie;81;6121;1.93;3.54;1.87;3.38;0;0;0;0;0;268
4658;Coop;Slimpie;82;7382;1.93;3.57;1.9;3.44;0;0;0;0;0;306.142857142857
4659;Coop;Slimpie;83;18910;1.49;2.65;1.92;3.49;64;0;72;0;0;286
4660;Coop;Slimpie;84;5404;1.9;3.56;1.92;3.53;0;11;0;0;0;255.571428571429
4661;Coop;Slimpie;85;8633;1.33;4.42;1.9;3.51;0;55;0;0;0;233.142857142857
4662;Coop;Slimpie;86;6901;1.5;3.93;1.91;3.48;0;61;0;0;0;222.428571428571
4663;Coop;Slimpie;87;5295;1.63;3.64;1.88;3.55;0;41;0;0;0;198
4664;Coop;Slimpie;88;4668;1.73;3.51;1.85;3.5;0;25;0;0;0;210.857142857143
4665;Coop;Slimpie;89;4393;1.78;3.41;1.83;3.37;0;8;0;0;0;206.285714285714
4666;Coop;Slimpie;90;4467;1.82;3.43;1.84;3.45;0;0;0;0;0;220.285714285714
4667;Coop;Slimpie;91;4440;1.84;3.38;1.86;3.52;0;4;0;0;0;164.285714285714
4668;Coop;Slimpie;92;13102;1.5;2.68;1.86;3.37;62;0;31;0;0;177
4669;Coop;Slimpie;93;4028;1.79;3.29;1.84;3.34;0;9;0;0;0;209.714285714286
4670;Coop;Slimpie;94;4327;1.75;3.19;1.86;3.46;0;0;0;0;0;199
4671;Coop;Slimpie;95;4177;1.75;3.15;1.88;3.41;0;0;0;0;0;141.714285714286
4672;Coop;Slimpie;96;4025;1.74;3.13;1.79;3.23;0;0;0;0;0;99.7142857142857
4673;Coop;Slimpie;97;11561;1.5;2.66;1.85;3.53;48;4;66;0;0;134.714285714286
4674;Coop;Slimpie;98;3954;1.73;3.11;1.74;3.14;0;11;0;0;0;115.857142857143
4675;Coop;Slimpie;99;4070;1.74;3.14;1.77;3.18;0;5;0;0;0;55.8571428571429
4676;Coop;Slimpie;100;3782;1.84;3.32;1.72;3.09;0;5;0;0;0;82.5714285714286
4677;Coop;Slimpie;101;3951;1.78;3.19;1.76;3.19;0;0;0;0;0;114
4678;Coop;Slimpie;102;3873;1.75;3.14;1.76;3.27;0;0;0;0;0;51.8571428571429
4679;Coop;Slimpie;103;4430;1.76;3.17;1.75;3.09;0;0;0;0;0;87.4285714285714
4680;Coop;Slimpie;104;3088;1.76;3.18;1.78;3.21;0;0;0;0;1;73.1428571428571
4681;Coop;Slimpie;105;3679;1.79;3.21;1.76;3.14;0;0;0;0;1;81.2857142857143
4682;Coop;Slimpie;106;4179;1.81;3.25;1.77;3.2;0;0;0;0;0;80.2857142857143
4683;Coop;Slimpie;107;4180;1.81;3.24;1.8;3.23;0;0;0;0;0;65.2857142857143
4684;Coop;Slimpie;108;4493;1.81;3.27;1.84;3.42;0;0;0;0;0;29.8571428571429
4685;Coop;Slimpie;109;4402;1.81;3.26;1.8;3.17;0;0;0;0;0;36.7142857142857
4686;Coop;Slimpie;110;4466;1.81;3.28;1.82;3.31;0;0;0;0;0;75.4285714285714
4687;Coop;Slimpie;111;4664;1.81;3.25;1.81;3.29;0;0;0;0;0;109.142857142857
4688;Coop;Slimpie;112;4612;1.8;3.22;1.79;3.16;0;0;0;0;0;124.714285714286
4689;Coop;Slimpie;113;4694;1.81;3.24;1.81;3.22;0;0;0;0;0;148.142857142857
4690;Coop;Slimpie;114;4593;1.79;3.21;1.83;3.38;0;0;0;0;0;117.428571428571
4691;Coop;Slimpie;115;4562;1.78;3.18;1.82;3.37;0;0;0;0;0;105
4692;Coop;Slimpie;116;4728;1.78;3.17;1.79;3.22;0;0;0;0;0;121.714285714286
4693;Coop;Slimpie;117;4758;1.78;3.14;1.82;3.21;0;0;0;0;0;129.428571428571
4694;Coop;Slimpie;118;16123;1.51;2.62;1.8;3.22;36;6;72;0;0;128.857142857143
4695;Coop;Slimpie;119;4388;1.78;3.12;1.78;3.12;0;0;0;0;0;137.142857142857
4696;Coop;Slimpie;120;5066;1.79;3.13;1.79;3.12;0;0;0;0;1;188.142857142857
4697;Coop;Slimpie;121;4799;1.79;3.12;1.79;3.12;0;0;0;0;1;204.285714285714
4698;Coop;Slimpie;122;4552;1.78;3.11;1.8;3.16;0;0;0;0;0;131
4699;Coop;Slimpie;123;4704;1.76;3.06;1.93;3.35;0;6;0;0;1;137.142857142857
4700;Coop;Slimpie;124;4671;1.78;3.12;1.77;3.09;0;0;0;0;0;168.571428571429
4701;Coop;Slimpie;125;5106;1.78;3.1;1.78;3.09;0;0;0;0;0;188.142857142857
4702;Coop;Slimpie;126;5523;1.78;3.11;1.78;3.11;0;0;0;0;1;201.428571428571
4703;Coop;Slimpie;127;16594;1.51;2.61;1.8;3.14;42;6;73;0;0;219
4704;Coop;Slimpie;128;4384;1.78;3.09;1.79;3.12;0;0;0;0;1;202.571428571429
4705;Coop;Slimpie;129;6295;1.78;3.1;1.78;3.1;0;0;0;0;0;233.857142857143
4706;Coop;Slimpie;130;7398;1.79;3.1;1.78;3.09;0;0;0;0;0;273.428571428571
4707;Coop;Slimpie;131;5778;1.79;3.12;1.77;3.08;0;0;0;0;0;222.428571428571
4708;Coop;Slimpie;132;5011;1.81;3.13;1.78;3.09;0;0;0;0;0;197
4709;Coop;Slimpie;133;4855;1.81;3.13;1.79;3.1;0;0;0;0;0;217.571428571429
4710;Coop;Slimpie;134;8150;1.82;3.15;1.81;3.14;0;0;0;0;0;315.428571428571
4711;Coop;Slimpie;135;19161;1.49;2.57;1.82;3.15;61;0;81;0;0;233.714285714286
4712;Coop;Slimpie;136;4728;1.82;3.14;1.81;3.13;0;5;0;0;0;239.285714285714
4713;Coop;Slimpie;137;4212;1.87;3.22;1.8;3.11;0;6;0;0;0;206.142857142857
4714;Coop;Slimpie;138;4996;1.89;3.27;1.82;3.14;0;0;0;0;0;233.428571428571
4715;Coop;Slimpie;139;6423;1.89;3.27;1.87;3.22;0;0;0;0;0;281.142857142857
4716;Coop;Slimpie;140;4904;1.89;3.26;1.88;3.25;0;0;0;0;0;190.285714285714
4717;Coop;Slimpie;141;4211;1.89;3.25;1.89;3.26;0;0;0;0;0;195.571428571429
4718;Coop;Slimpie;142;4154;1.88;3.24;1.88;3.24;0;0;0;0;0;192
4719;Coop;Slimpie;143;14310;1.58;2.73;1.89;3.26;57;0;81;0;0;192.428571428571
4720;Coop;Slimpie;144;3967;1.83;3.15;1.87;3.22;0;0;0;0;0;157.142857142857
4721;Coop;Slimpie;145;3892;1.8;3.11;1.89;3.26;0;0;0;0;0;142.714285714286
4722;Coop;Slimpie;146;4156;1.81;3.12;1.89;3.27;0;0;0;0;0;166.857142857143
4723;Coop;Slimpie;147;13910;1.49;2.57;1.86;3.21;77;0;80;0;0;164.428571428571
4724;Coop;Slimpie;148;4108;1.79;3.09;1.82;3.13;0;6;0;0;0;124.285714285714
4725;Coop;Slimpie;149;3910;1.8;3.1;1.81;3.13;0;5;0;0;0;110.428571428571
4726;Coop;Slimpie;150;4065;1.8;3.1;1.82;3.13;0;0;0;0;0;74.5714285714286
4727;Coop;Slimpie;151;4349;1.79;3.08;1.8;3.11;0;0;0;0;0;78.7142857142857
4728;Coop;Slimpie;152;4233;1.8;3.1;1.8;3.1;0;0;0;0;0;103.714285714286
4729;Coop;Slimpie;153;3932;1.79;3.08;1.8;3.11;0;0;0;0;0;75.2857142857143
4730;Coop;Slimpie;154;4234;1.79;3.09;1.8;3.11;0;0;0;0;0;79.7142857142857
4731;Coop;Slimpie;155;4399;1.78;3.07;1.78;3.08;0;0;0;0;0;107.571428571429
4732;Coop;Slimpie;156;3270;1.77;3.06;1.8;3.1;0;0;0;0;1;77.5714285714286
4733;Coop;Slimpie;157;3952;1.77;3.06;1.77;3.05;0;0;0;0;1;67.5714285714286
4734;Coop;Slimpie;158;4407;1.77;3.05;1.79;3.08;0;0;0;0;0;92.7142857142857
4735;Coop;Slimpie;159;4412;1.77;3.06;1.78;3.07;0;0;0;0;0;105.571428571429
4736;Coop;Slimpie;160;4384;1.77;3.05;1.77;3.05;0;0;0;0;0;52
4737;Coop;Slimpie;161;4466;1.77;3.06;1.77;3.05;0;0;0;0;0;98.7142857142857
4738;Coop;Slimpie;162;4399;1.77;3.06;1.76;3.04;0;0;0;0;0;93.5714285714286
4739;Coop;Slimpie;163;4408;1.77;3.06;1.79;3.08;0;0;0;0;0;98.5714285714286
4740;Coop;Slimpie;164;4308;1.77;3.05;1.77;3.05;0;0;0;0;0;108
4741;Coop;Slimpie;165;4902;1.75;3.01;1.79;3.09;0;0;0;5.42857142857143;0;93.5714285714286
4742;Coop;Slimpie;166;31890;1.1;1.89;1.78;3.07;78;0;67;66.4285714285714;0;88.8571428571429
4743;Coop;Slimpie;167;6290;1.72;2.96;1.71;2.96;0;0;0;221.142857142857;0;111.428571428571
4744;Coop;Slimpie;168;6064;1.78;3.06;1.77;3.05;0;0;0;623;0;113.428571428571
4745;Coop;Slimpie;169;5333;1.78;3.07;1.77;3.06;0;0;0;1028.85714285714;0;117.142857142857
4746;Coop;Slimpie;170;4921;1.78;3.06;1.77;3.06;0;0;0;990.714285714286;0;103.571428571429
4747;Coop;Slimpie;171;5789;1.78;3.07;1.79;3.08;0;0;0;1086.28571428571;1;209.857142857143
4748;Coop;Slimpie;172;5263;1.78;3.07;1.76;3.04;0;0;0;955.571428571429;1;166.285714285714
4749;Coop;Slimpie;173;5839;1.78;3.07;1.78;3.07;0;0;0;565.714285714286;0;189
4750;Coop;Slimpie;174;5060;1.78;3.06;1.79;3.09;0;0;0;359.571428571429;1;154.857142857143
4751;Coop;Slimpie;175;5451;1.78;3.07;1.77;3.06;0;0;0;270.285714285714;1;188.571428571429
4752;Coop;Slimpie;176;5345;1.78;3.06;1.78;3.06;0;0;0;176.571428571429;0;147.714285714286
4753;Coop;Slimpie;177;5997;1.78;3.07;1.78;3.07;0;0;0;188.714285714286;1;219.142857142857
4754;Coop;Slimpie;178;6621;1.78;3.07;1.78;3.07;0;0;0;137.857142857143;0;208.428571428571
4755;Coop;Slimpie;179;18166;1.51;2.6;1.78;3.06;44;3;64;193.428571428571;1;207.142857142857
4756;Coop;Slimpie;180;5403;1.77;3.06;1.77;3.05;0;0;0;159.571428571429;0;203.285714285714
4757;Coop;Slimpie;181;5698;1.78;3.07;1.78;3.07;0;0;0;85.7142857142857;0;226
4758;Coop;Slimpie;182;7376;1.79;3.09;1.8;3.1;0;0;0;75.8571428571429;0;267.571428571429
4759;Coop;Slimpie;183;5474;1.78;3.07;1.79;3.08;0;0;0;58.7142857142857;0;202.571428571429
4760;Coop;Slimpie;184;4994;1.78;3.07;1.77;3.06;0;0;0;72.2857142857143;0;188
4761;Coop;Slimpie;185;5090;1.78;3.07;1.77;3.06;0;0;0;141.285714285714;0;215.428571428571
4762;Coop;Slimpie;186;5221;1.78;3.07;1.78;3.07;0;0;0;197.142857142857;0;222
4763;Coop;Slimpie;187;5305;1.78;3.08;1.78;3.06;0;0;0;394.285714285714;0;242
4764;Coop;Slimpie;188;7399;1.78;3.07;1.76;3.04;0;0;0;606.571428571429;0;275.428571428571
4765;Coop;Slimpie;189;46667;1.04;1.78;1.8;3.11;72;0;83;556.857142857143;0;315.571428571429
4766;Coop;Slimpie;190;5893;1.78;3.08;1.78;3.07;0;0;0;512.714285714286;0;265.571428571429
4767;Coop;Slimpie;191;4559;1.82;3.14;1.8;3.1;0;0;0;535.571428571429;0;201.714285714286
4768;Coop;Slimpie;192;4409;1.85;3.19;1.8;3.1;0;0;0;832.142857142857;0;195.285714285714
4769;Coop;Slimpie;193;4738;1.85;3.18;1.82;3.15;0;0;0;1233.14285714286;0;198.714285714286
4770;Coop;Slimpie;194;5335;1.81;3.12;1.84;3.17;0;0;0;2039.57142857143;0;242.142857142857
4771;Coop;Slimpie;195;5174;1.77;3.05;1.84;3.18;0;0;0;2892.57142857143;0;201
4772;Coop;Slimpie;196;4857;1.77;3.05;1.83;3.16;0;0;0;4163.28571428571;0;162.857142857143
4773;Coop;Slimpie;197;4775;1.77;3.05;1.83;3.16;0;0;0;6596.42857142857;0;147.285714285714
4774;Coop;Slimpie;198;4947;1.76;3.03;1.79;3.09;0;0;0;8138.71428571429;0;127.857142857143
4775;Coop;Slimpie;199;32012;1.03;1.77;1.78;3.08;38;0;85;9551;0;156.428571428571
4776;Coop;Slimpie;200;4191;1.69;2.91;1.77;3.05;0;0;0;9076;0;140.714285714286
4777;Coop;Slimpie;201;4443;1.63;2.81;1.76;3.03;0;0;0;5899.42857142857;0;143.428571428571
4778;Coop;Slimpie;202;4487;1.64;2.82;1.78;3.07;0;0;0;5256.14285714286;0;143.285714285714
4779;Coop;Slimpie;203;4674;1.64;2.82;1.71;2.94;0;0;0;5291.57142857143;0;123
4780;Coop;Slimpie;204;4827;1.64;2.82;1.65;2.85;0;0;0;4827.28571428571;0;92.1428571428571
4781;Coop;Slimpie;205;4483;1.64;2.82;1.64;2.83;0;0;0;6360.14285714286;0;68.7142857142857
4782;Coop;Slimpie;206;4866;1.64;2.82;1.64;2.82;0;0;0;8968.71428571429;0;48.2857142857143
4783;Coop;Slimpie;207;5416;1.64;2.83;1.63;2.82;0;0;0;11617.8571428571;0;103.428571428571
4784;Coop;Slimpie;208;4023;1.64;2.83;1.64;2.83;0;0;0;9461.28571428571;1;100
4785;Coop;Teisseire;1;799;2.76;3.68;2.75;3.66;0;0;0;0;1;42.1428571428571
4786;Coop;Teisseire;2;903;2.76;3.68;2.76;3.69;0;0;0;0;0;66.8571428571429
4787;Coop;Teisseire;3;939;2.76;3.68;2.75;3.67;0;0;0;0;0;26.5714285714286
4788;Coop;Teisseire;4;944;2.76;3.67;2.76;3.68;0;0;0;0;0;33.2857142857143
4789;Coop;Teisseire;5;981;2.76;3.67;2.75;3.66;0;0;0;0;0;81.4285714285714
4790;Coop;Teisseire;6;924;2.76;3.68;2.76;3.68;0;0;0;0;0;25.4285714285714
4791;Coop;Teisseire;7;930;2.77;3.69;2.77;3.69;0;0;0;0;0;87.5714285714286
4792;Coop;Teisseire;8;922;2.76;3.68;2.75;3.67;0;0;0;0;0;100.142857142857
4793;Coop;Teisseire;9;885;2.76;3.68;2.75;3.67;0;0;0;0;0;96.1428571428571
4794;Coop;Teisseire;10;961;2.76;3.68;2.75;3.67;0;0;0;0;0;110.142857142857
4795;Coop;Teisseire;11;985;2.75;3.67;2.76;3.68;0;0;0;0;0;138.714285714286
4796;Coop;Teisseire;12;968;2.76;3.68;2.76;3.68;0;0;0;0;0;127
4797;Coop;Teisseire;13;973;2.77;3.69;2.77;3.69;0;0;0;0;0;175
4798;Coop;Teisseire;14;1061;2.75;3.66;2.75;3.67;0;0;0;0;0;145.142857142857
4799;Coop;Teisseire;15;1065;2.76;3.68;2.76;3.68;0;0;0;0;1;143.714285714286
4800;Coop;Teisseire;16;886;2.75;3.67;2.76;3.68;0;0;0;0;1;114.571428571429
4801;Coop;Teisseire;17;1021;2.75;3.66;2.74;3.66;0;0;0;0;1;116.142857142857
4802;Coop;Teisseire;18;997;2.75;3.67;2.76;3.68;0;0;0;0;1;151
4803;Coop;Teisseire;19;1172;2.76;3.68;2.74;3.66;0;0;0;0;0;177.428571428571
4804;Coop;Teisseire;20;1185;2.76;3.68;2.76;3.68;0;0;0;0;0;215.428571428571
4805;Coop;Teisseire;21;1411;2.74;3.66;2.74;3.65;0;0;0;0;1;242.285714285714
4806;Coop;Teisseire;22;1340;2.76;3.68;2.75;3.67;0;0;0;0;0;246.142857142857
4807;Coop;Teisseire;23;1179;2.76;3.67;2.75;3.67;0;0;0;0;1;205.571428571429
4808;Coop;Teisseire;24;1271;2.76;3.68;2.74;3.66;0;0;0;0;0;225.285714285714
4809;Coop;Teisseire;25;1463;2.76;3.68;2.75;3.67;0;0;0;0;0;267.285714285714
4810;Coop;Teisseire;26;1138;2.75;3.67;2.76;3.68;0;0;0;0;0;209.714285714286
4811;Coop;Teisseire;27;1216;2.76;3.68;2.75;3.67;0;0;0;0;0;238
4812;Coop;Teisseire;28;1044;2.76;3.68;2.75;3.66;0;0;0;0;0;212.285714285714
4813;Coop;Teisseire;29;1150;2.75;3.67;2.76;3.68;0;0;0;0;0;244.142857142857
4814;Coop;Teisseire;30;940;2.75;3.67;2.74;3.65;0;0;0;0;0;208.285714285714
4815;Coop;Teisseire;31;889;2.76;3.68;2.74;3.65;0;0;0;0;0;221.571428571429
4816;Coop;Teisseire;32;907;2.77;3.69;2.75;3.66;0;0;0;0;0;210.857142857143
4817;Coop;Teisseire;33;826;2.78;3.7;2.76;3.68;0;0;0;0;0;214.714285714286
4818;Coop;Teisseire;34;1053;2.77;3.7;2.78;3.7;0;0;0;0;0;228.142857142857
4819;Coop;Teisseire;35;1045;2.78;3.7;2.77;3.69;0;0;0;0;0;230.571428571429
4820;Coop;Teisseire;36;961;2.78;3.71;2.78;3.7;0;0;0;0;0;190.857142857143
4821;Coop;Teisseire;37;1015;2.78;3.7;2.79;3.72;0;0;0;0;0;163.857142857143
4822;Coop;Teisseire;38;945;2.77;3.69;2.78;3.7;0;0;0;0;0;177.714285714286
4823;Coop;Teisseire;39;1534;2.35;3.13;2.86;3.82;77;5;17;0;0;192.714285714286
4824;Coop;Teisseire;40;900;2.74;3.66;2.8;3.73;0;0;0;0;0;160.285714285714
4825;Coop;Teisseire;41;851;2.76;3.68;2.76;3.68;0;0;0;0;0;163.142857142857
4826;Coop;Teisseire;42;858;2.77;3.69;2.74;3.66;0;0;0;0;0;194.714285714286
4827;Coop;Teisseire;43;930;2.78;3.7;2.78;3.71;0;0;0;0;0;156.857142857143
4828;Coop;Teisseire;44;855;2.77;3.7;2.78;3.71;0;0;0;0;0;130.714285714286
4829;Coop;Teisseire;45;880;2.78;3.71;2.78;3.71;0;0;0;0;0;102.142857142857
4830;Coop;Teisseire;46;896;2.78;3.7;2.76;3.68;0;0;0;0;0;96.2857142857143
4831;Coop;Teisseire;47;869;2.78;3.7;2.78;3.71;0;0;0;0;0;112
4832;Coop;Teisseire;48;890;2.77;3.7;2.78;3.7;0;0;0;0;0;53.1428571428571
4833;Coop;Teisseire;49;854;2.77;3.7;2.77;3.69;0;0;0;0;0;74.1428571428571
4834;Coop;Teisseire;50;915;2.77;3.69;2.78;3.7;0;0;0;0;0;45.8571428571429
4835;Coop;Teisseire;51;954;2.77;3.7;2.77;3.7;0;0;0;0;0;84
4836;Coop;Teisseire;52;613;2.77;3.69;2.77;3.7;0;0;0;0;1;81.2857142857143
4837;Coop;Teisseire;53;755;2.77;3.69;2.76;3.68;0;0;0;0;1;98.2857142857143
4838;Coop;Teisseire;54;914;2.77;3.69;2.77;3.69;0;0;0;0;0;57.7142857142857
4839;Coop;Teisseire;55;996;2.77;3.69;2.79;3.72;0;0;0;0;0;66.8571428571429
4840;Coop;Teisseire;56;1015;2.77;3.7;2.76;3.68;0;0;0;0;0;94.1428571428571
4841;Coop;Teisseire;57;1083;2.77;3.69;2.77;3.69;0;0;0;0;0;79.8571428571429
4842;Coop;Teisseire;58;1003;2.78;3.7;2.77;3.69;0;0;0;0;0;35.4285714285714
4843;Coop;Teisseire;59;1025;2.78;3.7;2.77;3.69;0;0;0;0;0;73.7142857142857
4844;Coop;Teisseire;60;1044;2.77;3.7;2.78;3.7;0;0;0;0;0;45.4285714285714
4845;Coop;Teisseire;61;1050;2.77;3.7;2.78;3.71;0;0;0;0;0;-4.71428571428571
4846;Coop;Teisseire;62;1177;2.77;3.7;2.77;3.69;0;0;0;0;0;108.571428571429
4847;Coop;Teisseire;63;1124;2.78;3.7;2.78;3.7;0;0;0;0;0;93
4848;Coop;Teisseire;64;1127;2.77;3.7;2.77;3.69;0;0;0;0;0;73.5714285714286
4849;Coop;Teisseire;65;1120;2.78;3.7;2.78;3.71;0;0;0;0;1;111
4850;Coop;Teisseire;66;1115;2.77;3.7;2.77;3.69;0;0;0;0;1;139.571428571429
4851;Coop;Teisseire;67;1212;2.77;3.69;2.77;3.69;0;0;0;0;0;176.428571428571
4852;Coop;Teisseire;68;1343;2.77;3.7;2.76;3.68;0;0;0;0;0;218.714285714286
4853;Coop;Teisseire;69;1096;2.77;3.69;2.76;3.68;0;0;0;0;1;166.428571428571
4854;Coop;Teisseire;70;1084;2.77;3.7;2.77;3.69;0;0;0;0;1;158.857142857143
4855;Coop;Teisseire;71;1236;2.78;3.7;2.77;3.7;0;0;0;0;1;231.142857142857
4856;Coop;Teisseire;72;1244;2.77;3.7;2.77;3.7;0;0;0;0;0;187.714285714286
4857;Coop;Teisseire;73;1254;2.77;3.7;2.77;3.69;0;0;0;0;1;253
4858;Coop;Teisseire;74;1431;2.78;3.7;2.77;3.7;0;0;0;0;0;258.285714285714
4859;Coop;Teisseire;75;1181;2.78;3.71;2.76;3.68;0;0;0;0;0;240.142857142857
4860;Coop;Teisseire;76;1096;2.78;3.7;2.78;3.71;0;0;0;0;0;209.428571428571
4861;Coop;Teisseire;77;984;2.78;3.71;2.79;3.72;0;0;0;0;0;196.428571428571
4862;Coop;Teisseire;78;1114;2.78;3.71;2.78;3.7;0;0;0;0;0;237.285714285714
4863;Coop;Teisseire;79;1573;2.78;3.7;2.77;3.69;0;0;0;0;0;255.714285714286
4864;Coop;Teisseire;80;1339;2.78;3.7;2.77;3.69;0;0;0;0;0;236.142857142857
4865;Coop;Teisseire;81;4775;2.12;2.83;2.77;3.69;81;0;0;0;0;268
4866;Coop;Teisseire;82;2058;2.81;3.75;2.81;3.75;0;0;0;0;0;306.142857142857
4867;Coop;Teisseire;83;1775;2.81;3.74;2.8;3.73;0;0;0;0;0;286
4868;Coop;Teisseire;84;2802;2.27;3.02;2.74;3.66;95;0;14;0;0;255.571428571429
4869;Coop;Teisseire;85;1249;2.74;3.65;2.79;3.72;0;0;0;0;0;233.142857142857
4870;Coop;Teisseire;86;1102;2.73;3.64;2.78;3.71;0;0;0;0;0;222.428571428571
4871;Coop;Teisseire;87;1113;2.75;3.67;2.8;3.74;0;0;0;0;0;198
4872;Coop;Teisseire;88;2424;2.31;3.08;2.79;3.72;0;0;0;0;0;210.857142857143
4873;Coop;Teisseire;89;1088;2.75;3.67;2.79;3.72;0;0;0;0;0;206.285714285714
4874;Coop;Teisseire;90;1143;2.74;3.66;2.75;3.66;0;0;0;0;0;220.285714285714
4875;Coop;Teisseire;91;1101;2.74;3.66;2.75;3.66;0;0;0;0;0;164.285714285714
4876;Coop;Teisseire;92;1132;2.75;3.67;2.73;3.64;0;0;0;0;0;177
4877;Coop;Teisseire;93;1128;2.74;3.66;2.75;3.66;0;0;0;0;0;209.714285714286
4878;Coop;Teisseire;94;1115;2.74;3.65;2.74;3.65;0;0;0;0;0;199
4879;Coop;Teisseire;95;1054;2.73;3.64;2.74;3.66;0;0;0;0;0;141.714285714286
4880;Coop;Teisseire;96;1091;2.75;3.66;2.74;3.65;0;0;0;0;0;99.7142857142857
4881;Coop;Teisseire;97;1215;2.74;3.65;2.75;3.67;0;0;0;0;0;134.714285714286
4882;Coop;Teisseire;98;1143;2.74;3.65;2.76;3.68;0;0;0;0;0;115.857142857143
4883;Coop;Teisseire;99;1197;2.76;3.67;2.76;3.68;0;0;0;0;0;55.8571428571429
4884;Coop;Teisseire;100;1144;2.86;3.82;2.66;3.55;0;0;0;0;0;82.5714285714286
4885;Coop;Teisseire;101;1118;2.76;3.68;2.72;3.62;0;0;0;0;0;114
4886;Coop;Teisseire;102;1175;2.73;3.65;2.74;3.65;0;0;0;0;0;51.8571428571429
4887;Coop;Teisseire;103;1212;2.74;3.65;2.73;3.64;0;0;0;0;0;87.4285714285714
4888;Coop;Teisseire;104;887;2.74;3.66;2.77;3.69;0;0;0;0;1;73.1428571428571
4889;Coop;Teisseire;105;999;2.79;3.72;2.72;3.63;0;0;0;0;1;81.2857142857143
4890;Coop;Teisseire;106;1170;2.81;3.74;2.75;3.66;0;0;0;0;0;80.2857142857143
4891;Coop;Teisseire;107;1254;2.8;3.74;2.76;3.68;0;0;0;0;0;65.2857142857143
4892;Coop;Teisseire;108;1249;2.82;3.75;2.8;3.73;0;0;0;0;0;29.8571428571429
4893;Coop;Teisseire;109;1313;2.82;3.76;2.8;3.74;0;0;0;0;0;36.7142857142857
4894;Coop;Teisseire;110;4576;1.95;2.6;2.61;3.48;77;4;41;0;0;75.4285714285714
4895;Coop;Teisseire;111;1287;2.76;3.68;2.7;3.61;0;0;0;0;0;109.142857142857
4896;Coop;Teisseire;112;1299;2.82;3.76;2.84;3.79;0;0;0;0;0;124.714285714286
4897;Coop;Teisseire;113;1467;2.81;3.75;2.8;3.73;0;0;0;0;0;148.142857142857
4898;Coop;Teisseire;114;1414;2.83;3.9;2.82;3.84;0;0;0;0;0;117.428571428571
4899;Coop;Teisseire;115;1546;2.85;3.99;2.84;3.91;0;0;0;0;0;105
4900;Coop;Teisseire;116;1598;2.84;4.02;2.84;3.96;0;0;0;0;0;121.714285714286
4901;Coop;Teisseire;117;1841;2.85;4.04;2.85;3.97;0;0;0;0;0;129.428571428571
4902;Coop;Teisseire;118;1803;2.84;4.05;2.83;4.13;0;0;0;0;0;128.857142857143
4903;Coop;Teisseire;119;2121;2.79;4.21;2.8;4.34;0;0;0;0;0;137.142857142857
4904;Coop;Teisseire;120;2405;2.79;4.15;2.78;4.35;0;0;0;0;1;188.142857142857
4905;Coop;Teisseire;121;2008;2.79;4.18;2.85;4.39;0;0;0;0;1;204.285714285714
4906;Coop;Teisseire;122;4423;2.28;3.23;2.83;4.45;74;0;41;0;0;131
4907;Coop;Teisseire;123;1846;2.8;4.09;2.79;4.1;0;0;0;0;1;137.142857142857
4908;Coop;Teisseire;124;2073;2.8;4.16;2.82;4.11;0;0;0;0;0;168.571428571429
4909;Coop;Teisseire;125;2108;2.8;4.2;2.76;4.37;0;0;0;0;0;188.142857142857
4910;Coop;Teisseire;126;2327;2.87;4.38;2.75;4.43;0;0;0;0;1;201.428571428571
4911;Coop;Teisseire;127;2355;2.96;4.48;2.82;4.17;0;0;0;0;0;219
4912;Coop;Teisseire;128;2159;2.96;4.47;2.84;4.39;0;0;0;0;1;202.571428571429
4913;Coop;Teisseire;129;2997;2.95;4.55;2.93;4.45;0;0;0;0;0;233.857142857143
4914;Coop;Teisseire;130;3577;2.95;4.51;2.93;4.53;0;0;0;0;0;273.428571428571
4915;Coop;Teisseire;131;2520;2.91;4.49;2.96;4.52;0;0;0;0;0;222.428571428571
4916;Coop;Teisseire;132;2001;2.88;4.56;2.95;4.62;0;0;0;0;0;197
4917;Coop;Teisseire;133;2246;2.83;4.64;2.92;4.52;0;0;0;0;0;217.571428571429
4918;Coop;Teisseire;134;26052;1.55;2.2;2.44;3.66;81;0;58;0;0;315.428571428571
4919;Coop;Teisseire;135;2050;2.7;4.39;2.32;3.39;0;0;0;0;0;233.714285714286
4920;Coop;Teisseire;136;2191;2.88;4.42;2.48;3.73;0;0;0;0;0;239.285714285714
4921;Coop;Teisseire;137;1611;2.93;4.58;2.62;4.22;0;0;0;0;0;206.142857142857
4922;Coop;Teisseire;138;2261;2.91;4.66;2.81;4.19;0;0;0;0;0;233.428571428571
4923;Coop;Teisseire;139;2714;2.9;4.58;2.87;4.69;0;0;0;0;0;281.142857142857
4924;Coop;Teisseire;140;1748;2.95;4.44;2.94;4.52;0;0;0;0;0;190.285714285714
4925;Coop;Teisseire;141;8640;2.02;2.8;2.95;4.41;72;1;39;0;0;195.571428571429
4926;Coop;Teisseire;142;1668;2.92;4.54;2.92;4.41;0;0;0;0;0;192
4927;Coop;Teisseire;143;1723;2.9;4.43;2.94;4.46;0;0;0;0;0;192.428571428571
4928;Coop;Teisseire;144;1693;2.88;4.3;2.87;4.86;0;0;0;0;0;157.142857142857
4929;Coop;Teisseire;145;1784;2.87;4.34;2.97;4.42;0;0;0;0;0;142.714285714286
4930;Coop;Teisseire;146;1775;2.85;4.29;2.85;4.74;0;0;0;0;0;166.857142857143
4931;Coop;Teisseire;147;1883;2.88;4.23;2.89;4.45;0;0;0;0;0;164.428571428571
4932;Coop;Teisseire;148;1923;2.89;4.23;2.86;4.37;0;0;0;0;0;124.285714285714
4933;Coop;Teisseire;149;1885;2.88;4.22;2.89;4.29;0;0;0;0;0;110.428571428571
4934;Coop;Teisseire;150;1876;2.88;4.28;2.87;4.4;0;0;0;0;0;74.5714285714286
4935;Coop;Teisseire;151;1996;2.88;4.26;2.87;4.3;0;0;0;0;0;78.7142857142857
4936;Coop;Teisseire;152;1883;2.88;4.19;2.85;4.4;0;0;0;0;0;103.714285714286
4937;Coop;Teisseire;153;1765;2.87;4.23;2.86;4.22;0;0;0;0;0;75.2857142857143
4938;Coop;Teisseire;154;1861;2.79;4.16;2.79;4.13;0;0;0;0;0;79.7142857142857
4939;Coop;Teisseire;155;1763;2.87;4.22;2.87;4.19;0;0;0;0;0;107.571428571429
4940;Coop;Teisseire;156;12849;1.54;2.08;2.88;4.39;99;0;30;0;1;77.5714285714286
4941;Coop;Teisseire;157;2142;2.63;3.81;2.64;3.83;0;1;0;0;1;67.5714285714286
4942;Coop;Teisseire;158;2003;2.77;4.08;2.87;4.25;0;0;0;0;0;92.7142857142857
4943;Coop;Teisseire;159;1755;2.93;4.44;2.89;4.23;0;0;0;0;0;105.571428571429
4944;Coop;Teisseire;160;1932;2.96;4.47;2.85;4.25;0;0;0;0;0;52
4945;Coop;Teisseire;161;1861;2.93;4.38;2.81;4.47;0;0;0;0;0;98.7142857142857
4946;Coop;Teisseire;162;1863;3;4.5;2.98;4.26;0;0;0;0;0;93.5714285714286
4947;Coop;Teisseire;163;1802;2.96;4.49;2.96;4.4;0;0;0;0;0;98.5714285714286
4948;Coop;Teisseire;164;1975;2.93;4.53;2.92;4.53;0;0;0;0;0;108
4949;Coop;Teisseire;165;1942;2.95;4.45;2.99;4.39;0;0;0;5.42857142857143;0;93.5714285714286
4950;Coop;Teisseire;166;1899;2.95;4.44;2.95;4.72;0;0;0;66.4285714285714;0;88.8571428571429
4951;Coop;Teisseire;167;3144;2.94;4.29;2.96;4.41;0;0;0;221.142857142857;0;111.428571428571
4952;Coop;Teisseire;168;24788;1.58;2.13;2.97;4.78;86;0;0;623;0;113.428571428571
4953;Coop;Teisseire;169;2295;2.85;4.12;2.89;4.32;0;0;0;1028.85714285714;0;117.142857142857
4954;Coop;Teisseire;170;2003;2.93;4.21;3.05;4.28;0;0;0;990.714285714286;0;103.571428571429
4955;Coop;Teisseire;171;2439;2.91;4.22;2.98;4.28;0;0;0;1086.28571428571;1;209.857142857143
4956;Coop;Teisseire;172;2313;2.93;4.25;2.94;4.25;0;0;0;955.571428571429;1;166.285714285714
4957;Coop;Teisseire;173;2669;2.94;4.27;2.94;4.41;0;0;0;565.714285714286;0;189
4958;Coop;Teisseire;174;10116;2.26;3.08;2.97;4.34;83;0;0;359.571428571429;1;154.857142857143
4959;Coop;Teisseire;175;2673;2.8;4.06;2.9;4.14;0;0;0;270.285714285714;1;188.571428571429
4960;Coop;Teisseire;176;2300;2.95;4.42;2.88;4.17;0;0;0;176.571428571429;0;147.714285714286
4961;Coop;Teisseire;177;2569;2.95;4.37;3.07;4.68;0;0;0;188.714285714286;1;219.142857142857
4962;Coop;Teisseire;178;3790;2.63;3.92;2.94;4.54;0;0;0;137.857142857143;0;208.428571428571
4963;Coop;Teisseire;179;3293;2.82;4.22;2.92;4.47;0;0;0;193.428571428571;1;207.142857142857
4964;Coop;Teisseire;180;3121;2.88;4.41;2.92;4.35;0;0;0;159.571428571429;0;203.285714285714
4965;Coop;Teisseire;181;3206;2.91;4.53;2.92;4.61;0;0;0;85.7142857142857;0;226
4966;Coop;Teisseire;182;4514;2.88;4.52;2.88;4.54;0;0;0;75.8571428571429;0;267.571428571429
4967;Coop;Teisseire;183;26981;1.58;2.18;2.97;4.63;99;6;48;58.7142857142857;0;202.571428571429
4968;Coop;Teisseire;184;2433;2.8;4.57;2.89;4.5;0;0;0;72.2857142857143;0;188
4969;Coop;Teisseire;185;2529;2.9;4.75;2.93;4.72;0;0;0;141.285714285714;0;215.428571428571
4970;Coop;Teisseire;186;2402;2.92;4.87;2.9;4.94;0;0;0;197.142857142857;0;222
4971;Coop;Teisseire;187;2768;2.93;4.83;2.94;4.63;0;0;0;394.285714285714;0;242
4972;Coop;Teisseire;188;3931;2.94;4.76;2.93;4.81;0;0;0;606.571428571429;0;275.428571428571
4973;Coop;Teisseire;189;4623;2.95;4.69;3.02;4.78;0;0;0;556.857142857143;0;315.571428571429
4974;Coop;Teisseire;190;3325;2.95;4.74;2.96;4.72;0;0;0;512.714285714286;0;265.571428571429
4975;Coop;Teisseire;191;2552;2.97;4.67;2.96;4.7;0;0;0;535.571428571429;0;201.714285714286
4976;Coop;Teisseire;192;2460;2.96;4.65;2.93;4.9;0;0;0;832.142857142857;0;195.285714285714
4977;Coop;Teisseire;193;10111;2.36;3.34;3.02;4.51;98;0;52;1233.14285714286;0;198.714285714286
4978;Coop;Teisseire;194;2197;2.92;4.65;2.98;4.86;0;3;0;2039.57142857143;0;242.142857142857
4979;Coop;Teisseire;195;2120;2.92;4.67;2.94;4.7;0;0;0;2892.57142857143;0;201
4980;Coop;Teisseire;196;2112;2.92;4.65;2.97;4.61;0;0;0;4163.28571428571;0;162.857142857143
4981;Coop;Teisseire;197;1892;2.92;4.49;2.92;4.8;0;0;0;6596.42857142857;0;147.285714285714
4982;Coop;Teisseire;198;2093;2.92;4.49;2.96;4.63;0;0;0;8138.71428571429;0;127.857142857143
4983;Coop;Teisseire;199;2167;2.91;4.49;2.97;4.44;0;0;0;9551;0;156.428571428571
4984;Coop;Teisseire;200;2288;2.91;4.49;2.96;4.49;0;0;0;9076;0;140.714285714286
4985;Coop;Teisseire;201;2095;2.92;4.45;2.93;4.61;0;0;0;5899.42857142857;0;143.428571428571
4986;Coop;Teisseire;202;2066;2.91;4.53;2.93;4.45;0;0;0;5256.14285714286;0;143.285714285714
4987;Coop;Teisseire;203;2118;2.92;4.47;2.96;4.38;0;0;0;5291.57142857143;0;123
4988;Coop;Teisseire;204;2160;2.92;4.43;2.95;4.58;0;0;0;4827.28571428571;0;92.1428571428571
4989;Coop;Teisseire;205;2002;2.93;4.39;2.91;4.52;0;0;0;6360.14285714286;0;68.7142857142857
4990;Coop;Teisseire;206;2006;2.92;4.4;2.93;4.51;0;0;0;8968.71428571429;0;48.2857142857143
4991;Coop;Teisseire;207;2324;2.93;4.38;2.92;4.42;0;0;0;11617.8571428571;0;103.428571428571
4992;Coop;Teisseire;208;1938;2.96;4.38;2.89;4.4;0;0;0;9461.28571428571;1;100
4993;Deen;PrivateLabel;1;10019;1.47;1.95;1.44;1.91;0;0;0;0;1;42.1428571428571
4994;Deen;PrivateLabel;2;9781;1.45;1.93;1.44;1.92;0;0;0;0;0;66.8571428571429
4995;Deen;PrivateLabel;3;10216;1.45;1.93;1.42;1.89;0;0;0;0;0;26.5714285714286
4996;Deen;PrivateLabel;4;12019;1.44;1.92;1.47;1.95;0;0;0;0;0;33.2857142857143
4997;Deen;PrivateLabel;5;21575;1.39;1.85;1.5;1.99;100;0;0;0;0;81.4285714285714
4998;Deen;PrivateLabel;6;9597;1.4;1.87;1.48;1.97;0;0;0;0;0;25.4285714285714
4999;Deen;PrivateLabel;7;8039;1.32;1.76;1.47;1.95;0;0;0;0;0;87.5714285714286
5000;Deen;PrivateLabel;8;9931;1.39;1.86;1.42;1.9;0;0;0;0;0;100.142857142857
5001;Deen;PrivateLabel;9;11751;1.42;1.89;1.42;1.9;0;0;0;0;0;96.1428571428571
5002;Deen;PrivateLabel;10;20454;1.37;1.83;1.42;1.9;100;0;0;0;0;110.142857142857
5003;Deen;PrivateLabel;11;9498;1.42;1.89;1.42;1.89;0;0;0;0;0;138.714285714286
5004;Deen;PrivateLabel;12;10975;1.42;1.9;1.42;1.89;0;0;0;0;0;127
5005;Deen;PrivateLabel;13;11271;1.43;1.9;1.48;1.98;0;0;0;0;0;175
5006;Deen;PrivateLabel;14;9164;1.32;1.76;1.45;1.94;0;0;0;0;0;145.142857142857
5007;Deen;PrivateLabel;15;10309;1.39;1.85;1.41;1.88;0;0;0;0;1;143.714285714286
5008;Deen;PrivateLabel;16;10334;1.4;1.87;1.37;1.83;0;0;0;0;1;114.571428571429
5009;Deen;PrivateLabel;17;9463;1.43;1.91;1.4;1.86;0;0;0;0;1;116.142857142857
5010;Deen;PrivateLabel;18;8795;1.34;1.79;1.38;1.84;0;0;0;0;1;151
5011;Deen;PrivateLabel;19;8672;1.3;1.74;1.39;1.86;0;0;0;0;0;177.428571428571
5012;Deen;PrivateLabel;20;11542;1.4;1.86;1.35;1.8;0;0;0;0;0;215.428571428571
5013;Deen;PrivateLabel;21;14040;1.42;1.89;1.37;1.83;0;0;0;0;1;242.285714285714
5014;Deen;PrivateLabel;22;14226;1.39;1.86;1.37;1.82;0;0;0;0;0;246.142857142857
5015;Deen;PrivateLabel;23;11593;1.41;1.87;1.39;1.85;0;0;0;0;1;205.571428571429
5016;Deen;PrivateLabel;24;11902;1.4;1.86;1.37;1.83;0;0;0;0;0;225.285714285714
5017;Deen;PrivateLabel;25;11154;1.3;1.73;1.39;1.85;0;0;0;0;0;267.285714285714
5018;Deen;PrivateLabel;26;11189;1.38;1.83;1.38;1.84;0;0;0;0;0;209.714285714286
5019;Deen;PrivateLabel;27;12272;1.38;1.84;1.37;1.83;0;0;0;0;0;238
5020;Deen;PrivateLabel;28;11090;1.32;1.76;1.34;1.79;0;0;0;0;0;212.285714285714
5021;Deen;PrivateLabel;29;21369;1.35;1.8;1.38;1.84;100;0;0;0;0;244.142857142857
5022;Deen;PrivateLabel;30;9680;1.35;1.8;1.37;1.83;0;0;0;0;0;208.285714285714
5023;Deen;PrivateLabel;31;9178;1.36;1.82;1.38;1.84;0;0;0;0;0;221.571428571429
5024;Deen;PrivateLabel;32;9851;1.45;2.02;1.51;2.11;0;0;0;0;0;210.857142857143
5025;Deen;PrivateLabel;33;15815;1.39;1.9;1.48;2.07;100;0;0;0;0;214.714285714286
5026;Deen;PrivateLabel;34;10700;1.43;2;1.48;2.05;0;0;0;0;0;228.142857142857
5027;Deen;PrivateLabel;35;10168;1.37;1.92;1.46;2.02;0;0;0;0;0;230.571428571429
5028;Deen;PrivateLabel;36;11936;1.43;2;1.44;2.01;0;0;0;0;0;190.857142857143
5029;Deen;PrivateLabel;37;10866;1.45;2.03;1.5;2.11;0;0;0;0;0;163.857142857143
5030;Deen;PrivateLabel;38;11559;1.46;2.05;1.46;2.05;0;0;0;0;0;177.714285714286
5031;Deen;PrivateLabel;39;11582;1.47;2.07;1.47;2.07;0;0;0;0;0;192.714285714286
5032;Deen;PrivateLabel;40;9494;1.39;1.97;1.44;2.01;0;0;0;0;0;160.285714285714
5033;Deen;PrivateLabel;41;10891;1.44;2.02;1.46;2.05;0;0;0;0;0;163.142857142857
5034;Deen;PrivateLabel;42;11805;1.46;2.06;1.44;2.02;0;0;0;0;0;194.714285714286
5035;Deen;PrivateLabel;43;12274;1.49;2.16;1.43;2;100;0;0;0;0;156.857142857143
5036;Deen;PrivateLabel;44;11934;1.46;2.05;1.44;2;0;0;0;0;0;130.714285714286
5037;Deen;PrivateLabel;45;11631;1.46;2.04;1.43;2;0;0;0;0;0;102.142857142857
5038;Deen;PrivateLabel;46;11289;1.46;2.04;1.46;2.06;0;0;0;0;0;96.2857142857143
5039;Deen;PrivateLabel;47;12146;1.47;2.05;1.44;2.01;0;0;0;0;0;112
5040;Deen;PrivateLabel;48;11675;1.47;2.06;1.5;2.1;0;0;0;0;0;53.1428571428571
5041;Deen;PrivateLabel;49;11184;1.46;2.05;1.47;2.05;0;0;0;0;0;74.1428571428571
5042;Deen;PrivateLabel;50;9838;1.37;1.93;1.47;2.05;0;0;0;0;0;45.8571428571429
5043;Deen;PrivateLabel;51;13059;1.47;2.06;1.46;2.05;0;0;0;0;0;84
5044;Deen;PrivateLabel;52;8363;1.49;2.09;1.52;2.15;0;0;0;0;1;81.2857142857143
5045;Deen;PrivateLabel;53;8854;1.5;2.11;1.5;2.11;0;0;0;0;1;98.2857142857143
5046;Deen;PrivateLabel;54;10646;1.47;2.07;1.52;2.14;0;0;0;0;0;57.7142857142857
5047;Deen;PrivateLabel;55;10884;1.46;2.05;1.44;2.01;0;0;0;0;0;66.8571428571429
5048;Deen;PrivateLabel;56;10307;1.44;2.02;1.46;2.05;0;0;0;0;0;94.1428571428571
5049;Deen;PrivateLabel;57;10886;1.47;2.06;1.48;2.08;0;0;0;0;0;79.8571428571429
5050;Deen;PrivateLabel;58;12014;1.47;2.11;1.46;2.05;0;0;0;0;0;35.4285714285714
5051;Deen;PrivateLabel;59;13350;1.49;2.34;1.48;2.07;100;0;0;0;0;73.7142857142857
5052;Deen;PrivateLabel;60;11102;1.49;2.09;1.43;1.99;0;0;0;0;0;45.4285714285714
5053;Deen;PrivateLabel;61;10143;1.47;2.05;1.49;2.09;0;0;0;0;0;-4.71428571428571
5054;Deen;PrivateLabel;62;10558;1.43;2;1.48;2.07;0;0;0;0;0;108.571428571429
5055;Deen;PrivateLabel;63;11072;1.44;2.02;1.47;2.06;0;0;0;0;0;93
5056;Deen;PrivateLabel;64;12022;1.43;2;1.43;1.99;0;0;0;0;0;73.5714285714286
5057;Deen;PrivateLabel;65;11568;1.43;2;1.41;1.97;0;0;0;0;1;111
5058;Deen;PrivateLabel;66;10844;1.49;2.08;1.45;2.04;0;0;0;0;1;139.571428571429
5059;Deen;PrivateLabel;67;16666;1.56;2.15;1.46;2.03;0;0;0;0;0;176.428571428571
5060;Deen;PrivateLabel;68;18486;1.59;2.17;1.49;2.04;0;0;0;0;0;218.714285714286
5061;Deen;PrivateLabel;69;13850;1.56;2.16;1.51;2.09;0;0;0;0;1;166.428571428571
5062;Deen;PrivateLabel;70;13819;1.57;2.17;1.52;2.11;0;0;0;0;1;158.857142857143
5063;Deen;PrivateLabel;71;15706;1.57;2.16;1.54;2.13;0;0;0;0;1;231.142857142857
5064;Deen;PrivateLabel;72;14790;1.54;2.12;1.58;2.18;0;0;0;0;0;187.714285714286
5065;Deen;PrivateLabel;73;17692;1.56;2.15;1.57;2.17;0;0;0;0;1;253
5066;Deen;PrivateLabel;74;18905;1.55;2.2;1.57;2.15;100;0;0;0;0;258.285714285714
5067;Deen;PrivateLabel;75;15783;1.54;2.12;1.57;2.16;0;0;0;0;0;240.142857142857
5068;Deen;PrivateLabel;76;14175;1.52;2.1;1.57;2.16;0;0;0;0;0;209.428571428571
5069;Deen;PrivateLabel;77;14289;1.53;2.11;1.54;2.12;0;0;0;0;0;196.428571428571
5070;Deen;PrivateLabel;78;14303;1.52;2.09;1.54;2.11;0;0;0;0;0;237.285714285714
5071;Deen;PrivateLabel;79;13670;1.49;2.06;1.51;2.09;0;0;0;0;0;255.714285714286
5072;Deen;PrivateLabel;80;12304;1.5;2.08;1.52;2.11;0;0;0;0;0;236.142857142857
5073;Deen;PrivateLabel;81;13959;1.51;2.09;1.51;2.09;0;0;0;0;0;268
5074;Deen;PrivateLabel;82;14230;1.51;2.11;1.51;2.09;0;0;0;0;0;306.142857142857
5075;Deen;PrivateLabel;83;13019;1.53;2.12;1.52;2.1;0;0;0;0;0;286
5076;Deen;PrivateLabel;84;18873;1.6;2.18;1.55;2.15;99;0;0;0;0;255.571428571429
5077;Deen;PrivateLabel;85;8716;1.46;2.03;1.58;2.2;0;0;0;0;0;233.142857142857
5078;Deen;PrivateLabel;86;9331;1.5;2.09;1.53;2.12;0;0;0;0;0;222.428571428571
5079;Deen;PrivateLabel;87;8582;1.54;2.16;1.51;2.1;0;0;0;0;0;198
5080;Deen;PrivateLabel;88;10213;1.51;2.11;1.56;2.18;0;0;0;0;0;210.857142857143
5081;Deen;PrivateLabel;89;11298;1.49;2.07;1.54;2.16;0;0;0;0;0;206.285714285714
5082;Deen;PrivateLabel;90;18804;1.47;2.01;1.55;2.16;100;0;0;0;0;220.285714285714
5083;Deen;PrivateLabel;91;7590;1.61;2.29;1.64;2.31;0;0;0;0;0;164.285714285714
5084;Deen;PrivateLabel;92;9128;1.57;2.22;1.6;2.25;0;0;0;0;0;177
5085;Deen;PrivateLabel;93;10311;1.6;2.24;1.62;2.28;0;0;0;0;0;209.714285714286
5086;Deen;PrivateLabel;94;9455;1.56;2.19;1.59;2.24;0;0;0;0;0;199
5087;Deen;PrivateLabel;95;9396;1.57;2.22;1.65;2.32;0;0;0;0;0;141.714285714286
5088;Deen;PrivateLabel;96;10166;1.58;2.31;1.59;2.23;100;0;0;0;0;99.7142857142857
5089;Deen;PrivateLabel;97;10417;1.56;2.17;1.55;2.16;0;0;0;0;0;134.714285714286
5090;Deen;PrivateLabel;98;9736;1.54;2.15;1.56;2.18;0;0;0;0;0;115.857142857143
5091;Deen;PrivateLabel;99;11108;1.54;2.14;1.51;2.12;0;0;0;0;0;55.8571428571429
5092;Deen;PrivateLabel;100;10311;1.52;2.12;1.56;2.18;0;0;0;0;0;82.5714285714286
5093;Deen;PrivateLabel;101;9346;1.58;2.21;1.57;2.2;0;0;0;0;0;114
5094;Deen;PrivateLabel;102;10632;1.54;2.15;1.57;2.2;0;0;0;0;0;51.8571428571429
5095;Deen;PrivateLabel;103;16989;1.45;1.99;1.61;2.23;100;0;0;0;0;87.4285714285714
5096;Deen;PrivateLabel;104;7462;1.52;2.13;1.61;2.27;97;0;0;0;1;73.1428571428571
5097;Deen;PrivateLabel;105;7767;1.57;2.21;1.61;2.24;0;0;0;0;1;81.2857142857143
5098;Deen;PrivateLabel;106;9046;1.59;2.23;1.63;2.3;0;0;0;0;0;80.2857142857143
5099;Deen;PrivateLabel;107;9572;1.6;2.24;1.6;2.24;0;0;0;0;0;65.2857142857143
5100;Deen;PrivateLabel;108;9781;1.57;2.21;1.58;2.2;0;0;0;0;0;29.8571428571429
5101;Deen;PrivateLabel;109;9984;1.59;2.23;1.59;2.23;0;0;0;0;0;36.7142857142857
5102;Deen;PrivateLabel;110;10321;1.6;2.26;1.6;2.26;0;0;0;0;0;75.4285714285714
5103;Deen;PrivateLabel;111;11316;1.63;2.41;1.59;2.23;100;0;0;0;0;109.142857142857
5104;Deen;PrivateLabel;112;9732;1.58;2.21;1.54;2.15;0;0;0;0;0;124.714285714286
5105;Deen;PrivateLabel;113;10357;1.6;2.22;1.6;2.26;0;0;0;0;0;148.142857142857
5106;Deen;PrivateLabel;114;8869;1.58;2.22;1.63;2.3;0;0;0;0;0;117.428571428571
5107;Deen;PrivateLabel;115;8456;1.61;2.26;1.62;2.27;0;0;0;0;0;105
5108;Deen;PrivateLabel;116;8987;1.6;2.25;1.58;2.21;0;0;0;0;0;121.714285714286
5109;Deen;PrivateLabel;117;9037;1.58;2.22;1.6;2.24;0;0;0;0;0;129.428571428571
5110;Deen;PrivateLabel;118;9461;1.59;2.22;1.59;2.22;0;0;0;0;0;128.857142857143
5111;Deen;PrivateLabel;119;9510;1.59;2.23;1.59;2.22;0;0;0;0;0;137.142857142857
5112;Deen;PrivateLabel;120;10433;1.58;2.2;1.58;2.2;0;0;0;0;1;188.142857142857
5113;Deen;PrivateLabel;121;17115;1.48;2.02;1.65;2.31;99;0;0;0;1;204.285714285714
5114;Deen;PrivateLabel;122;9728;1.58;2.21;1.62;2.26;0;0;0;0;0;131
5115;Deen;PrivateLabel;123;10091;1.59;2.24;1.63;2.28;0;0;0;0;1;137.142857142857
5116;Deen;PrivateLabel;124;11426;1.64;2.4;1.63;2.29;100;0;0;0;0;168.571428571429
5117;Deen;PrivateLabel;125;10738;1.58;2.2;1.59;2.22;0;0;0;0;0;188.142857142857
5118;Deen;PrivateLabel;126;9253;1.57;2.18;1.6;2.23;0;0;0;0;1;201.428571428571
5119;Deen;PrivateLabel;127;10172;1.59;2.23;1.59;2.23;0;0;0;0;0;219
5120;Deen;PrivateLabel;128;9138;1.6;2.23;1.56;2.17;0;0;0;0;1;202.571428571429
5121;Deen;PrivateLabel;129;9703;1.61;2.25;1.55;2.17;0;0;0;0;0;233.857142857143
5122;Deen;PrivateLabel;130;9749;1.6;2.25;1.6;2.21;0;0;0;0;0;273.428571428571
5123;Deen;PrivateLabel;131;10962;1.62;2.26;1.67;2.35;0;0;0;0;0;222.428571428571
5124;Deen;PrivateLabel;132;13600;1.63;2.26;1.62;2.27;0;0;0;0;0;197
5125;Deen;PrivateLabel;133;12115;1.63;2.26;1.68;2.39;0;0;0;0;0;217.571428571429
5126;Deen;PrivateLabel;134;15690;1.63;2.24;1.68;2.32;0;0;0;0;0;315.428571428571
5127;Deen;PrivateLabel;135;10404;1.61;2.23;1.62;2.28;0;0;0;0;0;233.714285714286
5128;Deen;PrivateLabel;136;10234;1.64;2.28;1.59;2.23;0;0;0;0;0;239.285714285714
5129;Deen;PrivateLabel;137;8186;1.63;2.28;1.6;2.23;0;0;0;0;0;206.142857142857
5130;Deen;PrivateLabel;138;9547;1.67;2.32;1.63;2.28;0;0;0;0;0;233.428571428571
5131;Deen;PrivateLabel;139;10270;1.68;2.33;1.64;2.27;0;0;0;0;0;281.142857142857
5132;Deen;PrivateLabel;140;8886;1.67;2.33;1.72;2.41;0;0;0;0;0;190.285714285714
5133;Deen;PrivateLabel;141;8141;1.67;2.33;1.7;2.36;0;0;0;0;0;195.571428571429
5134;Deen;PrivateLabel;142;8138;1.65;2.3;1.69;2.35;0;0;0;0;0;192
5135;Deen;PrivateLabel;143;8395;1.69;2.33;1.64;2.29;0;0;0;0;0;192.428571428571
5136;Deen;PrivateLabel;144;8136;1.72;2.36;1.66;2.29;0;0;0;0;0;157.142857142857
5137;Deen;PrivateLabel;145;8380;1.7;2.32;1.65;2.27;0;0;0;0;0;142.714285714286
5138;Deen;PrivateLabel;146;7616;1.72;2.37;1.68;2.3;0;0;0;0;0;166.857142857143
5139;Deen;PrivateLabel;147;7907;1.7;2.33;1.71;2.35;0;0;0;0;0;164.428571428571
5140;Deen;PrivateLabel;148;7822;1.7;2.33;1.7;2.32;0;0;0;0;0;124.285714285714
5141;Deen;PrivateLabel;149;8208;1.7;2.33;1.72;2.35;0;0;0;0;0;110.428571428571
5142;Deen;PrivateLabel;150;7603;1.68;2.3;1.71;2.35;0;0;0;0;0;74.5714285714286
5143;Deen;PrivateLabel;151;8084;1.69;2.31;1.71;2.35;0;0;0;0;0;78.7142857142857
5144;Deen;PrivateLabel;152;8009;1.68;2.29;1.66;2.26;0;0;0;0;0;103.714285714286
5145;Deen;PrivateLabel;153;8144;1.69;2.31;1.71;2.33;0;0;0;0;0;75.2857142857143
5146;Deen;PrivateLabel;154;7431;1.66;2.28;1.65;2.25;0;0;0;0;0;79.7142857142857
5147;Deen;PrivateLabel;155;8228;1.69;2.31;1.66;2.26;0;0;0;0;0;107.571428571429
5148;Deen;PrivateLabel;156;6468;1.71;2.36;1.76;2.43;0;0;0;0;1;77.5714285714286
5149;Deen;PrivateLabel;157;6717;1.69;2.32;1.67;2.29;0;0;0;0;1;67.5714285714286
5150;Deen;PrivateLabel;158;7440;1.72;2.36;1.66;2.27;0;0;0;0;0;92.7142857142857
5151;Deen;PrivateLabel;159;7913;1.71;2.34;1.75;2.41;0;0;0;0;0;105.571428571429
5152;Deen;PrivateLabel;160;8656;1.7;2.31;1.7;2.32;0;0;0;0;0;52
5153;Deen;PrivateLabel;161;11765;1.68;2.28;1.76;2.46;0;0;0;0;0;98.7142857142857
5154;Deen;PrivateLabel;162;7136;1.68;2.31;1.72;2.34;0;0;0;0;0;93.5714285714286
5155;Deen;PrivateLabel;163;8456;1.66;2.27;1.73;2.37;0;0;0;0;0;98.5714285714286
5156;Deen;PrivateLabel;164;13518;1.55;2.09;1.75;2.38;99;0;0;0;0;108
5157;Deen;PrivateLabel;165;8017;1.71;2.33;1.69;2.31;0;0;0;5.42857142857143;0;93.5714285714286
5158;Deen;PrivateLabel;166;7382;1.77;2.43;1.8;2.48;0;0;0;66.4285714285714;0;88.8571428571429
5159;Deen;PrivateLabel;167;14019;1.67;2.28;1.84;2.5;0;0;0;221.142857142857;0;111.428571428571
5160;Deen;PrivateLabel;168;20653;1.55;2.09;1.83;2.52;100;0;0;623;0;113.428571428571
5161;Deen;PrivateLabel;169;7612;1.75;2.4;1.83;2.52;0;0;0;1028.85714285714;0;117.142857142857
5162;Deen;PrivateLabel;170;8008;1.75;2.39;1.77;2.42;0;0;0;990.714285714286;0;103.571428571429
5163;Deen;PrivateLabel;171;9828;1.74;2.37;1.8;2.46;0;0;0;1086.28571428571;1;209.857142857143
5164;Deen;PrivateLabel;172;11908;1.71;2.32;1.78;2.45;0;0;0;955.571428571429;1;166.285714285714
5165;Deen;PrivateLabel;173;14474;1.7;2.3;1.83;2.51;0;0;0;565.714285714286;0;189
5166;Deen;PrivateLabel;174;12377;1.7;2.3;1.84;2.52;0;0;0;359.571428571429;1;154.857142857143
5167;Deen;PrivateLabel;175;12670;1.71;2.32;1.77;2.43;0;0;0;270.285714285714;1;188.571428571429
5168;Deen;PrivateLabel;176;9152;1.7;2.32;1.7;2.34;0;0;0;176.571428571429;0;147.714285714286
5169;Deen;PrivateLabel;177;8455;1.72;2.36;1.71;2.35;0;0;0;188.714285714286;1;219.142857142857
5170;Deen;PrivateLabel;178;7872;1.78;2.44;1.7;2.32;0;0;0;137.857142857143;0;208.428571428571
5171;Deen;PrivateLabel;179;7252;1.76;2.41;1.79;2.46;0;0;0;193.428571428571;1;207.142857142857
5172;Deen;PrivateLabel;180;7555;1.76;2.41;1.83;2.51;0;0;0;159.571428571429;0;203.285714285714
5173;Deen;PrivateLabel;181;8617;1.76;2.41;1.77;2.42;0;0;0;85.7142857142857;0;226
5174;Deen;PrivateLabel;182;10599;1.75;2.38;1.73;2.36;0;0;0;75.8571428571429;0;267.571428571429
5175;Deen;PrivateLabel;183;8540;1.77;2.42;1.77;2.41;0;0;0;58.7142857142857;0;202.571428571429
5176;Deen;PrivateLabel;184;7083;1.78;2.44;1.79;2.45;0;0;0;72.2857142857143;0;188
5177;Deen;PrivateLabel;185;6973;1.76;2.4;1.79;2.44;0;0;0;141.285714285714;0;215.428571428571
5178;Deen;PrivateLabel;186;7313;1.72;2.35;1.77;2.44;0;0;0;197.142857142857;0;222
5179;Deen;PrivateLabel;187;11840;1.72;2.33;1.78;2.43;0;0;0;394.285714285714;0;242
5180;Deen;PrivateLabel;188;13710;1.71;2.32;1.8;2.45;0;0;0;606.571428571429;0;275.428571428571
5181;Deen;PrivateLabel;189;17950;1.7;2.3;1.83;2.5;0;0;0;556.857142857143;0;315.571428571429
5182;Deen;PrivateLabel;190;15220;1.71;2.32;1.79;2.44;0;0;0;512.714285714286;0;265.571428571429
5183;Deen;PrivateLabel;191;10272;1.7;2.31;1.7;2.34;0;0;0;535.571428571429;0;201.714285714286
5184;Deen;PrivateLabel;192;7332;1.72;2.36;1.72;2.35;0;0;0;832.142857142857;0;195.285714285714
5185;Deen;PrivateLabel;193;7346;1.76;2.4;1.69;2.3;0;0;0;1233.14285714286;0;198.714285714286
5186;Deen;PrivateLabel;194;7932;1.76;2.41;1.83;2.5;0;0;0;2039.57142857143;0;242.142857142857
5187;Deen;PrivateLabel;195;7243;1.74;2.39;1.77;2.42;0;0;0;2892.57142857143;0;201
5188;Deen;PrivateLabel;196;7073;1.77;2.42;1.78;2.45;0;0;0;4163.28571428571;0;162.857142857143
5189;Deen;PrivateLabel;197;6644;1.78;2.44;1.75;2.4;0;0;0;6596.42857142857;0;147.285714285714
5190;Deen;PrivateLabel;198;6546;1.76;2.42;1.77;2.43;0;0;0;8138.71428571429;0;127.857142857143
5191;Deen;PrivateLabel;199;7198;1.77;2.43;1.75;2.39;0;0;0;9551;0;156.428571428571
5192;Deen;PrivateLabel;200;7102;1.77;2.42;1.81;2.51;0;0;0;9076;0;140.714285714286
5193;Deen;PrivateLabel;201;7028;1.77;2.42;1.77;2.42;0;0;0;5899.42857142857;0;143.428571428571
5194;Deen;PrivateLabel;202;6899;1.8;2.46;1.76;2.4;0;0;0;5256.14285714286;0;143.285714285714
5195;Deen;PrivateLabel;203;7156;1.79;2.46;1.8;2.46;0;0;0;5291.57142857143;0;123
5196;Deen;PrivateLabel;204;7458;1.8;2.47;1.78;2.44;0;0;0;4827.28571428571;0;92.1428571428571
5197;Deen;PrivateLabel;205;6030;1.74;2.39;1.79;2.49;0;0;0;6360.14285714286;0;68.7142857142857
5198;Deen;PrivateLabel;206;6593;1.79;2.45;1.76;2.41;0;0;0;8968.71428571429;0;48.2857142857143
5199;Deen;PrivateLabel;207;7590;1.8;2.46;1.76;2.39;0;0;0;11617.8571428571;0;103.428571428571
5200;Deen;PrivateLabel;208;5178;1.79;2.46;1.84;2.56;0;0;0;9461.28571428571;1;100
5201;Deen;EuroShopper;1;0;0;0;0;0;0;0;0;0;1;42.1428571428571
5202;Deen;EuroShopper;2;0;0;0;0;0;0;0;0;0;0;66.8571428571429
5203;Deen;EuroShopper;3;0;0;0;0;0;0;0;0;0;0;26.5714285714286
5204;Deen;EuroShopper;4;0;0;0;0;0;0;0;0;0;0;33.2857142857143
5205;Deen;EuroShopper;5;0;0;0;0;0;0;0;0;0;0;81.4285714285714
5206;Deen;EuroShopper;6;0;0;0;0;0;0;0;0;0;0;25.4285714285714
5207;Deen;EuroShopper;7;0;0;0;0;0;0;0;0;0;0;87.5714285714286
5208;Deen;EuroShopper;8;0;0;0;0;0;0;0;0;0;0;100.142857142857
5209;Deen;EuroShopper;9;0;0;0;0;0;0;0;0;0;0;96.1428571428571
5210;Deen;EuroShopper;10;0;0;0;0;0;0;0;0;0;0;110.142857142857
5211;Deen;EuroShopper;11;0;0;0;0;0;0;0;0;0;0;138.714285714286
5212;Deen;EuroShopper;12;0;0;0;0;0;0;0;0;0;0;127
5213;Deen;EuroShopper;13;0;0;0;0;0;0;0;0;0;0;175
5214;Deen;EuroShopper;14;0;0;0;0;0;0;0;0;0;0;145.142857142857
5215;Deen;EuroShopper;15;0;0;0;0;0;0;0;0;0;1;143.714285714286
5216;Deen;EuroShopper;16;0;0;0;0;0;0;0;0;0;1;114.571428571429
5217;Deen;EuroShopper;17;0;0;0;0;0;0;0;0;0;1;116.142857142857
5218;Deen;EuroShopper;18;0;0;0;0;0;0;0;0;0;1;151
5219;Deen;EuroShopper;19;0;0;0;0;0;0;0;0;0;0;177.428571428571
5220;Deen;EuroShopper;20;0;0;0;0;0;0;0;0;0;0;215.428571428571
5221;Deen;EuroShopper;21;0;0;0;0;0;0;0;0;0;1;242.285714285714
5222;Deen;EuroShopper;22;0;0;0;0;0;0;0;0;0;0;246.142857142857
5223;Deen;EuroShopper;23;0;0;0;0;0;0;0;0;0;1;205.571428571429
5224;Deen;EuroShopper;24;0;0;0;0;0;0;0;0;0;0;225.285714285714
5225;Deen;EuroShopper;25;0;0;0;0;0;0;0;0;0;0;267.285714285714
5226;Deen;EuroShopper;26;0;0;0;0;0;0;0;0;0;0;209.714285714286
5227;Deen;EuroShopper;27;0;0;0;0;0;0;0;0;0;0;238
5228;Deen;EuroShopper;28;0;0;0;0;0;0;0;0;0;0;212.285714285714
5229;Deen;EuroShopper;29;0;0;0;0;0;0;0;0;0;0;244.142857142857
5230;Deen;EuroShopper;30;0;0;0;0;0;0;0;0;0;0;208.285714285714
5231;Deen;EuroShopper;31;0;0;0;0;0;0;0;0;0;0;221.571428571429
5232;Deen;EuroShopper;32;0;0;0;0;0;0;0;0;0;0;210.857142857143
5233;Deen;EuroShopper;33;0;0;0;0;0;0;0;0;0;0;214.714285714286
5234;Deen;EuroShopper;34;0;0;0;0;0;0;0;0;0;0;228.142857142857
5235;Deen;EuroShopper;35;0;0;0;0;0;0;0;0;0;0;230.571428571429
5236;Deen;EuroShopper;36;0;0;0;0;0;0;0;0;0;0;190.857142857143
5237;Deen;EuroShopper;37;0;0;0;0;0;0;0;0;0;0;163.857142857143
5238;Deen;EuroShopper;38;0;0;0;0;0;0;0;0;0;0;177.714285714286
5239;Deen;EuroShopper;39;0;0;0;0;0;0;0;0;0;0;192.714285714286
5240;Deen;EuroShopper;40;0;0;0;0;0;0;0;0;0;0;160.285714285714
5241;Deen;EuroShopper;41;0;0;0;0;0;0;0;0;0;0;163.142857142857
5242;Deen;EuroShopper;42;0;0;0;0;0;0;0;0;0;0;194.714285714286
5243;Deen;EuroShopper;43;0;0;0;0;0;0;0;0;0;0;156.857142857143
5244;Deen;EuroShopper;44;0;0;0;0;0;0;0;0;0;0;130.714285714286
5245;Deen;EuroShopper;45;0;0;0;0;0;0;0;0;0;0;102.142857142857
5246;Deen;EuroShopper;46;0;0;0;0;0;0;0;0;0;0;96.2857142857143
5247;Deen;EuroShopper;47;0;0;0;0;0;0;0;0;0;0;112
5248;Deen;EuroShopper;48;0;0;0;0;0;0;0;0;0;0;53.1428571428571
5249;Deen;EuroShopper;49;0;0;0;0;0;0;0;0;0;0;74.1428571428571
5250;Deen;EuroShopper;50;0;0;0;0;0;0;0;0;0;0;45.8571428571429
5251;Deen;EuroShopper;51;0;0;0;0;0;0;0;0;0;0;84
5252;Deen;EuroShopper;52;0;0;0;0;0;0;0;0;0;1;81.2857142857143
5253;Deen;EuroShopper;53;0;0;0;0;0;0;0;0;0;1;98.2857142857143
5254;Deen;EuroShopper;54;0;0;0;0;0;0;0;0;0;0;57.7142857142857
5255;Deen;EuroShopper;55;0;0;0;0;0;0;0;0;0;0;66.8571428571429
5256;Deen;EuroShopper;56;0;0;0;0;0;0;0;0;0;0;94.1428571428571
5257;Deen;EuroShopper;57;0;0;0;0;0;0;0;0;0;0;79.8571428571429
5258;Deen;EuroShopper;58;0;0;0;0;0;0;0;0;0;0;35.4285714285714
5259;Deen;EuroShopper;59;0;0;0;0;0;0;0;0;0;0;73.7142857142857
5260;Deen;EuroShopper;60;0;0;0;0;0;0;0;0;0;0;45.4285714285714
5261;Deen;EuroShopper;61;0;0;0;0;0;0;0;0;0;0;-4.71428571428571
5262;Deen;EuroShopper;62;0;0;0;0;0;0;0;0;0;0;108.571428571429
5263;Deen;EuroShopper;63;0;0;0;0;0;0;0;0;0;0;93
5264;Deen;EuroShopper;64;0;0;0;0;0;0;0;0;0;0;73.5714285714286
5265;Deen;EuroShopper;65;0;0;0;0;0;0;0;0;0;1;111
5266;Deen;EuroShopper;66;0;0;0;0;0;0;0;0;0;1;139.571428571429
5267;Deen;EuroShopper;67;0;0;0;0;0;0;0;0;0;0;176.428571428571
5268;Deen;EuroShopper;68;0;0;0;0;0;0;0;0;0;0;218.714285714286
5269;Deen;EuroShopper;69;0;0;0;0;0;0;0;0;0;1;166.428571428571
5270;Deen;EuroShopper;70;0;0;0;0;0;0;0;0;0;1;158.857142857143
5271;Deen;EuroShopper;71;0;0;0;0;0;0;0;0;0;1;231.142857142857
5272;Deen;EuroShopper;72;0;0;0;0;0;0;0;0;0;0;187.714285714286
5273;Deen;EuroShopper;73;0;0;0;0;0;0;0;0;0;1;253
5274;Deen;EuroShopper;74;0;0;0;0;0;0;0;0;0;0;258.285714285714
5275;Deen;EuroShopper;75;0;0;0;0;0;0;0;0;0;0;240.142857142857
5276;Deen;EuroShopper;76;0;0;0;0;0;0;0;0;0;0;209.428571428571
5277;Deen;EuroShopper;77;0;0;0;0;0;0;0;0;0;0;196.428571428571
5278;Deen;EuroShopper;78;0;0;0;0;0;0;0;0;0;0;237.285714285714
5279;Deen;EuroShopper;79;0;0;0;0;0;0;0;0;0;0;255.714285714286
5280;Deen;EuroShopper;80;0;0;0;0;0;0;0;0;0;0;236.142857142857
5281;Deen;EuroShopper;81;0;0;0;0;0;0;0;0;0;0;268
5282;Deen;EuroShopper;82;0;0;0;0;0;0;0;0;0;0;306.142857142857
5283;Deen;EuroShopper;83;0;0;0;0;0;0;0;0;0;0;286
5284;Deen;EuroShopper;84;0;0;0;0;0;0;0;0;0;0;255.571428571429
5285;Deen;EuroShopper;85;0;0;0;0;0;0;0;0;0;0;233.142857142857
5286;Deen;EuroShopper;86;0;0;0;0;0;0;0;0;0;0;222.428571428571
5287;Deen;EuroShopper;87;0;0;0;0;0;0;0;0;0;0;198
5288;Deen;EuroShopper;88;0;0;0;0;0;0;0;0;0;0;210.857142857143
5289;Deen;EuroShopper;89;0;0;0;0;0;0;0;0;0;0;206.285714285714
5290;Deen;EuroShopper;90;0;0;0;0;0;0;0;0;0;0;220.285714285714
5291;Deen;EuroShopper;91;0;0;0;0;0;0;0;0;0;0;164.285714285714
5292;Deen;EuroShopper;92;0;0;0;0;0;0;0;0;0;0;177
5293;Deen;EuroShopper;93;0;0;0;0;0;0;0;0;0;0;209.714285714286
5294;Deen;EuroShopper;94;0;0;0;0;0;0;0;0;0;0;199
5295;Deen;EuroShopper;95;0;0;0;0;0;0;0;0;0;0;141.714285714286
5296;Deen;EuroShopper;96;0;0;0;0;0;0;0;0;0;0;99.7142857142857
5297;Deen;EuroShopper;97;0;0;0;0;0;0;0;0;0;0;134.714285714286
5298;Deen;EuroShopper;98;0;0;0;0;0;0;0;0;0;0;115.857142857143
5299;Deen;EuroShopper;99;0;0;0;0;0;0;0;0;0;0;55.8571428571429
5300;Deen;EuroShopper;100;0;0;0;0;0;0;0;0;0;0;82.5714285714286
5301;Deen;EuroShopper;101;0;0;0;0;0;0;0;0;0;0;114
5302;Deen;EuroShopper;102;0;0;0;0;0;0;0;0;0;0;51.8571428571429
5303;Deen;EuroShopper;103;0;0;0;0;0;0;0;0;0;0;87.4285714285714
5304;Deen;EuroShopper;104;0;0;0;0;0;0;0;0;0;1;73.1428571428571
5305;Deen;EuroShopper;105;0;0;0;0;0;0;0;0;0;1;81.2857142857143
5306;Deen;EuroShopper;106;0;0;0;0;0;0;0;0;0;0;80.2857142857143
5307;Deen;EuroShopper;107;0;0;0;0;0;0;0;0;0;0;65.2857142857143
5308;Deen;EuroShopper;108;0;0;0;0;0;0;0;0;0;0;29.8571428571429
5309;Deen;EuroShopper;109;0;0;0;0;0;0;0;0;0;0;36.7142857142857
5310;Deen;EuroShopper;110;0;0;0;0;0;0;0;0;0;0;75.4285714285714
5311;Deen;EuroShopper;111;0;0;0;0;0;0;0;0;0;0;109.142857142857
5312;Deen;EuroShopper;112;0;0;0;0;0;0;0;0;0;0;124.714285714286
5313;Deen;EuroShopper;113;0;0;0;0;0;0;0;0;0;0;148.142857142857
5314;Deen;EuroShopper;114;0;0;0;0;0;0;0;0;0;0;117.428571428571
5315;Deen;EuroShopper;115;0;0;0;0;0;0;0;0;0;0;105
5316;Deen;EuroShopper;116;0;0;0;0;0;0;0;0;0;0;121.714285714286
5317;Deen;EuroShopper;117;0;0;0;0;0;0;0;0;0;0;129.428571428571
5318;Deen;EuroShopper;118;0;0;0;0;0;0;0;0;0;0;128.857142857143
5319;Deen;EuroShopper;119;0;0;0;0;0;0;0;0;0;0;137.142857142857
5320;Deen;EuroShopper;120;0;0;0;0;0;0;0;0;0;1;188.142857142857
5321;Deen;EuroShopper;121;0;0;0;0;0;0;0;0;0;1;204.285714285714
5322;Deen;EuroShopper;122;0;0;0;0;0;0;0;0;0;0;131
5323;Deen;EuroShopper;123;0;0;0;0;0;0;0;0;0;1;137.142857142857
5324;Deen;EuroShopper;124;0;0;0;0;0;0;0;0;0;0;168.571428571429
5325;Deen;EuroShopper;125;0;0;0;0;0;0;0;0;0;0;188.142857142857
5326;Deen;EuroShopper;126;0;0;0;0;0;0;0;0;0;1;201.428571428571
5327;Deen;EuroShopper;127;0;0;0;0;0;0;0;0;0;0;219
5328;Deen;EuroShopper;128;0;0;0;0;0;0;0;0;0;1;202.571428571429
5329;Deen;EuroShopper;129;0;0;0;0;0;0;0;0;0;0;233.857142857143
5330;Deen;EuroShopper;130;0;0;0;0;0;0;0;0;0;0;273.428571428571
5331;Deen;EuroShopper;131;0;0;0;0;0;0;0;0;0;0;222.428571428571
5332;Deen;EuroShopper;132;0;0;0;0;0;0;0;0;0;0;197
5333;Deen;EuroShopper;133;0;0;0;0;0;0;0;0;0;0;217.571428571429
5334;Deen;EuroShopper;134;0;0;0;0;0;0;0;0;0;0;315.428571428571
5335;Deen;EuroShopper;135;0;0;0;0;0;0;0;0;0;0;233.714285714286
5336;Deen;EuroShopper;136;0;0;0;0;0;0;0;0;0;0;239.285714285714
5337;Deen;EuroShopper;137;0;0;0;0;0;0;0;0;0;0;206.142857142857
5338;Deen;EuroShopper;138;0;0;0;0;0;0;0;0;0;0;233.428571428571
5339;Deen;EuroShopper;139;0;0;0;0;0;0;0;0;0;0;281.142857142857
5340;Deen;EuroShopper;140;0;0;0;0;0;0;0;0;0;0;190.285714285714
5341;Deen;EuroShopper;141;0;0;0;0;0;0;0;0;0;0;195.571428571429
5342;Deen;EuroShopper;142;0;0;0;0;0;0;0;0;0;0;192
5343;Deen;EuroShopper;143;0;0;0;0;0;0;0;0;0;0;192.428571428571
5344;Deen;EuroShopper;144;0;0;0;0;0;0;0;0;0;0;157.142857142857
5345;Deen;EuroShopper;145;0;0;0;0;0;0;0;0;0;0;142.714285714286
5346;Deen;EuroShopper;146;0;0;0;0;0;0;0;0;0;0;166.857142857143
5347;Deen;EuroShopper;147;0;0;0;0;0;0;0;0;0;0;164.428571428571
5348;Deen;EuroShopper;148;0;0;0;0;0;0;0;0;0;0;124.285714285714
5349;Deen;EuroShopper;149;0;0;0;0;0;0;0;0;0;0;110.428571428571
5350;Deen;EuroShopper;150;0;0;0;0;0;0;0;0;0;0;74.5714285714286
5351;Deen;EuroShopper;151;0;0;0;0;0;0;0;0;0;0;78.7142857142857
5352;Deen;EuroShopper;152;0;0;0;0;0;0;0;0;0;0;103.714285714286
5353;Deen;EuroShopper;153;0;0;0;0;0;0;0;0;0;0;75.2857142857143
5354;Deen;EuroShopper;154;0;0;0;0;0;0;0;0;0;0;79.7142857142857
5355;Deen;EuroShopper;155;0;0;0;0;0;0;0;0;0;0;107.571428571429
5356;Deen;EuroShopper;156;0;0;0;0;0;0;0;0;0;1;77.5714285714286
5357;Deen;EuroShopper;157;0;0;0;0;0;0;0;0;0;1;67.5714285714286
5358;Deen;EuroShopper;158;0;0;0;0;0;0;0;0;0;0;92.7142857142857
5359;Deen;EuroShopper;159;0;0;0;0;0;0;0;0;0;0;105.571428571429
5360;Deen;EuroShopper;160;0;0;0;0;0;0;0;0;0;0;52
5361;Deen;EuroShopper;161;0;0;0;0;0;0;0;0;0;0;98.7142857142857
5362;Deen;EuroShopper;162;0;0;0;0;0;0;0;0;0;0;93.5714285714286
5363;Deen;EuroShopper;163;0;0;0;0;0;0;0;0;0;0;98.5714285714286
5364;Deen;EuroShopper;164;0;0;0;0;0;0;0;0;0;0;108
5365;Deen;EuroShopper;165;0;0;0;0;0;0;0;0;5.42857142857143;0;93.5714285714286
5366;Deen;EuroShopper;166;0;0;0;0;0;0;0;0;66.4285714285714;0;88.8571428571429
5367;Deen;EuroShopper;167;0;0;0;0;0;0;0;0;221.142857142857;0;111.428571428571
5368;Deen;EuroShopper;168;0;0;0;0;0;0;0;0;623;0;113.428571428571
5369;Deen;EuroShopper;169;0;0;0;0;0;0;0;0;1028.85714285714;0;117.142857142857
5370;Deen;EuroShopper;170;0;0;0;0;0;0;0;0;990.714285714286;0;103.571428571429
5371;Deen;EuroShopper;171;0;0;0;0;0;0;0;0;1086.28571428571;1;209.857142857143
5372;Deen;EuroShopper;172;0;0;0;0;0;0;0;0;955.571428571429;1;166.285714285714
5373;Deen;EuroShopper;173;0;0;0;0;0;0;0;0;565.714285714286;0;189
5374;Deen;EuroShopper;174;0;0;0;0;0;0;0;0;359.571428571429;1;154.857142857143
5375;Deen;EuroShopper;175;0;0;0;0;0;0;0;0;270.285714285714;1;188.571428571429
5376;Deen;EuroShopper;176;0;0;0;0;0;0;0;0;176.571428571429;0;147.714285714286
5377;Deen;EuroShopper;177;0;0;0;0;0;0;0;0;188.714285714286;1;219.142857142857
5378;Deen;EuroShopper;178;0;0;0;0;0;0;0;0;137.857142857143;0;208.428571428571
5379;Deen;EuroShopper;179;0;0;0;0;0;0;0;0;193.428571428571;1;207.142857142857
5380;Deen;EuroShopper;180;0;0;0;0;0;0;0;0;159.571428571429;0;203.285714285714
5381;Deen;EuroShopper;181;0;0;0;0;0;0;0;0;85.7142857142857;0;226
5382;Deen;EuroShopper;182;0;0;0;0;0;0;0;0;75.8571428571429;0;267.571428571429
5383;Deen;EuroShopper;183;0;0;0;0;0;0;0;0;58.7142857142857;0;202.571428571429
5384;Deen;EuroShopper;184;0;0;0;0;0;0;0;0;72.2857142857143;0;188
5385;Deen;EuroShopper;185;0;0;0;0;0;0;0;0;141.285714285714;0;215.428571428571
5386;Deen;EuroShopper;186;0;0;0;0;0;0;0;0;197.142857142857;0;222
5387;Deen;EuroShopper;187;0;0;0;0;0;0;0;0;394.285714285714;0;242
5388;Deen;EuroShopper;188;0;0;0;0;0;0;0;0;606.571428571429;0;275.428571428571
5389;Deen;EuroShopper;189;0;0;0;0;0;0;0;0;556.857142857143;0;315.571428571429
5390;Deen;EuroShopper;190;0;0;0;0;0;0;0;0;512.714285714286;0;265.571428571429
5391;Deen;EuroShopper;191;0;0;0;0;0;0;0;0;535.571428571429;0;201.714285714286
5392;Deen;EuroShopper;192;0;0;0;0;0;0;0;0;832.142857142857;0;195.285714285714
5393;Deen;EuroShopper;193;0;0;0;0;0;0;0;0;1233.14285714286;0;198.714285714286
5394;Deen;EuroShopper;194;0;0;0;0;0;0;0;0;2039.57142857143;0;242.142857142857
5395;Deen;EuroShopper;195;0;0;0;0;0;0;0;0;2892.57142857143;0;201
5396;Deen;EuroShopper;196;0;0;0;0;0;0;0;0;4163.28571428571;0;162.857142857143
5397;Deen;EuroShopper;197;0;0;0;0;0;0;0;0;6596.42857142857;0;147.285714285714
5398;Deen;EuroShopper;198;0;0;0;0;0;0;0;0;8138.71428571429;0;127.857142857143
5399;Deen;EuroShopper;199;0;0;0;0;0;0;0;0;9551;0;156.428571428571
5400;Deen;EuroShopper;200;0;0;0;0;0;0;0;0;9076;0;140.714285714286
5401;Deen;EuroShopper;201;0;0;0;0;0;0;0;0;5899.42857142857;0;143.428571428571
5402;Deen;EuroShopper;202;0;0;0;0;0;0;0;0;5256.14285714286;0;143.285714285714
5403;Deen;EuroShopper;203;0;0;0;0;0;0;0;0;5291.57142857143;0;123
5404;Deen;EuroShopper;204;0;0;0;0;0;0;0;0;4827.28571428571;0;92.1428571428571
5405;Deen;EuroShopper;205;0;0;0;0;0;0;0;0;6360.14285714286;0;68.7142857142857
5406;Deen;EuroShopper;206;0;0;0;0;0;0;0;0;8968.71428571429;0;48.2857142857143
5407;Deen;EuroShopper;207;0;0;0;0;0;0;0;0;11617.8571428571;0;103.428571428571
5408;Deen;EuroShopper;208;0;0;0;0;0;0;0;0;9461.28571428571;1;100
5409;Deen;KarvanCevitam;1;6691;2.89;3.92;2.89;3.94;0;0;0;0;1;42.1428571428571
5410;Deen;KarvanCevitam;2;7114;2.89;3.93;2.89;3.91;0;0;0;0;0;66.8571428571429
5411;Deen;KarvanCevitam;3;7351;2.89;3.91;2.89;3.93;0;0;0;0;0;26.5714285714286
5412;Deen;KarvanCevitam;4;7560;2.89;3.92;2.89;3.89;0;0;0;0;0;33.2857142857143
5413;Deen;KarvanCevitam;5;7125;2.9;3.93;2.89;3.92;0;0;0;0;0;81.4285714285714
5414;Deen;KarvanCevitam;6;11110;2.53;3.42;2.92;3.99;0;0;0;0;0;25.4285714285714
5415;Deen;KarvanCevitam;7;38767;2.01;2.69;2.89;3.97;100;0;0;0;0;87.5714285714286
5416;Deen;KarvanCevitam;8;5157;2.88;3.94;2.9;3.93;0;0;0;0;0;100.142857142857
5417;Deen;KarvanCevitam;9;6278;2.89;3.94;2.89;3.94;0;0;0;0;0;96.1428571428571
5418;Deen;KarvanCevitam;10;6384;2.9;3.95;2.9;3.91;0;0;0;0;0;110.142857142857
5419;Deen;KarvanCevitam;11;7180;2.9;3.92;2.9;3.94;0;0;0;0;0;138.714285714286
5420;Deen;KarvanCevitam;12;7676;2.9;3.93;2.9;3.93;0;0;0;0;0;127
5421;Deen;KarvanCevitam;13;16716;2.41;3.24;2.91;3.93;0;0;0;0;0;175
5422;Deen;KarvanCevitam;14;65426;2.03;2.72;2.89;3.91;100;0;0;0;0;145.142857142857
5423;Deen;KarvanCevitam;15;5427;2.9;3.95;2.9;3.91;0;0;0;0;1;143.714285714286
5424;Deen;KarvanCevitam;16;6108;2.87;4;2.87;3.98;0;0;0;0;1;114.571428571429
5425;Deen;KarvanCevitam;17;9798;2.36;3.42;2.48;3.69;0;0;0;0;1;116.142857142857
5426;Deen;KarvanCevitam;18;24322;2;2.68;2.87;3.93;0;0;0;0;1;151
5427;Deen;KarvanCevitam;19;26684;2;2.71;2.77;3.98;100;0;0;0;0;177.428571428571
5428;Deen;KarvanCevitam;20;6439;2.84;3.97;2.86;3.93;0;0;0;0;0;215.428571428571
5429;Deen;KarvanCevitam;21;8614;2.89;3.98;2.89;3.96;0;0;0;0;1;242.285714285714
5430;Deen;KarvanCevitam;22;9063;2.9;3.96;2.89;3.96;0;0;0;0;0;246.142857142857
5431;Deen;KarvanCevitam;23;11652;2.45;3.3;2.88;3.9;100;0;0;0;1;205.571428571429
5432;Deen;KarvanCevitam;24;13508;2.43;3.27;2.82;3.85;0;0;0;0;0;225.285714285714
5433;Deen;KarvanCevitam;25;44518;2.01;2.7;2.9;3.95;100;0;0;0;0;267.285714285714
5434;Deen;KarvanCevitam;26;6084;2.89;3.93;2.92;3.95;0;0;0;0;0;209.714285714286
5435;Deen;KarvanCevitam;27;11596;2.52;3.41;2.94;4;0;0;0;0;0;238
5436;Deen;KarvanCevitam;28;38159;2.06;2.76;2.86;3.91;100;0;0;0;0;212.285714285714
5437;Deen;KarvanCevitam;29;5689;2.89;4.01;2.56;3.48;0;0;0;0;0;244.142857142857
5438;Deen;KarvanCevitam;30;5910;2.88;3.95;2.85;3.94;0;0;0;0;0;208.285714285714
5439;Deen;KarvanCevitam;31;6521;2.68;3.67;2.69;3.72;0;0;0;0;0;221.571428571429
5440;Deen;KarvanCevitam;32;5202;2.9;3.97;2.9;3.95;0;0;0;0;0;210.857142857143
5441;Deen;KarvanCevitam;33;5102;2.9;3.95;2.9;3.93;0;0;0;0;0;214.714285714286
5442;Deen;KarvanCevitam;34;10860;2.45;3.32;2.86;3.9;0;0;0;0;0;228.142857142857
5443;Deen;KarvanCevitam;35;39793;2.01;2.69;2.8;3.8;84;0;0;0;0;230.571428571429
5444;Deen;KarvanCevitam;36;5390;2.9;3.95;2.84;3.86;0;0;0;0;0;190.857142857143
5445;Deen;KarvanCevitam;37;5731;2.9;3.93;2.84;3.86;0;0;0;0;0;163.857142857143
5446;Deen;KarvanCevitam;38;6597;2.9;3.93;2.89;3.9;0;0;0;0;0;177.714285714286
5447;Deen;KarvanCevitam;39;9804;2.56;3.44;2.96;3.99;0;0;0;0;0;192.714285714286
5448;Deen;KarvanCevitam;40;28484;2.01;2.69;2.89;3.93;100;0;0;0;0;160.285714285714
5449;Deen;KarvanCevitam;41;5028;2.89;3.9;2.89;3.91;0;0;0;0;0;163.142857142857
5450;Deen;KarvanCevitam;42;6296;2.88;3.89;2.89;3.94;0;0;0;0;0;194.714285714286
5451;Deen;KarvanCevitam;43;6474;2.87;3.87;2.9;3.9;0;0;0;0;0;156.857142857143
5452;Deen;KarvanCevitam;44;6892;2.87;3.86;2.88;3.89;0;0;0;0;0;130.714285714286
5453;Deen;KarvanCevitam;45;6991;2.87;3.86;2.88;3.88;0;0;0;0;0;102.142857142857
5454;Deen;KarvanCevitam;46;7067;2.87;3.85;2.88;3.87;0;0;0;0;0;96.2857142857143
5455;Deen;KarvanCevitam;47;7549;2.87;3.86;2.87;3.85;0;0;0;0;0;112
5456;Deen;KarvanCevitam;48;7364;2.87;3.85;2.87;3.84;0;0;0;0;0;53.1428571428571
5457;Deen;KarvanCevitam;49;10269;2.54;3.4;2.91;3.94;0;0;0;0;0;74.1428571428571
5458;Deen;KarvanCevitam;50;34063;2.01;2.69;2.87;3.85;77;0;0;0;0;45.8571428571429
5459;Deen;KarvanCevitam;51;8319;2.62;3.53;2.64;3.55;0;0;0;0;0;84
5460;Deen;KarvanCevitam;52;5140;2.87;3.86;2.87;3.87;0;0;0;0;1;81.2857142857143
5461;Deen;KarvanCevitam;53;5814;2.87;3.87;2.86;3.87;0;0;0;0;1;98.2857142857143
5462;Deen;KarvanCevitam;54;6925;2.87;3.84;2.87;3.85;0;0;0;0;0;57.7142857142857
5463;Deen;KarvanCevitam;55;10005;2.66;3.57;2.89;3.88;0;0;0;0;0;66.8571428571429
5464;Deen;KarvanCevitam;56;26326;2.26;3.02;2.86;3.84;98;0;0;0;0;94.1428571428571
5465;Deen;KarvanCevitam;57;6111;2.87;3.85;2.86;3.83;0;0;0;0;0;79.8571428571429
5466;Deen;KarvanCevitam;58;6894;2.84;3.82;2.85;3.83;0;0;0;0;0;35.4285714285714
5467;Deen;KarvanCevitam;59;7683;2.72;3.66;2.79;3.8;0;0;0;0;0;73.7142857142857
5468;Deen;KarvanCevitam;60;8361;2.77;3.74;2.8;3.75;0;0;0;0;0;45.4285714285714
5469;Deen;KarvanCevitam;61;12758;2.58;3.45;2.89;3.91;0;0;0;0;0;-4.71428571428571
5470;Deen;KarvanCevitam;62;36124;2.3;3.07;2.87;3.88;96;0;0;0;0;108.571428571429
5471;Deen;KarvanCevitam;63;6231;2.81;3.8;2.8;3.76;0;0;0;0;0;93
5472;Deen;KarvanCevitam;64;7180;2.8;3.78;2.8;3.78;0;0;0;0;0;73.5714285714286
5473;Deen;KarvanCevitam;65;7674;2.8;3.77;2.81;3.78;0;0;0;0;1;111
5474;Deen;KarvanCevitam;66;7684;2.81;3.78;2.8;3.77;0;0;0;0;1;139.571428571429
5475;Deen;KarvanCevitam;67;8086;2.81;3.78;2.81;3.77;0;0;0;0;0;176.428571428571
5476;Deen;KarvanCevitam;68;12650;2.61;3.5;2.83;3.85;0;0;0;0;0;218.714285714286
5477;Deen;KarvanCevitam;69;32639;2.3;3.07;2.81;3.81;87;0;0;0;1;166.428571428571
5478;Deen;KarvanCevitam;70;5411;2.8;3.76;2.8;3.79;0;0;0;0;1;158.857142857143
5479;Deen;KarvanCevitam;71;7028;2.72;3.63;2.8;3.74;0;0;0;0;1;231.142857142857
5480;Deen;KarvanCevitam;72;23375;1.91;2.54;2.8;3.73;100;0;0;0;0;187.714285714286
5481;Deen;KarvanCevitam;73;9247;2.71;3.61;2.76;3.68;0;0;0;0;1;253
5482;Deen;KarvanCevitam;74;14250;2.62;3.49;2.76;3.68;0;0;0;0;0;258.285714285714
5483;Deen;KarvanCevitam;75;36317;2.3;3.07;2.73;3.64;100;0;0;0;0;240.142857142857
5484;Deen;KarvanCevitam;76;5860;2.81;3.75;2.78;3.7;0;0;0;0;0;209.428571428571
5485;Deen;KarvanCevitam;77;6395;2.81;3.74;2.79;3.72;0;0;0;0;0;196.428571428571
5486;Deen;KarvanCevitam;78;11591;2.44;4.43;2.8;3.74;99;0;0;0;0;237.285714285714
5487;Deen;KarvanCevitam;79;10318;2.72;4.04;2.67;3.93;0;0;0;0;0;255.714285714286
5488;Deen;KarvanCevitam;80;9320;2.76;3.88;2.73;3.9;0;0;0;0;0;236.142857142857
5489;Deen;KarvanCevitam;81;10952;2.75;3.93;2.69;4.04;0;0;0;0;0;268
5490;Deen;KarvanCevitam;82;12848;2.75;3.96;2.74;3.96;0;0;0;0;0;306.142857142857
5491;Deen;KarvanCevitam;83;10433;2.74;3.89;2.75;3.93;0;0;0;0;0;286
5492;Deen;KarvanCevitam;84;11394;2.58;3.59;2.77;3.94;0;0;0;0;0;255.571428571429
5493;Deen;KarvanCevitam;85;28413;2.3;3.11;2.77;3.84;99;0;0;0;0;233.142857142857
5494;Deen;KarvanCevitam;86;6323;2.75;3.84;2.78;3.82;0;0;0;0;0;222.428571428571
5495;Deen;KarvanCevitam;87;6752;2.75;3.8;2.76;3.83;0;0;0;0;0;198
5496;Deen;KarvanCevitam;88;7641;2.77;3.77;2.75;3.81;0;0;0;0;0;210.857142857143
5497;Deen;KarvanCevitam;89;7177;2.76;3.77;2.76;3.78;0;0;0;0;0;206.285714285714
5498;Deen;KarvanCevitam;90;10966;2.58;3.5;2.76;3.89;0;0;0;0;0;220.285714285714
5499;Deen;KarvanCevitam;91;30375;2.29;3.08;2.76;3.75;98;0;0;0;0;164.285714285714
5500;Deen;KarvanCevitam;92;5807;2.76;3.78;2.74;3.83;0;0;0;0;0;177
5501;Deen;KarvanCevitam;93;6619;2.89;3.96;2.74;3.82;0;0;0;0;0;209.714285714286
5502;Deen;KarvanCevitam;94;55551;1.57;2.1;2.76;3.73;100;0;0;0;0;199
5503;Deen;KarvanCevitam;95;5676;2.86;3.9;2.79;3.82;0;0;0;0;0;141.714285714286
5504;Deen;KarvanCevitam;96;5904;2.84;3.85;2.82;3.86;0;0;0;0;0;99.7142857142857
5505;Deen;KarvanCevitam;97;10417;2.49;3.35;2.86;3.85;100;0;0;0;0;134.714285714286
5506;Deen;KarvanCevitam;98;17081;2.12;2.85;2.87;3.89;100;0;0;0;0;115.857142857143
5507;Deen;KarvanCevitam;99;9442;2.66;3.57;2.9;3.92;0;0;0;0;0;55.8571428571429
5508;Deen;KarvanCevitam;100;25134;2.31;3.09;2.89;3.9;100;0;0;0;0;82.5714285714286
5509;Deen;KarvanCevitam;101;5247;2.88;3.89;2.85;3.84;0;0;0;0;0;114
5510;Deen;KarvanCevitam;102;5750;2.91;3.95;2.87;3.89;0;0;0;0;0;51.8571428571429
5511;Deen;KarvanCevitam;103;6624;2.9;3.95;2.9;3.93;0;0;0;0;0;87.4285714285714
5512;Deen;KarvanCevitam;104;14695;2.43;3.26;2.88;3.91;100;0;0;0;1;73.1428571428571
5513;Deen;KarvanCevitam;105;14547;2.37;3.18;2.9;3.92;100;0;0;0;1;81.2857142857143
5514;Deen;KarvanCevitam;106;5426;2.91;3.95;2.89;3.99;0;0;0;0;0;80.2857142857143
5515;Deen;KarvanCevitam;107;9645;2.7;3.64;2.9;3.92;0;0;0;0;0;65.2857142857143
5516;Deen;KarvanCevitam;108;28278;2.42;3.24;2.91;3.93;100;0;0;0;0;29.8571428571429
5517;Deen;KarvanCevitam;109;5479;2.91;3.97;2.71;3.68;0;0;0;0;0;36.7142857142857
5518;Deen;KarvanCevitam;110;6003;2.91;3.95;2.91;3.94;0;0;0;0;0;75.4285714285714
5519;Deen;KarvanCevitam;111;6803;2.91;3.96;2.91;3.95;0;0;0;0;0;109.142857142857
5520;Deen;KarvanCevitam;112;6368;2.93;3.97;2.91;3.95;0;0;0;0;0;124.714285714286
5521;Deen;KarvanCevitam;113;16597;2.32;3.11;2.9;3.94;0;0;0;0;0;148.142857142857
5522;Deen;KarvanCevitam;114;39546;1.61;2.15;2.87;3.89;100;0;0;0;0;117.428571428571
5523;Deen;KarvanCevitam;115;5766;2.7;3.68;2.79;3.77;0;0;0;0;0;105
5524;Deen;KarvanCevitam;116;9115;2.68;3.62;2.98;4.04;0;0;0;0;0;121.714285714286
5525;Deen;KarvanCevitam;117;25523;2.42;3.25;2.9;3.93;100;0;0;0;0;129.428571428571
5526;Deen;KarvanCevitam;118;5002;2.91;3.98;2.82;3.84;0;0;0;0;0;128.857142857143
5527;Deen;KarvanCevitam;119;12774;2.33;3.15;2.88;3.9;100;0;0;0;0;137.142857142857
5528;Deen;KarvanCevitam;120;6727;2.9;3.98;2.93;3.99;0;0;0;0;1;188.142857142857
5529;Deen;KarvanCevitam;121;6190;2.91;3.97;2.92;3.99;0;0;0;0;1;204.285714285714
5530;Deen;KarvanCevitam;122;6147;2.91;3.97;2.93;3.96;0;0;0;0;0;131
5531;Deen;KarvanCevitam;123;6343;2.92;3.95;2.92;3.97;0;0;0;0;1;137.142857142857
5532;Deen;KarvanCevitam;124;7037;2.94;3.94;2.93;3.96;0;0;0;0;0;168.571428571429
5533;Deen;KarvanCevitam;125;12440;2.62;3.5;2.93;3.93;0;0;0;0;0;188.142857142857
5534;Deen;KarvanCevitam;126;36188;2.31;3.07;2.94;3.92;100;0;0;0;1;201.428571428571
5535;Deen;KarvanCevitam;127;5661;2.96;3.92;2.97;3.92;0;0;0;0;0;219
5536;Deen;KarvanCevitam;128;5848;2.97;3.92;2.96;3.92;0;0;0;0;1;202.571428571429
5537;Deen;KarvanCevitam;129;13498;2.49;3.3;2.98;3.94;0;0;0;0;0;233.857142857143
5538;Deen;KarvanCevitam;130;49245;2.07;2.76;2.96;3.91;100;0;0;0;0;273.428571428571
5539;Deen;KarvanCevitam;131;5534;2.97;3.91;2.98;3.9;0;0;0;0;0;222.428571428571
5540;Deen;KarvanCevitam;132;5324;2.96;3.89;2.95;3.88;0;0;0;0;0;197
5541;Deen;KarvanCevitam;133;5424;2.95;3.89;2.94;3.87;0;0;0;0;0;217.571428571429
5542;Deen;KarvanCevitam;134;10627;2.81;3.71;2.95;3.91;0;0;0;0;0;315.428571428571
5543;Deen;KarvanCevitam;135;19991;2.46;3.27;2.95;3.9;100;0;0;0;0;233.714285714286
5544;Deen;KarvanCevitam;136;4737;2.96;3.92;2.96;3.93;0;0;0;0;0;239.285714285714
5545;Deen;KarvanCevitam;137;5470;2.96;3.92;2.96;3.92;0;0;0;0;0;206.142857142857
5546;Deen;KarvanCevitam;138;6863;2.97;3.92;2.97;3.94;0;0;0;0;0;233.428571428571
5547;Deen;KarvanCevitam;139;8875;2.97;3.91;2.99;3.93;0;0;0;0;0;281.142857142857
5548;Deen;KarvanCevitam;140;7001;2.97;3.91;2.96;3.92;0;0;0;0;0;190.285714285714
5549;Deen;KarvanCevitam;141;9852;2.71;3.58;3;3.96;0;0;0;0;0;195.571428571429
5550;Deen;KarvanCevitam;142;25774;2.32;3.09;2.97;3.92;99;0;0;0;0;192
5551;Deen;KarvanCevitam;143;5403;2.96;3.92;2.96;3.92;0;0;0;0;0;192.428571428571
5552;Deen;KarvanCevitam;144;17099;1.68;3.11;2.94;3.93;0;0;0;0;0;157.142857142857
5553;Deen;KarvanCevitam;145;5995;2.92;3.94;2.93;3.94;0;0;0;0;0;142.714285714286
5554;Deen;KarvanCevitam;146;5895;2.92;3.94;2.92;3.94;0;0;0;0;0;166.857142857143
5555;Deen;KarvanCevitam;147;12613;2.56;3.4;2.94;3.91;0;0;0;0;0;164.428571428571
5556;Deen;KarvanCevitam;148;24996;2.43;3.24;2.96;3.9;100;0;0;0;0;124.285714285714
5557;Deen;KarvanCevitam;149;4746;2.96;3.92;2.97;3.92;0;0;0;0;0;110.428571428571
5558;Deen;KarvanCevitam;150;31220;1.84;2.45;2.92;3.87;100;0;0;0;0;74.5714285714286
5559;Deen;KarvanCevitam;151;5023;2.91;3.85;2.95;3.89;0;0;0;0;0;78.7142857142857
5560;Deen;KarvanCevitam;152;5408;2.94;3.88;2.93;3.86;0;0;0;0;0;103.714285714286
5561;Deen;KarvanCevitam;153;10213;2.5;3.31;2.99;3.94;0;0;0;0;0;75.2857142857143
5562;Deen;KarvanCevitam;154;33258;2.06;2.75;2.92;3.92;99;0;0;0;0;79.7142857142857
5563;Deen;KarvanCevitam;155;5070;2.94;3.9;2.95;3.9;0;0;0;0;0;107.571428571429
5564;Deen;KarvanCevitam;156;5883;2.77;3.68;2.95;3.91;0;0;0;0;1;77.5714285714286
5565;Deen;KarvanCevitam;157;13998;2.4;3.2;2.95;3.91;99;0;0;0;1;67.5714285714286
5566;Deen;KarvanCevitam;158;5209;2.96;3.91;2.8;3.7;0;0;0;0;0;92.7142857142857
5567;Deen;KarvanCevitam;159;5935;2.97;3.91;2.96;3.9;0;0;0;0;0;105.571428571429
5568;Deen;KarvanCevitam;160;22575;1.55;2.97;2.93;3.93;0;0;0;0;0;52
5569;Deen;KarvanCevitam;161;10221;2.65;3.5;2.99;3.95;0;0;0;0;0;98.7142857142857
5570;Deen;KarvanCevitam;162;30638;2.3;3.07;2.96;3.91;99;0;0;0;0;93.5714285714286
5571;Deen;KarvanCevitam;163;4562;2.96;3.91;2.95;3.92;0;0;0;0;0;98.5714285714286
5572;Deen;KarvanCevitam;164;4667;2.96;3.91;2.95;3.92;0;0;0;0;0;108
5573;Deen;KarvanCevitam;165;6330;2.98;3.91;2.97;3.91;0;0;0;5.42857142857143;0;93.5714285714286
5574;Deen;KarvanCevitam;166;11264;2.56;3.46;2.82;3.84;0;0;0;66.4285714285714;0;88.8571428571429
5575;Deen;KarvanCevitam;167;39556;2.32;3.09;2.97;3.9;100;0;0;221.142857142857;0;111.428571428571
5576;Deen;KarvanCevitam;168;7190;2.97;3.9;2.99;3.9;0;0;0;623;0;113.428571428571
5577;Deen;KarvanCevitam;169;7014;2.98;3.91;2.98;3.91;0;0;0;1028.85714285714;0;117.142857142857
5578;Deen;KarvanCevitam;170;6966;2.98;3.91;2.97;3.91;0;0;0;990.714285714286;0;103.571428571429
5579;Deen;KarvanCevitam;171;9981;2.8;3.69;2.99;3.94;0;0;0;1086.28571428571;1;209.857142857143
5580;Deen;KarvanCevitam;172;31623;2.32;3.08;2.98;3.92;99;0;0;955.571428571429;1;166.285714285714
5581;Deen;KarvanCevitam;173;6252;2.97;3.91;2.97;3.91;0;0;0;565.714285714286;0;189
5582;Deen;KarvanCevitam;174;6062;2.97;3.91;2.96;3.91;0;0;0;359.571428571429;1;154.857142857143
5583;Deen;KarvanCevitam;175;14438;2.42;3.21;2.99;3.94;0;0;0;270.285714285714;1;188.571428571429
5584;Deen;KarvanCevitam;176;53604;2.04;2.72;2.97;3.91;100;0;0;176.571428571429;0;147.714285714286
5585;Deen;KarvanCevitam;177;5852;2.94;3.89;3;3.95;0;0;0;188.714285714286;1;219.142857142857
5586;Deen;KarvanCevitam;178;10456;2.68;3.55;2.98;3.91;0;0;0;137.857142857143;0;208.428571428571
5587;Deen;KarvanCevitam;179;32693;2.31;3.07;2.99;3.89;100;0;0;193.428571428571;1;207.142857142857
5588;Deen;KarvanCevitam;180;5190;2.96;3.91;2.72;3.58;0;0;0;159.571428571429;0;203.285714285714
5589;Deen;KarvanCevitam;181;7052;2.97;3.91;2.95;3.86;0;0;0;85.7142857142857;0;226
5590;Deen;KarvanCevitam;182;9412;2.97;3.91;2.98;3.9;0;0;0;75.8571428571429;0;267.571428571429
5591;Deen;KarvanCevitam;183;7963;2.97;3.91;2.98;3.9;0;0;0;58.7142857142857;0;202.571428571429
5592;Deen;KarvanCevitam;184;6674;2.96;3.91;2.98;3.89;0;0;0;72.2857142857143;0;188
5593;Deen;KarvanCevitam;185;11880;2.63;3.49;2.98;3.9;0;0;0;141.285714285714;0;215.428571428571
5594;Deen;KarvanCevitam;186;35271;2.3;3.07;2.98;3.89;100;0;0;197.142857142857;0;222
5595;Deen;KarvanCevitam;187;5109;2.96;3.91;2.98;3.91;0;0;0;394.285714285714;0;242
5596;Deen;KarvanCevitam;188;7234;2.97;3.91;2.95;3.92;0;0;0;606.571428571429;0;275.428571428571
5597;Deen;KarvanCevitam;189;9659;2.92;3.87;2.88;3.87;0;0;0;556.857142857143;0;315.571428571429
5598;Deen;KarvanCevitam;190;10745;2.79;3.67;2.99;3.92;0;0;0;512.714285714286;0;265.571428571429
5599;Deen;KarvanCevitam;191;21056;2.4;3.19;2.97;3.9;100;0;0;535.571428571429;0;201.714285714286
5600;Deen;KarvanCevitam;192;5785;2.99;3.9;2.99;3.9;0;0;0;832.142857142857;0;195.285714285714
5601;Deen;KarvanCevitam;193;5926;2.99;3.9;2.99;3.9;0;0;0;1233.14285714286;0;198.714285714286
5602;Deen;KarvanCevitam;194;13316;2.5;3.3;2.99;3.91;0;0;0;2039.57142857143;0;242.142857142857
5603;Deen;KarvanCevitam;195;49305;2.09;2.78;2.97;3.9;100;0;0;2892.57142857143;0;201
5604;Deen;KarvanCevitam;196;5587;2.9;3.8;2.96;3.88;0;0;0;4163.28571428571;0;162.857142857143
5605;Deen;KarvanCevitam;197;9548;2.67;3.52;2.96;3.87;0;0;0;6596.42857142857;0;147.285714285714
5606;Deen;KarvanCevitam;198;11474;2.61;3.44;2.93;3.83;0;0;0;8138.71428571429;0;127.857142857143
5607;Deen;KarvanCevitam;199;11994;2.61;3.44;2.76;3.6;0;0;0;9551;0;156.428571428571
5608;Deen;KarvanCevitam;200;12044;2.61;3.44;2.71;3.57;0;0;0;9076;0;140.714285714286
5609;Deen;KarvanCevitam;201;11183;2.62;3.46;2.7;3.56;0;0;0;5899.42857142857;0;143.428571428571
5610;Deen;KarvanCevitam;202;5758;2.82;3.66;2.66;3.5;0;0;0;5256.14285714286;0;143.285714285714
5611;Deen;KarvanCevitam;203;5895;2.9;3.78;2.67;3.5;0;0;0;5291.57142857143;0;123
5612;Deen;KarvanCevitam;204;11503;2.49;3.28;2.86;3.73;0;0;0;4827.28571428571;0;92.1428571428571
5613;Deen;KarvanCevitam;205;36823;2.04;2.71;2.82;3.68;100;0;0;6360.14285714286;0;68.7142857142857
5614;Deen;KarvanCevitam;206;5111;2.93;3.83;2.8;3.69;0;0;0;8968.71428571429;0;48.2857142857143
5615;Deen;KarvanCevitam;207;10167;2.55;3.36;2.86;3.73;0;0;0;11617.8571428571;0;103.428571428571
5616;Deen;KarvanCevitam;208;26881;2.08;2.77;2.87;3.77;100;0;0;9461.28571428571;1;100
5617;Deen;Raak;1;2238;1.44;1.92;1.45;1.93;0;0;0;0;1;42.1428571428571
5618;Deen;Raak;2;2289;1.44;1.92;1.45;1.93;0;0;0;0;0;66.8571428571429
5619;Deen;Raak;3;2316;1.44;1.92;1.44;1.92;0;0;0;0;0;26.5714285714286
5620;Deen;Raak;4;2192;1.45;1.93;1.45;1.93;0;0;0;0;0;33.2857142857143
5621;Deen;Raak;5;2301;1.45;1.93;1.44;1.93;0;0;0;0;0;81.4285714285714
5622;Deen;Raak;6;2234;1.45;1.93;1.45;1.93;0;0;0;0;0;25.4285714285714
5623;Deen;Raak;7;2071;1.45;1.93;1.45;1.93;0;0;0;0;0;87.5714285714286
5624;Deen;Raak;8;2275;1.45;1.93;1.45;1.94;0;0;0;0;0;100.142857142857
5625;Deen;Raak;9;2392;1.45;1.93;1.45;1.93;0;0;0;0;0;96.1428571428571
5626;Deen;Raak;10;4321;1.21;1.61;1.41;1.88;0;0;0;0;0;110.142857142857
5627;Deen;Raak;11;18093;1.01;1.34;1.44;1.92;99;0;0;0;0;138.714285714286
5628;Deen;Raak;12;2328;1.42;1.89;1.45;1.94;0;0;0;0;0;127
5629;Deen;Raak;13;2703;1.42;1.89;1.43;1.91;0;0;0;0;0;175
5630;Deen;Raak;14;2598;1.42;1.89;1.42;1.89;0;0;0;0;0;145.142857142857
5631;Deen;Raak;15;2686;1.42;1.9;1.42;1.89;0;0;0;0;1;143.714285714286
5632;Deen;Raak;16;2488;1.42;1.9;1.41;1.88;0;0;0;0;1;114.571428571429
5633;Deen;Raak;17;2414;1.42;1.9;1.42;1.9;0;0;0;0;1;116.142857142857
5634;Deen;Raak;18;2479;1.42;1.9;1.42;1.89;0;0;0;0;1;151
5635;Deen;Raak;19;2630;1.42;1.9;1.43;1.9;0;0;0;0;0;177.428571428571
5636;Deen;Raak;20;3079;1.42;1.9;1.42;1.89;0;0;0;0;0;215.428571428571
5637;Deen;Raak;21;3668;1.42;1.89;1.42;1.89;0;0;0;0;1;242.285714285714
5638;Deen;Raak;22;3733;1.42;1.89;1.42;1.89;0;0;0;0;0;246.142857142857
5639;Deen;Raak;23;2929;1.42;1.89;1.43;1.9;0;0;0;0;1;205.571428571429
5640;Deen;Raak;24;3063;1.41;1.89;1.42;1.9;0;0;0;0;0;225.285714285714
5641;Deen;Raak;25;3435;1.42;1.89;1.42;1.9;0;0;0;0;0;267.285714285714
5642;Deen;Raak;26;3039;1.42;1.89;1.42;1.89;0;0;0;0;0;209.714285714286
5643;Deen;Raak;27;3270;1.42;1.89;1.42;1.89;0;0;0;0;0;238
5644;Deen;Raak;28;2995;1.43;1.91;1.41;1.88;0;0;0;0;0;212.285714285714
5645;Deen;Raak;29;2974;1.43;1.91;1.42;1.9;0;0;0;0;0;244.142857142857
5646;Deen;Raak;30;2649;1.43;1.91;1.44;1.91;0;0;0;0;0;208.285714285714
5647;Deen;Raak;31;4695;1.22;1.62;1.47;1.96;0;0;0;0;0;221.571428571429
5648;Deen;Raak;32;16184;1.01;1.34;1.42;1.9;99;0;0;0;0;210.857142857143
5649;Deen;Raak;33;1842;1.43;1.91;1.43;1.91;0;0;0;0;0;214.714285714286
5650;Deen;Raak;34;2265;1.43;1.91;1.42;1.89;0;0;0;0;0;228.142857142857
5651;Deen;Raak;35;2516;1.43;1.91;1.43;1.91;0;0;0;0;0;230.571428571429
5652;Deen;Raak;36;4824;1.21;1.61;1.37;1.83;0;0;0;0;0;190.857142857143
5653;Deen;Raak;37;18099;1.02;1.36;1.4;1.86;100;0;0;0;0;163.857142857143
5654;Deen;Raak;38;2285;1.42;1.89;1.39;1.85;0;0;0;0;0;177.714285714286
5655;Deen;Raak;39;2388;1.42;1.89;1.38;1.84;0;0;0;0;0;192.714285714286
5656;Deen;Raak;40;2371;1.42;1.9;1.42;1.89;0;0;0;0;0;160.285714285714
5657;Deen;Raak;41;2524;1.42;1.89;1.42;1.89;0;0;0;0;0;163.142857142857
5658;Deen;Raak;42;2721;1.42;1.9;1.42;1.9;0;0;0;0;0;194.714285714286
5659;Deen;Raak;43;2697;1.42;1.89;1.42;1.9;0;0;0;0;0;156.857142857143
5660;Deen;Raak;44;2895;1.42;1.9;1.42;1.89;0;0;0;0;0;130.714285714286
5661;Deen;Raak;45;2831;1.43;1.9;1.42;1.9;0;0;0;0;0;102.142857142857
5662;Deen;Raak;46;2735;1.42;1.89;1.42;1.9;0;0;0;0;0;96.2857142857143
5663;Deen;Raak;47;2910;1.42;1.9;1.42;1.89;0;0;0;0;0;112
5664;Deen;Raak;48;2973;1.42;1.9;1.42;1.9;0;0;0;0;0;53.1428571428571
5665;Deen;Raak;49;2901;1.42;1.9;1.42;1.9;0;0;0;0;0;74.1428571428571
5666;Deen;Raak;50;2677;1.42;1.9;1.42;1.9;0;0;0;0;0;45.8571428571429
5667;Deen;Raak;51;3412;1.42;1.9;1.42;1.89;0;0;0;0;0;84
5668;Deen;Raak;52;2413;1.42;1.9;1.42;1.89;0;0;0;0;1;81.2857142857143
5669;Deen;Raak;53;10369;1.03;1.37;1.42;1.9;100;0;0;0;1;98.2857142857143
5670;Deen;Raak;54;2706;1.43;1.9;1.42;1.9;0;0;0;0;0;57.7142857142857
5671;Deen;Raak;55;2859;1.42;1.9;1.42;1.89;0;0;0;0;0;66.8571428571429
5672;Deen;Raak;56;2907;1.42;1.9;1.42;1.9;0;0;0;0;0;94.1428571428571
5673;Deen;Raak;57;2943;1.42;1.89;1.43;1.9;0;0;0;0;0;79.8571428571429
5674;Deen;Raak;58;5037;1.24;1.66;1.41;1.88;0;0;0;0;0;35.4285714285714
5675;Deen;Raak;59;16692;1.01;1.34;1.42;1.9;100;0;0;0;0;73.7142857142857
5676;Deen;Raak;60;3058;1.43;1.91;1.42;1.89;0;0;0;0;0;45.4285714285714
5677;Deen;Raak;61;2950;1.43;1.91;1.42;1.9;0;0;0;0;0;-4.71428571428571
5678;Deen;Raak;62;3251;1.43;1.91;1.44;1.91;0;0;0;0;0;108.571428571429
5679;Deen;Raak;63;3376;1.43;1.91;1.43;1.91;0;0;0;0;0;93
5680;Deen;Raak;64;3787;1.43;1.91;1.43;1.9;0;0;0;0;0;73.5714285714286
5681;Deen;Raak;65;3720;1.43;1.91;1.43;1.9;0;0;0;0;1;111
5682;Deen;Raak;66;3479;1.45;1.93;1.44;1.92;0;0;0;0;1;139.571428571429
5683;Deen;Raak;67;8049;1.02;1.36;1.41;1.88;0;0;0;0;0;176.428571428571
5684;Deen;Raak;68;38353;0.74;0.99;1.42;1.9;100;0;0;0;0;218.714285714286
5685;Deen;Raak;69;2940;1.45;1.93;1.43;1.9;0;0;0;0;1;166.428571428571
5686;Deen;Raak;70;2954;1.45;1.93;1.45;1.93;0;0;0;0;1;158.857142857143
5687;Deen;Raak;71;3604;1.44;1.92;1.44;1.92;0;0;0;0;1;231.142857142857
5688;Deen;Raak;72;3698;1.44;1.91;1.44;1.92;0;0;0;0;0;187.714285714286
5689;Deen;Raak;73;3975;1.44;1.91;1.44;1.92;0;0;0;0;1;253
5690;Deen;Raak;74;4495;1.43;1.91;1.43;1.91;0;0;0;0;0;258.285714285714
5691;Deen;Raak;75;3975;1.44;1.92;1.43;1.91;0;0;0;0;0;240.142857142857
5692;Deen;Raak;76;3832;1.43;1.91;1.44;1.92;0;0;0;0;0;209.428571428571
5693;Deen;Raak;77;3717;1.44;1.91;1.43;1.91;0;0;0;0;0;196.428571428571
5694;Deen;Raak;78;4302;1.43;1.91;1.44;1.92;0;0;0;0;0;237.285714285714
5695;Deen;Raak;79;4523;1.44;1.91;1.44;1.92;0;0;0;0;0;255.714285714286
5696;Deen;Raak;80;4338;1.44;1.91;1.44;1.91;0;0;0;0;0;236.142857142857
5697;Deen;Raak;81;4773;1.44;1.91;1.44;1.91;0;0;0;0;0;268
5698;Deen;Raak;82;4986;1.43;1.91;1.44;1.91;0;0;0;0;0;306.142857142857
5699;Deen;Raak;83;4174;1.43;1.91;1.44;1.91;0;0;0;0;0;286
5700;Deen;Raak;84;3780;1.43;1.91;1.44;1.91;0;0;0;0;0;255.571428571429
5701;Deen;Raak;85;3270;1.43;1.91;1.43;1.91;0;0;0;0;0;233.142857142857
5702;Deen;Raak;86;8211;0.99;1.32;1.45;1.94;0;0;0;0;0;222.428571428571
5703;Deen;Raak;87;32455;0.74;0.98;1.43;1.91;100;0;0;0;0;198
5704;Deen;Raak;88;2788;1.43;1.91;1.43;1.9;0;0;0;0;0;210.857142857143
5705;Deen;Raak;89;2941;1.43;1.91;1.43;1.9;0;0;0;0;0;206.285714285714
5706;Deen;Raak;90;3168;1.43;1.91;1.42;1.89;0;0;0;0;0;220.285714285714
5707;Deen;Raak;91;3440;1.43;1.91;1.43;1.9;0;0;0;0;0;164.285714285714
5708;Deen;Raak;92;3316;1.43;1.91;1.43;1.91;0;0;0;0;0;177
5709;Deen;Raak;93;3561;1.48;1.98;1.43;1.91;0;0;0;0;0;209.714285714286
5710;Deen;Raak;94;3158;1.48;1.97;1.43;1.91;0;0;0;0;0;199
5711;Deen;Raak;95;2713;1.48;1.97;1.48;1.97;0;0;0;0;0;141.714285714286
5712;Deen;Raak;96;2536;1.48;1.97;1.49;1.98;0;0;0;0;0;99.7142857142857
5713;Deen;Raak;97;2307;1.47;1.96;1.47;1.96;0;0;0;0;0;134.714285714286
5714;Deen;Raak;98;1752;1.48;1.97;1.47;1.96;0;0;0;0;0;115.857142857143
5715;Deen;Raak;99;1235;1.43;1.9;1.47;1.96;0;0;0;0;0;55.8571428571429
5716;Deen;Raak;100;1203;1.43;1.9;1.47;1.97;0;0;0;0;0;82.5714285714286
5717;Deen;Raak;101;3234;1.43;1.91;1.47;1.95;0;0;0;0;0;114
5718;Deen;Raak;102;2851;1.43;1.91;1.47;1.96;0;0;0;0;0;51.8571428571429
5719;Deen;Raak;103;3037;1.43;1.91;1.45;1.93;0;0;0;0;0;87.4285714285714
5720;Deen;Raak;104;2114;1.44;1.91;1.44;1.92;0;0;0;0;1;73.1428571428571
5721;Deen;Raak;105;2253;1.44;1.92;1.43;1.91;0;0;0;0;1;81.2857142857143
5722;Deen;Raak;106;2549;1.44;1.93;1.44;1.92;0;0;0;0;0;80.2857142857143
5723;Deen;Raak;107;2681;1.45;1.93;1.45;1.93;0;0;0;0;0;65.2857142857143
5724;Deen;Raak;108;2979;1.45;1.93;1.45;1.94;0;0;0;0;0;29.8571428571429
5725;Deen;Raak;109;3056;1.44;1.93;1.46;1.94;0;0;0;0;0;36.7142857142857
5726;Deen;Raak;110;3093;1.44;1.92;1.44;1.92;0;0;0;0;0;75.4285714285714
5727;Deen;Raak;111;2953;1.45;1.93;1.44;1.92;0;0;0;0;0;109.142857142857
5728;Deen;Raak;112;3035;1.48;1.97;1.44;1.92;0;0;0;0;0;124.714285714286
5729;Deen;Raak;113;3071;1.48;1.97;1.44;1.92;0;0;0;0;0;148.142857142857
5730;Deen;Raak;114;5636;1.11;1.48;1.32;1.76;0;0;0;0;0;117.428571428571
5731;Deen;Raak;115;21539;0.83;1.11;1.34;1.78;90;0;0;0;0;105
5732;Deen;Raak;116;2588;1.5;1.99;1.38;1.84;0;0;0;0;0;121.714285714286
5733;Deen;Raak;117;2921;1.49;1.99;1.34;1.78;0;0;0;0;0;129.428571428571
5734;Deen;Raak;118;3034;1.5;2;1.48;1.97;0;0;0;0;0;128.857142857143
5735;Deen;Raak;119;3187;1.49;1.99;1.49;1.99;0;0;0;0;0;137.142857142857
5736;Deen;Raak;120;3434;1.5;2;1.49;1.99;0;0;0;0;1;188.142857142857
5737;Deen;Raak;121;3369;1.49;1.99;1.5;2;0;0;0;0;1;204.285714285714
5738;Deen;Raak;122;3019;1.49;1.99;1.5;1.99;0;0;0;0;0;131
5739;Deen;Raak;123;4248;1.36;1.82;1.49;1.99;0;0;0;0;1;137.142857142857
5740;Deen;Raak;124;11608;1.12;1.5;1.5;2;100;0;0;0;0;168.571428571429
5741;Deen;Raak;125;3286;1.49;1.99;1.47;1.96;0;0;0;0;0;188.142857142857
5742;Deen;Raak;126;3416;1.49;1.99;1.49;1.99;0;0;0;0;1;201.428571428571
5743;Deen;Raak;127;3694;1.49;1.99;1.49;1.99;0;0;0;0;0;219
5744;Deen;Raak;128;3513;1.49;1.99;1.49;1.99;0;0;0;0;1;202.571428571429
5745;Deen;Raak;129;4452;1.49;1.99;1.49;1.99;0;0;0;0;0;233.857142857143
5746;Deen;Raak;130;5119;1.49;1.99;1.49;1.99;0;0;0;0;0;273.428571428571
5747;Deen;Raak;131;4247;1.49;1.99;1.49;1.99;0;0;0;0;0;222.428571428571
5748;Deen;Raak;132;3639;1.49;1.99;1.49;1.99;0;0;0;0;0;197
5749;Deen;Raak;133;3379;1.49;1.99;1.49;1.99;0;0;0;0;0;217.571428571429
5750;Deen;Raak;134;4952;1.49;1.99;1.49;1.99;0;0;0;0;0;315.428571428571
5751;Deen;Raak;135;3740;1.49;1.99;1.48;1.98;0;0;0;0;0;233.714285714286
5752;Deen;Raak;136;3307;1.55;2.06;1.49;1.99;0;0;0;0;0;239.285714285714
5753;Deen;Raak;137;3341;1.55;2.06;1.49;1.99;0;0;0;0;0;206.142857142857
5754;Deen;Raak;138;3951;1.55;2.07;1.55;2.06;0;0;0;0;0;233.428571428571
5755;Deen;Raak;139;4520;1.55;2.07;1.55;2.06;0;0;0;0;0;281.142857142857
5756;Deen;Raak;140;3796;1.55;2.06;1.55;2.07;0;0;0;0;0;190.285714285714
5757;Deen;Raak;141;3693;1.55;2.07;1.55;2.07;0;0;0;0;0;195.571428571429
5758;Deen;Raak;142;3789;1.55;2.06;1.55;2.07;0;0;0;0;0;192
5759;Deen;Raak;143;7653;1.31;1.75;1.55;2.07;0;0;0;0;0;192.428571428571
5760;Deen;Raak;144;3427;1.54;2.06;1.55;2.06;0;0;0;0;0;157.142857142857
5761;Deen;Raak;145;5050;1.43;1.91;1.55;2.07;0;0;0;0;0;142.714285714286
5762;Deen;Raak;146;13913;1.27;1.7;1.54;2.06;100;0;0;0;0;166.857142857143
5763;Deen;Raak;147;3260;1.55;2.06;1.54;2.06;0;0;0;0;0;164.428571428571
5764;Deen;Raak;148;3195;1.55;2.06;1.54;2.05;0;0;0;0;0;124.285714285714
5765;Deen;Raak;149;3428;1.55;2.06;1.55;2.07;0;0;0;0;0;110.428571428571
5766;Deen;Raak;150;3084;1.55;2.06;1.55;2.06;0;0;0;0;0;74.5714285714286
5767;Deen;Raak;151;3345;1.55;2.06;1.55;2.07;0;0;0;0;0;78.7142857142857
5768;Deen;Raak;152;3473;1.55;2.07;1.55;2.06;0;0;0;0;0;103.714285714286
5769;Deen;Raak;153;3422;1.55;2.06;1.55;2.07;0;0;0;0;0;75.2857142857143
5770;Deen;Raak;154;3447;1.53;2.04;1.55;2.06;0;0;0;0;0;79.7142857142857
5771;Deen;Raak;155;3714;1.53;2.04;1.55;2.07;0;0;0;0;0;107.571428571429
5772;Deen;Raak;156;2907;1.53;2.04;1.55;2.07;0;0;0;0;1;77.5714285714286
5773;Deen;Raak;157;6667;1.15;1.54;1.53;2.04;0;0;0;0;1;67.5714285714286
5774;Deen;Raak;158;21629;0.88;1.18;1.47;1.96;100;0;0;0;0;92.7142857142857
5775;Deen;Raak;159;3138;1.52;2.02;1.51;2.01;0;0;0;0;0;105.571428571429
5776;Deen;Raak;160;3593;1.51;2.01;1.53;2.04;0;0;0;0;0;52
5777;Deen;Raak;161;3488;1.53;2.03;1.52;2.03;0;0;0;0;0;98.7142857142857
5778;Deen;Raak;162;3517;1.52;2.03;1.52;2.03;0;0;0;0;0;93.5714285714286
5779;Deen;Raak;163;3701;1.53;2.04;1.52;2.02;0;0;0;0;0;98.5714285714286
5780;Deen;Raak;164;3612;1.52;2.03;1.52;2.02;0;0;0;0;0;108
5781;Deen;Raak;165;4101;1.52;2.03;1.53;2.04;0;0;0;5.42857142857143;0;93.5714285714286
5782;Deen;Raak;166;4245;1.52;2.02;1.53;2.05;0;0;0;66.4285714285714;0;88.8571428571429
5783;Deen;Raak;167;6376;1.52;2.03;1.53;2.04;0;0;0;221.142857142857;0;111.428571428571
5784;Deen;Raak;168;8528;1.41;1.88;1.53;2.04;0;0;0;623;0;113.428571428571
5785;Deen;Raak;169;20834;1.27;1.69;1.52;2.03;0;0;0;1028.85714285714;0;117.142857142857
5786;Deen;Raak;170;3678;1.51;2.02;1.53;2.04;0;0;0;990.714285714286;0;103.571428571429
5787;Deen;Raak;171;4561;1.51;2.02;1.51;2.02;0;0;0;1086.28571428571;1;209.857142857143
5788;Deen;Raak;172;4198;1.52;2.02;1.51;2.02;0;0;0;955.571428571429;1;166.285714285714
5789;Deen;Raak;173;4629;1.51;2.02;1.52;2.03;0;0;0;565.714285714286;0;189
5790;Deen;Raak;174;4200;1.51;2.02;1.52;2.02;0;0;0;359.571428571429;1;154.857142857143
5791;Deen;Raak;175;4335;1.51;2.02;1.51;2.02;0;0;0;270.285714285714;1;188.571428571429
5792;Deen;Raak;176;4268;1.52;2.02;1.52;2.02;0;0;0;176.571428571429;0;147.714285714286
5793;Deen;Raak;177;9144;1.14;1.52;1.52;2.02;0;0;0;188.714285714286;1;219.142857142857
5794;Deen;Raak;178;32126;0.81;1.08;1.52;2.03;100;0;0;137.857142857143;0;208.428571428571
5795;Deen;Raak;179;3719;1.44;1.91;1.5;2;0;0;0;193.428571428571;1;207.142857142857
5796;Deen;Raak;180;3955;1.5;2;1.51;2.01;0;0;0;159.571428571429;0;203.285714285714
5797;Deen;Raak;181;5021;1.5;2;1.5;2;0;0;0;85.7142857142857;0;226
5798;Deen;Raak;182;6755;1.51;2.01;1.51;2.01;0;0;0;75.8571428571429;0;267.571428571429
5799;Deen;Raak;183;7723;1.49;1.99;1.52;2.02;100;0;0;58.7142857142857;0;202.571428571429
5800;Deen;Raak;184;4644;1.53;2.03;1.51;2.02;0;0;0;72.2857142857143;0;188
5801;Deen;Raak;185;4377;1.53;2.04;1.52;2.03;0;0;0;141.285714285714;0;215.428571428571
5802;Deen;Raak;186;4451;1.52;2.03;1.53;2.05;0;0;0;197.142857142857;0;222
5803;Deen;Raak;187;4535;1.52;2.03;1.53;2.03;0;0;0;394.285714285714;0;242
5804;Deen;Raak;188;5606;1.53;2.04;1.53;2.04;0;0;0;606.571428571429;0;275.428571428571
5805;Deen;Raak;189;7264;1.52;2.03;1.54;2.06;0;0;0;556.857142857143;0;315.571428571429
5806;Deen;Raak;190;5860;1.52;2.02;1.55;2.07;0;0;0;512.714285714286;0;265.571428571429
5807;Deen;Raak;191;4947;1.51;2.02;1.53;2.04;0;0;0;535.571428571429;0;201.714285714286
5808;Deen;Raak;192;4872;1.51;2.02;1.53;2.04;0;0;0;832.142857142857;0;195.285714285714
5809;Deen;Raak;193;4781;1.51;2.01;1.51;2.02;0;0;0;1233.14285714286;0;198.714285714286
5810;Deen;Raak;194;5225;1.51;2.01;1.51;2.01;0;0;0;2039.57142857143;0;242.142857142857
5811;Deen;Raak;195;5294;1.51;2.01;1.5;2;0;0;0;2892.57142857143;0;201
5812;Deen;Raak;196;5127;1.51;2.01;1.51;2.01;0;0;0;4163.28571428571;0;162.857142857143
5813;Deen;Raak;197;13086;1.32;1.76;1.51;2.01;100;0;0;6596.42857142857;0;147.285714285714
5814;Deen;Raak;198;4490;1.49;1.99;1.53;2.05;0;0;0;8138.71428571429;0;127.857142857143
5815;Deen;Raak;199;4939;1.51;2.02;1.54;2.05;0;0;0;9551;0;156.428571428571
5816;Deen;Raak;200;5038;1.51;2.01;1.51;2.02;0;0;0;9076;0;140.714285714286
5817;Deen;Raak;201;5204;1.5;2;1.52;2.02;0;0;0;5899.42857142857;0;143.428571428571
5818;Deen;Raak;202;4825;1.52;2.03;1.52;2.03;0;0;0;5256.14285714286;0;143.285714285714
5819;Deen;Raak;203;5042;1.52;2.02;1.5;2;0;0;0;5291.57142857143;0;123
5820;Deen;Raak;204;5425;1.52;2.03;1.52;2.02;0;0;0;4827.28571428571;0;92.1428571428571
5821;Deen;Raak;205;4813;1.52;2.02;1.52;2.02;0;0;0;6360.14285714286;0;68.7142857142857
5822;Deen;Raak;206;5009;1.52;2.02;1.52;2.02;0;0;0;8968.71428571429;0;48.2857142857143
5823;Deen;Raak;207;5821;1.52;2.03;1.51;2.02;0;0;0;11617.8571428571;0;103.428571428571
5824;Deen;Raak;208;4355;1.52;2.03;1.52;2.02;0;0;0;9461.28571428571;1;100
5825;Deen;Slimpie;1;1759;1.74;3.07;1.73;3.08;0;0;0;0;1;42.1428571428571
5826;Deen;Slimpie;2;1691;1.75;3.06;1.75;3.05;0;0;0;0;0;66.8571428571429
5827;Deen;Slimpie;3;2458;1.54;2.67;1.74;3.02;0;0;0;0;0;26.5714285714286
5828;Deen;Slimpie;4;9448;1.26;2.17;1.75;3.03;100;0;0;0;0;33.2857142857143
5829;Deen;Slimpie;5;1355;1.74;3.08;1.75;3.03;0;0;0;0;0;81.4285714285714
5830;Deen;Slimpie;6;1523;1.74;3.08;1.73;3.05;0;0;0;0;0;25.4285714285714
5831;Deen;Slimpie;7;1453;1.75;3.05;1.74;3.04;0;0;0;0;0;87.5714285714286
5832;Deen;Slimpie;8;1676;1.75;3.05;1.75;3.05;0;0;0;0;0;100.142857142857
5833;Deen;Slimpie;9;1714;1.75;3.03;1.75;3.03;0;0;0;0;0;96.1428571428571
5834;Deen;Slimpie;10;1744;1.75;3.05;1.75;3.05;0;0;0;0;0;110.142857142857
5835;Deen;Slimpie;11;1786;1.7;2.95;1.75;3.03;0;0;0;0;0;138.714285714286
5836;Deen;Slimpie;12;1795;1.7;2.95;1.75;3.03;0;0;0;0;0;127
5837;Deen;Slimpie;13;1973;1.7;2.95;1.75;3.04;0;0;0;0;0;175
5838;Deen;Slimpie;14;1941;1.7;2.95;1.75;3.03;0;0;0;0;0;145.142857142857
5839;Deen;Slimpie;15;1983;1.7;2.94;1.7;2.94;0;0;0;0;1;143.714285714286
5840;Deen;Slimpie;16;1791;1.7;2.94;1.7;2.94;0;0;0;0;1;114.571428571429
5841;Deen;Slimpie;17;1771;1.7;2.94;1.7;2.94;0;0;0;0;1;116.142857142857
5842;Deen;Slimpie;18;1862;1.7;2.95;1.7;2.95;0;0;0;0;1;151
5843;Deen;Slimpie;19;1847;1.7;2.94;1.7;2.94;0;0;0;0;0;177.428571428571
5844;Deen;Slimpie;20;1980;1.7;2.94;1.7;2.94;0;0;0;0;0;215.428571428571
5845;Deen;Slimpie;21;2309;1.7;2.94;1.7;2.94;0;0;0;0;1;242.285714285714
5846;Deen;Slimpie;22;2241;1.7;2.94;1.7;2.94;0;0;0;0;0;246.142857142857
5847;Deen;Slimpie;23;3478;1.47;2.53;1.72;2.97;0;0;0;0;1;205.571428571429
5848;Deen;Slimpie;24;13152;1.26;2.16;1.7;2.93;100;0;0;0;0;225.285714285714
5849;Deen;Slimpie;25;1964;1.7;2.93;1.7;2.93;0;0;0;0;0;267.285714285714
5850;Deen;Slimpie;26;1823;1.7;2.93;1.7;2.93;0;0;0;0;0;209.714285714286
5851;Deen;Slimpie;27;1986;1.7;2.93;1.7;2.93;0;0;0;0;0;238
5852;Deen;Slimpie;28;1762;1.7;2.93;1.7;2.93;0;0;0;0;0;212.285714285714
5853;Deen;Slimpie;29;1910;1.7;2.93;1.7;2.93;0;0;0;0;0;244.142857142857
5854;Deen;Slimpie;30;1718;1.7;2.93;1.7;2.93;0;0;0;0;0;208.285714285714
5855;Deen;Slimpie;31;1620;1.7;2.93;1.7;2.93;0;0;0;0;0;221.571428571429
5856;Deen;Slimpie;32;1421;1.7;2.93;1.7;2.93;0;0;0;0;0;210.857142857143
5857;Deen;Slimpie;33;1452;1.7;2.93;1.7;2.93;0;0;0;0;0;214.714285714286
5858;Deen;Slimpie;34;1628;1.7;2.93;1.7;2.93;0;0;0;0;0;228.142857142857
5859;Deen;Slimpie;35;1687;1.7;2.93;1.7;2.93;0;0;0;0;0;230.571428571429
5860;Deen;Slimpie;36;1626;1.7;2.93;1.7;2.93;0;0;0;0;0;190.857142857143
5861;Deen;Slimpie;37;1453;1.7;2.93;1.7;2.93;0;0;0;0;0;163.857142857143
5862;Deen;Slimpie;38;2852;1.48;2.56;1.71;2.94;0;0;0;0;0;177.714285714286
5863;Deen;Slimpie;39;9233;1.27;2.2;1.69;2.91;100;0;0;0;0;192.714285714286
5864;Deen;Slimpie;40;1162;1.7;2.93;1.7;2.93;0;0;0;0;0;160.285714285714
5865;Deen;Slimpie;41;1254;1.7;2.93;1.7;2.93;0;0;0;0;0;163.142857142857
5866;Deen;Slimpie;42;1627;1.68;2.89;1.7;2.93;0;0;0;0;0;194.714285714286
5867;Deen;Slimpie;43;2243;1.51;2.61;1.7;2.93;0;0;0;0;0;156.857142857143
5868;Deen;Slimpie;44;1542;1.7;2.93;1.7;2.93;0;0;0;0;0;130.714285714286
5869;Deen;Slimpie;45;2505;1.52;2.63;1.72;2.97;0;0;0;0;0;102.142857142857
5870;Deen;Slimpie;46;8515;1.27;2.2;1.69;2.92;100;0;0;0;0;96.2857142857143
5871;Deen;Slimpie;47;1296;1.7;2.93;1.68;2.89;0;0;0;0;0;112
5872;Deen;Slimpie;48;1404;1.7;2.93;1.7;2.93;0;0;0;0;0;53.1428571428571
5873;Deen;Slimpie;49;1456;1.7;2.93;1.7;2.93;0;0;0;0;0;74.1428571428571
5874;Deen;Slimpie;50;1463;1.7;2.93;1.7;2.93;0;0;0;0;0;45.8571428571429
5875;Deen;Slimpie;51;1884;1.7;2.93;1.7;2.93;0;0;0;0;0;84
5876;Deen;Slimpie;52;1342;1.7;2.93;1.7;2.93;0;0;0;0;1;81.2857142857143
5877;Deen;Slimpie;53;1473;1.7;2.93;1.7;2.93;0;0;0;0;1;98.2857142857143
5878;Deen;Slimpie;54;1659;1.7;2.93;1.7;2.93;0;0;0;0;0;57.7142857142857
5879;Deen;Slimpie;55;1710;1.7;2.93;1.7;2.93;0;0;0;0;0;66.8571428571429
5880;Deen;Slimpie;56;2931;1.48;2.56;1.7;2.92;0;0;0;0;0;94.1428571428571
5881;Deen;Slimpie;57;9831;1.26;2.17;1.7;2.93;100;0;0;0;0;79.8571428571429
5882;Deen;Slimpie;58;1304;1.7;2.93;1.7;2.93;0;0;0;0;0;35.4285714285714
5883;Deen;Slimpie;59;1271;1.7;2.93;1.7;2.93;0;0;0;0;0;73.7142857142857
5884;Deen;Slimpie;60;1583;1.7;2.93;1.7;2.93;0;0;0;0;0;45.4285714285714
5885;Deen;Slimpie;61;1415;1.7;2.93;1.7;2.93;0;0;0;0;0;-4.71428571428571
5886;Deen;Slimpie;62;1618;1.7;2.93;1.7;2.93;0;0;0;0;0;108.571428571429
5887;Deen;Slimpie;63;1597;1.7;2.93;1.7;2.93;0;0;0;0;0;93
5888;Deen;Slimpie;64;1892;1.7;2.94;1.7;2.93;0;0;0;0;0;73.5714285714286
5889;Deen;Slimpie;65;1907;1.71;2.94;1.7;2.93;0;0;0;0;1;111
5890;Deen;Slimpie;66;1789;1.71;2.94;1.7;2.94;0;0;0;0;1;139.571428571429
5891;Deen;Slimpie;67;2016;1.7;2.94;1.71;2.94;0;0;0;0;0;176.428571428571
5892;Deen;Slimpie;68;2225;1.66;2.86;1.7;2.94;0;0;0;0;0;218.714285714286
5893;Deen;Slimpie;69;1954;1.71;2.95;1.71;2.94;0;0;0;0;1;166.428571428571
5894;Deen;Slimpie;70;1828;1.71;2.95;1.71;2.94;0;0;0;0;1;158.857142857143
5895;Deen;Slimpie;71;2185;1.71;2.95;1.71;2.95;0;0;0;0;1;231.142857142857
5896;Deen;Slimpie;72;2147;1.71;2.95;1.71;2.95;0;0;0;0;0;187.714285714286
5897;Deen;Slimpie;73;2399;1.71;2.95;1.71;2.94;0;0;0;0;1;253
5898;Deen;Slimpie;74;2616;1.71;2.95;1.71;2.95;0;0;0;0;0;258.285714285714
5899;Deen;Slimpie;75;2275;1.71;2.95;1.71;2.95;0;0;0;0;0;240.142857142857
5900;Deen;Slimpie;76;3581;1.5;2.58;1.71;2.95;0;0;0;0;0;209.428571428571
5901;Deen;Slimpie;77;11389;1.26;2.17;1.71;2.95;100;0;0;0;0;196.428571428571
5902;Deen;Slimpie;78;1850;1.71;2.95;1.71;2.95;0;0;0;0;0;237.285714285714
5903;Deen;Slimpie;79;2209;1.71;2.95;1.71;2.95;0;0;0;0;0;255.714285714286
5904;Deen;Slimpie;80;2081;1.71;2.95;1.71;2.94;0;0;0;0;0;236.142857142857
5905;Deen;Slimpie;81;5799;1.31;2.25;1.67;2.89;0;0;0;0;0;268
5906;Deen;Slimpie;82;27039;1;1.72;1.7;2.93;100;0;0;0;0;306.142857142857
5907;Deen;Slimpie;83;10769;1.02;1.75;1.7;2.93;0;0;0;0;0;286
5908;Deen;Slimpie;84;2073;1.71;2.95;1.71;2.94;0;0;0;0;0;255.571428571429
5909;Deen;Slimpie;85;1779;1.71;2.95;1.71;2.95;0;0;0;0;0;233.142857142857
5910;Deen;Slimpie;86;1879;1.71;2.95;1.71;2.95;0;0;0;0;0;222.428571428571
5911;Deen;Slimpie;87;1704;1.71;2.95;1.71;2.95;0;0;0;0;0;198
5912;Deen;Slimpie;88;1814;1.71;2.95;1.71;2.95;0;0;0;0;0;210.857142857143
5913;Deen;Slimpie;89;1779;1.71;2.95;1.71;2.95;0;0;0;0;0;206.285714285714
5914;Deen;Slimpie;90;1818;1.71;2.95;1.71;2.95;0;0;0;0;0;220.285714285714
5915;Deen;Slimpie;91;2928;1.51;2.61;1.68;2.9;0;0;0;0;0;164.285714285714
5916;Deen;Slimpie;92;8551;1.26;2.17;1.69;2.92;100;0;0;0;0;177
5917;Deen;Slimpie;93;1668;1.77;3.05;1.7;2.94;0;0;0;0;0;209.714285714286
5918;Deen;Slimpie;94;1678;1.77;3.06;1.71;2.94;0;0;0;0;0;199
5919;Deen;Slimpie;95;1762;1.77;3.06;1.77;3.05;0;0;0;0;0;141.714285714286
5920;Deen;Slimpie;96;1786;1.77;3.06;1.77;3.05;0;0;0;0;0;99.7142857142857
5921;Deen;Slimpie;97;1874;1.77;3.05;1.77;3.05;0;0;0;0;0;134.714285714286
5922;Deen;Slimpie;98;1748;1.77;3.06;1.78;3.06;0;0;0;0;0;115.857142857143
5923;Deen;Slimpie;99;1851;1.7;2.94;1.78;3.06;0;0;0;0;0;55.8571428571429
5924;Deen;Slimpie;100;1991;1.7;2.94;1.77;3.05;0;0;0;0;0;82.5714285714286
5925;Deen;Slimpie;101;1840;1.7;2.93;1.77;3.05;0;0;0;0;0;114
5926;Deen;Slimpie;102;1828;1.7;2.94;1.77;3.06;0;0;0;0;0;51.8571428571429
5927;Deen;Slimpie;103;2170;1.7;2.94;1.71;2.95;0;0;0;0;0;87.4285714285714
5928;Deen;Slimpie;104;1553;1.71;2.94;1.71;2.94;0;0;0;0;1;73.1428571428571
5929;Deen;Slimpie;105;1751;1.7;2.94;1.7;2.93;0;0;0;0;1;81.2857142857143
5930;Deen;Slimpie;106;1968;1.71;2.94;1.71;2.95;0;0;0;0;0;80.2857142857143
5931;Deen;Slimpie;107;1934;1.7;2.94;1.71;2.95;0;0;0;0;0;65.2857142857143
5932;Deen;Slimpie;108;2131;1.7;2.93;1.69;2.92;0;0;0;0;0;29.8571428571429
5933;Deen;Slimpie;109;2185;1.7;2.94;1.7;2.93;0;0;0;0;0;36.7142857142857
5934;Deen;Slimpie;110;2094;1.7;2.93;1.71;2.95;0;0;0;0;0;75.4285714285714
5935;Deen;Slimpie;111;3766;1.48;2.55;1.69;2.92;0;0;0;0;0;109.142857142857
5936;Deen;Slimpie;112;12076;1.26;2.17;1.71;2.94;100;0;0;0;0;124.714285714286
5937;Deen;Slimpie;113;1823;1.71;2.94;1.71;2.95;0;0;0;0;0;148.142857142857
5938;Deen;Slimpie;114;1744;1.71;2.94;1.72;2.97;0;0;0;0;0;117.428571428571
5939;Deen;Slimpie;115;1743;1.69;2.92;1.72;2.96;0;0;0;0;0;105
5940;Deen;Slimpie;116;1936;1.7;2.93;1.72;2.97;0;0;0;0;0;121.714285714286
5941;Deen;Slimpie;117;2136;1.67;2.88;1.72;2.96;0;0;0;0;0;129.428571428571
5942;Deen;Slimpie;118;3940;1.51;2.6;1.71;2.94;0;0;0;0;0;128.857142857143
5943;Deen;Slimpie;119;1799;1.69;2.92;1.69;2.92;0;0;0;0;0;137.142857142857
5944;Deen;Slimpie;120;2042;1.7;2.93;1.7;2.93;0;0;0;0;1;188.142857142857
5945;Deen;Slimpie;121;2124;1.7;2.94;1.71;2.94;0;0;0;0;1;204.285714285714
5946;Deen;Slimpie;122;3239;1.49;2.58;1.69;2.92;0;0;0;0;0;131
5947;Deen;Slimpie;123;11288;1.26;2.16;1.69;2.91;100;0;0;0;1;137.142857142857
5948;Deen;Slimpie;124;1752;1.7;2.93;1.68;2.9;0;0;0;0;0;168.571428571429
5949;Deen;Slimpie;125;1867;1.71;2.94;1.71;2.94;0;0;0;0;0;188.142857142857
5950;Deen;Slimpie;126;1996;1.71;2.94;1.7;2.93;0;0;0;0;1;201.428571428571
5951;Deen;Slimpie;127;2008;1.7;2.93;1.71;2.94;0;0;0;0;0;219
5952;Deen;Slimpie;128;1979;1.7;2.93;1.7;2.92;0;0;0;0;1;202.571428571429
5953;Deen;Slimpie;129;2371;1.7;2.94;1.7;2.94;0;0;0;0;0;233.857142857143
5954;Deen;Slimpie;130;2707;1.71;2.95;1.71;2.95;0;0;0;0;0;273.428571428571
5955;Deen;Slimpie;131;3803;1.42;2.45;1.7;2.93;0;0;0;0;0;222.428571428571
5956;Deen;Slimpie;132;13764;1;1.72;1.69;2.92;0;0;0;0;0;197
5957;Deen;Slimpie;133;8269;1.02;1.75;1.69;2.91;0;0;0;0;0;217.571428571429
5958;Deen;Slimpie;134;2632;1.71;2.95;1.72;2.96;0;0;0;0;0;315.428571428571
5959;Deen;Slimpie;135;1996;1.71;2.94;1.7;2.93;0;0;0;0;0;233.714285714286
5960;Deen;Slimpie;136;1858;1.68;2.9;1.69;2.92;0;0;0;0;0;239.285714285714
5961;Deen;Slimpie;137;3385;1.42;2.44;1.72;2.96;0;0;0;0;0;206.142857142857
5962;Deen;Slimpie;138;13874;1;1.72;1.72;2.96;0;0;0;0;0;233.428571428571
5963;Deen;Slimpie;139;11033;1.01;1.75;1.68;2.89;0;0;0;0;0;281.142857142857
5964;Deen;Slimpie;140;1795;1.66;2.87;1.65;2.84;0;0;0;0;0;190.285714285714
5965;Deen;Slimpie;141;1683;1.67;2.88;1.64;2.83;0;0;0;0;0;195.571428571429
5966;Deen;Slimpie;142;1776;1.68;2.89;1.66;2.86;0;0;0;0;0;192
5967;Deen;Slimpie;143;1876;1.68;2.89;1.68;2.89;0;0;0;0;0;192.428571428571
5968;Deen;Slimpie;144;1895;1.68;2.89;1.67;2.89;0;0;0;0;0;157.142857142857
5969;Deen;Slimpie;145;1867;1.67;2.88;1.68;2.89;0;0;0;0;0;142.714285714286
5970;Deen;Slimpie;146;1792;1.67;2.88;1.67;2.88;0;0;0;0;0;166.857142857143
5971;Deen;Slimpie;147;1911;1.67;2.88;1.67;2.88;0;0;0;0;0;164.428571428571
5972;Deen;Slimpie;148;1979;1.67;2.87;1.67;2.88;0;0;0;0;0;124.285714285714
5973;Deen;Slimpie;149;2589;1.61;2.78;1.67;2.87;0;0;0;0;0;110.428571428571
5974;Deen;Slimpie;150;5931;1.51;2.6;1.66;2.87;100;0;0;0;0;74.5714285714286
5975;Deen;Slimpie;151;1667;1.67;2.88;1.67;2.88;0;0;0;0;0;78.7142857142857
5976;Deen;Slimpie;152;1738;1.67;2.88;1.67;2.88;0;0;0;0;0;103.714285714286
5977;Deen;Slimpie;153;1773;1.66;2.87;1.67;2.88;0;0;0;0;0;75.2857142857143
5978;Deen;Slimpie;154;1726;1.67;2.88;1.66;2.87;0;0;0;0;0;79.7142857142857
5979;Deen;Slimpie;155;2063;1.67;2.88;1.66;2.87;0;0;0;0;0;107.571428571429
5980;Deen;Slimpie;156;1589;1.67;2.87;1.69;2.91;0;0;0;0;1;77.5714285714286
5981;Deen;Slimpie;157;1731;1.67;2.88;1.66;2.86;0;0;0;0;1;67.5714285714286
5982;Deen;Slimpie;158;1889;1.67;2.88;1.67;2.87;0;0;0;0;0;92.7142857142857
5983;Deen;Slimpie;159;1911;1.67;2.88;1.66;2.87;0;0;0;0;0;105.571428571429
5984;Deen;Slimpie;160;1882;1.67;2.88;1.68;2.9;0;0;0;0;0;52
5985;Deen;Slimpie;161;1922;1.67;2.88;1.66;2.87;0;0;0;0;0;98.7142857142857
5986;Deen;Slimpie;162;1969;1.67;2.87;1.67;2.88;0;0;0;0;0;93.5714285714286
5987;Deen;Slimpie;163;2029;1.67;2.88;1.67;2.88;0;0;0;0;0;98.5714285714286
5988;Deen;Slimpie;164;3232;1.48;2.55;1.67;2.89;0;0;0;0;0;108
5989;Deen;Slimpie;165;11195;1.26;2.17;1.66;2.85;100;0;0;5.42857142857143;0;93.5714285714286
5990;Deen;Slimpie;166;1760;1.68;2.89;1.66;2.87;0;0;0;66.4285714285714;0;88.8571428571429
5991;Deen;Slimpie;167;2871;1.68;2.89;1.67;2.88;0;0;0;221.142857142857;0;111.428571428571
5992;Deen;Slimpie;168;2659;1.68;2.9;1.69;2.91;0;0;0;623;0;113.428571428571
5993;Deen;Slimpie;169;2334;1.69;2.91;1.68;2.9;0;0;0;1028.85714285714;0;117.142857142857
5994;Deen;Slimpie;170;2301;1.68;2.9;1.69;2.92;0;0;0;990.714285714286;0;103.571428571429
5995;Deen;Slimpie;171;2621;1.69;2.91;1.68;2.9;0;0;0;1086.28571428571;1;209.857142857143
5996;Deen;Slimpie;172;2389;1.69;2.91;1.69;2.91;0;0;0;955.571428571429;1;166.285714285714
5997;Deen;Slimpie;173;2757;1.69;2.91;1.68;2.9;0;0;0;565.714285714286;0;189
5998;Deen;Slimpie;174;2366;1.69;2.91;1.7;2.93;0;0;0;359.571428571429;1;154.857142857143
5999;Deen;Slimpie;175;2482;1.69;2.91;1.71;2.94;0;0;0;270.285714285714;1;188.571428571429
6000;Deen;Slimpie;176;4097;1.48;2.56;1.68;2.89;0;0;0;176.571428571429;0;147.714285714286
6001;Deen;Slimpie;177;12388;1.26;2.17;1.68;2.9;100;0;0;188.714285714286;1;219.142857142857
6002;Deen;Slimpie;178;2199;1.69;2.91;1.67;2.89;0;0;0;137.857142857143;0;208.428571428571
6003;Deen;Slimpie;179;2366;1.69;2.91;1.69;2.91;0;0;0;193.428571428571;1;207.142857142857
6004;Deen;Slimpie;180;2291;1.69;2.91;1.68;2.9;0;0;0;159.571428571429;0;203.285714285714
6005;Deen;Slimpie;181;2741;1.69;2.92;1.7;2.93;0;0;0;85.7142857142857;0;226
6006;Deen;Slimpie;182;3414;1.7;2.94;1.7;2.93;0;0;0;75.8571428571429;0;267.571428571429
6007;Deen;Slimpie;183;4043;1.52;2.62;1.69;2.92;0;0;0;58.7142857142857;0;202.571428571429
6008;Deen;Slimpie;184;9209;1.28;2.2;1.68;2.89;100;0;0;72.2857142857143;0;188
6009;Deen;Slimpie;185;6334;1.29;2.23;1.69;2.92;0;0;0;141.285714285714;0;215.428571428571
6010;Deen;Slimpie;186;2004;1.7;2.93;1.69;2.91;0;0;0;197.142857142857;0;222
6011;Deen;Slimpie;187;2261;1.7;2.93;1.69;2.92;0;0;0;394.285714285714;0;242
6012;Deen;Slimpie;188;2982;1.71;2.94;1.7;2.93;0;0;0;606.571428571429;0;275.428571428571
6013;Deen;Slimpie;189;4780;1.56;2.68;1.67;2.88;0;0;0;556.857142857143;0;315.571428571429
6014;Deen;Slimpie;190;8982;1.28;2.21;1.7;2.93;0;0;0;512.714285714286;0;265.571428571429
6015;Deen;Slimpie;191;5041;1.31;2.26;1.72;2.96;0;0;0;535.571428571429;0;201.714285714286
6016;Deen;Slimpie;192;1984;1.57;2.71;1.7;2.94;0;0;0;832.142857142857;0;195.285714285714
6017;Deen;Slimpie;193;2093;1.69;2.91;1.65;2.84;0;0;0;1233.14285714286;0;198.714285714286
6018;Deen;Slimpie;194;2446;1.69;2.91;1.63;2.81;0;0;0;2039.57142857143;0;242.142857142857
6019;Deen;Slimpie;195;2352;1.69;2.92;1.69;2.91;0;0;0;2892.57142857143;0;201
6020;Deen;Slimpie;196;2334;1.69;2.91;1.69;2.91;0;0;0;4163.28571428571;0;162.857142857143
6021;Deen;Slimpie;197;2167;1.69;2.91;1.7;2.93;0;0;0;6596.42857142857;0;147.285714285714
6022;Deen;Slimpie;198;2144;1.68;2.9;1.68;2.9;0;0;0;8138.71428571429;0;127.857142857143
6023;Deen;Slimpie;199;2495;1.68;2.9;1.68;2.89;0;0;0;9551;0;156.428571428571
6024;Deen;Slimpie;200;2452;1.69;2.91;1.69;2.92;0;0;0;9076;0;140.714285714286
6025;Deen;Slimpie;201;2480;1.69;2.91;1.69;2.91;0;0;0;5899.42857142857;0;143.428571428571
6026;Deen;Slimpie;202;2391;1.62;2.79;1.68;2.9;0;0;0;5256.14285714286;0;143.285714285714
6027;Deen;Slimpie;203;2437;1.62;2.79;1.68;2.89;0;0;0;5291.57142857143;0;123
6028;Deen;Slimpie;204;2626;1.62;2.79;1.69;2.91;0;0;0;4827.28571428571;0;92.1428571428571
6029;Deen;Slimpie;205;3321;1.47;2.54;1.71;2.95;0;0;0;6360.14285714286;0;68.7142857142857
6030;Deen;Slimpie;206;10004;1.27;2.19;1.62;2.8;100;0;0;8968.71428571429;0;48.2857142857143
6031;Deen;Slimpie;207;2090;1.62;2.79;1.62;2.79;0;0;0;11617.8571428571;0;103.428571428571
6032;Deen;Slimpie;208;1770;1.62;2.78;1.62;2.79;0;0;0;9461.28571428571;1;100
6033;Deen;Teisseire;1;766;2.69;3.59;2.69;3.59;0;0;0;0;1;42.1428571428571
6034;Deen;Teisseire;2;924;2.14;2.86;2.45;3.27;0;0;0;0;0;66.8571428571429
6035;Deen;Teisseire;3;745;2.59;3.46;2.48;3.31;0;0;0;0;0;26.5714285714286
6036;Deen;Teisseire;4;742;2.63;3.51;2.62;3.49;0;0;0;0;0;33.2857142857143
6037;Deen;Teisseire;5;726;2.69;3.58;2.68;3.57;0;0;0;0;0;81.4285714285714
6038;Deen;Teisseire;6;730;2.7;3.6;2.7;3.6;0;0;0;0;0;25.4285714285714
6039;Deen;Teisseire;7;730;2.7;3.6;2.7;3.6;0;0;0;0;0;87.5714285714286
6040;Deen;Teisseire;8;677;2.7;3.6;2.7;3.6;0;0;0;0;0;100.142857142857
6041;Deen;Teisseire;9;761;2.7;3.6;2.7;3.6;0;0;0;0;0;96.1428571428571
6042;Deen;Teisseire;10;693;2.7;3.6;2.7;3.6;0;0;0;0;0;110.142857142857
6043;Deen;Teisseire;11;758;2.74;3.65;2.7;3.6;0;0;0;0;0;138.714285714286
6044;Deen;Teisseire;12;794;2.74;3.65;2.7;3.6;0;0;0;0;0;127
6045;Deen;Teisseire;13;833;2.74;3.65;2.74;3.65;0;0;0;0;0;175
6046;Deen;Teisseire;14;918;2.74;3.65;2.74;3.65;0;0;0;0;0;145.142857142857
6047;Deen;Teisseire;15;928;2.74;3.66;2.74;3.65;0;0;0;0;1;143.714285714286
6048;Deen;Teisseire;16;822;2.74;3.66;2.74;3.66;0;0;0;0;1;114.571428571429
6049;Deen;Teisseire;17;821;2.74;3.66;2.74;3.66;0;0;0;0;1;116.142857142857
6050;Deen;Teisseire;18;859;2.74;3.66;2.74;3.65;0;0;0;0;1;151
6051;Deen;Teisseire;19;855;2.74;3.66;2.74;3.66;0;0;0;0;0;177.428571428571
6052;Deen;Teisseire;20;946;2.74;3.66;2.74;3.65;0;0;0;0;0;215.428571428571
6053;Deen;Teisseire;21;1231;2.74;3.66;2.74;3.66;0;0;0;0;1;242.285714285714
6054;Deen;Teisseire;22;1158;2.74;3.66;2.74;3.66;0;0;0;0;0;246.142857142857
6055;Deen;Teisseire;23;987;2.74;3.66;2.74;3.66;0;0;0;0;1;205.571428571429
6056;Deen;Teisseire;24;961;2.74;3.66;2.74;3.65;0;0;0;0;0;225.285714285714
6057;Deen;Teisseire;25;1177;2.74;3.66;2.74;3.66;0;0;0;0;0;267.285714285714
6058;Deen;Teisseire;26;1363;2.45;3.26;2.83;3.77;0;0;0;0;0;209.714285714286
6059;Deen;Teisseire;27;4738;2.01;2.68;2.74;3.65;100;0;0;0;0;238
6060;Deen;Teisseire;28;776;2.75;3.67;2.74;3.66;0;0;0;0;0;212.285714285714
6061;Deen;Teisseire;29;924;2.75;3.67;2.74;3.65;0;0;0;0;0;244.142857142857
6062;Deen;Teisseire;30;811;2.75;3.67;2.75;3.66;0;0;0;0;0;208.285714285714
6063;Deen;Teisseire;31;789;2.75;3.67;2.74;3.66;0;0;0;0;0;221.571428571429
6064;Deen;Teisseire;32;656;2.75;3.67;2.75;3.67;0;0;0;0;0;210.857142857143
6065;Deen;Teisseire;33;658;2.75;3.67;2.75;3.67;0;0;0;0;0;214.714285714286
6066;Deen;Teisseire;34;732;2.75;3.67;2.75;3.67;0;0;0;0;0;228.142857142857
6067;Deen;Teisseire;35;1203;2.41;3.22;2.64;3.52;0;0;0;0;0;230.571428571429
6068;Deen;Teisseire;36;3671;2.06;2.74;2.75;3.67;100;0;0;0;0;190.857142857143
6069;Deen;Teisseire;37;611;2.75;3.67;2.73;3.63;0;0;0;0;0;163.857142857143
6070;Deen;Teisseire;38;642;2.75;3.67;2.74;3.66;0;0;0;0;0;177.714285714286
6071;Deen;Teisseire;39;738;2.75;3.67;2.74;3.66;0;0;0;0;0;192.714285714286
6072;Deen;Teisseire;40;602;2.75;3.67;2.74;3.66;0;0;0;0;0;160.285714285714
6073;Deen;Teisseire;41;672;2.75;3.67;2.74;3.66;0;0;0;0;0;163.142857142857
6074;Deen;Teisseire;42;672;2.75;3.67;2.74;3.66;0;0;0;0;0;194.714285714286
6075;Deen;Teisseire;43;659;2.75;3.67;2.75;3.67;0;0;0;0;0;156.857142857143
6076;Deen;Teisseire;44;717;2.75;3.67;2.75;3.67;0;0;0;0;0;130.714285714286
6077;Deen;Teisseire;45;789;2.75;3.67;2.75;3.67;0;0;0;0;0;102.142857142857
6078;Deen;Teisseire;46;609;2.75;3.67;2.75;3.67;0;0;0;0;0;96.2857142857143
6079;Deen;Teisseire;47;711;2.75;3.67;2.75;3.67;0;0;0;0;0;112
6080;Deen;Teisseire;48;677;2.75;3.67;2.75;3.67;0;0;0;0;0;53.1428571428571
6081;Deen;Teisseire;49;645;2.75;3.67;2.75;3.67;0;0;0;0;0;74.1428571428571
6082;Deen;Teisseire;50;637;2.75;3.67;2.75;3.67;0;0;0;0;0;45.8571428571429
6083;Deen;Teisseire;51;766;2.75;3.67;2.75;3.67;0;0;0;0;0;84
6084;Deen;Teisseire;52;516;2.75;3.67;2.75;3.67;0;0;0;0;1;81.2857142857143
6085;Deen;Teisseire;53;585;2.75;3.67;2.75;3.67;0;0;0;0;1;98.2857142857143
6086;Deen;Teisseire;54;719;2.74;3.65;2.74;3.65;0;0;0;0;0;57.7142857142857
6087;Deen;Teisseire;55;685;2.72;3.63;2.73;3.64;0;0;0;0;0;66.8571428571429
6088;Deen;Teisseire;56;713;2.74;3.65;2.73;3.65;0;0;0;0;0;94.1428571428571
6089;Deen;Teisseire;57;744;2.74;3.66;2.74;3.66;0;0;0;0;0;79.8571428571429
6090;Deen;Teisseire;58;727;2.75;3.67;2.75;3.67;0;0;0;0;0;35.4285714285714
6091;Deen;Teisseire;59;775;2.75;3.67;2.75;3.67;0;0;0;0;0;73.7142857142857
6092;Deen;Teisseire;60;761;2.75;3.67;2.75;3.67;0;0;0;0;0;45.4285714285714
6093;Deen;Teisseire;61;760;2.75;3.67;2.75;3.67;0;0;0;0;0;-4.71428571428571
6094;Deen;Teisseire;62;764;2.75;3.67;2.75;3.67;0;0;0;0;0;108.571428571429
6095;Deen;Teisseire;63;768;2.75;3.67;2.75;3.67;0;0;0;0;0;93
6096;Deen;Teisseire;64;851;2.75;3.67;2.75;3.67;0;0;0;0;0;73.5714285714286
6097;Deen;Teisseire;65;833;2.75;3.67;2.75;3.67;0;0;0;0;1;111
6098;Deen;Teisseire;66;812;2.75;3.67;2.75;3.67;0;0;0;0;1;139.571428571429
6099;Deen;Teisseire;67;920;2.75;3.67;2.75;3.67;0;0;0;0;0;176.428571428571
6100;Deen;Teisseire;68;948;2.75;3.67;2.75;3.67;0;0;0;0;0;218.714285714286
6101;Deen;Teisseire;69;1246;2.49;3.36;2.72;3.65;0;0;0;0;1;166.428571428571
6102;Deen;Teisseire;70;4037;2;2.72;2.64;3.63;0;0;0;0;1;158.857142857143
6103;Deen;Teisseire;71;4685;2.01;2.74;2.6;3.61;100;0;0;0;1;231.142857142857
6104;Deen;Teisseire;72;895;2.65;3.63;2.62;3.62;0;0;0;0;0;187.714285714286
6105;Deen;Teisseire;73;962;2.65;3.63;2.53;3.56;0;0;0;0;1;253
6106;Deen;Teisseire;74;1125;2.67;3.64;2.61;3.61;0;0;0;0;0;258.285714285714
6107;Deen;Teisseire;75;1001;2.68;3.64;2.57;3.6;0;0;0;0;0;240.142857142857
6108;Deen;Teisseire;76;886;2.66;3.64;2.6;3.61;0;0;0;0;0;209.428571428571
6109;Deen;Teisseire;77;1521;2.33;3.17;2.69;3.69;0;0;0;0;0;196.428571428571
6110;Deen;Teisseire;78;5286;2.01;2.74;2.66;3.62;100;0;0;0;0;237.285714285714
6111;Deen;Teisseire;79;1153;2.68;3.64;2.64;3.62;0;0;0;0;0;255.714285714286
6112;Deen;Teisseire;80;848;2.67;3.64;2.63;3.62;0;0;0;0;0;236.142857142857
6113;Deen;Teisseire;81;1128;2.67;3.64;2.62;3.61;0;0;0;0;0;268
6114;Deen;Teisseire;82;1257;2.68;3.64;2.69;3.64;0;0;0;0;0;306.142857142857
6115;Deen;Teisseire;83;1038;2.68;3.64;2.65;3.63;0;0;0;0;0;286
6116;Deen;Teisseire;84;835;2.67;3.64;2.68;3.64;0;0;0;0;0;255.571428571429
6117;Deen;Teisseire;85;660;2.68;3.64;2.6;3.61;0;0;0;0;0;233.142857142857
6118;Deen;Teisseire;86;665;2.67;3.64;2.6;3.61;0;0;0;0;0;222.428571428571
6119;Deen;Teisseire;87;1008;2.43;3.35;2.66;3.65;0;0;0;0;0;198
6120;Deen;Teisseire;88;2882;2;2.79;2.63;3.62;0;0;0;0;0;210.857142857143
6121;Deen;Teisseire;89;1969;2.02;2.83;2.53;3.56;0;0;0;0;0;206.285714285714
6122;Deen;Teisseire;90;720;2.62;3.62;2.52;3.58;0;0;0;0;0;220.285714285714
6123;Deen;Teisseire;91;676;2.64;3.63;2.55;3.59;0;0;0;0;0;164.285714285714
6124;Deen;Teisseire;92;671;2.64;3.63;2.5;3.57;0;0;0;0;0;177
6125;Deen;Teisseire;93;706;2.68;3.67;2.57;3.6;0;0;0;0;0;209.714285714286
6126;Deen;Teisseire;94;655;2.68;3.66;2.65;3.63;0;0;0;0;0;199
6127;Deen;Teisseire;95;644;2.67;3.66;2.61;3.67;0;0;0;0;0;141.714285714286
6128;Deen;Teisseire;96;623;2.69;3.67;2.73;3.72;0;0;0;0;0;99.7142857142857
6129;Deen;Teisseire;97;668;2.69;3.68;2.7;3.69;0;0;0;0;0;134.714285714286
6130;Deen;Teisseire;98;630;2.71;3.69;2.71;3.69;0;0;0;0;0;115.857142857143
6131;Deen;Teisseire;99;739;2.59;3.54;2.72;3.69;0;0;0;0;0;55.8571428571429
6132;Deen;Teisseire;100;920;2.19;3.14;2.57;3.57;0;0;0;0;0;82.5714285714286
6133;Deen;Teisseire;101;1597;1.6;2.44;2.74;3.72;0;0;0;0;0;114
6134;Deen;Teisseire;102;1001;1.96;2.85;2.65;3.68;0;0;0;0;0;51.8571428571429
6135;Deen;Teisseire;103;814;2.3;3.22;2.6;3.56;0;0;0;0;0;87.4285714285714
6136;Deen;Teisseire;104;571;2.35;3.26;2.68;3.64;0;0;0;0;1;73.1428571428571
6137;Deen;Teisseire;105;642;2.5;3.46;2.57;3.49;0;0;0;0;1;81.2857142857143
6138;Deen;Teisseire;106;665;2.62;3.56;2.56;3.49;0;0;0;0;0;80.2857142857143
6139;Deen;Teisseire;107;704;2.62;3.55;2.62;3.55;0;0;0;0;0;65.2857142857143
6140;Deen;Teisseire;108;709;2.6;3.53;2.61;3.53;0;0;0;0;0;29.8571428571429
6141;Deen;Teisseire;109;729;2.63;3.56;2.56;3.51;0;0;0;0;0;36.7142857142857
6142;Deen;Teisseire;110;743;2.63;3.54;2.61;3.52;0;0;0;0;0;75.4285714285714
6143;Deen;Teisseire;111;771;2.62;3.55;2.61;3.54;0;0;0;0;0;109.142857142857
6144;Deen;Teisseire;112;668;2.67;3.61;2.61;3.54;0;0;0;0;0;124.714285714286
6145;Deen;Teisseire;113;795;2.67;3.59;2.58;3.53;0;0;0;0;0;148.142857142857
6146;Deen;Teisseire;114;671;2.67;3.6;2.7;3.64;0;0;0;0;0;117.428571428571
6147;Deen;Teisseire;115;664;2.69;3.61;2.67;3.6;0;0;0;0;0;105
6148;Deen;Teisseire;116;711;2.67;3.6;2.64;3.58;0;0;0;0;0;121.714285714286
6149;Deen;Teisseire;117;718;2.66;3.58;2.66;3.6;0;0;0;0;0;129.428571428571
6150;Deen;Teisseire;118;826;2.68;3.59;2.68;3.6;0;0;0;0;0;128.857142857143
6151;Deen;Teisseire;119;1311;2.42;3.3;2.61;3.51;0;0;0;0;0;137.142857142857
6152;Deen;Teisseire;120;1111;2.32;3.25;2.59;3.47;0;0;0;0;1;188.142857142857
6153;Deen;Teisseire;121;1092;2.38;3.21;2.38;3.26;0;0;0;0;1;204.285714285714
6154;Deen;Teisseire;122;2933;2.06;2.76;2.55;3.46;0;0;0;0;0;131
6155;Deen;Teisseire;123;2628;2.01;2.73;2.57;3.45;0;0;0;0;1;137.142857142857
6156;Deen;Teisseire;124;844;2.66;3.58;2.6;3.47;0;0;0;0;0;168.571428571429
6157;Deen;Teisseire;125;904;2.67;3.6;2.58;3.47;0;0;0;0;0;188.142857142857
6158;Deen;Teisseire;126;804;2.81;3.75;2.67;3.57;0;0;0;0;1;201.428571428571
6159;Deen;Teisseire;127;1530;2.49;3.32;2.75;3.68;0;0;0;0;0;219
6160;Deen;Teisseire;128;5646;2;2.67;2.75;3.68;100;0;0;0;1;202.571428571429
6161;Deen;Teisseire;129;2175;2.05;2.73;2.73;3.65;0;0;0;0;0;233.857142857143
6162;Deen;Teisseire;130;1006;2.86;3.83;2.72;3.64;0;0;0;0;0;273.428571428571
6163;Deen;Teisseire;131;858;2.89;3.85;2.82;3.77;0;0;0;0;0;222.428571428571
6164;Deen;Teisseire;132;697;2.88;3.85;2.88;3.86;0;0;0;0;0;197
6165;Deen;Teisseire;133;747;2.9;3.87;2.89;3.86;0;0;0;0;0;217.571428571429
6166;Deen;Teisseire;134;1196;2.86;3.83;2.88;3.84;0;0;0;0;0;315.428571428571
6167;Deen;Teisseire;135;820;2.85;3.82;2.85;3.82;0;0;0;0;0;233.714285714286
6168;Deen;Teisseire;136;791;2.81;3.77;2.83;3.8;0;0;0;0;0;239.285714285714
6169;Deen;Teisseire;137;707;2.84;3.8;2.83;3.8;0;0;0;0;0;206.142857142857
6170;Deen;Teisseire;138;861;2.85;3.81;2.85;3.81;0;0;0;0;0;233.428571428571
6171;Deen;Teisseire;139;1646;2.65;3.54;2.86;3.82;0;0;0;0;0;281.142857142857
6172;Deen;Teisseire;140;3083;2.18;2.91;2.78;3.71;0;0;0;0;0;190.285714285714
6173;Deen;Teisseire;141;2298;2.2;2.94;2.71;3.62;0;0;0;0;0;195.571428571429
6174;Deen;Teisseire;142;599;2.87;3.83;2.77;3.7;0;0;0;0;0;192
6175;Deen;Teisseire;143;715;2.89;3.85;2.8;3.74;0;0;0;0;0;192.428571428571
6176;Deen;Teisseire;144;792;2.88;3.85;2.84;3.79;0;0;0;0;0;157.142857142857
6177;Deen;Teisseire;145;706;2.91;3.88;2.88;3.84;0;0;0;0;0;142.714285714286
6178;Deen;Teisseire;146;682;2.9;3.87;2.89;3.86;0;0;0;0;0;166.857142857143
6179;Deen;Teisseire;147;703;2.9;3.87;2.86;3.82;0;0;0;0;0;164.428571428571
6180;Deen;Teisseire;148;751;2.91;3.88;2.91;3.89;0;0;0;0;0;124.285714285714
6181;Deen;Teisseire;149;1946;1.95;2.6;2.92;3.9;0;0;0;0;0;110.428571428571
6182;Deen;Teisseire;150;6876;1.49;1.99;2.76;3.68;100;0;0;0;0;74.5714285714286
6183;Deen;Teisseire;151;729;2.75;3.67;2.75;3.67;0;0;0;0;0;78.7142857142857
6184;Deen;Teisseire;152;655;2.82;3.77;3.02;4.03;0;0;0;0;0;103.714285714286
6185;Deen;Teisseire;153;620;2.86;3.82;2.86;3.82;0;0;0;0;0;75.2857142857143
6186;Deen;Teisseire;154;604;2.82;3.76;2.86;3.81;0;0;0;0;0;79.7142857142857
6187;Deen;Teisseire;155;649;2.86;3.82;2.91;3.88;0;0;0;0;0;107.571428571429
6188;Deen;Teisseire;156;594;2.86;3.81;2.9;3.87;0;0;0;0;1;77.5714285714286
6189;Deen;Teisseire;157;591;2.85;3.81;2.88;3.84;0;0;0;0;1;67.5714285714286
6190;Deen;Teisseire;158;745;2.86;3.81;2.85;3.8;0;0;0;0;0;92.7142857142857
6191;Deen;Teisseire;159;788;2.86;3.81;2.84;3.78;0;0;0;0;0;105.571428571429
6192;Deen;Teisseire;160;791;2.86;3.81;2.85;3.8;0;0;0;0;0;52
6193;Deen;Teisseire;161;822;2.86;3.81;2.86;3.82;0;0;0;0;0;98.7142857142857
6194;Deen;Teisseire;162;1340;2.42;3.23;2.89;3.85;0;0;0;0;0;93.5714285714286
6195;Deen;Teisseire;163;5116;2.04;2.72;2.8;3.74;100;0;0;0;0;98.5714285714286
6196;Deen;Teisseire;164;608;2.94;3.91;2.92;3.89;0;0;0;0;0;108
6197;Deen;Teisseire;165;765;2.95;3.94;2.84;3.79;0;0;0;5.42857142857143;0;93.5714285714286
6198;Deen;Teisseire;166;745;2.95;3.94;2.96;3.94;0;0;0;66.4285714285714;0;88.8571428571429
6199;Deen;Teisseire;167;1210;2.96;3.94;2.95;3.93;0;0;0;221.142857142857;0;111.428571428571
6200;Deen;Teisseire;168;1123;2.96;3.94;2.96;3.95;0;0;0;623;0;113.428571428571
6201;Deen;Teisseire;169;952;2.96;3.94;2.95;3.93;0;0;0;1028.85714285714;0;117.142857142857
6202;Deen;Teisseire;170;972;2.95;3.93;2.96;3.94;0;0;0;990.714285714286;0;103.571428571429
6203;Deen;Teisseire;171;1054;2.94;3.93;2.93;3.91;0;0;0;1086.28571428571;1;209.857142857143
6204;Deen;Teisseire;172;953;2.94;3.92;2.95;3.93;0;0;0;955.571428571429;1;166.285714285714
6205;Deen;Teisseire;173;1485;2.87;3.82;2.98;3.98;0;0;0;565.714285714286;0;189
6206;Deen;Teisseire;174;2886;2.51;3.34;2.86;3.82;0;0;0;359.571428571429;1;154.857142857143
6207;Deen;Teisseire;175;2845;2.24;2.99;2.81;3.75;0;0;0;270.285714285714;1;188.571428571429
6208;Deen;Teisseire;176;757;2.93;3.91;2.96;3.95;0;0;0;176.571428571429;0;147.714285714286
6209;Deen;Teisseire;177;911;2.93;3.9;2.94;3.92;0;0;0;188.714285714286;1;219.142857142857
6210;Deen;Teisseire;178;1227;2.87;3.95;2.87;3.95;0;0;0;137.857142857143;0;208.428571428571
6211;Deen;Teisseire;179;2339;2.37;3.26;2.81;3.97;0;0;0;193.428571428571;1;207.142857142857
6212;Deen;Teisseire;180;7546;2.04;2.79;2.77;3.91;100;0;0;159.571428571429;0;203.285714285714
6213;Deen;Teisseire;181;1167;2.81;3.94;2.85;3.92;0;0;0;85.7142857142857;0;226
6214;Deen;Teisseire;182;1754;2.83;3.96;2.8;3.93;0;0;0;75.8571428571429;0;267.571428571429
6215;Deen;Teisseire;183;1193;2.85;3.95;2.83;3.97;0;0;0;58.7142857142857;0;202.571428571429
6216;Deen;Teisseire;184;960;2.85;3.97;2.87;3.98;0;0;0;72.2857142857143;0;188
6217;Deen;Teisseire;185;1003;2.86;3.96;2.85;3.96;0;0;0;141.285714285714;0;215.428571428571
6218;Deen;Teisseire;186;997;2.84;3.97;2.84;3.96;0;0;0;197.142857142857;0;222
6219;Deen;Teisseire;187;1191;2.85;3.96;2.85;3.97;0;0;0;394.285714285714;0;242
6220;Deen;Teisseire;188;1467;2.84;3.96;2.82;3.97;0;0;0;606.571428571429;0;275.428571428571
6221;Deen;Teisseire;189;1971;2.83;3.95;2.82;3.94;0;0;0;556.857142857143;0;315.571428571429
6222;Deen;Teisseire;190;1478;2.85;3.96;2.85;3.96;0;0;0;512.714285714286;0;265.571428571429
6223;Deen;Teisseire;191;2018;2.51;3.49;2.85;3.97;0;0;0;535.571428571429;0;201.714285714286
6224;Deen;Teisseire;192;5155;2.04;2.83;2.84;3.96;0;0;0;832.142857142857;0;195.285714285714
6225;Deen;Teisseire;193;3632;2.09;2.89;2.9;4.01;0;0;0;1233.14285714286;0;198.714285714286
6226;Deen;Teisseire;194;870;2.85;3.98;2.84;3.97;0;0;0;2039.57142857143;0;242.142857142857
6227;Deen;Teisseire;195;761;2.86;3.97;2.86;3.94;0;0;0;2892.57142857143;0;201
6228;Deen;Teisseire;196;882;2.88;3.97;2.87;3.99;0;0;0;4163.28571428571;0;162.857142857143
6229;Deen;Teisseire;197;845;2.89;3.97;2.89;3.97;0;0;0;6596.42857142857;0;147.285714285714
6230;Deen;Teisseire;198;888;2.89;3.97;2.86;3.99;0;0;0;8138.71428571429;0;127.857142857143
6231;Deen;Teisseire;199;905;2.89;3.96;2.88;3.96;0;0;0;9551;0;156.428571428571
6232;Deen;Teisseire;200;906;2.9;3.97;2.9;3.97;0;0;0;9076;0;140.714285714286
6233;Deen;Teisseire;201;1893;2.41;3.29;2.88;3.93;0;0;0;5899.42857142857;0;143.428571428571
6234;Deen;Teisseire;202;6366;2.04;2.77;2.87;3.96;100;0;0;5256.14285714286;0;143.285714285714
6235;Deen;Teisseire;203;803;2.9;3.97;2.89;3.9;0;0;0;5291.57142857143;0;123
6236;Deen;Teisseire;204;790;2.92;4.01;2.9;3.94;0;0;0;4827.28571428571;0;92.1428571428571
6237;Deen;Teisseire;205;762;2.93;4.02;2.89;3.99;0;0;0;6360.14285714286;0;68.7142857142857
6238;Deen;Teisseire;206;741;2.94;4;2.88;4.01;0;0;0;8968.71428571429;0;48.2857142857143
6239;Deen;Teisseire;207;999;2.94;3.99;2.92;3.98;0;0;0;11617.8571428571;0;103.428571428571
6240;Deen;Teisseire;208;831;2.94;4.01;2.93;4.01;0;0;0;9461.28571428571;1;100
6241;Hoogvliet;PrivateLabel;1;6739;1.46;1.95;1.44;1.92;0;0;0;0;1;42.1428571428571
6242;Hoogvliet;PrivateLabel;2;6875;1.47;1.96;1.47;1.96;0;0;0;0;0;66.8571428571429
6243;Hoogvliet;PrivateLabel;3;5925;1.36;1.82;1.45;1.93;0;0;0;0;0;26.5714285714286
6244;Hoogvliet;PrivateLabel;4;6370;1.39;1.85;1.43;1.9;0;0;0;0;0;33.2857142857143
6245;Hoogvliet;PrivateLabel;5;6723;1.4;1.87;1.41;1.88;0;0;0;0;0;81.4285714285714
6246;Hoogvliet;PrivateLabel;6;6743;1.42;1.89;1.39;1.86;0;0;0;0;0;25.4285714285714
6247;Hoogvliet;PrivateLabel;7;6305;1.45;1.94;1.4;1.87;0;0;0;0;0;87.5714285714286
6248;Hoogvliet;PrivateLabel;8;6764;1.44;1.92;1.43;1.91;0;0;0;0;0;100.142857142857
6249;Hoogvliet;PrivateLabel;9;13524;1.39;1.85;1.31;1.74;71;0;69;0;0;96.1428571428571
6250;Hoogvliet;PrivateLabel;10;8223;1.54;2.06;1.45;1.93;0;0;0;0;0;110.142857142857
6251;Hoogvliet;PrivateLabel;11;7369;1.42;1.89;1.52;2.03;0;0;0;0;0;138.714285714286
6252;Hoogvliet;PrivateLabel;12;7766;1.42;1.9;1.46;1.95;0;0;0;0;0;127
6253;Hoogvliet;PrivateLabel;13;6864;1.36;1.81;1.45;1.94;0;0;0;0;0;175
6254;Hoogvliet;PrivateLabel;14;7124;1.4;1.87;1.42;1.9;0;0;0;0;0;145.142857142857
6255;Hoogvliet;PrivateLabel;15;7606;1.43;1.9;1.44;1.92;0;0;0;0;1;143.714285714286
6256;Hoogvliet;PrivateLabel;16;6092;1.49;1.98;1.41;1.89;0;0;0;0;1;114.571428571429
6257;Hoogvliet;PrivateLabel;17;5922;1.45;1.93;1.43;1.91;0;0;0;0;1;116.142857142857
6258;Hoogvliet;PrivateLabel;18;6322;1.45;1.93;1.45;1.94;0;0;0;0;1;151
6259;Hoogvliet;PrivateLabel;19;7106;1.46;1.94;1.47;1.96;0;0;0;0;0;177.428571428571
6260;Hoogvliet;PrivateLabel;20;8125;1.46;1.95;1.44;1.92;0;0;0;0;0;215.428571428571
6261;Hoogvliet;PrivateLabel;21;9219;1.46;1.95;1.46;1.94;0;0;0;0;1;242.285714285714
6262;Hoogvliet;PrivateLabel;22;9107;1.5;2;1.45;1.94;0;0;0;0;0;246.142857142857
6263;Hoogvliet;PrivateLabel;23;6786;1.39;1.86;1.46;1.95;0;0;0;0;1;205.571428571429
6264;Hoogvliet;PrivateLabel;24;7595;1.41;1.88;1.42;1.89;0;0;0;0;0;225.285714285714
6265;Hoogvliet;PrivateLabel;25;9675;1.44;1.92;1.47;1.96;0;0;0;0;0;267.285714285714
6266;Hoogvliet;PrivateLabel;26;7655;1.46;1.94;1.45;1.93;0;0;0;0;0;209.714285714286
6267;Hoogvliet;PrivateLabel;27;8106;1.44;1.92;1.42;1.9;0;0;0;0;0;238
6268;Hoogvliet;PrivateLabel;28;5841;1.37;1.82;1.44;1.92;0;0;0;0;0;212.285714285714
6269;Hoogvliet;PrivateLabel;29;6110;1.37;1.83;1.47;1.96;0;0;0;0;0;244.142857142857
6270;Hoogvliet;PrivateLabel;30;5840;1.41;1.88;1.46;1.94;0;0;0;0;0;208.285714285714
6271;Hoogvliet;PrivateLabel;31;5502;1.42;1.89;1.46;1.94;0;0;0;0;0;221.571428571429
6272;Hoogvliet;PrivateLabel;32;13276;1.4;1.95;1.35;1.92;61;0;58;0;0;210.857142857143
6273;Hoogvliet;PrivateLabel;33;10089;1.58;2.25;1.5;2.17;0;10;0;0;0;214.714285714286
6274;Hoogvliet;PrivateLabel;34;9768;1.49;2.13;1.52;2.16;0;0;0;0;0;228.142857142857
6275;Hoogvliet;PrivateLabel;35;8761;1.46;2.1;1.49;2.13;0;0;0;0;0;230.571428571429
6276;Hoogvliet;PrivateLabel;36;8583;1.48;2.13;1.53;2.19;0;0;0;0;0;190.857142857143
6277;Hoogvliet;PrivateLabel;37;7781;1.52;2.2;1.53;2.19;0;0;0;0;0;163.857142857143
6278;Hoogvliet;PrivateLabel;38;8272;1.52;2.18;1.51;2.16;0;0;0;0;0;177.714285714286
6279;Hoogvliet;PrivateLabel;39;8439;1.54;2.22;1.48;2.12;0;0;0;0;0;192.714285714286
6280;Hoogvliet;PrivateLabel;40;8465;1.52;2.19;1.52;2.19;0;0;0;0;0;160.285714285714
6281;Hoogvliet;PrivateLabel;41;15132;1.44;1.99;1.4;2.02;86;0;49;0;0;163.142857142857
6282;Hoogvliet;PrivateLabel;42;9595;1.62;2.3;1.51;2.16;0;0;0;0;0;194.714285714286
6283;Hoogvliet;PrivateLabel;43;7833;1.47;2.13;1.57;2.25;0;0;0;0;0;156.857142857143
6284;Hoogvliet;PrivateLabel;44;8668;1.54;2.21;1.59;2.26;0;0;0;0;0;130.714285714286
6285;Hoogvliet;PrivateLabel;45;8434;1.5;2.16;1.55;2.23;0;0;0;0;0;102.142857142857
6286;Hoogvliet;PrivateLabel;46;7704;1.49;2.16;1.51;2.18;0;0;0;0;0;96.2857142857143
6287;Hoogvliet;PrivateLabel;47;7497;1.55;2.25;1.52;2.2;0;0;0;0;0;112
6288;Hoogvliet;PrivateLabel;48;7550;1.54;2.23;1.52;2.19;0;0;0;0;0;53.1428571428571
6289;Hoogvliet;PrivateLabel;49;7991;1.56;2.24;1.54;2.22;0;0;0;0;0;74.1428571428571
6290;Hoogvliet;PrivateLabel;50;7680;1.51;2.21;1.54;2.23;0;0;0;0;0;45.8571428571429
6291;Hoogvliet;PrivateLabel;51;8627;1.54;2.23;1.56;2.29;0;0;0;0;0;84
6292;Hoogvliet;PrivateLabel;52;5300;1.62;2.36;1.62;2.35;0;0;0;0;1;81.2857142857143
6293;Hoogvliet;PrivateLabel;53;6631;1.58;2.3;1.56;2.27;0;0;0;0;1;98.2857142857143
6294;Hoogvliet;PrivateLabel;54;6413;1.65;2.43;1.56;2.26;0;0;0;0;0;57.7142857142857
6295;Hoogvliet;PrivateLabel;55;7011;1.64;2.38;1.6;2.33;0;0;0;0;0;66.8571428571429
6296;Hoogvliet;PrivateLabel;56;7844;1.63;2.36;1.59;2.3;0;0;0;0;0;94.1428571428571
6297;Hoogvliet;PrivateLabel;57;7830;1.63;2.36;1.6;2.35;0;0;0;0;0;79.8571428571429
6298;Hoogvliet;PrivateLabel;58;16435;1.35;1.89;1.66;2.45;15;30;87;0;0;35.4285714285714
6299;Hoogvliet;PrivateLabel;59;12981;1.41;2;1.58;2.29;0;32;0;0;0;73.7142857142857
6300;Hoogvliet;PrivateLabel;60;8400;1.51;2.18;1.53;2.23;0;0;0;0;0;45.4285714285714
6301;Hoogvliet;PrivateLabel;61;7644;1.57;2.26;1.55;2.25;0;0;0;0;0;-4.71428571428571
6302;Hoogvliet;PrivateLabel;62;27279;1.1;1.51;1.32;1.89;100;0;100;0;0;108.571428571429
6303;Hoogvliet;PrivateLabel;63;12087;1.77;2.48;1.65;2.37;0;0;0;0;0;93
6304;Hoogvliet;PrivateLabel;64;7445;1.63;2.37;1.66;2.35;0;12;0;0;0;73.5714285714286
6305;Hoogvliet;PrivateLabel;65;7840;1.62;2.35;1.68;2.41;0;0;0;0;1;111
6306;Hoogvliet;PrivateLabel;66;7340;1.57;2.28;1.63;2.33;0;0;0;0;1;139.571428571429
6307;Hoogvliet;PrivateLabel;67;8026;1.59;2.3;1.64;2.37;0;0;0;0;0;176.428571428571
6308;Hoogvliet;PrivateLabel;68;9639;1.61;2.29;1.6;2.28;0;0;0;0;0;218.714285714286
6309;Hoogvliet;PrivateLabel;69;8889;1.57;2.25;1.6;2.3;0;0;0;0;1;166.428571428571
6310;Hoogvliet;PrivateLabel;70;7815;1.58;2.26;1.58;2.24;0;0;0;0;1;158.857142857143
6311;Hoogvliet;PrivateLabel;71;7310;1.63;2.34;1.57;2.22;0;0;0;0;1;231.142857142857
6312;Hoogvliet;PrivateLabel;72;7474;1.6;2.32;1.58;2.28;0;0;0;0;0;187.714285714286
6313;Hoogvliet;PrivateLabel;73;9373;1.58;2.26;1.6;2.3;0;0;0;0;1;253
6314;Hoogvliet;PrivateLabel;74;9405;1.54;2.2;1.58;2.25;0;0;0;0;0;258.285714285714
6315;Hoogvliet;PrivateLabel;75;8778;1.56;2.23;1.58;2.27;0;0;0;0;0;240.142857142857
6316;Hoogvliet;PrivateLabel;76;8523;1.57;2.25;1.58;2.25;0;0;0;0;0;209.428571428571
6317;Hoogvliet;PrivateLabel;77;8651;1.55;2.22;1.56;2.23;0;0;0;0;0;196.428571428571
6318;Hoogvliet;PrivateLabel;78;9592;1.57;2.23;1.53;2.18;0;0;0;0;0;237.285714285714
6319;Hoogvliet;PrivateLabel;79;9756;1.53;2.17;1.54;2.19;0;0;0;0;0;255.714285714286
6320;Hoogvliet;PrivateLabel;80;8103;1.53;2.19;1.52;2.16;0;0;0;0;0;236.142857142857
6321;Hoogvliet;PrivateLabel;81;7978;1.55;2.21;1.52;2.16;0;0;0;0;0;268
6322;Hoogvliet;PrivateLabel;82;9240;1.53;2.16;1.56;2.22;0;0;0;0;0;306.142857142857
6323;Hoogvliet;PrivateLabel;83;8032;1.54;2.19;1.57;2.24;0;0;0;0;0;286
6324;Hoogvliet;PrivateLabel;84;6613;1.59;2.28;1.56;2.2;0;0;0;0;0;255.571428571429
6325;Hoogvliet;PrivateLabel;85;6595;1.56;2.24;1.56;2.23;0;0;0;0;0;233.142857142857
6326;Hoogvliet;PrivateLabel;86;7182;1.54;2.22;1.56;2.23;0;0;0;0;0;222.428571428571
6327;Hoogvliet;PrivateLabel;87;7139;1.57;2.26;1.56;2.25;0;0;0;0;0;198
6328;Hoogvliet;PrivateLabel;88;7153;1.57;2.26;1.57;2.27;0;0;0;0;0;210.857142857143
6329;Hoogvliet;PrivateLabel;89;7081;1.56;2.25;1.56;2.24;0;0;0;0;0;206.285714285714
6330;Hoogvliet;PrivateLabel;90;7328;1.55;2.24;1.59;2.29;0;0;0;0;0;220.285714285714
6331;Hoogvliet;PrivateLabel;91;6576;1.61;2.33;1.6;2.3;0;0;0;0;0;164.285714285714
6332;Hoogvliet;PrivateLabel;92;6541;1.64;2.38;1.63;2.37;0;0;0;0;0;177
6333;Hoogvliet;PrivateLabel;93;7720;1.56;2.24;1.58;2.27;0;0;0;0;0;209.714285714286
6334;Hoogvliet;PrivateLabel;94;7374;1.54;2.21;1.56;2.25;0;0;0;0;0;199
6335;Hoogvliet;PrivateLabel;95;6701;1.56;2.25;1.54;2.2;0;0;0;0;0;141.714285714286
6336;Hoogvliet;PrivateLabel;96;6371;1.51;2.19;1.56;2.25;0;0;0;0;0;99.7142857142857
6337;Hoogvliet;PrivateLabel;97;7296;1.58;2.26;1.59;2.25;0;0;0;0;0;134.714285714286
6338;Hoogvliet;PrivateLabel;98;7883;1.51;2.15;1.51;2.17;0;0;0;0;0;115.857142857143
6339;Hoogvliet;PrivateLabel;99;8878;1.49;2.11;1.5;2.15;0;0;0;0;0;55.8571428571429
6340;Hoogvliet;PrivateLabel;100;8282;1.57;2.23;1.54;2.2;0;0;0;0;0;82.5714285714286
6341;Hoogvliet;PrivateLabel;101;5961;1.64;2.38;1.56;2.25;0;7;0;0;0;114
6342;Hoogvliet;PrivateLabel;102;5688;1.69;2.47;1.66;2.43;0;0;0;0;0;51.8571428571429
6343;Hoogvliet;PrivateLabel;103;6959;1.65;2.4;1.63;2.36;0;0;0;0;0;87.4285714285714
6344;Hoogvliet;PrivateLabel;104;5252;1.67;2.43;1.65;2.4;0;0;0;0;1;73.1428571428571
6345;Hoogvliet;PrivateLabel;105;6254;1.69;2.44;1.63;2.38;0;0;0;0;1;81.2857142857143
6346;Hoogvliet;PrivateLabel;106;6073;1.68;2.46;1.64;2.38;0;0;0;0;0;80.2857142857143
6347;Hoogvliet;PrivateLabel;107;6294;1.7;2.47;1.69;2.46;0;0;0;0;0;65.2857142857143
6348;Hoogvliet;PrivateLabel;108;6822;1.66;2.4;1.67;2.42;0;0;0;0;0;29.8571428571429
6349;Hoogvliet;PrivateLabel;109;6533;1.68;2.43;1.7;2.45;0;0;0;0;0;36.7142857142857
6350;Hoogvliet;PrivateLabel;110;7095;1.66;2.39;1.65;2.37;0;0;0;0;0;75.4285714285714
6351;Hoogvliet;PrivateLabel;111;6762;1.64;2.37;1.64;2.37;0;0;0;0;0;109.142857142857
6352;Hoogvliet;PrivateLabel;112;6859;1.62;2.33;1.68;2.44;0;0;0;0;0;124.714285714286
6353;Hoogvliet;PrivateLabel;113;6795;1.6;2.3;1.71;2.5;0;0;0;0;0;148.142857142857
6354;Hoogvliet;PrivateLabel;114;6329;1.63;2.36;1.63;2.33;0;0;0;0;0;117.428571428571
6355;Hoogvliet;PrivateLabel;115;6339;1.64;2.38;1.65;2.4;0;0;0;0;0;105
6356;Hoogvliet;PrivateLabel;116;7000;1.62;2.33;1.64;2.4;0;0;0;0;0;121.714285714286
6357;Hoogvliet;PrivateLabel;117;7255;1.62;2.33;1.63;2.35;0;0;0;0;0;129.428571428571
6358;Hoogvliet;PrivateLabel;118;6953;1.61;2.33;1.66;2.4;0;0;0;0;0;128.857142857143
6359;Hoogvliet;PrivateLabel;119;7426;1.58;2.26;1.64;2.35;0;0;0;0;0;137.142857142857
6360;Hoogvliet;PrivateLabel;120;7617;1.56;2.23;1.58;2.27;0;0;0;0;1;188.142857142857
6361;Hoogvliet;PrivateLabel;121;6614;1.6;2.3;1.6;2.3;0;0;0;0;1;204.285714285714
6362;Hoogvliet;PrivateLabel;122;7011;1.63;2.34;1.61;2.3;0;0;0;0;0;131
6363;Hoogvliet;PrivateLabel;123;7518;1.63;2.33;1.64;2.35;0;14;0;0;1;137.142857142857
6364;Hoogvliet;PrivateLabel;124;7363;1.6;2.29;1.6;2.3;0;5;0;0;0;168.571428571429
6365;Hoogvliet;PrivateLabel;125;7591;1.59;2.27;1.55;2.19;0;0;0;0;0;188.142857142857
6366;Hoogvliet;PrivateLabel;126;7373;1.61;2.3;1.6;2.28;0;0;0;0;1;201.428571428571
6367;Hoogvliet;PrivateLabel;127;7062;1.58;2.27;1.58;2.25;0;0;0;0;0;219
6368;Hoogvliet;PrivateLabel;128;6833;1.6;2.3;1.59;2.26;0;0;0;0;1;202.571428571429
6369;Hoogvliet;PrivateLabel;129;7521;1.64;2.36;1.65;2.36;0;0;0;0;0;233.857142857143
6370;Hoogvliet;PrivateLabel;130;7783;1.63;2.35;1.68;2.42;0;0;0;0;0;273.428571428571
6371;Hoogvliet;PrivateLabel;131;7481;1.6;2.3;1.63;2.35;0;0;0;0;0;222.428571428571
6372;Hoogvliet;PrivateLabel;132;7090;1.61;2.31;1.61;2.33;0;0;0;0;0;197
6373;Hoogvliet;PrivateLabel;133;6444;1.7;2.46;1.59;2.28;0;0;0;0;0;217.571428571429
6374;Hoogvliet;PrivateLabel;134;8212;1.68;2.37;1.6;2.25;0;0;0;0;0;315.428571428571
6375;Hoogvliet;PrivateLabel;135;5987;1.68;2.4;1.7;2.41;0;0;0;0;0;233.714285714286
6376;Hoogvliet;PrivateLabel;136;5665;1.64;2.34;1.66;2.35;0;0;0;0;0;239.285714285714
6377;Hoogvliet;PrivateLabel;137;5453;1.61;2.31;1.68;2.39;0;0;0;0;0;206.142857142857
6378;Hoogvliet;PrivateLabel;138;5955;1.56;2.22;1.66;2.35;0;0;0;0;0;233.428571428571
6379;Hoogvliet;PrivateLabel;139;6723;1.55;2.22;1.66;2.34;0;0;0;0;0;281.142857142857
6380;Hoogvliet;PrivateLabel;140;5796;1.52;2.18;1.58;2.25;0;0;0;0;0;190.285714285714
6381;Hoogvliet;PrivateLabel;141;4804;1.53;2.21;1.51;2.12;0;0;0;0;0;195.571428571429
6382;Hoogvliet;PrivateLabel;142;5492;1.55;2.19;1.55;2.17;0;0;0;0;0;192
6383;Hoogvliet;PrivateLabel;143;5693;1.6;2.23;1.52;2.12;0;0;0;0;0;192.428571428571
6384;Hoogvliet;PrivateLabel;144;5684;1.62;2.25;1.59;2.2;0;0;0;0;0;157.142857142857
6385;Hoogvliet;PrivateLabel;145;5677;1.62;2.24;1.57;2.16;0;0;0;0;0;142.714285714286
6386;Hoogvliet;PrivateLabel;146;5462;1.61;2.23;1.59;2.2;0;18;0;0;0;166.857142857143
6387;Hoogvliet;PrivateLabel;147;5790;1.64;2.25;1.59;2.19;0;0;0;0;0;164.428571428571
6388;Hoogvliet;PrivateLabel;148;6136;1.66;2.28;1.64;2.25;0;12;0;0;0;124.285714285714
6389;Hoogvliet;PrivateLabel;149;6536;1.63;2.24;1.6;2.19;0;0;0;0;0;110.428571428571
6390;Hoogvliet;PrivateLabel;150;5504;1.63;2.25;1.62;2.23;0;0;0;0;0;74.5714285714286
6391;Hoogvliet;PrivateLabel;151;5812;1.64;2.26;1.61;2.21;0;0;0;0;0;78.7142857142857
6392;Hoogvliet;PrivateLabel;152;5491;1.64;2.25;1.63;2.24;0;0;0;0;0;103.714285714286
6393;Hoogvliet;PrivateLabel;153;5171;1.65;2.26;1.64;2.27;0;0;0;0;0;75.2857142857143
6394;Hoogvliet;PrivateLabel;154;5351;1.67;2.29;1.65;2.26;0;0;0;0;0;79.7142857142857
6395;Hoogvliet;PrivateLabel;155;5801;1.64;2.26;1.61;2.21;0;0;0;0;0;107.571428571429
6396;Hoogvliet;PrivateLabel;156;4349;1.67;2.31;1.63;2.25;0;0;0;0;1;77.5714285714286
6397;Hoogvliet;PrivateLabel;157;4913;1.65;2.27;1.67;2.29;0;0;0;0;1;67.5714285714286
6398;Hoogvliet;PrivateLabel;158;5391;1.67;2.31;1.67;2.3;0;0;0;0;0;92.7142857142857
6399;Hoogvliet;PrivateLabel;159;5297;1.66;2.28;1.67;2.31;0;0;0;0;0;105.571428571429
6400;Hoogvliet;PrivateLabel;160;8440;1.64;2.24;1.65;2.27;100;0;14;0;0;52
6401;Hoogvliet;PrivateLabel;161;6076;1.65;2.27;1.66;2.29;0;0;0;0;0;98.7142857142857
6402;Hoogvliet;PrivateLabel;162;5651;1.63;2.24;1.64;2.25;0;0;0;0;0;93.5714285714286
6403;Hoogvliet;PrivateLabel;163;5681;1.58;2.17;1.64;2.25;0;0;0;0;0;98.5714285714286
6404;Hoogvliet;PrivateLabel;164;5405;1.61;2.22;1.63;2.24;0;0;0;0;0;108
6405;Hoogvliet;PrivateLabel;165;5764;1.6;2.2;1.66;2.3;0;0;0;5.42857142857143;0;93.5714285714286
6406;Hoogvliet;PrivateLabel;166;5894;1.63;2.25;1.63;2.24;0;0;0;66.4285714285714;0;88.8571428571429
6407;Hoogvliet;PrivateLabel;167;10412;1.63;2.23;1.63;2.24;0;0;0;221.142857142857;0;111.428571428571
6408;Hoogvliet;PrivateLabel;168;9939;1.62;2.22;1.66;2.28;0;0;0;623;0;113.428571428571
6409;Hoogvliet;PrivateLabel;169;7443;1.59;2.17;1.61;2.19;0;0;0;1028.85714285714;0;117.142857142857
6410;Hoogvliet;PrivateLabel;170;6236;1.61;2.19;1.64;2.25;0;0;0;990.714285714286;0;103.571428571429
6411;Hoogvliet;PrivateLabel;171;5984;1.64;2.25;1.67;2.29;0;0;0;1086.28571428571;1;209.857142857143
6412;Hoogvliet;PrivateLabel;172;6085;1.64;2.26;1.69;2.31;0;0;0;955.571428571429;1;166.285714285714
6413;Hoogvliet;PrivateLabel;173;7101;1.64;2.24;1.65;2.28;0;0;0;565.714285714286;0;189
6414;Hoogvliet;PrivateLabel;174;6100;1.67;2.29;1.62;2.22;0;0;0;359.571428571429;1;154.857142857143
6415;Hoogvliet;PrivateLabel;175;6362;1.71;2.35;1.65;2.27;0;0;0;270.285714285714;1;188.571428571429
6416;Hoogvliet;PrivateLabel;176;6530;1.71;2.33;1.65;2.25;0;0;0;176.571428571429;0;147.714285714286
6417;Hoogvliet;PrivateLabel;177;6664;1.73;2.37;1.71;2.35;0;0;0;188.714285714286;1;219.142857142857
6418;Hoogvliet;PrivateLabel;178;7400;1.76;2.4;1.74;2.39;0;11;0;137.857142857143;0;208.428571428571
6419;Hoogvliet;PrivateLabel;179;7475;1.74;2.39;1.72;2.34;0;15;0;193.428571428571;1;207.142857142857
6420;Hoogvliet;PrivateLabel;180;6247;1.68;2.3;1.74;2.38;0;0;0;159.571428571429;0;203.285714285714
6421;Hoogvliet;PrivateLabel;181;6441;1.69;2.32;1.7;2.32;0;0;0;85.7142857142857;0;226
6422;Hoogvliet;PrivateLabel;182;7411;1.65;2.26;1.69;2.3;0;0;0;75.8571428571429;0;267.571428571429
6423;Hoogvliet;PrivateLabel;183;6009;1.67;2.3;1.68;2.3;0;0;0;58.7142857142857;0;202.571428571429
6424;Hoogvliet;PrivateLabel;184;5001;1.7;2.35;1.72;2.37;0;0;0;72.2857142857143;0;188
6425;Hoogvliet;PrivateLabel;185;5356;1.68;2.31;1.68;2.3;0;0;0;141.285714285714;0;215.428571428571
6426;Hoogvliet;PrivateLabel;186;5204;1.67;2.29;1.72;2.38;0;0;0;197.142857142857;0;222
6427;Hoogvliet;PrivateLabel;187;5184;1.67;2.3;1.65;2.25;0;0;0;394.285714285714;0;242
6428;Hoogvliet;PrivateLabel;188;6075;1.64;2.25;1.66;2.27;0;0;0;606.571428571429;0;275.428571428571
6429;Hoogvliet;PrivateLabel;189;6263;1.69;2.32;1.66;2.27;0;0;0;556.857142857143;0;315.571428571429
6430;Hoogvliet;PrivateLabel;190;5174;1.69;2.32;1.63;2.24;0;0;0;512.714285714286;0;265.571428571429
6431;Hoogvliet;PrivateLabel;191;5027;1.71;2.37;1.66;2.29;0;0;0;535.571428571429;0;201.714285714286
6432;Hoogvliet;PrivateLabel;192;5151;1.75;2.42;1.72;2.39;0;0;0;832.142857142857;0;195.285714285714
6433;Hoogvliet;PrivateLabel;193;5191;1.73;2.39;1.69;2.35;0;0;0;1233.14285714286;0;198.714285714286
6434;Hoogvliet;PrivateLabel;194;4631;1.78;2.47;1.68;2.3;0;0;0;2039.57142857143;0;242.142857142857
6435;Hoogvliet;PrivateLabel;195;5090;1.75;2.42;1.71;2.36;0;0;0;2892.57142857143;0;201
6436;Hoogvliet;PrivateLabel;196;5093;1.73;2.4;1.69;2.33;0;0;0;4163.28571428571;0;162.857142857143
6437;Hoogvliet;PrivateLabel;197;4666;1.73;2.4;1.74;2.4;0;0;0;6596.42857142857;0;147.285714285714
6438;Hoogvliet;PrivateLabel;198;4798;1.75;2.42;1.69;2.33;0;0;0;8138.71428571429;0;127.857142857143
6439;Hoogvliet;PrivateLabel;199;4876;1.72;2.38;1.74;2.41;0;0;0;9551;0;156.428571428571
6440;Hoogvliet;PrivateLabel;200;4647;1.8;2.51;1.72;2.37;0;0;0;9076;0;140.714285714286
6441;Hoogvliet;PrivateLabel;201;4661;1.78;2.47;1.74;2.41;0;0;0;5899.42857142857;0;143.428571428571
6442;Hoogvliet;PrivateLabel;202;4661;1.75;2.41;1.7;2.33;0;0;0;5256.14285714286;0;143.285714285714
6443;Hoogvliet;PrivateLabel;203;4579;1.74;2.4;1.74;2.42;0;0;0;5291.57142857143;0;123
6444;Hoogvliet;PrivateLabel;204;4839;1.76;2.44;1.78;2.44;0;0;0;4827.28571428571;0;92.1428571428571
6445;Hoogvliet;PrivateLabel;205;4764;1.74;2.4;1.71;2.36;0;0;0;6360.14285714286;0;68.7142857142857
6446;Hoogvliet;PrivateLabel;206;4330;1.72;2.38;1.76;2.42;0;0;0;8968.71428571429;0;48.2857142857143
6447;Hoogvliet;PrivateLabel;207;4639;1.76;2.42;1.76;2.43;0;0;0;11617.8571428571;0;103.428571428571
6448;Hoogvliet;PrivateLabel;208;3525;1.8;2.52;1.75;2.44;0;0;0;9461.28571428571;1;100
6449;Hoogvliet;EuroShopper;1;0;0;0;0;0;0;0;0;0;1;42.1428571428571
6450;Hoogvliet;EuroShopper;2;0;0;0;0;0;0;0;0;0;0;66.8571428571429
6451;Hoogvliet;EuroShopper;3;0;0;0;0;0;0;0;0;0;0;26.5714285714286
6452;Hoogvliet;EuroShopper;4;0;0;0;0;0;0;0;0;0;0;33.2857142857143
6453;Hoogvliet;EuroShopper;5;0;0;0;0;0;0;0;0;0;0;81.4285714285714
6454;Hoogvliet;EuroShopper;6;0;0;0;0;0;0;0;0;0;0;25.4285714285714
6455;Hoogvliet;EuroShopper;7;0;0;0;0;0;0;0;0;0;0;87.5714285714286
6456;Hoogvliet;EuroShopper;8;0;0;0;0;0;0;0;0;0;0;100.142857142857
6457;Hoogvliet;EuroShopper;9;0;0;0;0;0;0;0;0;0;0;96.1428571428571
6458;Hoogvliet;EuroShopper;10;0;0;0;0;0;0;0;0;0;0;110.142857142857
6459;Hoogvliet;EuroShopper;11;0;0;0;0;0;0;0;0;0;0;138.714285714286
6460;Hoogvliet;EuroShopper;12;0;0;0;0;0;0;0;0;0;0;127
6461;Hoogvliet;EuroShopper;13;0;0;0;0;0;0;0;0;0;0;175
6462;Hoogvliet;EuroShopper;14;0;0;0;0;0;0;0;0;0;0;145.142857142857
6463;Hoogvliet;EuroShopper;15;0;0;0;0;0;0;0;0;0;1;143.714285714286
6464;Hoogvliet;EuroShopper;16;0;0;0;0;0;0;0;0;0;1;114.571428571429
6465;Hoogvliet;EuroShopper;17;0;0;0;0;0;0;0;0;0;1;116.142857142857
6466;Hoogvliet;EuroShopper;18;0;0;0;0;0;0;0;0;0;1;151
6467;Hoogvliet;EuroShopper;19;0;0;0;0;0;0;0;0;0;0;177.428571428571
6468;Hoogvliet;EuroShopper;20;0;0;0;0;0;0;0;0;0;0;215.428571428571
6469;Hoogvliet;EuroShopper;21;0;0;0;0;0;0;0;0;0;1;242.285714285714
6470;Hoogvliet;EuroShopper;22;0;0;0;0;0;0;0;0;0;0;246.142857142857
6471;Hoogvliet;EuroShopper;23;0;0;0;0;0;0;0;0;0;1;205.571428571429
6472;Hoogvliet;EuroShopper;24;0;0;0;0;0;0;0;0;0;0;225.285714285714
6473;Hoogvliet;EuroShopper;25;0;0;0;0;0;0;0;0;0;0;267.285714285714
6474;Hoogvliet;EuroShopper;26;0;0;0;0;0;0;0;0;0;0;209.714285714286
6475;Hoogvliet;EuroShopper;27;0;0;0;0;0;0;0;0;0;0;238
6476;Hoogvliet;EuroShopper;28;0;0;0;0;0;0;0;0;0;0;212.285714285714
6477;Hoogvliet;EuroShopper;29;0;0;0;0;0;0;0;0;0;0;244.142857142857
6478;Hoogvliet;EuroShopper;30;0;0;0;0;0;0;0;0;0;0;208.285714285714
6479;Hoogvliet;EuroShopper;31;0;0;0;0;0;0;0;0;0;0;221.571428571429
6480;Hoogvliet;EuroShopper;32;0;0;0;0;0;0;0;0;0;0;210.857142857143
6481;Hoogvliet;EuroShopper;33;0;0;0;0;0;0;0;0;0;0;214.714285714286
6482;Hoogvliet;EuroShopper;34;0;0;0;0;0;0;0;0;0;0;228.142857142857
6483;Hoogvliet;EuroShopper;35;0;0;0;0;0;0;0;0;0;0;230.571428571429
6484;Hoogvliet;EuroShopper;36;0;0;0;0;0;0;0;0;0;0;190.857142857143
6485;Hoogvliet;EuroShopper;37;0;0;0;0;0;0;0;0;0;0;163.857142857143
6486;Hoogvliet;EuroShopper;38;0;0;0;0;0;0;0;0;0;0;177.714285714286
6487;Hoogvliet;EuroShopper;39;0;0;0;0;0;0;0;0;0;0;192.714285714286
6488;Hoogvliet;EuroShopper;40;0;0;0;0;0;0;0;0;0;0;160.285714285714
6489;Hoogvliet;EuroShopper;41;0;0;0;0;0;0;0;0;0;0;163.142857142857
6490;Hoogvliet;EuroShopper;42;0;0;0;0;0;0;0;0;0;0;194.714285714286
6491;Hoogvliet;EuroShopper;43;0;0;0;0;0;0;0;0;0;0;156.857142857143
6492;Hoogvliet;EuroShopper;44;0;0;0;0;0;0;0;0;0;0;130.714285714286
6493;Hoogvliet;EuroShopper;45;0;0;0;0;0;0;0;0;0;0;102.142857142857
6494;Hoogvliet;EuroShopper;46;0;0;0;0;0;0;0;0;0;0;96.2857142857143
6495;Hoogvliet;EuroShopper;47;0;0;0;0;0;0;0;0;0;0;112
6496;Hoogvliet;EuroShopper;48;0;0;0;0;0;0;0;0;0;0;53.1428571428571
6497;Hoogvliet;EuroShopper;49;0;0;0;0;0;0;0;0;0;0;74.1428571428571
6498;Hoogvliet;EuroShopper;50;0;0;0;0;0;0;0;0;0;0;45.8571428571429
6499;Hoogvliet;EuroShopper;51;0;0;0;0;0;0;0;0;0;0;84
6500;Hoogvliet;EuroShopper;52;0;0;0;0;0;0;0;0;0;1;81.2857142857143
6501;Hoogvliet;EuroShopper;53;0;0;0;0;0;0;0;0;0;1;98.2857142857143
6502;Hoogvliet;EuroShopper;54;0;0;0;0;0;0;0;0;0;0;57.7142857142857
6503;Hoogvliet;EuroShopper;55;0;0;0;0;0;0;0;0;0;0;66.8571428571429
6504;Hoogvliet;EuroShopper;56;0;0;0;0;0;0;0;0;0;0;94.1428571428571
6505;Hoogvliet;EuroShopper;57;0;0;0;0;0;0;0;0;0;0;79.8571428571429
6506;Hoogvliet;EuroShopper;58;0;0;0;0;0;0;0;0;0;0;35.4285714285714
6507;Hoogvliet;EuroShopper;59;0;0;0;0;0;0;0;0;0;0;73.7142857142857
6508;Hoogvliet;EuroShopper;60;0;0;0;0;0;0;0;0;0;0;45.4285714285714
6509;Hoogvliet;EuroShopper;61;0;0;0;0;0;0;0;0;0;0;-4.71428571428571
6510;Hoogvliet;EuroShopper;62;0;0;0;0;0;0;0;0;0;0;108.571428571429
6511;Hoogvliet;EuroShopper;63;0;0;0;0;0;0;0;0;0;0;93
6512;Hoogvliet;EuroShopper;64;0;0;0;0;0;0;0;0;0;0;73.5714285714286
6513;Hoogvliet;EuroShopper;65;0;0;0;0;0;0;0;0;0;1;111
6514;Hoogvliet;EuroShopper;66;0;0;0;0;0;0;0;0;0;1;139.571428571429
6515;Hoogvliet;EuroShopper;67;0;0;0;0;0;0;0;0;0;0;176.428571428571
6516;Hoogvliet;EuroShopper;68;0;0;0;0;0;0;0;0;0;0;218.714285714286
6517;Hoogvliet;EuroShopper;69;0;0;0;0;0;0;0;0;0;1;166.428571428571
6518;Hoogvliet;EuroShopper;70;0;0;0;0;0;0;0;0;0;1;158.857142857143
6519;Hoogvliet;EuroShopper;71;0;0;0;0;0;0;0;0;0;1;231.142857142857
6520;Hoogvliet;EuroShopper;72;0;0;0;0;0;0;0;0;0;0;187.714285714286
6521;Hoogvliet;EuroShopper;73;0;0;0;0;0;0;0;0;0;1;253
6522;Hoogvliet;EuroShopper;74;0;0;0;0;0;0;0;0;0;0;258.285714285714
6523;Hoogvliet;EuroShopper;75;0;0;0;0;0;0;0;0;0;0;240.142857142857
6524;Hoogvliet;EuroShopper;76;0;0;0;0;0;0;0;0;0;0;209.428571428571
6525;Hoogvliet;EuroShopper;77;0;0;0;0;0;0;0;0;0;0;196.428571428571
6526;Hoogvliet;EuroShopper;78;0;0;0;0;0;0;0;0;0;0;237.285714285714
6527;Hoogvliet;EuroShopper;79;0;0;0;0;0;0;0;0;0;0;255.714285714286
6528;Hoogvliet;EuroShopper;80;0;0;0;0;0;0;0;0;0;0;236.142857142857
6529;Hoogvliet;EuroShopper;81;0;0;0;0;0;0;0;0;0;0;268
6530;Hoogvliet;EuroShopper;82;0;0;0;0;0;0;0;0;0;0;306.142857142857
6531;Hoogvliet;EuroShopper;83;0;0;0;0;0;0;0;0;0;0;286
6532;Hoogvliet;EuroShopper;84;0;0;0;0;0;0;0;0;0;0;255.571428571429
6533;Hoogvliet;EuroShopper;85;0;0;0;0;0;0;0;0;0;0;233.142857142857
6534;Hoogvliet;EuroShopper;86;0;0;0;0;0;0;0;0;0;0;222.428571428571
6535;Hoogvliet;EuroShopper;87;0;0;0;0;0;0;0;0;0;0;198
6536;Hoogvliet;EuroShopper;88;0;0;0;0;0;0;0;0;0;0;210.857142857143
6537;Hoogvliet;EuroShopper;89;0;0;0;0;0;0;0;0;0;0;206.285714285714
6538;Hoogvliet;EuroShopper;90;0;0;0;0;0;0;0;0;0;0;220.285714285714
6539;Hoogvliet;EuroShopper;91;0;0;0;0;0;0;0;0;0;0;164.285714285714
6540;Hoogvliet;EuroShopper;92;0;0;0;0;0;0;0;0;0;0;177
6541;Hoogvliet;EuroShopper;93;0;0;0;0;0;0;0;0;0;0;209.714285714286
6542;Hoogvliet;EuroShopper;94;0;0;0;0;0;0;0;0;0;0;199
6543;Hoogvliet;EuroShopper;95;0;0;0;0;0;0;0;0;0;0;141.714285714286
6544;Hoogvliet;EuroShopper;96;0;0;0;0;0;0;0;0;0;0;99.7142857142857
6545;Hoogvliet;EuroShopper;97;0;0;0;0;0;0;0;0;0;0;134.714285714286
6546;Hoogvliet;EuroShopper;98;0;0;0;0;0;0;0;0;0;0;115.857142857143
6547;Hoogvliet;EuroShopper;99;0;0;0;0;0;0;0;0;0;0;55.8571428571429
6548;Hoogvliet;EuroShopper;100;0;0;0;0;0;0;0;0;0;0;82.5714285714286
6549;Hoogvliet;EuroShopper;101;0;0;0;0;0;0;0;0;0;0;114
6550;Hoogvliet;EuroShopper;102;0;0;0;0;0;0;0;0;0;0;51.8571428571429
6551;Hoogvliet;EuroShopper;103;0;0;0;0;0;0;0;0;0;0;87.4285714285714
6552;Hoogvliet;EuroShopper;104;0;0;0;0;0;0;0;0;0;1;73.1428571428571
6553;Hoogvliet;EuroShopper;105;0;0;0;0;0;0;0;0;0;1;81.2857142857143
6554;Hoogvliet;EuroShopper;106;0;0;0;0;0;0;0;0;0;0;80.2857142857143
6555;Hoogvliet;EuroShopper;107;0;0;0;0;0;0;0;0;0;0;65.2857142857143
6556;Hoogvliet;EuroShopper;108;0;0;0;0;0;0;0;0;0;0;29.8571428571429
6557;Hoogvliet;EuroShopper;109;0;0;0;0;0;0;0;0;0;0;36.7142857142857
6558;Hoogvliet;EuroShopper;110;0;0;0;0;0;0;0;0;0;0;75.4285714285714
6559;Hoogvliet;EuroShopper;111;0;0;0;0;0;0;0;0;0;0;109.142857142857
6560;Hoogvliet;EuroShopper;112;0;0;0;0;0;0;0;0;0;0;124.714285714286
6561;Hoogvliet;EuroShopper;113;0;0;0;0;0;0;0;0;0;0;148.142857142857
6562;Hoogvliet;EuroShopper;114;0;0;0;0;0;0;0;0;0;0;117.428571428571
6563;Hoogvliet;EuroShopper;115;0;0;0;0;0;0;0;0;0;0;105
6564;Hoogvliet;EuroShopper;116;0;0;0;0;0;0;0;0;0;0;121.714285714286
6565;Hoogvliet;EuroShopper;117;0;0;0;0;0;0;0;0;0;0;129.428571428571
6566;Hoogvliet;EuroShopper;118;0;0;0;0;0;0;0;0;0;0;128.857142857143
6567;Hoogvliet;EuroShopper;119;0;0;0;0;0;0;0;0;0;0;137.142857142857
6568;Hoogvliet;EuroShopper;120;0;0;0;0;0;0;0;0;0;1;188.142857142857
6569;Hoogvliet;EuroShopper;121;0;0;0;0;0;0;0;0;0;1;204.285714285714
6570;Hoogvliet;EuroShopper;122;0;0;0;0;0;0;0;0;0;0;131
6571;Hoogvliet;EuroShopper;123;0;0;0;0;0;0;0;0;0;1;137.142857142857
6572;Hoogvliet;EuroShopper;124;0;0;0;0;0;0;0;0;0;0;168.571428571429
6573;Hoogvliet;EuroShopper;125;0;0;0;0;0;0;0;0;0;0;188.142857142857
6574;Hoogvliet;EuroShopper;126;0;0;0;0;0;0;0;0;0;1;201.428571428571
6575;Hoogvliet;EuroShopper;127;0;0;0;0;0;0;0;0;0;0;219
6576;Hoogvliet;EuroShopper;128;0;0;0;0;0;0;0;0;0;1;202.571428571429
6577;Hoogvliet;EuroShopper;129;0;0;0;0;0;0;0;0;0;0;233.857142857143
6578;Hoogvliet;EuroShopper;130;0;0;0;0;0;0;0;0;0;0;273.428571428571
6579;Hoogvliet;EuroShopper;131;0;0;0;0;0;0;0;0;0;0;222.428571428571
6580;Hoogvliet;EuroShopper;132;0;0;0;0;0;0;0;0;0;0;197
6581;Hoogvliet;EuroShopper;133;0;0;0;0;0;0;0;0;0;0;217.571428571429
6582;Hoogvliet;EuroShopper;134;0;0;0;0;0;0;0;0;0;0;315.428571428571
6583;Hoogvliet;EuroShopper;135;0;0;0;0;0;0;0;0;0;0;233.714285714286
6584;Hoogvliet;EuroShopper;136;0;0;0;0;0;0;0;0;0;0;239.285714285714
6585;Hoogvliet;EuroShopper;137;0;0;0;0;0;0;0;0;0;0;206.142857142857
6586;Hoogvliet;EuroShopper;138;0;0;0;0;0;0;0;0;0;0;233.428571428571
6587;Hoogvliet;EuroShopper;139;0;0;0;0;0;0;0;0;0;0;281.142857142857
6588;Hoogvliet;EuroShopper;140;0;0;0;0;0;0;0;0;0;0;190.285714285714
6589;Hoogvliet;EuroShopper;141;0;0;0;0;0;0;0;0;0;0;195.571428571429
6590;Hoogvliet;EuroShopper;142;0;0;0;0;0;0;0;0;0;0;192
6591;Hoogvliet;EuroShopper;143;0;0;0;0;0;0;0;0;0;0;192.428571428571
6592;Hoogvliet;EuroShopper;144;0;0;0;0;0;0;0;0;0;0;157.142857142857
6593;Hoogvliet;EuroShopper;145;0;0;0;0;0;0;0;0;0;0;142.714285714286
6594;Hoogvliet;EuroShopper;146;0;0;0;0;0;0;0;0;0;0;166.857142857143
6595;Hoogvliet;EuroShopper;147;0;0;0;0;0;0;0;0;0;0;164.428571428571
6596;Hoogvliet;EuroShopper;148;0;0;0;0;0;0;0;0;0;0;124.285714285714
6597;Hoogvliet;EuroShopper;149;0;0;0;0;0;0;0;0;0;0;110.428571428571
6598;Hoogvliet;EuroShopper;150;0;0;0;0;0;0;0;0;0;0;74.5714285714286
6599;Hoogvliet;EuroShopper;151;0;0;0;0;0;0;0;0;0;0;78.7142857142857
6600;Hoogvliet;EuroShopper;152;0;0;0;0;0;0;0;0;0;0;103.714285714286
6601;Hoogvliet;EuroShopper;153;0;0;0;0;0;0;0;0;0;0;75.2857142857143
6602;Hoogvliet;EuroShopper;154;0;0;0;0;0;0;0;0;0;0;79.7142857142857
6603;Hoogvliet;EuroShopper;155;0;0;0;0;0;0;0;0;0;0;107.571428571429
6604;Hoogvliet;EuroShopper;156;0;0;0;0;0;0;0;0;0;1;77.5714285714286
6605;Hoogvliet;EuroShopper;157;0;0;0;0;0;0;0;0;0;1;67.5714285714286
6606;Hoogvliet;EuroShopper;158;0;0;0;0;0;0;0;0;0;0;92.7142857142857
6607;Hoogvliet;EuroShopper;159;0;0;0;0;0;0;0;0;0;0;105.571428571429
6608;Hoogvliet;EuroShopper;160;0;0;0;0;0;0;0;0;0;0;52
6609;Hoogvliet;EuroShopper;161;0;0;0;0;0;0;0;0;0;0;98.7142857142857
6610;Hoogvliet;EuroShopper;162;0;0;0;0;0;0;0;0;0;0;93.5714285714286
6611;Hoogvliet;EuroShopper;163;0;0;0;0;0;0;0;0;0;0;98.5714285714286
6612;Hoogvliet;EuroShopper;164;0;0;0;0;0;0;0;0;0;0;108
6613;Hoogvliet;EuroShopper;165;0;0;0;0;0;0;0;0;5.42857142857143;0;93.5714285714286
6614;Hoogvliet;EuroShopper;166;0;0;0;0;0;0;0;0;66.4285714285714;0;88.8571428571429
6615;Hoogvliet;EuroShopper;167;0;0;0;0;0;0;0;0;221.142857142857;0;111.428571428571
6616;Hoogvliet;EuroShopper;168;0;0;0;0;0;0;0;0;623;0;113.428571428571
6617;Hoogvliet;EuroShopper;169;0;0;0;0;0;0;0;0;1028.85714285714;0;117.142857142857
6618;Hoogvliet;EuroShopper;170;0;0;0;0;0;0;0;0;990.714285714286;0;103.571428571429
6619;Hoogvliet;EuroShopper;171;0;0;0;0;0;0;0;0;1086.28571428571;1;209.857142857143
6620;Hoogvliet;EuroShopper;172;0;0;0;0;0;0;0;0;955.571428571429;1;166.285714285714
6621;Hoogvliet;EuroShopper;173;0;0;0;0;0;0;0;0;565.714285714286;0;189
6622;Hoogvliet;EuroShopper;174;0;0;0;0;0;0;0;0;359.571428571429;1;154.857142857143
6623;Hoogvliet;EuroShopper;175;0;0;0;0;0;0;0;0;270.285714285714;1;188.571428571429
6624;Hoogvliet;EuroShopper;176;0;0;0;0;0;0;0;0;176.571428571429;0;147.714285714286
6625;Hoogvliet;EuroShopper;177;0;0;0;0;0;0;0;0;188.714285714286;1;219.142857142857
6626;Hoogvliet;EuroShopper;178;0;0;0;0;0;0;0;0;137.857142857143;0;208.428571428571
6627;Hoogvliet;EuroShopper;179;0;0;0;0;0;0;0;0;193.428571428571;1;207.142857142857
6628;Hoogvliet;EuroShopper;180;0;0;0;0;0;0;0;0;159.571428571429;0;203.285714285714
6629;Hoogvliet;EuroShopper;181;0;0;0;0;0;0;0;0;85.7142857142857;0;226
6630;Hoogvliet;EuroShopper;182;0;0;0;0;0;0;0;0;75.8571428571429;0;267.571428571429
6631;Hoogvliet;EuroShopper;183;0;0;0;0;0;0;0;0;58.7142857142857;0;202.571428571429
6632;Hoogvliet;EuroShopper;184;0;0;0;0;0;0;0;0;72.2857142857143;0;188
6633;Hoogvliet;EuroShopper;185;0;0;0;0;0;0;0;0;141.285714285714;0;215.428571428571
6634;Hoogvliet;EuroShopper;186;0;0;0;0;0;0;0;0;197.142857142857;0;222
6635;Hoogvliet;EuroShopper;187;0;0;0;0;0;0;0;0;394.285714285714;0;242
6636;Hoogvliet;EuroShopper;188;0;0;0;0;0;0;0;0;606.571428571429;0;275.428571428571
6637;Hoogvliet;EuroShopper;189;0;0;0;0;0;0;0;0;556.857142857143;0;315.571428571429
6638;Hoogvliet;EuroShopper;190;0;0;0;0;0;0;0;0;512.714285714286;0;265.571428571429
6639;Hoogvliet;EuroShopper;191;0;0;0;0;0;0;0;0;535.571428571429;0;201.714285714286
6640;Hoogvliet;EuroShopper;192;0;0;0;0;0;0;0;0;832.142857142857;0;195.285714285714
6641;Hoogvliet;EuroShopper;193;0;0;0;0;0;0;0;0;1233.14285714286;0;198.714285714286
6642;Hoogvliet;EuroShopper;194;0;0;0;0;0;0;0;0;2039.57142857143;0;242.142857142857
6643;Hoogvliet;EuroShopper;195;0;0;0;0;0;0;0;0;2892.57142857143;0;201
6644;Hoogvliet;EuroShopper;196;0;0;0;0;0;0;0;0;4163.28571428571;0;162.857142857143
6645;Hoogvliet;EuroShopper;197;0;0;0;0;0;0;0;0;6596.42857142857;0;147.285714285714
6646;Hoogvliet;EuroShopper;198;0;0;0;0;0;0;0;0;8138.71428571429;0;127.857142857143
6647;Hoogvliet;EuroShopper;199;0;0;0;0;0;0;0;0;9551;0;156.428571428571
6648;Hoogvliet;EuroShopper;200;0;0;0;0;0;0;0;0;9076;0;140.714285714286
6649;Hoogvliet;EuroShopper;201;0;0;0;0;0;0;0;0;5899.42857142857;0;143.428571428571
6650;Hoogvliet;EuroShopper;202;0;0;0;0;0;0;0;0;5256.14285714286;0;143.285714285714
6651;Hoogvliet;EuroShopper;203;0;0;0;0;0;0;0;0;5291.57142857143;0;123
6652;Hoogvliet;EuroShopper;204;0;0;0;0;0;0;0;0;4827.28571428571;0;92.1428571428571
6653;Hoogvliet;EuroShopper;205;0;0;0;0;0;0;0;0;6360.14285714286;0;68.7142857142857
6654;Hoogvliet;EuroShopper;206;0;0;0;0;0;0;0;0;8968.71428571429;0;48.2857142857143
6655;Hoogvliet;EuroShopper;207;0;0;0;0;0;0;0;0;11617.8571428571;0;103.428571428571
6656;Hoogvliet;EuroShopper;208;0;0;0;0;0;0;0;0;9461.28571428571;1;100
6657;Hoogvliet;KarvanCevitam;1;8237;2.76;3.74;2.73;3.72;0;0;0;0;1;42.1428571428571
6658;Hoogvliet;KarvanCevitam;2;9250;2.77;4.13;2.74;3.79;0;0;0;0;0;66.8571428571429
6659;Hoogvliet;KarvanCevitam;3;76197;1.68;2.24;2.07;2.86;100;0;100;0;0;26.5714285714286
6660;Hoogvliet;KarvanCevitam;4;20431;2.77;3.71;2.77;3.74;0;0;0;0;0;33.2857142857143
6661;Hoogvliet;KarvanCevitam;5;6501;2.76;3.72;2.77;3.72;0;0;0;0;0;81.4285714285714
6662;Hoogvliet;KarvanCevitam;6;6647;2.76;3.71;2.77;3.71;0;0;0;0;0;25.4285714285714
6663;Hoogvliet;KarvanCevitam;7;7774;2.76;3.71;2.76;3.71;0;0;0;0;0;87.5714285714286
6664;Hoogvliet;KarvanCevitam;8;8379;2.76;3.71;2.76;3.71;0;0;0;0;0;100.142857142857
6665;Hoogvliet;KarvanCevitam;9;7752;2.76;3.71;2.76;3.71;0;0;0;0;0;96.1428571428571
6666;Hoogvliet;KarvanCevitam;10;8538;2.75;3.69;2.77;3.71;0;0;0;0;0;110.142857142857
6667;Hoogvliet;KarvanCevitam;11;9130;2.75;3.68;2.77;3.71;0;0;0;0;0;138.714285714286
6668;Hoogvliet;KarvanCevitam;12;9522;2.75;3.69;2.77;3.72;0;0;0;0;0;127
6669;Hoogvliet;KarvanCevitam;13;51369;2.04;2.73;2.32;3.11;100;34;100;0;0;175
6670;Hoogvliet;KarvanCevitam;14;16009;2.76;3.69;2.76;3.7;0;0;0;0;0;145.142857142857
6671;Hoogvliet;KarvanCevitam;15;7522;2.76;3.69;2.78;3.72;0;0;0;0;1;143.714285714286
6672;Hoogvliet;KarvanCevitam;16;7443;2.75;3.7;2.76;3.7;0;0;0;0;1;114.571428571429
6673;Hoogvliet;KarvanCevitam;17;7833;2.76;3.81;2.76;3.75;0;0;0;0;1;116.142857142857
6674;Hoogvliet;KarvanCevitam;18;7681;2.76;3.81;2.76;3.75;0;0;0;0;1;151
6675;Hoogvliet;KarvanCevitam;19;8625;2.76;3.86;2.76;3.86;0;0;0;0;0;177.428571428571
6676;Hoogvliet;KarvanCevitam;20;10397;2.76;3.98;2.76;3.86;0;13;0;0;0;215.428571428571
6677;Hoogvliet;KarvanCevitam;21;12305;2.76;3.97;2.76;3.86;0;0;0;0;1;242.285714285714
6678;Hoogvliet;KarvanCevitam;22;11773;2.76;3.89;2.76;3.91;0;0;0;0;0;246.142857142857
6679;Hoogvliet;KarvanCevitam;23;53566;2.02;2.72;2.29;3.2;100;0;95;0;1;205.571428571429
6680;Hoogvliet;KarvanCevitam;24;16229;2.76;3.81;2.76;3.83;0;0;0;0;0;225.285714285714
6681;Hoogvliet;KarvanCevitam;25;10967;2.76;3.89;2.76;3.87;0;0;0;0;0;267.285714285714
6682;Hoogvliet;KarvanCevitam;26;8797;2.75;3.85;2.76;3.8;0;0;0;0;0;209.714285714286
6683;Hoogvliet;KarvanCevitam;27;9886;2.76;3.94;2.76;3.88;0;0;0;0;0;238
6684;Hoogvliet;KarvanCevitam;28;36320;2.03;2.75;2.29;3.24;100;3;100;0;0;212.285714285714
6685;Hoogvliet;KarvanCevitam;29;12063;2.76;3.83;2.76;3.92;0;10;0;0;0;244.142857142857
6686;Hoogvliet;KarvanCevitam;30;6191;2.76;3.96;2.76;3.84;0;0;0;0;0;208.285714285714
6687;Hoogvliet;KarvanCevitam;31;13505;2.69;3.69;2.76;3.95;28;6;95;0;0;221.571428571429
6688;Hoogvliet;KarvanCevitam;32;8115;2.74;3.81;2.76;3.83;0;0;0;0;0;210.857142857143
6689;Hoogvliet;KarvanCevitam;33;7945;2.75;3.86;2.75;3.83;0;0;0;0;0;214.714285714286
6690;Hoogvliet;KarvanCevitam;34;9316;2.76;3.85;2.75;3.83;0;0;0;0;0;228.142857142857
6691;Hoogvliet;KarvanCevitam;35;40459;2.02;2.72;2.29;3.2;85;0;82;0;0;230.571428571429
6692;Hoogvliet;KarvanCevitam;36;12821;2.76;3.77;2.75;3.87;0;0;0;0;0;190.857142857143
6693;Hoogvliet;KarvanCevitam;37;6712;2.75;3.81;2.76;3.8;0;0;0;0;0;163.857142857143
6694;Hoogvliet;KarvanCevitam;38;7512;2.76;3.79;2.75;3.78;0;0;0;0;0;177.714285714286
6695;Hoogvliet;KarvanCevitam;39;7859;2.76;3.8;2.76;3.75;0;0;0;0;0;192.714285714286
6696;Hoogvliet;KarvanCevitam;40;11814;2.73;3.75;2.79;4.14;84;0;47;0;0;160.285714285714
6697;Hoogvliet;KarvanCevitam;41;7916;2.75;3.75;2.75;3.78;0;0;0;0;0;163.142857142857
6698;Hoogvliet;KarvanCevitam;42;8143;2.74;4.11;2.75;3.81;0;19;0;0;0;194.714285714286
6699;Hoogvliet;KarvanCevitam;43;37441;2.03;2.73;2.31;3.37;86;0;59;0;0;156.857142857143
6700;Hoogvliet;KarvanCevitam;44;12146;2.75;3.71;2.75;3.79;0;0;0;0;0;130.714285714286
6701;Hoogvliet;KarvanCevitam;45;6754;2.74;3.71;2.76;3.73;0;0;0;0;0;102.142857142857
6702;Hoogvliet;KarvanCevitam;46;44633;2.76;3.69;2.75;3.7;0;0;0;0;0;96.2857142857143
6703;Hoogvliet;KarvanCevitam;47;7668;2.74;3.69;2.75;3.69;0;25;0;0;0;112
6704;Hoogvliet;KarvanCevitam;48;6359;2.74;3.7;2.75;3.69;0;11;0;0;0;53.1428571428571
6705;Hoogvliet;KarvanCevitam;49;6995;2.74;3.68;2.75;3.69;0;0;0;0;0;74.1428571428571
6706;Hoogvliet;KarvanCevitam;50;32721;2.02;2.7;2.29;3.07;95;0;63;0;0;45.8571428571429
6707;Hoogvliet;KarvanCevitam;51;12716;2.74;3.68;2.75;3.69;0;0;0;0;0;84
6708;Hoogvliet;KarvanCevitam;52;5532;2.76;3.7;2.75;3.68;0;0;0;0;1;81.2857142857143
6709;Hoogvliet;KarvanCevitam;53;6493;2.76;3.71;2.75;3.68;0;0;0;0;1;98.2857142857143
6710;Hoogvliet;KarvanCevitam;54;7304;2.78;3.73;2.76;3.71;0;0;0;0;0;57.7142857142857
6711;Hoogvliet;KarvanCevitam;55;7878;2.78;3.73;2.77;3.71;0;0;0;0;0;66.8571428571429
6712;Hoogvliet;KarvanCevitam;56;8735;2.78;3.73;2.78;3.73;0;0;0;0;0;94.1428571428571
6713;Hoogvliet;KarvanCevitam;57;8477;2.78;3.73;2.78;3.73;0;0;0;0;0;79.8571428571429
6714;Hoogvliet;KarvanCevitam;58;8066;2.78;3.73;2.78;3.73;0;0;0;0;0;35.4285714285714
6715;Hoogvliet;KarvanCevitam;59;8612;2.78;3.72;2.77;3.73;0;0;0;0;0;73.7142857142857
6716;Hoogvliet;KarvanCevitam;60;30245;2.26;3.02;2.45;3.29;88;0;80;0;0;45.4285714285714
6717;Hoogvliet;KarvanCevitam;61;10913;2.79;3.73;2.79;3.74;0;0;0;0;0;-4.71428571428571
6718;Hoogvliet;KarvanCevitam;62;7303;2.77;3.72;2.78;3.72;0;13;0;0;0;108.571428571429
6719;Hoogvliet;KarvanCevitam;63;8099;2.74;3.68;2.78;3.73;0;0;0;0;0;93
6720;Hoogvliet;KarvanCevitam;64;9750;2.74;3.68;2.81;3.77;0;0;0;0;0;73.5714285714286
6721;Hoogvliet;KarvanCevitam;65;8824;2.75;3.69;2.77;3.71;0;22;0;0;1;111
6722;Hoogvliet;KarvanCevitam;66;38925;2.3;3.08;2.46;3.3;93;66;82;0;1;139.571428571429
6723;Hoogvliet;KarvanCevitam;67;12474;2.8;3.75;2.78;3.72;0;11;0;0;0;176.428571428571
6724;Hoogvliet;KarvanCevitam;68;8580;2.78;3.72;2.78;3.72;0;0;0;0;0;218.714285714286
6725;Hoogvliet;KarvanCevitam;69;8517;2.76;3.7;2.78;3.72;0;0;0;0;1;166.428571428571
6726;Hoogvliet;KarvanCevitam;70;7586;2.77;3.71;2.77;3.71;0;0;0;0;1;158.857142857143
6727;Hoogvliet;KarvanCevitam;71;8594;2.77;3.71;2.78;3.72;0;0;0;0;1;231.142857142857
6728;Hoogvliet;KarvanCevitam;72;7904;2.77;3.71;2.76;3.7;0;0;0;0;0;187.714285714286
6729;Hoogvliet;KarvanCevitam;73;9507;2.78;3.72;2.78;3.72;0;0;0;0;1;253
6730;Hoogvliet;KarvanCevitam;74;40087;2.28;3.04;2.47;3.31;95;26;72;0;0;258.285714285714
6731;Hoogvliet;KarvanCevitam;75;13771;2.78;3.71;2.79;3.74;0;0;0;0;0;240.142857142857
6732;Hoogvliet;KarvanCevitam;76;7631;2.77;3.71;2.78;3.72;0;0;0;0;0;209.428571428571
6733;Hoogvliet;KarvanCevitam;77;8111;2.77;3.71;2.77;3.71;0;0;0;0;0;196.428571428571
6734;Hoogvliet;KarvanCevitam;78;9694;2.78;3.72;2.78;3.71;0;0;0;0;0;237.285714285714
6735;Hoogvliet;KarvanCevitam;79;35614;2.27;3.02;2.47;3.3;75;0;94;0;0;255.714285714286
6736;Hoogvliet;KarvanCevitam;80;12030;2.78;3.72;2.78;3.72;0;0;0;0;0;236.142857142857
6737;Hoogvliet;KarvanCevitam;81;7862;2.77;3.72;2.78;3.71;0;0;0;0;0;268
6738;Hoogvliet;KarvanCevitam;82;10012;2.78;3.72;2.78;3.73;0;0;0;0;0;306.142857142857
6739;Hoogvliet;KarvanCevitam;83;34327;1.48;1.98;1.86;2.49;100;0;12;0;0;286
6740;Hoogvliet;KarvanCevitam;84;11363;2.8;3.74;2.78;3.72;0;7;0;0;0;255.571428571429
6741;Hoogvliet;KarvanCevitam;85;7492;2.77;3.71;2.79;3.73;0;9;0;0;0;233.142857142857
6742;Hoogvliet;KarvanCevitam;86;48970;1.71;2.28;2.06;2.76;87;0;13;0;0;222.428571428571
6743;Hoogvliet;KarvanCevitam;87;9272;2.77;3.71;2.79;3.73;0;16;0;0;0;198
6744;Hoogvliet;KarvanCevitam;88;7659;2.75;3.68;2.78;3.73;0;0;0;0;0;210.857142857143
6745;Hoogvliet;KarvanCevitam;89;7129;2.72;3.65;2.78;3.72;0;0;0;0;0;206.285714285714
6746;Hoogvliet;KarvanCevitam;90;25395;2.27;3.03;2.47;3.31;91;0;95;0;0;220.285714285714
6747;Hoogvliet;KarvanCevitam;91;10451;2.74;3.66;2.76;3.7;0;8;0;0;0;164.285714285714
6748;Hoogvliet;KarvanCevitam;92;7105;2.73;3.65;2.76;3.69;0;0;0;0;0;177
6749;Hoogvliet;KarvanCevitam;93;7642;2.73;3.66;2.74;3.67;0;0;0;0;0;209.714285714286
6750;Hoogvliet;KarvanCevitam;94;26808;2.26;3.02;2.44;3.27;94;0;95;0;0;199
6751;Hoogvliet;KarvanCevitam;95;12614;2.77;3.7;2.75;3.68;0;0;0;0;0;141.714285714286
6752;Hoogvliet;KarvanCevitam;96;9023;2.77;3.71;2.76;3.69;0;13;0;0;0;99.7142857142857
6753;Hoogvliet;KarvanCevitam;97;8500;2.76;3.69;2.76;3.69;0;11;0;0;0;134.714285714286
6754;Hoogvliet;KarvanCevitam;98;7642;2.74;3.67;2.76;3.69;0;0;0;0;0;115.857142857143
6755;Hoogvliet;KarvanCevitam;99;52707;1.52;2.03;2.17;2.91;100;0;13;0;0;55.8571428571429
6756;Hoogvliet;KarvanCevitam;100;9329;2.73;3.65;2.76;3.69;0;19;0;0;0;82.5714285714286
6757;Hoogvliet;KarvanCevitam;101;18398;2.26;3.02;2.47;3.3;73;0;94;0;0;114
6758;Hoogvliet;KarvanCevitam;102;8458;2.72;3.64;2.74;3.66;0;0;0;0;0;51.8571428571429
6759;Hoogvliet;KarvanCevitam;103;7018;2.73;3.65;2.73;3.66;0;0;0;0;0;87.4285714285714
6760;Hoogvliet;KarvanCevitam;104;5572;2.75;3.69;2.73;3.65;0;0;0;0;1;73.1428571428571
6761;Hoogvliet;KarvanCevitam;105;6430;2.82;3.78;2.73;3.66;0;0;0;0;1;81.2857142857143
6762;Hoogvliet;KarvanCevitam;106;6820;2.83;3.78;2.75;3.69;0;0;0;0;0;80.2857142857143
6763;Hoogvliet;KarvanCevitam;107;7054;2.83;3.79;2.83;3.78;0;0;0;0;0;65.2857142857143
6764;Hoogvliet;KarvanCevitam;108;25678;2.51;3.35;2.59;3.47;92;0;66;0;0;29.8571428571429
6765;Hoogvliet;KarvanCevitam;109;9019;2.83;3.79;2.84;3.8;0;0;0;0;0;36.7142857142857
6766;Hoogvliet;KarvanCevitam;110;6459;2.8;3.75;2.82;3.78;0;0;0;0;0;75.4285714285714
6767;Hoogvliet;KarvanCevitam;111;24274;2.28;3.04;2.52;3.38;90;0;83;0;0;109.142857142857
6768;Hoogvliet;KarvanCevitam;112;9231;2.76;3.69;2.84;3.79;0;0;0;0;0;124.714285714286
6769;Hoogvliet;KarvanCevitam;113;5972;2.79;3.73;2.83;3.79;0;0;0;0;0;148.142857142857
6770;Hoogvliet;KarvanCevitam;114;6097;2.8;3.75;2.81;3.76;0;0;0;0;0;117.428571428571
6771;Hoogvliet;KarvanCevitam;115;6342;2.82;3.77;2.8;3.75;0;0;0;0;0;105
6772;Hoogvliet;KarvanCevitam;116;24158;2.27;3.03;2.45;3.29;100;0;78;0;0;121.714285714286
6773;Hoogvliet;KarvanCevitam;117;9662;2.76;3.69;2.82;3.78;0;0;0;0;0;129.428571428571
6774;Hoogvliet;KarvanCevitam;118;6387;2.74;3.67;2.83;3.78;0;0;0;0;0;128.857142857143
6775;Hoogvliet;KarvanCevitam;119;7410;2.72;3.65;2.81;3.77;0;0;0;0;0;137.142857142857
6776;Hoogvliet;KarvanCevitam;120;8618;2.71;3.62;2.82;3.78;0;0;0;0;1;188.142857142857
6777;Hoogvliet;KarvanCevitam;121;8027;2.72;3.64;2.75;3.69;0;0;0;0;1;204.285714285714
6778;Hoogvliet;KarvanCevitam;122;14886;2.71;3.62;2.74;3.67;0;28;0;0;0;131
6779;Hoogvliet;KarvanCevitam;123;8479;2.7;3.62;2.74;3.67;0;0;0;0;1;137.142857142857
6780;Hoogvliet;KarvanCevitam;124;50851;2.47;3.29;2.58;3.45;90;0;69;0;0;168.571428571429
6781;Hoogvliet;KarvanCevitam;125;9952;2.72;3.64;2.72;3.64;0;0;0;0;0;188.142857142857
6782;Hoogvliet;KarvanCevitam;126;8232;2.71;3.63;2.73;3.66;0;0;0;0;1;201.428571428571
6783;Hoogvliet;KarvanCevitam;127;23124;2.72;3.64;2.74;3.67;79;25;45;0;0;219
6784;Hoogvliet;KarvanCevitam;128;10419;2.7;3.64;2.71;3.66;0;0;0;0;1;202.571428571429
6785;Hoogvliet;KarvanCevitam;129;8854;2.73;3.71;2.71;3.66;0;0;0;0;0;233.857142857143
6786;Hoogvliet;KarvanCevitam;130;30663;2.27;3.05;2.45;3.3;92;0;71;0;0;273.428571428571
6787;Hoogvliet;KarvanCevitam;131;10646;2.69;3.66;2.72;3.7;0;0;0;0;0;222.428571428571
6788;Hoogvliet;KarvanCevitam;132;12245;2.69;3.65;2.73;3.69;0;20;0;0;0;197
6789;Hoogvliet;KarvanCevitam;133;8290;2.67;3.67;2.72;3.7;0;0;0;0;0;217.571428571429
6790;Hoogvliet;KarvanCevitam;134;10526;2.67;3.66;2.7;3.72;0;0;0;0;0;315.428571428571
6791;Hoogvliet;KarvanCevitam;135;7275;2.7;3.7;2.68;3.68;0;0;0;0;0;233.714285714286
6792;Hoogvliet;KarvanCevitam;136;7893;2.71;3.71;2.67;3.7;0;9;0;0;0;239.285714285714
6793;Hoogvliet;KarvanCevitam;137;6929;2.71;3.71;2.72;3.72;0;0;0;0;0;206.142857142857
6794;Hoogvliet;KarvanCevitam;138;23312;2.47;3.32;2.57;3.5;100;43;65;0;0;233.428571428571
6795;Hoogvliet;KarvanCevitam;139;13178;2.69;3.66;2.73;3.71;0;0;0;0;0;281.142857142857
6796;Hoogvliet;KarvanCevitam;140;7828;2.66;3.65;2.71;3.68;0;0;0;0;0;190.285714285714
6797;Hoogvliet;KarvanCevitam;141;7565;2.67;3.66;2.72;3.69;0;0;0;0;0;195.571428571429
6798;Hoogvliet;KarvanCevitam;142;21730;2.49;3.35;2.57;3.51;88;0;59;0;0;192
6799;Hoogvliet;KarvanCevitam;143;10251;2.7;3.67;2.69;3.67;0;0;0;0;0;192.428571428571
6800;Hoogvliet;KarvanCevitam;144;7058;2.69;3.67;2.69;3.68;0;0;0;0;0;157.142857142857
6801;Hoogvliet;KarvanCevitam;145;7390;2.71;3.71;2.7;3.67;0;0;0;0;0;142.714285714286
6802;Hoogvliet;KarvanCevitam;146;33763;1.71;2.3;2.01;2.73;100;0;83;0;0;166.857142857143
6803;Hoogvliet;KarvanCevitam;147;10988;2.72;3.7;2.72;3.7;0;0;0;0;0;164.428571428571
6804;Hoogvliet;KarvanCevitam;148;6585;2.69;3.68;2.72;3.7;0;0;0;0;0;124.285714285714
6805;Hoogvliet;KarvanCevitam;149;7118;2.69;3.68;2.71;3.7;0;0;0;0;0;110.428571428571
6806;Hoogvliet;KarvanCevitam;150;7994;2.62;3.71;2.7;3.7;0;0;0;0;0;74.5714285714286
6807;Hoogvliet;KarvanCevitam;151;7759;2.67;3.67;2.7;3.7;0;0;0;0;0;78.7142857142857
6808;Hoogvliet;KarvanCevitam;152;55728;1.73;2.31;2.04;2.82;91;0;72;0;0;103.714285714286
6809;Hoogvliet;KarvanCevitam;153;9531;2.68;3.64;2.69;3.68;0;15;0;0;0;75.2857142857143
6810;Hoogvliet;KarvanCevitam;154;6874;2.66;3.63;2.69;3.68;0;0;0;0;0;79.7142857142857
6811;Hoogvliet;KarvanCevitam;155;7360;2.65;3.63;2.69;3.66;0;0;0;0;0;107.571428571429
6812;Hoogvliet;KarvanCevitam;156;5711;2.64;3.64;2.66;3.66;0;0;0;0;1;77.5714285714286
6813;Hoogvliet;KarvanCevitam;157;20415;2.27;3.05;2.42;3.33;95;0;81;0;1;67.5714285714286
6814;Hoogvliet;KarvanCevitam;158;9461;2.67;3.63;2.65;3.63;0;0;0;0;0;92.7142857142857
6815;Hoogvliet;KarvanCevitam;159;6719;2.66;3.63;2.67;3.63;0;0;0;0;0;105.571428571429
6816;Hoogvliet;KarvanCevitam;160;6991;2.66;3.63;2.67;3.64;0;0;0;0;0;52
6817;Hoogvliet;KarvanCevitam;161;7270;2.66;3.63;2.67;3.63;0;0;0;0;0;98.7142857142857
6818;Hoogvliet;KarvanCevitam;162;7997;2.66;3.63;2.66;3.63;0;0;0;0;0;93.5714285714286
6819;Hoogvliet;KarvanCevitam;163;29917;2.27;3.04;2.41;3.32;92;0;84;0;0;98.5714285714286
6820;Hoogvliet;KarvanCevitam;164;10341;2.66;3.61;2.65;3.61;0;0;0;0;0;108
6821;Hoogvliet;KarvanCevitam;165;6605;2.67;3.63;2.68;3.62;0;16;0;5.42857142857143;0;93.5714285714286
6822;Hoogvliet;KarvanCevitam;166;7076;2.68;3.62;2.67;3.61;0;0;0;66.4285714285714;0;88.8571428571429
6823;Hoogvliet;KarvanCevitam;167;12190;2.76;3.71;2.69;3.62;0;0;0;221.142857142857;0;111.428571428571
6824;Hoogvliet;KarvanCevitam;168;12179;2.77;3.71;2.68;3.63;0;0;0;623;0;113.428571428571
6825;Hoogvliet;KarvanCevitam;169;10391;2.77;3.71;2.76;3.71;0;0;0;1028.85714285714;0;117.142857142857
6826;Hoogvliet;KarvanCevitam;170;28165;2.24;3;2.79;3.73;100;0;0;990.714285714286;0;103.571428571429
6827;Hoogvliet;KarvanCevitam;171;10986;2.77;3.71;2.77;3.72;0;0;0;1086.28571428571;1;209.857142857143
6828;Hoogvliet;KarvanCevitam;172;7814;2.77;3.71;2.77;3.71;0;0;0;955.571428571429;1;166.285714285714
6829;Hoogvliet;KarvanCevitam;173;9510;2.69;3.61;2.77;3.71;0;0;0;565.714285714286;0;189
6830;Hoogvliet;KarvanCevitam;174;8830;2.68;3.59;2.78;3.71;0;0;0;359.571428571429;1;154.857142857143
6831;Hoogvliet;KarvanCevitam;175;8854;2.68;3.59;2.77;3.71;0;0;0;270.285714285714;1;188.571428571429
6832;Hoogvliet;KarvanCevitam;176;9012;2.68;3.59;2.77;3.71;0;0;0;176.571428571429;0;147.714285714286
6833;Hoogvliet;KarvanCevitam;177;10192;2.68;3.59;2.69;3.61;0;0;0;188.714285714286;1;219.142857142857
6834;Hoogvliet;KarvanCevitam;178;10130;2.68;3.59;2.68;3.59;0;0;0;137.857142857143;0;208.428571428571
6835;Hoogvliet;KarvanCevitam;179;34411;2.28;3.04;2.45;3.27;84;0;75;193.428571428571;1;207.142857142857
6836;Hoogvliet;KarvanCevitam;180;11063;2.75;3.65;2.7;3.59;0;3;0;159.571428571429;0;203.285714285714
6837;Hoogvliet;KarvanCevitam;181;8042;2.94;3.87;2.71;3.58;0;0;0;85.7142857142857;0;226
6838;Hoogvliet;KarvanCevitam;182;33989;2.34;3.11;2.45;3.24;96;0;66;75.8571428571429;0;267.571428571429
6839;Hoogvliet;KarvanCevitam;183;12023;2.77;3.66;2.9;3.83;0;0;0;58.7142857142857;0;202.571428571429
6840;Hoogvliet;KarvanCevitam;184;7144;2.78;3.65;2.91;3.83;0;0;0;72.2857142857143;0;188
6841;Hoogvliet;KarvanCevitam;185;7836;2.71;3.55;2.89;3.8;0;0;0;141.285714285714;0;215.428571428571
6842;Hoogvliet;KarvanCevitam;186;7655;2.69;3.53;2.86;3.78;0;0;0;197.142857142857;0;222
6843;Hoogvliet;KarvanCevitam;187;7989;2.7;3.53;2.75;3.62;0;0;0;394.285714285714;0;242
6844;Hoogvliet;KarvanCevitam;188;9641;2.69;3.52;2.75;3.62;0;0;0;606.571428571429;0;275.428571428571
6845;Hoogvliet;KarvanCevitam;189;11197;2.76;3.61;2.7;3.55;0;0;0;556.857142857143;0;315.571428571429
6846;Hoogvliet;KarvanCevitam;190;28783;2.35;3.13;2.47;3.23;97;0;60;512.714285714286;0;265.571428571429
6847;Hoogvliet;KarvanCevitam;191;11016;2.73;3.6;2.77;3.63;0;0;0;535.571428571429;0;201.714285714286
6848;Hoogvliet;KarvanCevitam;192;7150;2.7;3.53;2.76;3.62;0;0;0;832.142857142857;0;195.285714285714
6849;Hoogvliet;KarvanCevitam;193;7397;2.7;3.53;2.76;3.63;0;0;0;1233.14285714286;0;198.714285714286
6850;Hoogvliet;KarvanCevitam;194;8141;2.7;3.53;2.76;3.63;0;0;0;2039.57142857143;0;242.142857142857
6851;Hoogvliet;KarvanCevitam;195;8451;2.69;3.51;2.73;3.58;0;0;0;2892.57142857143;0;201
6852;Hoogvliet;KarvanCevitam;196;8148;2.69;3.51;2.7;3.53;0;0;0;4163.28571428571;0;162.857142857143
6853;Hoogvliet;KarvanCevitam;197;41101;2.06;2.74;2.36;3.08;84;0;79;6596.42857142857;0;147.285714285714
6854;Hoogvliet;KarvanCevitam;198;12065;2.67;3.52;2.7;3.53;0;0;0;8138.71428571429;0;127.857142857143
6855;Hoogvliet;KarvanCevitam;199;6512;2.67;3.51;2.69;3.52;0;0;0;9551;0;156.428571428571
6856;Hoogvliet;KarvanCevitam;200;7045;2.68;3.5;2.68;3.51;0;0;0;9076;0;140.714285714286
6857;Hoogvliet;KarvanCevitam;201;7511;2.74;3.57;2.68;3.51;0;0;0;5899.42857142857;0;143.428571428571
6858;Hoogvliet;KarvanCevitam;202;25996;2.32;3.08;2.19;2.87;91;0;72;5256.14285714286;0;143.285714285714
6859;Hoogvliet;KarvanCevitam;203;8554;2.93;3.87;2.73;3.58;0;0;0;5291.57142857143;0;123
6860;Hoogvliet;KarvanCevitam;204;6246;2.96;3.87;2.9;3.81;0;6;0;4827.28571428571;0;92.1428571428571
6861;Hoogvliet;KarvanCevitam;205;7082;2.88;3.75;2.95;3.86;0;6;0;6360.14285714286;0;68.7142857142857
6862;Hoogvliet;KarvanCevitam;206;54336;1.77;2.36;1.95;2.57;69;0;81;8968.71428571429;0;48.2857142857143
6863;Hoogvliet;KarvanCevitam;207;15766;2.85;3.77;2.97;3.89;0;0;0;11617.8571428571;0;103.428571428571
6864;Hoogvliet;KarvanCevitam;208;5317;2.86;3.74;2.95;3.87;0;0;0;9461.28571428571;1;100
6865;Hoogvliet;Raak;1;7410;1.33;1.77;1.29;1.72;0;0;0;0;1;42.1428571428571
6866;Hoogvliet;Raak;2;7161;1.34;1.79;1.29;1.72;0;0;0;0;0;66.8571428571429
6867;Hoogvliet;Raak;3;7258;1.34;1.79;1.32;1.76;0;0;0;0;0;26.5714285714286
6868;Hoogvliet;Raak;4;7543;1.33;1.78;1.33;1.78;0;0;0;0;0;33.2857142857143
6869;Hoogvliet;Raak;5;7569;1.33;1.78;1.34;1.78;0;0;0;0;0;81.4285714285714
6870;Hoogvliet;Raak;6;7133;1.33;1.78;1.34;1.79;0;0;0;0;0;25.4285714285714
6871;Hoogvliet;Raak;7;27180;1;1.34;1.14;1.51;55;0;73;0;0;87.5714285714286
6872;Hoogvliet;Raak;8;11350;1.34;1.78;1.33;1.78;0;0;0;0;0;100.142857142857
6873;Hoogvliet;Raak;9;5880;1.33;1.78;1.34;1.79;0;0;0;0;0;96.1428571428571
6874;Hoogvliet;Raak;10;6680;1.33;1.78;1.34;1.78;0;0;0;0;0;110.142857142857
6875;Hoogvliet;Raak;11;7567;1.33;1.78;1.33;1.78;0;0;0;0;0;138.714285714286
6876;Hoogvliet;Raak;12;8150;1.33;1.78;1.33;1.78;0;0;0;0;0;127
6877;Hoogvliet;Raak;13;8035;1.33;1.78;1.34;1.78;0;0;0;0;0;175
6878;Hoogvliet;Raak;14;7935;1.34;1.78;1.33;1.78;0;0;0;0;0;145.142857142857
6879;Hoogvliet;Raak;15;8098;1.32;1.77;1.34;1.78;0;0;0;0;1;143.714285714286
6880;Hoogvliet;Raak;16;27924;1;1.34;1.14;1.52;43;0;100;0;1;114.571428571429
6881;Hoogvliet;Raak;17;9809;1.32;1.76;1.34;1.78;0;0;0;0;1;116.142857142857
6882;Hoogvliet;Raak;18;6154;1.31;1.75;1.34;1.78;0;0;0;0;1;151
6883;Hoogvliet;Raak;19;7175;1.31;1.75;1.33;1.77;0;0;0;0;0;177.428571428571
6884;Hoogvliet;Raak;20;8192;1.31;1.75;1.32;1.76;0;0;0;0;0;215.428571428571
6885;Hoogvliet;Raak;21;9487;1.31;1.75;1.31;1.75;0;0;0;0;1;242.285714285714
6886;Hoogvliet;Raak;22;9407;1.31;1.75;1.31;1.75;0;0;0;0;0;246.142857142857
6887;Hoogvliet;Raak;23;8036;1.32;1.75;1.31;1.75;0;0;0;0;1;205.571428571429
6888;Hoogvliet;Raak;24;8586;1.31;1.75;1.32;1.75;0;0;0;0;0;225.285714285714
6889;Hoogvliet;Raak;25;10571;1.31;1.75;1.32;1.76;0;0;0;0;0;267.285714285714
6890;Hoogvliet;Raak;26;8707;1.31;1.75;1.31;1.75;0;0;0;0;0;209.714285714286
6891;Hoogvliet;Raak;27;9102;1.31;1.75;1.31;1.75;0;0;0;0;0;238
6892;Hoogvliet;Raak;28;7302;1.31;1.75;1.31;1.75;0;0;0;0;0;212.285714285714
6893;Hoogvliet;Raak;29;7235;1.31;1.75;1.31;1.75;0;0;0;0;0;244.142857142857
6894;Hoogvliet;Raak;30;6731;1.31;1.75;1.31;1.75;0;0;0;0;0;208.285714285714
6895;Hoogvliet;Raak;31;6177;1.31;1.75;1.31;1.75;0;0;0;0;0;221.571428571429
6896;Hoogvliet;Raak;32;6258;1.31;1.75;1.31;1.75;0;0;0;0;0;210.857142857143
6897;Hoogvliet;Raak;33;7368;1.31;1.75;1.31;1.75;0;0;0;0;0;214.714285714286
6898;Hoogvliet;Raak;34;8449;1.31;1.75;1.31;1.75;0;0;0;0;0;228.142857142857
6899;Hoogvliet;Raak;35;8158;1.31;1.75;1.31;1.75;0;0;0;0;0;230.571428571429
6900;Hoogvliet;Raak;36;7674;1.31;1.75;1.31;1.75;0;0;0;0;0;190.857142857143
6901;Hoogvliet;Raak;37;28358;1.01;1.35;1.13;1.51;32;0;91;0;0;163.857142857143
6902;Hoogvliet;Raak;38;10586;1.32;1.76;1.31;1.75;0;0;0;0;0;177.714285714286
6903;Hoogvliet;Raak;39;6220;1.31;1.75;1.32;1.76;0;0;0;0;0;192.714285714286
6904;Hoogvliet;Raak;40;6515;1.31;1.75;1.31;1.75;0;0;0;0;0;160.285714285714
6905;Hoogvliet;Raak;41;6601;1.31;1.75;1.31;1.75;0;0;0;0;0;163.142857142857
6906;Hoogvliet;Raak;42;7120;1.31;1.75;1.32;1.76;0;0;0;0;0;194.714285714286
6907;Hoogvliet;Raak;43;7607;1.31;1.75;1.32;1.76;0;0;0;0;0;156.857142857143
6908;Hoogvliet;Raak;44;7356;1.31;1.75;1.31;1.75;0;0;0;0;0;130.714285714286
6909;Hoogvliet;Raak;45;7313;1.3;1.73;1.31;1.74;0;0;0;0;0;102.142857142857
6910;Hoogvliet;Raak;46;6945;1.29;1.72;1.32;1.75;0;0;0;0;0;96.2857142857143
6911;Hoogvliet;Raak;47;28085;1.01;1.35;1.13;1.51;50;0;77;0;0;112
6912;Hoogvliet;Raak;48;10506;1.29;1.72;1.32;1.75;0;0;0;0;0;53.1428571428571
6913;Hoogvliet;Raak;49;6308;1.29;1.72;1.3;1.73;0;0;0;0;0;74.1428571428571
6914;Hoogvliet;Raak;50;7302;1.29;1.72;1.29;1.72;0;0;0;0;0;45.8571428571429
6915;Hoogvliet;Raak;51;8436;1.28;1.71;1.3;1.73;0;0;0;0;0;84
6916;Hoogvliet;Raak;52;23135;1.01;1.35;1.12;1.49;45;0;56;0;1;81.2857142857143
6917;Hoogvliet;Raak;53;5586;1.3;1.73;1.3;1.73;0;12;0;0;1;98.2857142857143
6918;Hoogvliet;Raak;54;40814;0.7;0.93;0.85;1.14;35;0;87;0;0;57.7142857142857
6919;Hoogvliet;Raak;55;13255;1.35;1.79;1.3;1.74;0;0;0;0;0;66.8571428571429
6920;Hoogvliet;Raak;56;6491;1.37;1.82;1.34;1.79;0;0;0;0;0;94.1428571428571
6921;Hoogvliet;Raak;57;6906;1.36;1.81;1.35;1.8;0;0;0;0;0;79.8571428571429
6922;Hoogvliet;Raak;58;6783;1.35;1.8;1.36;1.82;0;0;0;0;0;35.4285714285714
6923;Hoogvliet;Raak;59;7080;1.35;1.8;1.36;1.82;0;0;0;0;0;73.7142857142857
6924;Hoogvliet;Raak;60;7031;1.36;1.81;1.36;1.81;0;0;0;0;0;45.4285714285714
6925;Hoogvliet;Raak;61;6899;1.35;1.81;1.36;1.82;0;0;0;0;0;-4.71428571428571
6926;Hoogvliet;Raak;62;7152;1.35;1.81;1.36;1.81;0;0;0;0;0;108.571428571429
6927;Hoogvliet;Raak;63;7699;1.36;1.81;1.36;1.82;0;0;0;0;0;93
6928;Hoogvliet;Raak;64;36757;1.02;1.35;1.14;1.52;48;0;81;0;0;73.5714285714286
6929;Hoogvliet;Raak;65;12421;1.04;1.39;1.17;1.57;50;0;76;0;1;111
6930;Hoogvliet;Raak;66;6934;1.35;1.8;1.37;1.82;0;0;0;0;1;139.571428571429
6931;Hoogvliet;Raak;67;7589;1.35;1.8;1.37;1.83;0;0;0;0;0;176.428571428571
6932;Hoogvliet;Raak;68;9081;1.35;1.8;1.36;1.81;0;0;0;0;0;218.714285714286
6933;Hoogvliet;Raak;69;8534;1.35;1.8;1.36;1.81;0;0;0;0;1;166.428571428571
6934;Hoogvliet;Raak;70;7844;1.35;1.8;1.35;1.8;0;0;0;0;1;158.857142857143
6935;Hoogvliet;Raak;71;35818;1.36;1.81;1.35;1.8;47;0;93;0;1;231.142857142857
6936;Hoogvliet;Raak;72;13718;1.36;1.81;1.35;1.8;0;0;0;0;0;187.714285714286
6937;Hoogvliet;Raak;73;8791;1.35;1.8;1.35;1.8;0;0;0;0;1;253
6938;Hoogvliet;Raak;74;9956;1.35;1.8;1.35;1.81;0;0;0;0;0;258.285714285714
6939;Hoogvliet;Raak;75;9210;1.35;1.8;1.35;1.8;0;0;0;0;0;240.142857142857
6940;Hoogvliet;Raak;76;8790;1.35;1.8;1.35;1.8;0;0;0;0;0;209.428571428571
6941;Hoogvliet;Raak;77;9268;1.35;1.8;1.35;1.8;0;0;0;0;0;196.428571428571
6942;Hoogvliet;Raak;78;9786;1.35;1.8;1.35;1.8;0;0;0;0;0;237.285714285714
6943;Hoogvliet;Raak;79;10779;1.35;1.8;1.35;1.8;0;0;0;0;0;255.714285714286
6944;Hoogvliet;Raak;80;9442;1.35;1.8;1.35;1.79;0;0;0;0;0;236.142857142857
6945;Hoogvliet;Raak;81;9278;1.35;1.8;1.35;1.8;0;0;0;0;0;268
6946;Hoogvliet;Raak;82;9874;1.35;1.8;1.35;1.8;0;0;0;0;0;306.142857142857
6947;Hoogvliet;Raak;83;8786;1.35;1.8;1.35;1.8;0;0;0;0;0;286
6948;Hoogvliet;Raak;84;32145;1.01;1.35;1.16;1.54;38;0;96;0;0;255.571428571429
6949;Hoogvliet;Raak;85;12051;1.35;1.8;1.35;1.8;0;0;0;0;0;233.142857142857
6950;Hoogvliet;Raak;86;7472;1.35;1.8;1.35;1.8;0;0;0;0;0;222.428571428571
6951;Hoogvliet;Raak;87;7732;1.35;1.8;1.35;1.8;0;0;0;0;0;198
6952;Hoogvliet;Raak;88;7745;1.31;1.75;1.35;1.8;0;0;0;0;0;210.857142857143
6953;Hoogvliet;Raak;89;8070;1.31;1.75;1.36;1.81;0;0;0;0;0;206.285714285714
6954;Hoogvliet;Raak;90;8653;1.31;1.74;1.35;1.8;0;0;0;0;0;220.285714285714
6955;Hoogvliet;Raak;91;8520;1.31;1.74;1.35;1.8;0;0;0;0;0;164.285714285714
6956;Hoogvliet;Raak;92;8932;1.31;1.74;1.31;1.74;0;0;0;0;0;177
6957;Hoogvliet;Raak;93;8829;1.31;1.74;1.31;1.74;0;0;0;0;0;209.714285714286
6958;Hoogvliet;Raak;94;8763;1.31;1.74;1.31;1.75;0;0;0;0;0;199
6959;Hoogvliet;Raak;95;7903;1.3;1.74;1.31;1.75;0;0;0;0;0;141.714285714286
6960;Hoogvliet;Raak;96;7792;1.31;1.75;1.32;1.76;0;0;0;0;0;99.7142857142857
6961;Hoogvliet;Raak;97;8031;1.31;1.74;1.31;1.75;0;0;0;0;0;134.714285714286
6962;Hoogvliet;Raak;98;6077;1.32;1.75;1.3;1.73;0;0;0;0;0;115.857142857143
6963;Hoogvliet;Raak;99;3544;1.34;1.78;1.33;1.78;0;0;0;0;0;55.8571428571429
6964;Hoogvliet;Raak;100;4565;1.33;1.77;1.32;1.76;0;0;0;0;0;82.5714285714286
6965;Hoogvliet;Raak;101;9096;1.31;1.75;1.32;1.76;0;0;0;0;0;114
6966;Hoogvliet;Raak;102;8611;1.33;1.77;1.32;1.75;0;0;0;0;0;51.8571428571429
6967;Hoogvliet;Raak;103;9481;1.32;1.76;1.32;1.76;0;0;0;0;0;87.4285714285714
6968;Hoogvliet;Raak;104;6867;1.32;1.76;1.32;1.76;0;0;0;0;1;73.1428571428571
6969;Hoogvliet;Raak;105;7428;1.35;1.81;1.32;1.76;0;0;0;0;1;81.2857142857143
6970;Hoogvliet;Raak;106;20741;0.95;1.26;1.23;1.63;24;0;100;0;0;80.2857142857143
6971;Hoogvliet;Raak;107;9806;1.38;1.84;1.36;1.82;0;0;0;0;0;65.2857142857143
6972;Hoogvliet;Raak;108;7897;1.37;1.83;1.37;1.83;0;0;0;0;0;29.8571428571429
6973;Hoogvliet;Raak;109;7739;1.37;1.83;1.38;1.84;0;0;0;0;0;36.7142857142857
6974;Hoogvliet;Raak;110;8192;1.36;1.82;1.37;1.83;0;0;0;0;0;75.4285714285714
6975;Hoogvliet;Raak;111;8487;1.36;1.82;1.37;1.83;0;0;0;0;0;109.142857142857
6976;Hoogvliet;Raak;112;8254;1.33;1.78;1.37;1.83;0;0;0;0;0;124.714285714286
6977;Hoogvliet;Raak;113;8294;1.33;1.77;1.37;1.83;0;0;0;0;0;148.142857142857
6978;Hoogvliet;Raak;114;20001;0.92;1.23;1.26;1.68;22;10;100;0;0;117.428571428571
6979;Hoogvliet;Raak;115;9631;1.33;1.78;1.36;1.81;0;0;0;0;0;105
6980;Hoogvliet;Raak;116;7842;1.32;1.76;1.34;1.78;0;0;0;0;0;121.714285714286
6981;Hoogvliet;Raak;117;8110;1.33;1.77;1.33;1.78;0;0;0;0;0;129.428571428571
6982;Hoogvliet;Raak;118;8177;1.33;1.77;1.33;1.77;0;0;0;0;0;128.857142857143
6983;Hoogvliet;Raak;119;8289;1.34;1.78;1.34;1.78;0;0;0;0;0;137.142857142857
6984;Hoogvliet;Raak;120;8916;1.34;1.79;1.34;1.78;0;0;0;0;1;188.142857142857
6985;Hoogvliet;Raak;121;25577;1.14;1.52;1.21;1.62;73;31;72;0;1;204.285714285714
6986;Hoogvliet;Raak;122;10406;1.34;1.79;1.35;1.8;0;6;0;0;0;131
6987;Hoogvliet;Raak;123;7168;1.34;1.78;1.34;1.79;0;0;0;0;1;137.142857142857
6988;Hoogvliet;Raak;124;8182;1.38;1.84;1.34;1.79;0;0;0;0;0;168.571428571429
6989;Hoogvliet;Raak;125;8470;1.37;1.83;1.34;1.79;0;0;0;0;0;188.142857142857
6990;Hoogvliet;Raak;126;8909;1.41;1.87;1.37;1.83;0;0;0;0;1;201.428571428571
6991;Hoogvliet;Raak;127;8363;1.43;1.91;1.38;1.84;0;0;0;0;0;219
6992;Hoogvliet;Raak;128;7881;1.51;2.01;1.4;1.86;0;0;0;0;1;202.571428571429
6993;Hoogvliet;Raak;129;9770;1.52;2.03;1.43;1.9;0;0;0;0;0;233.857142857143
6994;Hoogvliet;Raak;130;11374;1.52;2.03;1.51;2.01;0;0;0;0;0;273.428571428571
6995;Hoogvliet;Raak;131;9318;1.48;1.98;1.52;2.02;0;0;0;0;0;222.428571428571
6996;Hoogvliet;Raak;132;8430;1.49;1.99;1.52;2.02;0;0;0;0;0;197
6997;Hoogvliet;Raak;133;22897;1.1;1.47;1.38;1.85;37;28;81;0;0;217.571428571429
6998;Hoogvliet;Raak;134;13705;1.52;2.02;1.53;2.04;0;0;0;0;0;315.428571428571
6999;Hoogvliet;Raak;135;7487;1.51;2.01;1.52;2.03;0;0;0;0;0;233.714285714286
7000;Hoogvliet;Raak;136;7698;1.45;1.93;1.52;2.03;0;0;0;0;0;239.285714285714
7001;Hoogvliet;Raak;137;7358;1.39;1.85;1.52;2.02;0;0;0;0;0;206.142857142857
7002;Hoogvliet;Raak;138;8336;1.38;1.84;1.51;2.02;0;0;0;0;0;233.428571428571
7003;Hoogvliet;Raak;139;9447;1.38;1.84;1.51;2.01;0;0;0;0;0;281.142857142857
7004;Hoogvliet;Raak;140;8250;1.4;1.86;1.45;1.93;0;0;0;0;0;190.285714285714
7005;Hoogvliet;Raak;141;19082;1.08;1.44;1.19;1.58;67;26;82;0;0;195.571428571429
7006;Hoogvliet;Raak;142;9724;1.39;1.86;1.4;1.87;0;0;0;0;0;192
7007;Hoogvliet;Raak;143;7574;1.38;1.84;1.39;1.85;0;0;0;0;0;192.428571428571
7008;Hoogvliet;Raak;144;7357;1.38;1.84;1.39;1.86;0;0;0;0;0;157.142857142857
7009;Hoogvliet;Raak;145;7978;1.39;1.85;1.39;1.86;0;0;0;0;0;142.714285714286
7010;Hoogvliet;Raak;146;8135;1.39;1.85;1.39;1.85;0;0;0;0;0;166.857142857143
7011;Hoogvliet;Raak;147;7935;1.38;1.84;1.39;1.86;0;0;0;0;0;164.428571428571
7012;Hoogvliet;Raak;148;8034;1.38;1.84;1.37;1.83;0;0;0;0;0;124.285714285714
7013;Hoogvliet;Raak;149;7427;1.38;1.83;1.38;1.84;0;0;0;0;0;110.428571428571
7014;Hoogvliet;Raak;150;7677;1.38;1.83;1.37;1.83;0;0;0;0;0;74.5714285714286
7015;Hoogvliet;Raak;151;8097;1.38;1.84;1.39;1.85;0;0;0;0;0;78.7142857142857
7016;Hoogvliet;Raak;152;8122;1.38;1.84;1.38;1.84;0;0;0;0;0;103.714285714286
7017;Hoogvliet;Raak;153;7734;1.38;1.84;1.38;1.84;0;0;0;0;0;75.2857142857143
7018;Hoogvliet;Raak;154;8111;1.38;1.84;1.37;1.83;0;0;0;0;0;79.7142857142857
7019;Hoogvliet;Raak;155;8768;1.38;1.84;1.37;1.83;0;0;0;0;0;107.571428571429
7020;Hoogvliet;Raak;156;6794;1.38;1.83;1.38;1.84;0;0;0;0;1;77.5714285714286
7021;Hoogvliet;Raak;157;8061;1.38;1.84;1.38;1.84;0;0;0;0;1;67.5714285714286
7022;Hoogvliet;Raak;158;8278;1.38;1.84;1.38;1.84;0;0;0;0;0;92.7142857142857
7023;Hoogvliet;Raak;159;8406;1.38;1.84;1.38;1.84;0;0;0;0;0;105.571428571429
7024;Hoogvliet;Raak;160;8562;1.38;1.84;1.38;1.84;100;0;0;0;0;52
7025;Hoogvliet;Raak;161;8312;1.38;1.83;1.39;1.85;0;0;0;0;0;98.7142857142857
7026;Hoogvliet;Raak;162;8630;1.38;1.83;1.38;1.84;0;0;0;0;0;93.5714285714286
7027;Hoogvliet;Raak;163;8858;1.37;1.83;1.38;1.83;0;0;0;0;0;98.5714285714286
7028;Hoogvliet;Raak;164;20576;1.06;1.41;1.16;1.54;77;0;71;0;0;108
7029;Hoogvliet;Raak;165;10407;1.4;1.86;1.37;1.83;0;0;0;5.42857142857143;0;93.5714285714286
7030;Hoogvliet;Raak;166;7840;1.4;1.86;1.39;1.85;0;0;0;66.4285714285714;0;88.8571428571429
7031;Hoogvliet;Raak;167;12740;1.39;1.85;1.4;1.87;0;0;0;221.142857142857;0;111.428571428571
7032;Hoogvliet;Raak;168;11911;1.39;1.86;1.4;1.87;0;0;0;623;0;113.428571428571
7033;Hoogvliet;Raak;169;10656;1.38;1.85;1.4;1.87;0;0;0;1028.85714285714;0;117.142857142857
7034;Hoogvliet;Raak;170;9412;1.38;1.85;1.4;1.86;0;0;0;990.714285714286;0;103.571428571429
7035;Hoogvliet;Raak;171;22953;1.06;1.41;1.39;1.85;100;0;0;1086.28571428571;1;209.857142857143
7036;Hoogvliet;Raak;172;10368;1.38;1.85;1.39;1.86;0;0;0;955.571428571429;1;166.285714285714
7037;Hoogvliet;Raak;173;9822;1.39;1.85;1.39;1.85;0;0;0;565.714285714286;0;189
7038;Hoogvliet;Raak;174;8679;1.38;1.85;1.38;1.84;0;0;0;359.571428571429;1;154.857142857143
7039;Hoogvliet;Raak;175;9417;1.38;1.85;1.38;1.84;0;0;0;270.285714285714;1;188.571428571429
7040;Hoogvliet;Raak;176;10023;1.38;1.84;1.39;1.85;0;0;0;176.571428571429;0;147.714285714286
7041;Hoogvliet;Raak;177;24277;1.04;1.39;1.39;1.85;100;0;0;188.714285714286;1;219.142857142857
7042;Hoogvliet;Raak;178;13068;1.4;1.86;1.38;1.84;0;11;0;137.857142857143;0;208.428571428571
7043;Hoogvliet;Raak;179;9637;1.38;1.84;1.38;1.85;0;0;0;193.428571428571;1;207.142857142857
7044;Hoogvliet;Raak;180;9433;1.37;1.83;1.37;1.83;0;0;0;159.571428571429;0;203.285714285714
7045;Hoogvliet;Raak;181;10320;1.39;1.86;1.37;1.83;0;0;0;85.7142857142857;0;226
7046;Hoogvliet;Raak;182;13200;1.4;1.86;1.38;1.84;0;0;0;75.8571428571429;0;267.571428571429
7047;Hoogvliet;Raak;183;10654;1.39;1.86;1.38;1.84;0;0;0;58.7142857142857;0;202.571428571429
7048;Hoogvliet;Raak;184;23237;1.06;1.41;1.21;1.61;83;0;81;72.2857142857143;0;188
7049;Hoogvliet;Raak;185;10858;1.39;1.85;1.38;1.84;0;0;0;141.285714285714;0;215.428571428571
7050;Hoogvliet;Raak;186;8383;1.53;2.05;1.39;1.86;0;0;0;197.142857142857;0;222
7051;Hoogvliet;Raak;187;8726;1.52;2.02;1.39;1.86;0;0;0;394.285714285714;0;242
7052;Hoogvliet;Raak;188;10496;1.48;1.97;1.51;2.01;0;0;0;606.571428571429;0;275.428571428571
7053;Hoogvliet;Raak;189;45989;1.04;1.38;1.27;1.69;93;0;80;556.857142857143;0;315.571428571429
7054;Hoogvliet;Raak;190;16295;1.42;1.9;1.51;2.02;0;0;0;512.714285714286;0;265.571428571429
7055;Hoogvliet;Raak;191;8729;1.41;1.88;1.52;2.02;0;0;0;535.571428571429;0;201.714285714286
7056;Hoogvliet;Raak;192;8958;1.41;1.88;1.47;1.96;0;0;0;832.142857142857;0;195.285714285714
7057;Hoogvliet;Raak;193;9055;1.41;1.88;1.44;1.92;0;0;0;1233.14285714286;0;198.714285714286
7058;Hoogvliet;Raak;194;36581;1.41;1.88;1.43;1.91;77;0;79;2039.57142857143;0;242.142857142857
7059;Hoogvliet;Raak;195;16034;1.43;1.9;1.44;1.92;0;15;0;2892.57142857143;0;201
7060;Hoogvliet;Raak;196;8898;1.41;1.88;1.42;1.89;0;9;0;4163.28571428571;0;162.857142857143
7061;Hoogvliet;Raak;197;8830;1.4;1.87;1.41;1.89;0;0;0;6596.42857142857;0;147.285714285714
7062;Hoogvliet;Raak;198;8726;1.41;1.88;1.42;1.89;0;0;0;8138.71428571429;0;127.857142857143
7063;Hoogvliet;Raak;199;9052;1.41;1.87;1.4;1.87;0;0;0;9551;0;156.428571428571
7064;Hoogvliet;Raak;200;23497;1.07;1.43;1.08;1.44;96;0;76;9076;0;140.714285714286
7065;Hoogvliet;Raak;201;10920;1.46;1.95;1.41;1.89;0;0;0;5899.42857142857;0;143.428571428571
7066;Hoogvliet;Raak;202;8112;1.47;1.96;1.41;1.89;0;0;0;5256.14285714286;0;143.285714285714
7067;Hoogvliet;Raak;203;8492;1.46;1.95;1.47;1.95;0;0;0;5291.57142857143;0;123
7068;Hoogvliet;Raak;204;9294;1.47;1.96;1.48;1.97;0;0;0;4827.28571428571;0;92.1428571428571
7069;Hoogvliet;Raak;205;9154;1.47;1.96;1.48;1.98;0;0;0;6360.14285714286;0;68.7142857142857
7070;Hoogvliet;Raak;206;9100;1.47;1.96;1.49;1.98;0;0;0;8968.71428571429;0;48.2857142857143
7071;Hoogvliet;Raak;207;19707;1.1;1.47;1.11;1.48;92;0;29;11617.8571428571;0;103.428571428571
7072;Hoogvliet;Raak;208;13582;1.11;1.48;1.11;1.48;91;0;40;9461.28571428571;1;100
7073;Hoogvliet;Slimpie;1;3034;1.71;3.05;1.68;3.03;0;0;0;0;1;42.1428571428571
7074;Hoogvliet;Slimpie;2;3129;1.67;2.97;1.67;3.08;0;0;0;0;0;66.8571428571429
7075;Hoogvliet;Slimpie;3;3114;1.66;2.98;1.69;3.01;0;0;0;0;0;26.5714285714286
7076;Hoogvliet;Slimpie;4;3093;1.65;2.93;1.66;3.03;0;0;0;0;0;33.2857142857143
7077;Hoogvliet;Slimpie;5;12195;1.26;2.18;1.42;2.48;50;0;82;0;0;81.4285714285714
7078;Hoogvliet;Slimpie;6;4083;1.65;2.88;1.65;2.89;0;0;0;0;0;25.4285714285714
7079;Hoogvliet;Slimpie;7;2596;1.65;2.89;1.65;2.88;0;0;0;0;0;87.5714285714286
7080;Hoogvliet;Slimpie;8;2742;1.65;2.88;1.66;2.89;0;0;0;0;0;100.142857142857
7081;Hoogvliet;Slimpie;9;2829;1.64;2.83;1.65;2.85;0;0;0;0;0;96.1428571428571
7082;Hoogvliet;Slimpie;10;3098;1.65;2.86;1.66;2.88;0;0;0;0;0;110.142857142857
7083;Hoogvliet;Slimpie;11;3254;1.65;2.87;1.66;2.88;0;0;0;0;0;138.714285714286
7084;Hoogvliet;Slimpie;12;3184;1.65;2.88;1.65;2.86;0;0;0;0;0;127
7085;Hoogvliet;Slimpie;13;3410;1.65;2.85;1.65;2.85;0;0;0;0;0;175
7086;Hoogvliet;Slimpie;14;3307;1.65;2.85;1.66;2.89;0;0;0;0;0;145.142857142857
7087;Hoogvliet;Slimpie;15;3479;1.65;2.85;1.65;2.85;0;0;0;0;1;143.714285714286
7088;Hoogvliet;Slimpie;16;3011;1.65;2.85;1.65;2.85;0;0;0;0;1;114.571428571429
7089;Hoogvliet;Slimpie;17;3151;1.72;3.16;1.7;3.08;0;0;0;0;1;116.142857142857
7090;Hoogvliet;Slimpie;18;9969;1.64;3.03;1.66;2.96;79;0;91;0;1;151
7091;Hoogvliet;Slimpie;19;4540;1.74;3.27;1.77;3.44;0;0;0;0;0;177.428571428571
7092;Hoogvliet;Slimpie;20;3253;1.74;3.27;1.73;3.22;0;0;0;0;0;215.428571428571
7093;Hoogvliet;Slimpie;21;4088;1.75;3.34;1.77;3.4;0;0;0;0;1;242.285714285714
7094;Hoogvliet;Slimpie;22;4362;1.74;3.28;1.75;3.31;0;0;0;0;0;246.142857142857
7095;Hoogvliet;Slimpie;23;3495;1.73;3.22;1.72;3.17;0;0;0;0;1;205.571428571429
7096;Hoogvliet;Slimpie;24;9079;2.3;9.36;1.72;3.18;54;0;68;0;0;225.285714285714
7097;Hoogvliet;Slimpie;25;5739;1.95;4.58;1.78;3.48;0;0;0;0;0;267.285714285714
7098;Hoogvliet;Slimpie;26;3628;1.72;3.2;1.81;3.63;0;0;0;0;0;209.714285714286
7099;Hoogvliet;Slimpie;27;8852;1.63;3.15;1.72;3.67;100;0;49;0;0;238
7100;Hoogvliet;Slimpie;28;3975;1.77;3.41;1.83;3.77;0;0;0;0;0;212.285714285714
7101;Hoogvliet;Slimpie;29;3073;1.75;3.31;1.81;3.62;0;0;0;0;0;244.142857142857
7102;Hoogvliet;Slimpie;30;2803;1.73;3.22;1.76;3.39;0;0;0;0;0;208.285714285714
7103;Hoogvliet;Slimpie;31;2668;1.73;3.21;1.77;3.43;0;0;0;0;0;221.571428571429
7104;Hoogvliet;Slimpie;32;2761;1.72;3.16;1.73;3.23;0;0;0;0;0;210.857142857143
7105;Hoogvliet;Slimpie;33;5408;2.12;6.26;1.72;3.17;58;0;53;0;0;214.714285714286
7106;Hoogvliet;Slimpie;34;4040;1.86;3.93;1.73;3.25;0;0;0;0;0;228.142857142857
7107;Hoogvliet;Slimpie;35;3388;1.73;3.21;1.78;3.48;0;0;0;0;0;230.571428571429
7108;Hoogvliet;Slimpie;36;3047;1.72;3.17;1.75;3.32;0;0;0;0;0;190.857142857143
7109;Hoogvliet;Slimpie;37;2790;1.72;3.17;1.76;3.37;0;0;0;0;0;163.857142857143
7110;Hoogvliet;Slimpie;38;8930;1.65;2.91;1.69;3.13;83;0;70;0;0;177.714285714286
7111;Hoogvliet;Slimpie;39;3716;1.7;3.09;1.72;3.18;0;0;0;0;0;192.714285714286
7112;Hoogvliet;Slimpie;40;2490;1.71;3.28;1.7;3.18;0;0;0;0;0;160.285714285714
7113;Hoogvliet;Slimpie;41;2593;1.7;3.18;1.73;3.47;0;0;0;0;0;163.142857142857
7114;Hoogvliet;Slimpie;42;3458;1.94;4.6;1.76;3.38;0;16;0;0;0;194.714285714286
7115;Hoogvliet;Slimpie;43;3531;1.93;4.5;1.78;3.48;0;9;0;0;0;156.857142857143
7116;Hoogvliet;Slimpie;44;2939;1.84;3.87;1.84;3.79;0;0;0;0;0;130.714285714286
7117;Hoogvliet;Slimpie;45;2934;1.77;3.48;1.82;3.58;0;0;0;0;0;102.142857142857
7118;Hoogvliet;Slimpie;46;4581;1.7;3.08;1.74;3.23;100;0;69;0;0;96.2857142857143
7119;Hoogvliet;Slimpie;47;2922;1.71;3.1;1.72;3.19;0;12;0;0;0;112
7120;Hoogvliet;Slimpie;48;2740;1.69;3.03;1.72;3.16;0;0;0;0;0;53.1428571428571
7121;Hoogvliet;Slimpie;49;2585;1.69;3.04;1.69;3.04;0;0;0;0;0;74.1428571428571
7122;Hoogvliet;Slimpie;50;2656;1.67;2.96;1.68;3.02;0;0;0;0;0;45.8571428571429
7123;Hoogvliet;Slimpie;51;8595;1.27;2.21;1.45;2.55;90;0;52;0;0;84
7124;Hoogvliet;Slimpie;52;1828;1.67;2.94;1.67;2.94;0;0;0;0;1;81.2857142857143
7125;Hoogvliet;Slimpie;53;2178;1.67;2.96;1.7;3.11;0;0;0;0;1;98.2857142857143
7126;Hoogvliet;Slimpie;54;2336;1.66;2.91;1.66;2.9;0;0;0;0;0;57.7142857142857
7127;Hoogvliet;Slimpie;55;2503;1.66;2.88;1.66;2.88;0;0;0;0;0;66.8571428571429
7128;Hoogvliet;Slimpie;56;9786;1.27;2.19;1.43;2.48;68;0;87;0;0;94.1428571428571
7129;Hoogvliet;Slimpie;57;3514;1.65;2.87;1.66;2.88;0;0;0;0;0;79.8571428571429
7130;Hoogvliet;Slimpie;58;2026;1.65;2.87;1.66;2.88;0;0;0;0;0;35.4285714285714
7131;Hoogvliet;Slimpie;59;2164;1.65;2.87;1.66;2.89;0;0;0;0;0;73.7142857142857
7132;Hoogvliet;Slimpie;60;2454;1.65;2.85;1.65;2.86;0;6;0;0;0;45.4285714285714
7133;Hoogvliet;Slimpie;61;2288;1.65;2.85;1.65;2.86;0;0;0;0;0;-4.71428571428571
7134;Hoogvliet;Slimpie;62;2498;1.65;2.85;1.65;2.85;0;0;0;0;0;108.571428571429
7135;Hoogvliet;Slimpie;63;2649;1.63;2.82;1.65;2.85;0;0;0;0;0;93
7136;Hoogvliet;Slimpie;64;3098;1.59;2.74;1.65;2.85;0;0;0;0;0;73.5714285714286
7137;Hoogvliet;Slimpie;65;2850;1.54;2.65;1.64;2.84;0;9;0;0;1;111
7138;Hoogvliet;Slimpie;66;3104;1.54;2.65;1.65;2.84;0;0;0;0;1;139.571428571429
7139;Hoogvliet;Slimpie;67;3131;1.53;2.64;1.64;2.84;98;0;0;0;0;176.428571428571
7140;Hoogvliet;Slimpie;68;3462;1.53;2.64;1.61;2.77;0;0;0;0;0;218.714285714286
7141;Hoogvliet;Slimpie;69;12868;1.28;2.2;1.4;2.42;84;0;97;0;1;166.428571428571
7142;Hoogvliet;Slimpie;70;4167;1.52;2.62;1.54;2.66;0;0;0;0;1;158.857142857143
7143;Hoogvliet;Slimpie;71;2787;1.67;2.88;1.53;2.64;0;0;0;0;1;231.142857142857
7144;Hoogvliet;Slimpie;72;2960;1.65;2.85;1.55;2.67;0;0;0;0;0;187.714285714286
7145;Hoogvliet;Slimpie;73;3503;1.63;2.81;1.6;2.76;0;0;0;0;1;253
7146;Hoogvliet;Slimpie;74;3872;1.62;2.8;1.65;2.85;0;0;0;0;0;258.285714285714
7147;Hoogvliet;Slimpie;75;3335;1.62;2.79;1.65;2.85;0;0;0;0;0;240.142857142857
7148;Hoogvliet;Slimpie;76;3143;1.63;2.8;1.65;2.85;0;0;0;0;0;209.428571428571
7149;Hoogvliet;Slimpie;77;14500;1.27;2.18;1.43;2.48;54;0;91;0;0;196.428571428571
7150;Hoogvliet;Slimpie;78;5268;1.63;2.8;1.63;2.81;0;0;0;0;0;237.285714285714
7151;Hoogvliet;Slimpie;79;3261;1.62;2.8;1.62;2.8;0;0;0;0;0;255.714285714286
7152;Hoogvliet;Slimpie;80;3022;1.63;2.82;1.64;2.82;0;0;0;0;0;236.142857142857
7153;Hoogvliet;Slimpie;81;3277;1.63;2.82;1.64;2.82;0;0;0;0;0;268
7154;Hoogvliet;Slimpie;82;4001;1.61;2.77;1.64;2.82;0;0;0;0;0;306.142857142857
7155;Hoogvliet;Slimpie;83;3728;1.6;2.76;1.63;2.8;0;0;0;0;0;286
7156;Hoogvliet;Slimpie;84;3200;1.6;2.76;1.63;2.81;0;0;0;0;0;255.571428571429
7157;Hoogvliet;Slimpie;85;2759;1.6;2.76;1.62;2.79;0;0;0;0;0;233.142857142857
7158;Hoogvliet;Slimpie;86;3040;1.6;2.76;1.61;2.77;0;0;0;0;0;222.428571428571
7159;Hoogvliet;Slimpie;87;2781;1.6;2.76;1.6;2.76;0;0;0;0;0;198
7160;Hoogvliet;Slimpie;88;15853;1.56;2.68;1.61;2.77;67;0;100;0;0;210.857142857143
7161;Hoogvliet;Slimpie;89;4921;1.55;2.68;1.6;2.76;0;0;0;0;0;206.285714285714
7162;Hoogvliet;Slimpie;90;2424;1.55;2.67;1.6;2.76;0;0;0;0;0;220.285714285714
7163;Hoogvliet;Slimpie;91;2587;1.55;2.67;1.6;2.76;0;0;0;0;0;164.285714285714
7164;Hoogvliet;Slimpie;92;2609;1.55;2.67;1.56;2.68;0;0;0;0;0;177
7165;Hoogvliet;Slimpie;93;2812;1.55;2.67;1.55;2.67;0;0;0;0;0;209.714285714286
7166;Hoogvliet;Slimpie;94;2894;1.55;2.67;1.55;2.68;0;0;0;0;0;199
7167;Hoogvliet;Slimpie;95;2724;1.54;2.66;1.55;2.68;0;0;0;0;0;141.714285714286
7168;Hoogvliet;Slimpie;96;2512;1.55;2.68;1.55;2.67;0;0;0;0;0;99.7142857142857
7169;Hoogvliet;Slimpie;97;9308;1.27;2.18;1.37;2.37;73;0;75;0;0;134.714285714286
7170;Hoogvliet;Slimpie;98;3497;1.55;2.68;1.54;2.66;0;0;0;0;0;115.857142857143
7171;Hoogvliet;Slimpie;99;2289;1.55;2.67;1.55;2.67;0;0;0;0;0;55.8571428571429
7172;Hoogvliet;Slimpie;100;2453;1.55;2.67;1.55;2.68;0;0;0;0;0;82.5714285714286
7173;Hoogvliet;Slimpie;101;2436;1.55;2.67;1.55;2.67;0;0;0;0;0;114
7174;Hoogvliet;Slimpie;102;2606;1.55;2.67;1.55;2.67;0;0;0;0;0;51.8571428571429
7175;Hoogvliet;Slimpie;103;2856;1.55;2.66;1.55;2.67;0;0;0;0;0;87.4285714285714
7176;Hoogvliet;Slimpie;104;2108;1.55;2.67;1.55;2.67;0;0;0;0;1;73.1428571428571
7177;Hoogvliet;Slimpie;105;2699;1.59;2.74;1.55;2.67;0;0;0;0;1;81.2857142857143
7178;Hoogvliet;Slimpie;106;2628;1.61;2.78;1.56;2.68;0;0;0;0;0;80.2857142857143
7179;Hoogvliet;Slimpie;107;2713;1.61;2.78;1.6;2.76;0;0;0;0;0;65.2857142857143
7180;Hoogvliet;Slimpie;108;2847;1.61;2.78;1.61;2.77;0;0;0;0;0;29.8571428571429
7181;Hoogvliet;Slimpie;109;2840;1.61;2.78;1.61;2.78;0;0;0;0;0;36.7142857142857
7182;Hoogvliet;Slimpie;110;3030;1.62;2.78;1.61;2.78;0;0;0;0;0;75.4285714285714
7183;Hoogvliet;Slimpie;111;2971;1.61;2.78;1.61;2.77;0;0;0;0;0;109.142857142857
7184;Hoogvliet;Slimpie;112;2926;1.58;2.73;1.61;2.77;0;0;0;0;0;124.714285714286
7185;Hoogvliet;Slimpie;113;2759;1.59;2.74;1.62;2.79;0;0;0;0;0;148.142857142857
7186;Hoogvliet;Slimpie;114;2697;1.58;2.73;1.61;2.78;0;0;0;0;0;117.428571428571
7187;Hoogvliet;Slimpie;115;2742;1.58;2.72;1.62;2.8;0;0;0;0;0;105
7188;Hoogvliet;Slimpie;116;2893;1.57;2.72;1.6;2.76;0;0;0;0;0;121.714285714286
7189;Hoogvliet;Slimpie;117;2964;1.57;2.71;1.58;2.72;0;0;0;0;0;129.428571428571
7190;Hoogvliet;Slimpie;118;13763;1.02;1.77;1.23;2.12;68;0;81;0;0;128.857142857143
7191;Hoogvliet;Slimpie;119;5082;1.56;2.69;1.58;2.72;0;0;0;0;0;137.142857142857
7192;Hoogvliet;Slimpie;120;2670;1.52;2.61;1.57;2.7;0;0;0;0;1;188.142857142857
7193;Hoogvliet;Slimpie;121;2741;1.52;2.62;1.57;2.71;0;0;0;0;1;204.285714285714
7194;Hoogvliet;Slimpie;122;2510;1.51;2.61;1.57;2.71;0;0;0;0;0;131
7195;Hoogvliet;Slimpie;123;2472;1.51;2.61;1.56;2.69;0;0;0;0;1;137.142857142857
7196;Hoogvliet;Slimpie;124;2769;1.51;2.6;1.53;2.63;0;0;0;0;0;168.571428571429
7197;Hoogvliet;Slimpie;125;3078;1.51;2.6;1.52;2.63;0;0;0;0;0;188.142857142857
7198;Hoogvliet;Slimpie;126;2938;1.51;2.6;1.52;2.61;0;0;0;0;1;201.428571428571
7199;Hoogvliet;Slimpie;127;2924;1.51;2.6;1.51;2.6;0;0;0;0;0;219
7200;Hoogvliet;Slimpie;128;13330;1.08;1.87;1.27;2.2;40;32;85;0;1;202.571428571429
7201;Hoogvliet;Slimpie;129;5207;1.51;2.6;1.51;2.61;0;0;0;0;0;233.857142857143
7202;Hoogvliet;Slimpie;130;3524;1.52;2.62;1.51;2.6;0;0;0;0;0;273.428571428571
7203;Hoogvliet;Slimpie;131;2992;1.52;2.62;1.51;2.6;0;0;0;0;0;222.428571428571
7204;Hoogvliet;Slimpie;132;2777;1.51;2.61;1.52;2.62;0;0;0;0;0;197
7205;Hoogvliet;Slimpie;133;2810;1.52;2.61;1.52;2.63;0;0;0;0;0;217.571428571429
7206;Hoogvliet;Slimpie;134;4264;1.53;2.63;1.53;2.63;0;3;0;0;0;315.428571428571
7207;Hoogvliet;Slimpie;135;3035;1.53;2.63;1.52;2.63;0;0;0;0;0;233.714285714286
7208;Hoogvliet;Slimpie;136;2922;1.52;2.61;1.53;2.64;0;0;0;0;0;239.285714285714
7209;Hoogvliet;Slimpie;137;2590;1.55;2.67;1.53;2.64;0;0;0;0;0;206.142857142857
7210;Hoogvliet;Slimpie;138;2840;1.55;2.67;1.54;2.65;0;0;0;0;0;233.428571428571
7211;Hoogvliet;Slimpie;139;14102;1.08;1.87;1.29;2.23;63;26;82;0;0;281.142857142857
7212;Hoogvliet;Slimpie;140;4628;1.55;2.67;1.57;2.7;0;0;0;0;0;190.285714285714
7213;Hoogvliet;Slimpie;141;2155;1.55;2.67;1.55;2.68;0;0;0;0;0;195.571428571429
7214;Hoogvliet;Slimpie;142;2246;1.52;2.62;1.56;2.69;0;0;0;0;0;192
7215;Hoogvliet;Slimpie;143;2523;1.56;2.68;1.56;2.68;0;0;0;0;0;192.428571428571
7216;Hoogvliet;Slimpie;144;2412;1.56;2.7;1.56;2.69;0;0;0;0;0;157.142857142857
7217;Hoogvliet;Slimpie;145;2433;1.56;2.7;1.6;2.76;0;0;0;0;0;142.714285714286
7218;Hoogvliet;Slimpie;146;2495;1.56;2.69;1.59;2.75;0;0;0;0;0;166.857142857143
7219;Hoogvliet;Slimpie;147;2471;1.56;2.69;1.57;2.71;0;0;0;0;0;164.428571428571
7220;Hoogvliet;Slimpie;148;2604;1.56;2.69;1.56;2.7;0;0;0;0;0;124.285714285714
7221;Hoogvliet;Slimpie;149;9282;1.3;2.24;1.44;2.48;46;12;74;0;0;110.428571428571
7222;Hoogvliet;Slimpie;150;3302;1.58;2.72;1.58;2.72;0;0;0;0;0;74.5714285714286
7223;Hoogvliet;Slimpie;151;2135;1.56;2.69;1.56;2.7;0;0;0;0;0;78.7142857142857
7224;Hoogvliet;Slimpie;152;2295;1.56;2.69;1.56;2.68;0;0;0;0;0;103.714285714286
7225;Hoogvliet;Slimpie;153;2253;1.56;2.69;1.57;2.7;0;0;0;0;0;75.2857142857143
7226;Hoogvliet;Slimpie;154;2407;1.55;2.68;1.56;2.69;0;0;0;0;0;79.7142857142857
7227;Hoogvliet;Slimpie;155;2528;1.56;2.68;1.57;2.7;0;0;0;0;0;107.571428571429
7228;Hoogvliet;Slimpie;156;2117;1.55;2.68;1.55;2.67;0;0;0;0;1;77.5714285714286
7229;Hoogvliet;Slimpie;157;2583;1.55;2.68;1.56;2.68;0;0;0;0;1;67.5714285714286
7230;Hoogvliet;Slimpie;158;2509;1.56;2.68;1.55;2.67;0;0;0;0;0;92.7142857142857
7231;Hoogvliet;Slimpie;159;2483;1.55;2.68;1.56;2.69;0;0;0;0;0;105.571428571429
7232;Hoogvliet;Slimpie;160;2711;1.55;2.68;1.55;2.67;0;0;0;0;0;52
7233;Hoogvliet;Slimpie;161;2631;1.55;2.68;1.55;2.68;0;0;0;0;0;98.7142857142857
7234;Hoogvliet;Slimpie;162;2743;1.55;2.68;1.54;2.66;0;0;0;0;0;93.5714285714286
7235;Hoogvliet;Slimpie;163;2797;1.56;2.69;1.55;2.67;0;0;0;0;0;98.5714285714286
7236;Hoogvliet;Slimpie;164;2723;1.55;2.68;1.56;2.68;0;0;0;0;0;108
7237;Hoogvliet;Slimpie;165;2784;1.52;2.62;1.56;2.69;0;0;0;5.42857142857143;0;93.5714285714286
7238;Hoogvliet;Slimpie;166;17701;1.04;1.79;1.26;2.17;74;0;88;66.4285714285714;0;88.8571428571429
7239;Hoogvliet;Slimpie;167;6635;1.51;2.6;1.56;2.69;0;13;0;221.142857142857;0;111.428571428571
7240;Hoogvliet;Slimpie;168;3411;1.51;2.6;1.54;2.66;0;0;0;623;0;113.428571428571
7241;Hoogvliet;Slimpie;169;3096;1.51;2.6;1.51;2.61;0;0;0;1028.85714285714;0;117.142857142857
7242;Hoogvliet;Slimpie;170;2934;1.51;2.6;1.5;2.59;0;0;0;990.714285714286;0;103.571428571429
7243;Hoogvliet;Slimpie;171;3209;1.51;2.6;1.51;2.6;0;0;0;1086.28571428571;1;209.857142857143
7244;Hoogvliet;Slimpie;172;3142;1.51;2.6;1.5;2.59;0;0;0;955.571428571429;1;166.285714285714
7245;Hoogvliet;Slimpie;173;3714;1.51;2.6;1.51;2.6;0;0;0;565.714285714286;0;189
7246;Hoogvliet;Slimpie;174;3209;1.51;2.6;1.51;2.6;0;0;0;359.571428571429;1;154.857142857143
7247;Hoogvliet;Slimpie;175;3391;1.51;2.6;1.51;2.6;0;0;0;270.285714285714;1;188.571428571429
7248;Hoogvliet;Slimpie;176;3368;1.51;2.6;1.51;2.6;0;0;0;176.571428571429;0;147.714285714286
7249;Hoogvliet;Slimpie;177;3803;1.51;2.6;1.51;2.6;0;0;0;188.714285714286;1;219.142857142857
7250;Hoogvliet;Slimpie;178;7010;1.51;2.61;1.52;2.62;0;38;0;137.857142857143;0;208.428571428571
7251;Hoogvliet;Slimpie;179;5829;1.51;2.6;1.51;2.6;0;3;0;193.428571428571;1;207.142857142857
7252;Hoogvliet;Slimpie;180;4912;1.5;2.58;1.47;2.53;0;3;0;159.571428571429;0;203.285714285714
7253;Hoogvliet;Slimpie;181;5009;1.5;2.58;1.5;2.59;0;4;0;85.7142857142857;0;226
7254;Hoogvliet;Slimpie;182;6028;1.5;2.59;1.5;2.59;0;0;0;75.8571428571429;0;267.571428571429
7255;Hoogvliet;Slimpie;183;4872;1.5;2.59;1.5;2.59;0;0;0;58.7142857142857;0;202.571428571429
7256;Hoogvliet;Slimpie;184;3275;1.5;2.59;1.5;2.59;0;0;0;72.2857142857143;0;188
7257;Hoogvliet;Slimpie;185;2953;1.5;2.59;1.5;2.58;0;0;0;141.285714285714;0;215.428571428571
7258;Hoogvliet;Slimpie;186;3065;1.5;2.59;1.5;2.59;0;0;0;197.142857142857;0;222
7259;Hoogvliet;Slimpie;187;3204;1.5;2.59;1.5;2.59;0;0;0;394.285714285714;0;242
7260;Hoogvliet;Slimpie;188;3777;1.5;2.59;1.5;2.59;0;0;0;606.571428571429;0;275.428571428571
7261;Hoogvliet;Slimpie;189;4635;1.5;2.59;1.5;2.59;0;0;0;556.857142857143;0;315.571428571429
7262;Hoogvliet;Slimpie;190;3686;1.5;2.59;1.5;2.59;0;0;0;512.714285714286;0;265.571428571429
7263;Hoogvliet;Slimpie;191;2949;1.57;2.71;1.5;2.59;0;0;0;535.571428571429;0;201.714285714286
7264;Hoogvliet;Slimpie;192;10912;1.34;2.31;1.37;2.36;33;35;79;832.142857142857;0;195.285714285714
7265;Hoogvliet;Slimpie;193;3798;1.59;2.74;1.57;2.7;0;0;0;1233.14285714286;0;198.714285714286
7266;Hoogvliet;Slimpie;194;2509;1.53;2.63;1.59;2.74;0;0;0;2039.57142857143;0;242.142857142857
7267;Hoogvliet;Slimpie;195;2826;1.5;2.58;1.6;2.77;0;0;0;2892.57142857143;0;201
7268;Hoogvliet;Slimpie;196;2661;1.5;2.58;1.6;2.76;0;0;0;4163.28571428571;0;162.857142857143
7269;Hoogvliet;Slimpie;197;2719;1.5;2.58;1.6;2.76;0;0;0;6596.42857142857;0;147.285714285714
7270;Hoogvliet;Slimpie;198;2727;1.5;2.58;1.53;2.64;0;0;0;8138.71428571429;0;127.857142857143
7271;Hoogvliet;Slimpie;199;5010;1.5;2.58;1.5;2.58;0;18;0;9551;0;156.428571428571
7272;Hoogvliet;Slimpie;200;3220;1.5;2.58;1.5;2.58;0;0;0;9076;0;140.714285714286
7273;Hoogvliet;Slimpie;201;2608;1.5;2.58;1.5;2.59;0;0;0;5899.42857142857;0;143.428571428571
7274;Hoogvliet;Slimpie;202;2763;1.5;2.58;1.5;2.58;0;0;0;5256.14285714286;0;143.285714285714
7275;Hoogvliet;Slimpie;203;2765;1.5;2.58;1.5;2.58;0;0;0;5291.57142857143;0;123
7276;Hoogvliet;Slimpie;204;2955;1.5;2.58;1.5;2.58;0;0;0;4827.28571428571;0;92.1428571428571
7277;Hoogvliet;Slimpie;205;2770;1.5;2.58;1.5;2.58;0;0;0;6360.14285714286;0;68.7142857142857
7278;Hoogvliet;Slimpie;206;2814;1.5;2.58;1.5;2.58;0;0;0;8968.71428571429;0;48.2857142857143
7279;Hoogvliet;Slimpie;207;3039;1.5;2.58;1.5;2.58;0;0;0;11617.8571428571;0;103.428571428571
7280;Hoogvliet;Slimpie;208;2345;1.5;2.58;1.5;2.58;0;0;0;9461.28571428571;1;100
7281;Hoogvliet;Teisseire;1;0;0;0;0;0;0;0;0;0;1;42.1428571428571
7282;Hoogvliet;Teisseire;2;0;0;0;0;0;0;0;0;0;0;66.8571428571429
7283;Hoogvliet;Teisseire;3;0;0;0;0;0;0;0;0;0;0;26.5714285714286
7284;Hoogvliet;Teisseire;4;0;0;0;0;0;0;0;0;0;0;33.2857142857143
7285;Hoogvliet;Teisseire;5;0;0;0;0;0;0;0;0;0;0;81.4285714285714
7286;Hoogvliet;Teisseire;6;0;0;0;0;0;0;0;0;0;0;25.4285714285714
7287;Hoogvliet;Teisseire;7;0;0;0;0;0;0;0;0;0;0;87.5714285714286
7288;Hoogvliet;Teisseire;8;0;0;0;0;0;0;0;0;0;0;100.142857142857
7289;Hoogvliet;Teisseire;9;0;0;0;0;0;0;0;0;0;0;96.1428571428571
7290;Hoogvliet;Teisseire;10;0;0;0;0;0;0;0;0;0;0;110.142857142857
7291;Hoogvliet;Teisseire;11;0;0;0;0;0;0;0;0;0;0;138.714285714286
7292;Hoogvliet;Teisseire;12;0;0;0;0;0;0;0;0;0;0;127
7293;Hoogvliet;Teisseire;13;0;0;0;0;0;0;0;0;0;0;175
7294;Hoogvliet;Teisseire;14;0;0;0;0;0;0;0;0;0;0;145.142857142857
7295;Hoogvliet;Teisseire;15;0;0;0;0;0;0;0;0;0;1;143.714285714286
7296;Hoogvliet;Teisseire;16;0;0;0;0;0;0;0;0;0;1;114.571428571429
7297;Hoogvliet;Teisseire;17;0;0;0;0;0;0;0;0;0;1;116.142857142857
7298;Hoogvliet;Teisseire;18;0;0;0;0;0;0;0;0;0;1;151
7299;Hoogvliet;Teisseire;19;0;0;0;0;0;0;0;0;0;0;177.428571428571
7300;Hoogvliet;Teisseire;20;0;0;0;0;0;0;0;0;0;0;215.428571428571
7301;Hoogvliet;Teisseire;21;0;0;0;0;0;0;0;0;0;1;242.285714285714
7302;Hoogvliet;Teisseire;22;0;0;0;0;0;0;0;0;0;0;246.142857142857
7303;Hoogvliet;Teisseire;23;0;0;0;0;0;0;0;0;0;1;205.571428571429
7304;Hoogvliet;Teisseire;24;0;0;0;0;0;0;0;0;0;0;225.285714285714
7305;Hoogvliet;Teisseire;25;0;0;0;0;0;0;0;0;0;0;267.285714285714
7306;Hoogvliet;Teisseire;26;0;0;0;0;0;0;0;0;0;0;209.714285714286
7307;Hoogvliet;Teisseire;27;0;0;0;0;0;0;0;0;0;0;238
7308;Hoogvliet;Teisseire;28;0;0;0;0;0;0;0;0;0;0;212.285714285714
7309;Hoogvliet;Teisseire;29;0;0;0;0;0;0;0;0;0;0;244.142857142857
7310;Hoogvliet;Teisseire;30;0;0;0;0;0;0;0;0;0;0;208.285714285714
7311;Hoogvliet;Teisseire;31;0;0;0;0;0;0;0;0;0;0;221.571428571429
7312;Hoogvliet;Teisseire;32;0;0;0;0;0;0;0;0;0;0;210.857142857143
7313;Hoogvliet;Teisseire;33;0;0;0;0;0;0;0;0;0;0;214.714285714286
7314;Hoogvliet;Teisseire;34;0;0;0;0;0;0;0;0;0;0;228.142857142857
7315;Hoogvliet;Teisseire;35;0;0;0;0;0;0;0;0;0;0;230.571428571429
7316;Hoogvliet;Teisseire;36;0;0;0;0;0;0;0;0;0;0;190.857142857143
7317;Hoogvliet;Teisseire;37;0;0;0;0;0;0;0;0;0;0;163.857142857143
7318;Hoogvliet;Teisseire;38;0;0;0;0;0;0;0;0;0;0;177.714285714286
7319;Hoogvliet;Teisseire;39;0;0;0;0;0;0;0;0;0;0;192.714285714286
7320;Hoogvliet;Teisseire;40;0;0;0;0;0;0;0;0;0;0;160.285714285714
7321;Hoogvliet;Teisseire;41;0;0;0;0;0;0;0;0;0;0;163.142857142857
7322;Hoogvliet;Teisseire;42;0;0;0;0;0;0;0;0;0;0;194.714285714286
7323;Hoogvliet;Teisseire;43;0;0;0;0;0;0;0;0;0;0;156.857142857143
7324;Hoogvliet;Teisseire;44;0;0;0;0;0;0;0;0;0;0;130.714285714286
7325;Hoogvliet;Teisseire;45;0;0;0;0;0;0;0;0;0;0;102.142857142857
7326;Hoogvliet;Teisseire;46;0;0;0;0;0;0;0;0;0;0;96.2857142857143
7327;Hoogvliet;Teisseire;47;0;0;0;0;0;0;0;0;0;0;112
7328;Hoogvliet;Teisseire;48;0;0;0;0;0;0;0;0;0;0;53.1428571428571
7329;Hoogvliet;Teisseire;49;0;0;0;0;0;0;0;0;0;0;74.1428571428571
7330;Hoogvliet;Teisseire;50;0;0;0;0;0;0;0;0;0;0;45.8571428571429
7331;Hoogvliet;Teisseire;51;0;0;0;0;0;0;0;0;0;0;84
7332;Hoogvliet;Teisseire;52;0;0;0;0;0;0;0;0;0;1;81.2857142857143
7333;Hoogvliet;Teisseire;53;0;0;0;0;0;0;0;0;0;1;98.2857142857143
7334;Hoogvliet;Teisseire;54;0;0;0;0;0;0;0;0;0;0;57.7142857142857
7335;Hoogvliet;Teisseire;55;0;0;0;0;0;0;0;0;0;0;66.8571428571429
7336;Hoogvliet;Teisseire;56;0;0;0;0;0;0;0;0;0;0;94.1428571428571
7337;Hoogvliet;Teisseire;57;0;0;0;0;0;0;0;0;0;0;79.8571428571429
7338;Hoogvliet;Teisseire;58;0;0;0;0;0;0;0;0;0;0;35.4285714285714
7339;Hoogvliet;Teisseire;59;0;0;0;0;0;0;0;0;0;0;73.7142857142857
7340;Hoogvliet;Teisseire;60;0;0;0;0;0;0;0;0;0;0;45.4285714285714
7341;Hoogvliet;Teisseire;61;0;0;0;0;0;0;0;0;0;0;-4.71428571428571
7342;Hoogvliet;Teisseire;62;4;2.6;3.47;2.6;3.47;0;0;0;0;0;108.571428571429
7343;Hoogvliet;Teisseire;63;228;2.59;3.45;2.59;3.45;0;0;0;0;0;93
7344;Hoogvliet;Teisseire;64;426;2.59;3.45;2.59;3.45;0;0;0;0;0;73.5714285714286
7345;Hoogvliet;Teisseire;65;426;2.59;3.45;2.59;3.45;0;0;0;0;1;111
7346;Hoogvliet;Teisseire;66;702;2.45;3.26;2.6;3.46;0;7;0;0;1;139.571428571429
7347;Hoogvliet;Teisseire;67;3411;2.45;3.26;2.59;3.46;56;0;44;0;0;176.428571428571
7348;Hoogvliet;Teisseire;68;1251;2.43;3.24;2.57;3.43;0;0;0;0;0;218.714285714286
7349;Hoogvliet;Teisseire;69;652;2.42;3.23;2.58;3.44;0;0;0;0;1;166.428571428571
7350;Hoogvliet;Teisseire;70;611;2.41;3.22;2.48;3.3;0;0;0;0;1;158.857142857143
7351;Hoogvliet;Teisseire;71;769;2.43;3.24;2.43;3.24;0;0;0;0;1;231.142857142857
7352;Hoogvliet;Teisseire;72;634;2.43;3.24;2.43;3.24;0;0;0;0;0;187.714285714286
7353;Hoogvliet;Teisseire;73;780;2.43;3.23;2.44;3.25;0;0;0;0;1;253
7354;Hoogvliet;Teisseire;74;838;2.41;3.22;2.41;3.21;0;0;0;0;0;258.285714285714
7355;Hoogvliet;Teisseire;75;705;2.42;3.23;2.42;3.23;0;0;0;0;0;240.142857142857
7356;Hoogvliet;Teisseire;76;691;2.43;3.24;2.43;3.24;0;0;0;0;0;209.428571428571
7357;Hoogvliet;Teisseire;77;599;2.47;3.29;2.43;3.24;0;0;0;0;0;196.428571428571
7358;Hoogvliet;Teisseire;78;713;2.47;3.29;2.41;3.21;0;0;0;0;0;237.285714285714
7359;Hoogvliet;Teisseire;79;1094;2.47;3.29;2.45;3.27;0;0;0;0;0;255.714285714286
7360;Hoogvliet;Teisseire;80;11074;2.49;3.32;2.47;3.29;62;0;82;0;0;236.142857142857
7361;Hoogvliet;Teisseire;81;3470;2.47;3.29;2.47;3.3;0;0;0;0;0;268
7362;Hoogvliet;Teisseire;82;1070;2.45;3.26;2.46;3.28;0;0;0;0;0;306.142857142857
7363;Hoogvliet;Teisseire;83;888;2.44;3.26;2.47;3.29;0;0;0;0;0;286
7364;Hoogvliet;Teisseire;84;799;2.45;3.27;2.48;3.31;0;0;0;0;0;255.571428571429
7365;Hoogvliet;Teisseire;85;579;2.46;3.28;2.48;3.31;0;0;0;0;0;233.142857142857
7366;Hoogvliet;Teisseire;86;482;2.46;3.28;2.46;3.29;0;0;0;0;0;222.428571428571
7367;Hoogvliet;Teisseire;87;562;2.47;3.3;2.49;3.31;0;0;0;0;0;198
7368;Hoogvliet;Teisseire;88;463;2.46;3.28;2.5;3.33;0;0;0;0;0;210.857142857143
7369;Hoogvliet;Teisseire;89;2563;2.48;3.31;2.47;3.29;49;0;64;0;0;206.285714285714
7370;Hoogvliet;Teisseire;90;982;2.47;3.29;2.46;3.28;0;0;0;0;0;220.285714285714
7371;Hoogvliet;Teisseire;91;500;2.42;3.23;2.5;3.33;0;0;0;0;0;164.285714285714
7372;Hoogvliet;Teisseire;92;528;2.43;3.24;2.47;3.29;0;0;0;0;0;177
7373;Hoogvliet;Teisseire;93;561;2.42;3.22;2.46;3.28;0;0;0;0;0;209.714285714286
7374;Hoogvliet;Teisseire;94;618;2.45;3.27;2.45;3.27;0;0;0;0;0;199
7375;Hoogvliet;Teisseire;95;964;2.5;3.34;2.45;3.26;0;0;0;0;0;141.714285714286
7376;Hoogvliet;Teisseire;96;6269;2.45;3.27;2.46;3.28;58;0;92;0;0;99.7142857142857
7377;Hoogvliet;Teisseire;97;2049;2.46;3.28;2.47;3.29;0;0;0;0;0;134.714285714286
7378;Hoogvliet;Teisseire;98;587;2.45;3.27;2.47;3.3;0;0;0;0;0;115.857142857143
7379;Hoogvliet;Teisseire;99;495;2.44;3.25;2.45;3.26;0;0;0;0;0;55.8571428571429
7380;Hoogvliet;Teisseire;100;518;2.43;3.23;2.44;3.26;0;0;0;0;0;82.5714285714286
7381;Hoogvliet;Teisseire;101;476;2.44;3.25;2.47;3.3;0;0;0;0;0;114
7382;Hoogvliet;Teisseire;102;483;2.44;3.25;2.45;3.27;0;0;0;0;0;51.8571428571429
7383;Hoogvliet;Teisseire;103;560;2.44;3.26;2.44;3.25;0;0;0;0;0;87.4285714285714
7384;Hoogvliet;Teisseire;104;441;2.44;3.25;2.4;3.21;0;0;0;0;1;73.1428571428571
7385;Hoogvliet;Teisseire;105;511;2.5;3.33;2.47;3.29;0;0;0;0;1;81.2857142857143
7386;Hoogvliet;Teisseire;106;546;2.56;3.41;2.42;3.22;0;0;0;0;0;80.2857142857143
7387;Hoogvliet;Teisseire;107;507;2.57;3.42;2.51;3.35;0;0;0;0;0;65.2857142857143
7388;Hoogvliet;Teisseire;108;581;2.58;3.44;2.57;3.43;0;0;0;0;0;29.8571428571429
7389;Hoogvliet;Teisseire;109;538;2.55;3.4;2.6;3.47;0;0;0;0;0;36.7142857142857
7390;Hoogvliet;Teisseire;110;626;2.57;3.43;2.58;3.43;0;0;0;0;0;75.4285714285714
7391;Hoogvliet;Teisseire;111;592;2.62;3.49;2.54;3.38;0;0;0;0;0;109.142857142857
7392;Hoogvliet;Teisseire;112;556;2.52;3.36;2.57;3.42;0;0;0;0;0;124.714285714286
7393;Hoogvliet;Teisseire;113;656;2.49;3.32;2.56;3.42;0;0;0;0;0;148.142857142857
7394;Hoogvliet;Teisseire;114;6447;1.32;1.76;1.67;2.22;86;0;98;0;0;117.428571428571
7395;Hoogvliet;Teisseire;115;1679;2.52;3.35;2.56;3.41;0;0;0;0;0;105
7396;Hoogvliet;Teisseire;116;974;2.59;3.45;2.53;3.37;0;0;0;0;0;121.714285714286
7397;Hoogvliet;Teisseire;117;632;2.58;3.44;2.47;3.29;0;0;0;0;0;129.428571428571
7398;Hoogvliet;Teisseire;118;175;2.51;3.34;2.54;3.39;0;0;0;0;0;128.857142857143
7399;Hoogvliet;Teisseire;119;89;2.08;2.77;2.16;2.88;0;0;0;0;0;137.142857142857
7400;Hoogvliet;Teisseire;120;45;1.8;2.4;1.84;2.46;0;0;0;0;1;188.142857142857
7401;Hoogvliet;Teisseire;121;28;1.8;2.4;1.99;2.66;0;0;0;0;1;204.285714285714
7402;Hoogvliet;Teisseire;122;31;1.66;2.21;1.77;2.35;0;0;0;0;0;131
7403;Hoogvliet;Teisseire;123;8;1.96;2.62;2.37;3.14;0;0;0;0;1;137.142857142857
7404;Hoogvliet;Teisseire;124;11;2.36;3.13;2.36;3.13;0;0;0;0;0;168.571428571429
7405;Hoogvliet;Teisseire;125;2;1.85;2.47;1.86;2.6;0;0;0;0;0;188.142857142857
7406;Hoogvliet;Teisseire;126;3;1.87;2.43;1.8;2.57;0;0;0;0;1;201.428571428571
7407;Hoogvliet;Teisseire;127;754;2.52;3.36;2.52;3.36;0;7;0;0;0;219
7408;Hoogvliet;Teisseire;128;427;2.46;3.27;2.55;3.4;0;0;0;0;1;202.571428571429
7409;Hoogvliet;Teisseire;129;191;2.37;3.16;3.01;4.02;0;0;0;0;0;233.857142857143
7410;Hoogvliet;Teisseire;130;27;1.9;2.53;1.9;2.53;0;0;0;0;0;273.428571428571
7411;Hoogvliet;Teisseire;131;10;1.58;2.11;1.58;2.11;0;0;0;0;0;222.428571428571
7412;Hoogvliet;Teisseire;132;25;1.76;2.34;1.76;2.34;0;0;0;0;0;197
7413;Hoogvliet;Teisseire;133;9;2.23;2.96;2.23;2.96;0;0;0;0;0;217.571428571429
7414;Hoogvliet;Teisseire;134;0;0;0;0;0;0;0;0;0;0;315.428571428571
7415;Hoogvliet;Teisseire;135;0;0;0;0;0;0;0;0;0;0;233.714285714286
7416;Hoogvliet;Teisseire;136;6;1.73;2.31;1.77;2.3;0;0;0;0;0;239.285714285714
7417;Hoogvliet;Teisseire;137;0;0;0;0;0;0;0;0;0;0;206.142857142857
7418;Hoogvliet;Teisseire;138;0;0;0;0;0;0;0;0;0;0;233.428571428571
7419;Hoogvliet;Teisseire;139;0;0;0;0;0;0;0;0;0;0;281.142857142857
7420;Hoogvliet;Teisseire;140;0;0;0;0;0;0;0;0;0;0;190.285714285714
7421;Hoogvliet;Teisseire;141;0;0;0;0;0;0;0;0;0;0;195.571428571429
7422;Hoogvliet;Teisseire;142;0;0;0;0;0;0;0;0;0;0;192
7423;Hoogvliet;Teisseire;143;0;0;0;0;0;0;0;0;0;0;192.428571428571
7424;Hoogvliet;Teisseire;144;0;0;0;0;0;0;0;0;0;0;157.142857142857
7425;Hoogvliet;Teisseire;145;0;0;0;0;0;0;0;0;0;0;142.714285714286
7426;Hoogvliet;Teisseire;146;0;0;0;0;0;0;0;0;0;0;166.857142857143
7427;Hoogvliet;Teisseire;147;0;0;0;0;0;0;0;0;0;0;164.428571428571
7428;Hoogvliet;Teisseire;148;0;0;0;0;0;0;0;0;0;0;124.285714285714
7429;Hoogvliet;Teisseire;149;0;0;0;0;0;0;0;0;0;0;110.428571428571
7430;Hoogvliet;Teisseire;150;0;0;0;0;0;0;0;0;0;0;74.5714285714286
7431;Hoogvliet;Teisseire;151;0;0;0;0;0;0;0;0;0;0;78.7142857142857
7432;Hoogvliet;Teisseire;152;0;0;0;0;0;0;0;0;0;0;103.714285714286
7433;Hoogvliet;Teisseire;153;0;0;0;0;0;0;0;0;0;0;75.2857142857143
7434;Hoogvliet;Teisseire;154;0;0;0;0;0;0;0;0;0;0;79.7142857142857
7435;Hoogvliet;Teisseire;155;0;0;0;0;0;0;0;0;0;0;107.571428571429
7436;Hoogvliet;Teisseire;156;0;0;0;0;0;0;0;0;0;1;77.5714285714286
7437;Hoogvliet;Teisseire;157;0;0;0;0;0;0;0;0;0;1;67.5714285714286
7438;Hoogvliet;Teisseire;158;0;0;0;0;0;0;0;0;0;0;92.7142857142857
7439;Hoogvliet;Teisseire;159;0;0;0;0;0;0;0;0;0;0;105.571428571429
7440;Hoogvliet;Teisseire;160;0;0;0;0;0;0;0;0;0;0;52
7441;Hoogvliet;Teisseire;161;0;0;0;0;0;0;0;0;0;0;98.7142857142857
7442;Hoogvliet;Teisseire;162;0;0;0;0;0;0;0;0;0;0;93.5714285714286
7443;Hoogvliet;Teisseire;163;0;0;0;0;0;0;0;0;0;0;98.5714285714286
7444;Hoogvliet;Teisseire;164;0;0;0;0;0;0;0;0;0;0;108
7445;Hoogvliet;Teisseire;165;0;0;0;0;0;0;0;0;5.42857142857143;0;93.5714285714286
7446;Hoogvliet;Teisseire;166;0;0;0;0;0;0;0;0;66.4285714285714;0;88.8571428571429
7447;Hoogvliet;Teisseire;167;0;0;0;0;0;0;0;0;221.142857142857;0;111.428571428571
7448;Hoogvliet;Teisseire;168;0;0;0;0;0;0;0;0;623;0;113.428571428571
7449;Hoogvliet;Teisseire;169;0;0;0;0;0;0;0;0;1028.85714285714;0;117.142857142857
7450;Hoogvliet;Teisseire;170;0;0;0;0;0;0;0;0;990.714285714286;0;103.571428571429
7451;Hoogvliet;Teisseire;171;0;0;0;0;0;0;0;0;1086.28571428571;1;209.857142857143
7452;Hoogvliet;Teisseire;172;0;0;0;0;0;0;0;0;955.571428571429;1;166.285714285714
7453;Hoogvliet;Teisseire;173;0;0;0;0;0;0;0;0;565.714285714286;0;189
7454;Hoogvliet;Teisseire;174;0;0;0;0;0;0;0;0;359.571428571429;1;154.857142857143
7455;Hoogvliet;Teisseire;175;0;0;0;0;0;0;0;0;270.285714285714;1;188.571428571429
7456;Hoogvliet;Teisseire;176;0;0;0;0;0;0;0;0;176.571428571429;0;147.714285714286
7457;Hoogvliet;Teisseire;177;0;0;0;0;0;0;0;0;188.714285714286;1;219.142857142857
7458;Hoogvliet;Teisseire;178;0;0;0;0;0;0;0;0;137.857142857143;0;208.428571428571
7459;Hoogvliet;Teisseire;179;0;0;0;0;0;0;0;0;193.428571428571;1;207.142857142857
7460;Hoogvliet;Teisseire;180;0;0;0;0;0;0;0;0;159.571428571429;0;203.285714285714
7461;Hoogvliet;Teisseire;181;0;0;0;0;0;0;0;0;85.7142857142857;0;226
7462;Hoogvliet;Teisseire;182;0;0;0;0;0;0;0;0;75.8571428571429;0;267.571428571429
7463;Hoogvliet;Teisseire;183;0;0;0;0;0;0;0;0;58.7142857142857;0;202.571428571429
7464;Hoogvliet;Teisseire;184;0;0;0;0;0;0;0;0;72.2857142857143;0;188
7465;Hoogvliet;Teisseire;185;0;0;0;0;0;0;0;0;141.285714285714;0;215.428571428571
7466;Hoogvliet;Teisseire;186;0;0;0;0;0;0;0;0;197.142857142857;0;222
7467;Hoogvliet;Teisseire;187;0;0;0;0;0;0;0;0;394.285714285714;0;242
7468;Hoogvliet;Teisseire;188;0;0;0;0;0;0;0;0;606.571428571429;0;275.428571428571
7469;Hoogvliet;Teisseire;189;0;0;0;0;0;0;0;0;556.857142857143;0;315.571428571429
7470;Hoogvliet;Teisseire;190;0;0;0;0;0;0;0;0;512.714285714286;0;265.571428571429
7471;Hoogvliet;Teisseire;191;0;0;0;0;0;0;0;0;535.571428571429;0;201.714285714286
7472;Hoogvliet;Teisseire;192;0;0;0;0;0;0;0;0;832.142857142857;0;195.285714285714
7473;Hoogvliet;Teisseire;193;0;0;0;0;0;0;0;0;1233.14285714286;0;198.714285714286
7474;Hoogvliet;Teisseire;194;0;0;0;0;0;0;0;0;2039.57142857143;0;242.142857142857
7475;Hoogvliet;Teisseire;195;0;0;0;0;0;0;0;0;2892.57142857143;0;201
7476;Hoogvliet;Teisseire;196;0;0;0;0;0;0;0;0;4163.28571428571;0;162.857142857143
7477;Hoogvliet;Teisseire;197;0;0;0;0;0;0;0;0;6596.42857142857;0;147.285714285714
7478;Hoogvliet;Teisseire;198;0;0;0;0;0;0;0;0;8138.71428571429;0;127.857142857143
7479;Hoogvliet;Teisseire;199;0;0;0;0;0;0;0;0;9551;0;156.428571428571
7480;Hoogvliet;Teisseire;200;0;0;0;0;0;0;0;0;9076;0;140.714285714286
7481;Hoogvliet;Teisseire;201;0;0;0;0;0;0;0;0;5899.42857142857;0;143.428571428571
7482;Hoogvliet;Teisseire;202;1;3;3.75;3;3.75;0;0;0;5256.14285714286;0;143.285714285714
7483;Hoogvliet;Teisseire;203;213;2.92;4.13;2.92;4.14;0;0;0;5291.57142857143;0;123
7484;Hoogvliet;Teisseire;204;253;2.93;4.09;2.93;4.19;0;0;0;4827.28571428571;0;92.1428571428571
7485;Hoogvliet;Teisseire;205;272;2.93;4.07;2.93;4.1;0;0;0;6360.14285714286;0;68.7142857142857
7486;Hoogvliet;Teisseire;206;271;2.96;4.13;2.96;4.17;0;0;0;8968.71428571429;0;48.2857142857143
7487;Hoogvliet;Teisseire;207;296;2.94;4.08;3.01;4.24;0;0;0;11617.8571428571;0;103.428571428571
7488;Hoogvliet;Teisseire;208;247;2.94;4.11;3.03;4.21;0;0;0;9461.28571428571;1;100
7489;TotalOnlineSales;PrivateLabel;1;16096;1.45;1.93;2.25;3.01;61;0;0;0;1;42.1428571428571
7490;TotalOnlineSales;PrivateLabel;2;7166;2.2;2.94;2.25;3.03;0;0;0;0;0;66.8571428571429
7491;TotalOnlineSales;PrivateLabel;3;7869;2.22;2.96;2.25;3.01;0;0;0;0;0;26.5714285714286
7492;TotalOnlineSales;PrivateLabel;4;8266;2.2;2.96;2.25;3.01;0;0;0;0;0;33.2857142857143
7493;TotalOnlineSales;PrivateLabel;5;7055;2.2;2.94;2.25;3.03;0;0;0;0;0;81.4285714285714
7494;TotalOnlineSales;PrivateLabel;6;8632;2.16;2.91;2.22;2.98;4;0;0;0;0;25.4285714285714
7495;TotalOnlineSales;PrivateLabel;7;8483;2.2;2.93;2.24;2.99;0;0;0;0;0;87.5714285714286
7496;TotalOnlineSales;PrivateLabel;8;8960;2.18;2.91;2.23;2.99;0;0;0;0;0;100.142857142857
7497;TotalOnlineSales;PrivateLabel;9;8090;2.19;2.94;2.24;3.01;0;0;0;0;0;96.1428571428571
7498;TotalOnlineSales;PrivateLabel;10;8077;2.19;2.94;2.19;2.94;0;0;0;0;0;110.142857142857
7499;TotalOnlineSales;PrivateLabel;11;8765;2.17;2.9;2.23;2.98;0;0;0;0;0;138.714285714286
7500;TotalOnlineSales;PrivateLabel;12;9030;2.16;2.91;2.19;2.94;0;0;0;0;0;127
7501;TotalOnlineSales;PrivateLabel;13;9514;2.17;2.91;2.19;2.94;0;0;0;0;0;175
7502;TotalOnlineSales;PrivateLabel;14;10284;2.16;2.91;2.2;2.95;0;0;0;0;0;145.142857142857
7503;TotalOnlineSales;PrivateLabel;15;10258;2.18;2.92;2.17;2.91;0;0;0;0;1;143.714285714286
7504;TotalOnlineSales;PrivateLabel;16;9103;2.17;2.9;2.2;2.98;0;0;0;0;1;114.571428571429
7505;TotalOnlineSales;PrivateLabel;17;7909;2.16;2.88;2.16;2.86;0;0;0;0;1;116.142857142857
7506;TotalOnlineSales;PrivateLabel;18;8028;2.01;2.68;2.14;2.86;4;0;0;0;1;151
7507;TotalOnlineSales;PrivateLabel;19;8878;2.18;2.91;2.19;2.92;0;0;0;0;0;177.428571428571
7508;TotalOnlineSales;PrivateLabel;20;9477;2.18;2.93;2.22;2.99;0;0;0;0;0;215.428571428571
7509;TotalOnlineSales;PrivateLabel;21;10032;2.16;2.89;2.17;2.91;0;0;0;0;1;242.285714285714
7510;TotalOnlineSales;PrivateLabel;22;12014;2.18;2.92;2.19;2.93;0;0;0;0;0;246.142857142857
7511;TotalOnlineSales;PrivateLabel;23;9343;2.17;2.9;2.18;2.93;0;0;0;0;1;205.571428571429
7512;TotalOnlineSales;PrivateLabel;24;9252;2.2;2.94;2.2;2.96;0;0;0;0;0;225.285714285714
7513;TotalOnlineSales;PrivateLabel;25;11295;2.18;2.91;2.2;2.93;0;0;0;0;0;267.285714285714
7514;TotalOnlineSales;PrivateLabel;26;10960;2.16;2.89;2.21;2.96;0;0;0;0;0;209.714285714286
7515;TotalOnlineSales;PrivateLabel;27;10477;2.13;2.86;2.14;2.85;0;0;0;0;0;238
7516;TotalOnlineSales;PrivateLabel;28;9930;2.12;2.84;2.16;2.92;0;0;0;0;0;212.285714285714
7517;TotalOnlineSales;PrivateLabel;29;7758;2.11;2.81;2.17;2.92;0;0;0;0;0;244.142857142857
7518;TotalOnlineSales;PrivateLabel;30;7567;2.13;2.86;2.22;2.98;0;0;0;0;0;208.285714285714
7519;TotalOnlineSales;PrivateLabel;31;6561;2.12;2.84;2.13;2.86;0;0;0;0;0;221.571428571429
7520;TotalOnlineSales;PrivateLabel;32;11506;2.24;3.47;2.35;3.45;51;0;0;0;0;210.857142857143
7521;TotalOnlineSales;PrivateLabel;33;9325;2.25;3.24;2.25;3.25;0;0;0;0;0;214.714285714286
7522;TotalOnlineSales;PrivateLabel;34;11556;2.32;3.34;2.3;3.35;0;0;0;0;0;228.142857142857
7523;TotalOnlineSales;PrivateLabel;35;13027;2.28;3.28;2.24;3.23;0;0;0;0;0;230.571428571429
7524;TotalOnlineSales;PrivateLabel;36;12424;2.29;3.31;2.3;3.34;0;0;0;0;0;190.857142857143
7525;TotalOnlineSales;PrivateLabel;37;15791;2.25;3.41;2.23;3.21;60;0;0;0;0;163.857142857143
7526;TotalOnlineSales;PrivateLabel;38;12362;2.28;3.28;2.33;3.35;0;0;0;0;0;177.714285714286
7527;TotalOnlineSales;PrivateLabel;39;13372;2.28;3.29;2.31;3.34;0;0;0;0;0;192.714285714286
7528;TotalOnlineSales;PrivateLabel;40;12841;2.3;3.31;2.32;3.34;4;0;0;0;0;160.285714285714
7529;TotalOnlineSales;PrivateLabel;41;11915;2.29;3.33;2.33;3.4;0;0;0;0;0;163.142857142857
7530;TotalOnlineSales;PrivateLabel;42;12082;2.31;3.34;2.32;3.35;0;0;0;0;0;194.714285714286
7531;TotalOnlineSales;PrivateLabel;43;12731;2.31;3.35;2.38;3.46;0;0;0;0;0;156.857142857143
7532;TotalOnlineSales;PrivateLabel;44;13067;2.33;3.36;2.35;3.42;0;0;0;0;0;130.714285714286
7533;TotalOnlineSales;PrivateLabel;45;13242;2.28;3.31;2.29;3.33;0;0;0;0;0;102.142857142857
7534;TotalOnlineSales;PrivateLabel;46;12555;2.3;3.35;2.33;3.38;0;0;0;0;0;96.2857142857143
7535;TotalOnlineSales;PrivateLabel;47;13613;2.31;3.34;2.34;3.39;0;0;0;0;0;112
7536;TotalOnlineSales;PrivateLabel;48;12587;2.29;3.33;2.32;3.38;0;0;0;0;0;53.1428571428571
7537;TotalOnlineSales;PrivateLabel;49;12612;2.32;3.4;2.33;3.39;0;0;0;0;0;74.1428571428571
7538;TotalOnlineSales;PrivateLabel;50;13472;2.33;3.39;2.31;3.36;0;0;0;0;0;45.8571428571429
7539;TotalOnlineSales;PrivateLabel;51;18116;2.23;3.42;2.26;3.23;0;0;0;0;0;84
7540;TotalOnlineSales;PrivateLabel;52;9787;2.24;3.39;2.33;3.45;0;0;0;0;1;81.2857142857143
7541;TotalOnlineSales;PrivateLabel;53;9329;2.31;3.38;2.28;3.34;0;0;0;0;1;98.2857142857143
7542;TotalOnlineSales;PrivateLabel;54;12230;2.28;3.33;2.25;3.27;0;0;0;0;0;57.7142857142857
7543;TotalOnlineSales;PrivateLabel;55;13170;2.28;3.37;2.33;3.43;0;0;0;0;0;66.8571428571429
7544;TotalOnlineSales;PrivateLabel;56;14154;2.29;3.34;2.33;3.42;0;0;0;0;0;94.1428571428571
7545;TotalOnlineSales;PrivateLabel;57;13785;2.31;3.37;2.34;3.43;0;0;0;0;0;79.8571428571429
7546;TotalOnlineSales;PrivateLabel;58;13417;2.26;3.27;2.26;3.3;0;0;0;0;0;35.4285714285714
7547;TotalOnlineSales;PrivateLabel;59;13010;2.33;3.4;2.36;3.47;0;0;0;0;0;73.7142857142857
7548;TotalOnlineSales;PrivateLabel;60;13722;2.29;3.32;2.33;3.39;0;0;0;0;0;45.4285714285714
7549;TotalOnlineSales;PrivateLabel;61;13549;2.3;3.35;2.34;3.41;0;0;0;0;0;-4.71428571428571
7550;TotalOnlineSales;PrivateLabel;62;13596;2.31;3.36;2.35;3.42;0;0;0;0;0;108.571428571429
7551;TotalOnlineSales;PrivateLabel;63;14085;2.32;3.39;2.35;3.45;0;0;0;0;0;93
7552;TotalOnlineSales;PrivateLabel;64;15121;2.28;3.32;2.32;3.4;0;0;0;0;0;73.5714285714286
7553;TotalOnlineSales;PrivateLabel;65;14742;2.2;3.19;2.31;3.37;0;0;0;0;1;111
7554;TotalOnlineSales;PrivateLabel;66;12456;2.23;3.26;2.32;3.41;0;0;0;0;1;139.571428571429
7555;TotalOnlineSales;PrivateLabel;67;14343;2.3;3.36;2.32;3.38;0;0;0;0;0;176.428571428571
7556;TotalOnlineSales;PrivateLabel;68;15243;2.28;3.29;2.32;3.39;0;0;0;0;0;218.714285714286
7557;TotalOnlineSales;PrivateLabel;69;13343;2.23;3.24;2.27;3.32;0;0;0;0;1;166.428571428571
7558;TotalOnlineSales;PrivateLabel;70;10651;2.24;3.32;2.24;3.38;0;0;0;0;1;158.857142857143
7559;TotalOnlineSales;PrivateLabel;71;15010;2.16;3.3;2.29;3.39;62;0;0;0;1;231.142857142857
7560;TotalOnlineSales;PrivateLabel;72;12815;2.17;3.13;2.24;3.28;0;0;0;0;0;187.714285714286
7561;TotalOnlineSales;PrivateLabel;73;10926;2.09;3.07;2.14;3.19;0;0;0;0;1;253
7562;TotalOnlineSales;PrivateLabel;74;13789;2.12;3.1;2.13;3.12;0;0;0;0;0;258.285714285714
7563;TotalOnlineSales;PrivateLabel;75;14826;2.22;3.21;2.21;3.24;0;0;0;0;0;240.142857142857
7564;TotalOnlineSales;PrivateLabel;76;17527;2.21;3.35;2.19;3.24;65;0;0;0;0;209.428571428571
7565;TotalOnlineSales;PrivateLabel;77;13362;2.21;3.2;2.22;3.24;0;0;0;0;0;196.428571428571
7566;TotalOnlineSales;PrivateLabel;78;14567;2.18;3.13;2.22;3.21;0;0;0;0;0;237.285714285714
7567;TotalOnlineSales;PrivateLabel;79;16295;2.13;3.06;2.17;3.13;0;0;0;0;0;255.714285714286
7568;TotalOnlineSales;PrivateLabel;80;25707;1.91;2.77;2.23;3.23;55;0;0;0;0;236.142857142857
7569;TotalOnlineSales;PrivateLabel;81;12910;2.12;3.03;2.16;3.14;0;0;0;0;0;268
7570;TotalOnlineSales;PrivateLabel;82;13854;2.13;3.03;2.18;3.18;0;0;0;0;0;306.142857142857
7571;TotalOnlineSales;PrivateLabel;83;14308;2.08;2.96;2.21;3.18;0;0;0;0;0;286
7572;TotalOnlineSales;PrivateLabel;84;12102;2.17;3.11;2.24;3.23;0;0;0;0;0;255.571428571429
7573;TotalOnlineSales;PrivateLabel;85;13797;2.18;3.3;2.28;3.3;52;0;0;0;0;233.142857142857
7574;TotalOnlineSales;PrivateLabel;86;12332;2.25;3.26;2.3;3.36;0;0;0;0;0;222.428571428571
7575;TotalOnlineSales;PrivateLabel;87;13979;2.23;3.19;2.3;3.36;0;0;0;0;0;198
7576;TotalOnlineSales;PrivateLabel;88;12949;2.33;3.39;2.31;3.39;0;0;0;0;0;210.857142857143
7577;TotalOnlineSales;PrivateLabel;89;15567;2.2;3.33;2.34;3.43;63;0;0;0;0;206.285714285714
7578;TotalOnlineSales;PrivateLabel;90;13140;2.18;3.14;2.22;3.23;0;0;0;0;0;220.285714285714
7579;TotalOnlineSales;PrivateLabel;91;14498;2.18;3.13;2.2;3.18;0;0;0;0;0;164.285714285714
7580;TotalOnlineSales;PrivateLabel;92;14328;2.21;3.21;2.26;3.32;0;0;0;0;0;177
7581;TotalOnlineSales;PrivateLabel;93;13195;2.25;3.24;2.29;3.29;0;0;0;0;0;209.714285714286
7582;TotalOnlineSales;PrivateLabel;94;13095;2.28;3.27;2.3;3.28;0;0;0;0;0;199
7583;TotalOnlineSales;PrivateLabel;95;13093;2.21;3.16;2.26;3.25;0;0;0;0;0;141.714285714286
7584;TotalOnlineSales;PrivateLabel;96;15708;2.2;3.29;2.27;3.26;63;0;0;0;0;99.7142857142857
7585;TotalOnlineSales;PrivateLabel;97;13823;2.2;3.13;2.17;3.12;0;0;0;0;0;134.714285714286
7586;TotalOnlineSales;PrivateLabel;98;15396;2.12;2.97;2.18;3.12;0;0;0;0;0;115.857142857143
7587;TotalOnlineSales;PrivateLabel;99;17411;2.13;3.17;2.14;3.02;61;0;0;0;0;55.8571428571429
7588;TotalOnlineSales;PrivateLabel;100;13981;2.19;3.1;2.21;3.14;0;0;0;0;0;82.5714285714286
7589;TotalOnlineSales;PrivateLabel;101;12607;2.18;3.11;2.17;3.11;0;0;0;0;0;114
7590;TotalOnlineSales;PrivateLabel;102;13894;2.2;3.13;2.18;3.11;0;0;0;0;0;51.8571428571429
7591;TotalOnlineSales;PrivateLabel;103;16549;2.17;3.07;2.22;3.16;0;0;0;0;0;87.4285714285714
7592;TotalOnlineSales;PrivateLabel;104;7629;2.29;3.29;2.35;3.4;0;0;0;0;1;73.1428571428571
7593;TotalOnlineSales;PrivateLabel;105;9606;2.22;3.2;2.22;3.19;0;0;0;0;1;81.2857142857143
7594;TotalOnlineSales;PrivateLabel;106;13327;2.27;3.24;2.23;3.23;0;0;0;0;0;80.2857142857143
7595;TotalOnlineSales;PrivateLabel;107;14342;2.24;3.21;2.27;3.25;0;0;0;0;0;65.2857142857143
7596;TotalOnlineSales;PrivateLabel;108;19738;2.22;3.32;2.28;3.28;0;0;0;0;0;29.8571428571429
7597;TotalOnlineSales;PrivateLabel;109;13388;2.2;3.16;2.26;3.24;0;0;0;0;0;36.7142857142857
7598;TotalOnlineSales;PrivateLabel;110;13882;2.13;3.04;2.21;3.19;0;0;0;0;0;75.4285714285714
7599;TotalOnlineSales;PrivateLabel;111;14019;2.08;2.96;2.23;3.27;0;0;0;0;0;109.142857142857
7600;TotalOnlineSales;PrivateLabel;112;18432;2.07;3.08;2.22;3.21;0;0;0;0;0;124.714285714286
7601;TotalOnlineSales;PrivateLabel;113;15021;2.05;2.9;2.19;3.17;0;0;0;0;0;148.142857142857
7602;TotalOnlineSales;PrivateLabel;114;13945;2.04;2.91;2.12;3.06;0;0;0;0;0;117.428571428571
7603;TotalOnlineSales;PrivateLabel;115;13606;2.09;2.99;2.09;3.03;0;0;0;0;0;105
7604;TotalOnlineSales;PrivateLabel;116;15001;2.06;2.93;2.1;3.05;0;0;0;0;0;121.714285714286
7605;TotalOnlineSales;PrivateLabel;117;15512;2.09;2.99;2.13;3.1;0;0;0;0;0;129.428571428571
7606;TotalOnlineSales;PrivateLabel;118;18459;2.01;2.85;2.15;3.12;0;0;0;0;0;128.857142857143
7607;TotalOnlineSales;PrivateLabel;119;16448;2.06;2.92;2.13;3.08;0;0;0;0;0;137.142857142857
7608;TotalOnlineSales;PrivateLabel;120;16300;2.08;2.96;2.12;3.08;0;0;0;0;1;188.142857142857
7609;TotalOnlineSales;PrivateLabel;121;13367;1.99;2.82;2.09;3.01;0;0;0;0;1;204.285714285714
7610;TotalOnlineSales;PrivateLabel;122;14213;2.07;2.96;2.16;3.15;0;0;0;0;0;131
7611;TotalOnlineSales;PrivateLabel;123;14295;2.03;2.88;2.16;3.14;0;0;0;0;1;137.142857142857
7612;TotalOnlineSales;PrivateLabel;124;19100;2.14;3.16;2.11;3.03;51;0;0;0;0;168.571428571429
7613;TotalOnlineSales;PrivateLabel;125;16805;1.99;2.8;2.06;2.93;0;0;0;0;0;188.142857142857
7614;TotalOnlineSales;PrivateLabel;126;15700;2;2.82;2.07;2.98;0;0;0;0;1;201.428571428571
7615;TotalOnlineSales;PrivateLabel;127;18002;2;2.82;2.07;2.96;0;0;0;0;0;219
7616;TotalOnlineSales;PrivateLabel;128;15286;2.05;2.9;2.09;2.98;0;0;0;0;1;202.571428571429
7617;TotalOnlineSales;PrivateLabel;129;17338;2.01;2.82;2.03;2.86;0;0;0;0;0;233.857142857143
7618;TotalOnlineSales;PrivateLabel;130;19376;1.96;2.75;2.04;2.88;0;0;0;0;0;273.428571428571
7619;TotalOnlineSales;PrivateLabel;131;17451;1.95;2.75;2;2.83;0;0;0;0;0;222.428571428571
7620;TotalOnlineSales;PrivateLabel;132;16508;1.99;2.8;2.07;2.95;0;0;0;0;0;197
7621;TotalOnlineSales;PrivateLabel;133;14660;2.01;2.84;2.03;2.87;0;0;0;0;0;217.571428571429
7622;TotalOnlineSales;PrivateLabel;134;15438;2;2.82;2.03;2.87;0;0;0;0;0;315.428571428571
7623;TotalOnlineSales;PrivateLabel;135;12683;2;2.83;2.07;2.94;0;0;0;0;0;233.714285714286
7624;TotalOnlineSales;PrivateLabel;136;11290;1.97;2.79;2.03;2.9;0;0;0;0;0;239.285714285714
7625;TotalOnlineSales;PrivateLabel;137;17033;1.9;2.78;2.06;2.94;47;0;0;0;0;206.142857142857
7626;TotalOnlineSales;PrivateLabel;138;14572;1.94;2.75;1.98;2.83;0;0;0;0;0;233.428571428571
7627;TotalOnlineSales;PrivateLabel;139;17398;1.92;2.71;1.97;2.78;0;0;0;0;0;281.142857142857
7628;TotalOnlineSales;PrivateLabel;140;16920;1.95;2.76;1.97;2.79;0;0;0;0;0;190.285714285714
7629;TotalOnlineSales;PrivateLabel;141;15789;1.98;2.81;2;2.84;0;0;0;0;0;195.571428571429
7630;TotalOnlineSales;PrivateLabel;142;16823;1.98;2.8;1.99;2.83;0;0;0;0;0;192
7631;TotalOnlineSales;PrivateLabel;143;16578;1.97;2.8;2;2.85;0;0;0;0;0;192.428571428571
7632;TotalOnlineSales;PrivateLabel;144;15141;2;2.85;2.07;2.98;0;0;0;0;0;157.142857142857
7633;TotalOnlineSales;PrivateLabel;145;15477;2.04;2.89;2.06;2.95;0;0;0;0;0;142.714285714286
7634;TotalOnlineSales;PrivateLabel;146;15222;2.02;2.86;2.09;2.99;0;0;0;0;0;166.857142857143
7635;TotalOnlineSales;PrivateLabel;147;15162;1.99;2.82;1.86;2.61;0;0;0;0;0;164.428571428571
7636;TotalOnlineSales;PrivateLabel;148;15775;1.99;2.81;1.89;2.64;0;0;0;0;0;124.285714285714
7637;TotalOnlineSales;PrivateLabel;149;15899;1.99;2.83;1.96;2.77;42;0;0;0;0;110.428571428571
7638;TotalOnlineSales;PrivateLabel;150;15782;2.02;2.86;1.97;2.8;0;0;0;0;0;74.5714285714286
7639;TotalOnlineSales;PrivateLabel;151;16743;1.99;2.8;2.01;2.83;0;0;0;0;0;78.7142857142857
7640;TotalOnlineSales;PrivateLabel;152;16509;2.01;2.87;2.05;2.91;0;0;0;0;0;103.714285714286
7641;TotalOnlineSales;PrivateLabel;153;16230;1.99;2.81;2.03;2.88;0;0;0;0;0;75.2857142857143
7642;TotalOnlineSales;PrivateLabel;154;16879;2.02;2.88;2.06;2.96;0;0;0;0;0;79.7142857142857
7643;TotalOnlineSales;PrivateLabel;155;18651;1.99;2.82;2.05;2.91;0;0;0;0;0;107.571428571429
7644;TotalOnlineSales;PrivateLabel;156;8391;2;2.83;2.02;2.88;0;0;0;0;1;77.5714285714286
7645;TotalOnlineSales;PrivateLabel;157;11025;2.05;2.94;2.11;3.03;0;0;0;0;1;67.5714285714286
7646;TotalOnlineSales;PrivateLabel;158;15604;2.01;2.84;2.01;2.86;0;0;0;0;0;92.7142857142857
7647;TotalOnlineSales;PrivateLabel;159;15917;2.07;2.95;2.11;3;0;0;0;0;0;105.571428571429
7648;TotalOnlineSales;PrivateLabel;160;16633;2.01;2.86;2.03;2.88;0;0;0;0;0;52
7649;TotalOnlineSales;PrivateLabel;161;16534;2.02;2.88;2.06;2.95;0;0;0;0;0;98.7142857142857
7650;TotalOnlineSales;PrivateLabel;162;16057;2.03;2.88;2.08;2.97;0;0;0;0;0;93.5714285714286
7651;TotalOnlineSales;PrivateLabel;163;16429;2.04;2.9;2.1;3;0;0;0;0;0;98.5714285714286
7652;TotalOnlineSales;PrivateLabel;164;16400;1.98;2.79;2.08;2.95;0;0;0;0;0;108
7653;TotalOnlineSales;PrivateLabel;165;17228;2.01;2.86;2.09;2.97;0;0;0;5.42857142857143;0;93.5714285714286
7654;TotalOnlineSales;PrivateLabel;166;23599;2.04;2.98;2.08;2.96;41;0;0;66.4285714285714;0;88.8571428571429
7655;TotalOnlineSales;PrivateLabel;167;19063;2;2.83;2.09;2.98;0;0;0;221.142857142857;0;111.428571428571
7656;TotalOnlineSales;PrivateLabel;168;16721;1.96;2.74;2.06;2.89;0;0;0;623;0;113.428571428571
7657;TotalOnlineSales;PrivateLabel;169;15467;2.01;2.82;2.08;2.92;0;0;0;1028.85714285714;0;117.142857142857
7658;TotalOnlineSales;PrivateLabel;170;14438;2.01;2.82;2.06;2.9;0;0;0;990.714285714286;0;103.571428571429
7659;TotalOnlineSales;PrivateLabel;171;14486;2.05;2.89;2.1;2.97;0;0;0;1086.28571428571;1;209.857142857143
7660;TotalOnlineSales;PrivateLabel;172;14342;2.1;2.97;2.14;3.02;0;0;0;955.571428571429;1;166.285714285714
7661;TotalOnlineSales;PrivateLabel;173;15392;2.04;2.89;2.09;2.96;0;0;0;565.714285714286;0;189
7662;TotalOnlineSales;PrivateLabel;174;15856;2.11;3.02;2.19;3.12;0;0;0;359.571428571429;1;154.857142857143
7663;TotalOnlineSales;PrivateLabel;175;15090;2.09;2.99;2.15;3.07;0;0;0;270.285714285714;1;188.571428571429
7664;TotalOnlineSales;PrivateLabel;176;16805;2.15;3.08;2.13;3.05;0;0;0;176.571428571429;0;147.714285714286
7665;TotalOnlineSales;PrivateLabel;177;16564;2.15;3.08;2.15;3.08;0;0;0;188.714285714286;1;219.142857142857
7666;TotalOnlineSales;PrivateLabel;178;17395;2.11;3.02;2.17;3.13;0;0;0;137.857142857143;0;208.428571428571
7667;TotalOnlineSales;PrivateLabel;179;17637;2.12;3.02;2.14;3.06;0;0;0;193.428571428571;1;207.142857142857
7668;TotalOnlineSales;PrivateLabel;180;16280;2.11;3.04;2.16;3.1;0;0;0;159.571428571429;0;203.285714285714
7669;TotalOnlineSales;PrivateLabel;181;16851;2.09;3;2.13;3.06;0;0;0;85.7142857142857;0;226
7670;TotalOnlineSales;PrivateLabel;182;19035;2.08;2.96;2.13;3.07;0;0;0;75.8571428571429;0;267.571428571429
7671;TotalOnlineSales;PrivateLabel;183;19710;2.06;2.94;2.14;3.07;0;0;0;58.7142857142857;0;202.571428571429
7672;TotalOnlineSales;PrivateLabel;184;16691;2.05;2.9;2.13;3.03;0;0;0;72.2857142857143;0;188
7673;TotalOnlineSales;PrivateLabel;185;15834;2.04;2.9;2.13;3.03;0;0;0;141.285714285714;0;215.428571428571
7674;TotalOnlineSales;PrivateLabel;186;14845;2.08;2.98;2.17;3.13;0;0;0;197.142857142857;0;222
7675;TotalOnlineSales;PrivateLabel;187;13573;2.02;2.88;2.1;3.01;0;0;0;394.285714285714;0;242
7676;TotalOnlineSales;PrivateLabel;188;14119;2.01;2.88;2.06;2.94;0;0;0;606.571428571429;0;275.428571428571
7677;TotalOnlineSales;PrivateLabel;189;17101;2;2.84;2.03;2.91;0;0;0;556.857142857143;0;315.571428571429
7678;TotalOnlineSales;PrivateLabel;190;17521;1.99;2.82;2.03;2.89;0;0;0;512.714285714286;0;265.571428571429
7679;TotalOnlineSales;PrivateLabel;191;18035;2.01;2.86;2.07;2.97;0;0;0;535.571428571429;0;201.714285714286
7680;TotalOnlineSales;PrivateLabel;192;16956;2.07;2.94;2.07;2.95;0;0;0;832.142857142857;0;195.285714285714
7681;TotalOnlineSales;PrivateLabel;193;16589;2.09;2.98;2.11;3.02;0;0;0;1233.14285714286;0;198.714285714286
7682;TotalOnlineSales;PrivateLabel;194;16362;2.05;2.93;2.11;3.02;0;0;0;2039.57142857143;0;242.142857142857
7683;TotalOnlineSales;PrivateLabel;195;17409;2.06;2.93;2.09;2.99;0;0;0;2892.57142857143;0;201
7684;TotalOnlineSales;PrivateLabel;196;16828;2.05;2.9;2.1;3;0;0;0;4163.28571428571;0;162.857142857143
7685;TotalOnlineSales;PrivateLabel;197;16998;2.09;2.97;2.07;2.97;0;0;0;6596.42857142857;0;147.285714285714
7686;TotalOnlineSales;PrivateLabel;198;16265;2.07;2.91;2.1;2.96;0;0;0;8138.71428571429;0;127.857142857143
7687;TotalOnlineSales;PrivateLabel;199;15698;2.06;2.92;2.07;2.95;0;0;0;9551;0;156.428571428571
7688;TotalOnlineSales;PrivateLabel;200;16687;2.11;3.05;2.14;3.1;0;0;0;9076;0;140.714285714286
7689;TotalOnlineSales;PrivateLabel;201;16969;2.11;3.04;2.15;3.09;0;0;0;5899.42857142857;0;143.428571428571
7690;TotalOnlineSales;PrivateLabel;202;17792;2.11;3.06;2.18;3.16;0;0;0;5256.14285714286;0;143.285714285714
7691;TotalOnlineSales;PrivateLabel;203;17112;2.09;3.02;2.17;3.14;0;0;0;5291.57142857143;0;123
7692;TotalOnlineSales;PrivateLabel;204;19031;2.08;2.98;2.15;3.09;0;0;0;4827.28571428571;0;92.1428571428571
7693;TotalOnlineSales;PrivateLabel;205;18447;2.09;3;2.14;3.08;0;0;0;6360.14285714286;0;68.7142857142857
7694;TotalOnlineSales;PrivateLabel;206;18270;2.09;3;2.15;3.1;0;0;0;8968.71428571429;0;48.2857142857143
7695;TotalOnlineSales;PrivateLabel;207;19755;2.08;2.98;2.13;3.05;0;0;0;11617.8571428571;0;103.428571428571
7696;TotalOnlineSales;PrivateLabel;208;11745;2.09;3;2.14;3.08;0;0;0;9461.28571428571;1;100
7697;TotalOnlineSales;EuroShopper;1;3473;1.2;1.35;1.21;1.36;0;0;0;0;1;42.1428571428571
7698;TotalOnlineSales;EuroShopper;2;4403;1.21;1.36;1.22;1.39;0;0;0;0;0;66.8571428571429
7699;TotalOnlineSales;EuroShopper;3;4303;1.24;1.42;1.21;1.38;0;0;0;0;0;26.5714285714286
7700;TotalOnlineSales;EuroShopper;4;4368;1.2;1.36;1.21;1.37;0;0;0;0;0;33.2857142857143
7701;TotalOnlineSales;EuroShopper;5;4147;1.2;1.35;1.21;1.37;0;0;0;0;0;81.4285714285714
7702;TotalOnlineSales;EuroShopper;6;4231;1.23;1.4;1.21;1.37;0;0;0;0;0;25.4285714285714
7703;TotalOnlineSales;EuroShopper;7;4467;1.2;1.35;1.2;1.35;0;0;0;0;0;87.5714285714286
7704;TotalOnlineSales;EuroShopper;8;5700;1.18;1.36;1.19;1.36;0;0;0;0;0;100.142857142857
7705;TotalOnlineSales;EuroShopper;9;4460;1.19;1.37;1.21;1.41;0;0;0;0;0;96.1428571428571
7706;TotalOnlineSales;EuroShopper;10;4867;1.21;1.41;1.2;1.4;0;0;0;0;0;110.142857142857
7707;TotalOnlineSales;EuroShopper;11;5101;1.19;1.37;1.2;1.39;0;0;0;0;0;138.714285714286
7708;TotalOnlineSales;EuroShopper;12;5311;1.19;1.36;1.19;1.37;0;0;0;0;0;127
7709;TotalOnlineSales;EuroShopper;13;5346;1.17;1.34;1.19;1.37;0;0;0;0;0;175
7710;TotalOnlineSales;EuroShopper;14;5685;1.17;1.34;1.19;1.36;0;0;0;0;0;145.142857142857
7711;TotalOnlineSales;EuroShopper;15;6082;1.21;1.4;1.21;1.39;0;0;0;0;1;143.714285714286
7712;TotalOnlineSales;EuroShopper;16;4466;1.17;1.33;1.17;1.34;0;0;0;0;1;114.571428571429
7713;TotalOnlineSales;EuroShopper;17;4327;1.18;1.34;1.16;1.31;0;0;0;0;1;116.142857142857
7714;TotalOnlineSales;EuroShopper;18;4105;1.15;1.31;1.14;1.3;0;0;0;0;1;151
7715;TotalOnlineSales;EuroShopper;19;4553;1.12;1.27;1.13;1.28;0;0;0;0;0;177.428571428571
7716;TotalOnlineSales;EuroShopper;20;5188;1.15;1.3;1.18;1.35;0;0;0;0;0;215.428571428571
7717;TotalOnlineSales;EuroShopper;21;5652;1.16;1.32;1.17;1.33;60;0;0;0;1;242.285714285714
7718;TotalOnlineSales;EuroShopper;22;6470;1.14;1.29;1.16;1.31;0;0;0;0;0;246.142857142857
7719;TotalOnlineSales;EuroShopper;23;5603;1.16;1.3;1.12;1.25;0;0;0;0;1;205.571428571429
7720;TotalOnlineSales;EuroShopper;24;5122;1.19;1.34;1.14;1.28;0;0;0;0;0;225.285714285714
7721;TotalOnlineSales;EuroShopper;25;6469;1.2;1.36;1.21;1.37;0;0;0;0;0;267.285714285714
7722;TotalOnlineSales;EuroShopper;26;6081;1.16;1.3;1.17;1.31;0;0;0;0;0;209.714285714286
7723;TotalOnlineSales;EuroShopper;27;6106;1.21;1.37;1.21;1.37;0;0;0;0;0;238
7724;TotalOnlineSales;EuroShopper;28;6192;1.17;1.32;1.19;1.35;0;0;0;0;0;212.285714285714
7725;TotalOnlineSales;EuroShopper;29;4653;1.14;1.28;1.14;1.27;0;0;0;0;0;244.142857142857
7726;TotalOnlineSales;EuroShopper;30;4406;1.15;1.29;1.14;1.28;0;0;0;0;0;208.285714285714
7727;TotalOnlineSales;EuroShopper;31;4127;1.16;1.3;1.16;1.3;0;0;0;0;0;221.571428571429
7728;TotalOnlineSales;EuroShopper;32;3875;1.14;1.27;1.13;1.25;0;0;0;0;0;210.857142857143
7729;TotalOnlineSales;EuroShopper;33;4094;1.13;1.25;1.13;1.25;0;0;0;0;0;214.714285714286
7730;TotalOnlineSales;EuroShopper;34;5146;1.18;1.33;1.2;1.35;0;0;0;0;0;228.142857142857
7731;TotalOnlineSales;EuroShopper;35;5412;1.19;1.35;1.19;1.34;0;0;0;0;0;230.571428571429
7732;TotalOnlineSales;EuroShopper;36;4873;1.18;1.33;1.17;1.32;0;0;0;0;0;190.857142857143
7733;TotalOnlineSales;EuroShopper;37;5215;1.17;1.31;1.18;1.33;61;0;0;0;0;163.857142857143
7734;TotalOnlineSales;EuroShopper;38;5085;1.22;1.39;1.21;1.37;0;0;0;0;0;177.714285714286
7735;TotalOnlineSales;EuroShopper;39;4968;1.22;1.4;1.21;1.37;0;0;0;0;0;192.714285714286
7736;TotalOnlineSales;EuroShopper;40;5138;1.2;1.36;1.2;1.36;0;0;0;0;0;160.285714285714
7737;TotalOnlineSales;EuroShopper;41;4919;1.19;1.34;1.19;1.35;0;0;0;0;0;163.142857142857
7738;TotalOnlineSales;EuroShopper;42;4642;1.19;1.35;1.2;1.37;0;0;0;0;0;194.714285714286
7739;TotalOnlineSales;EuroShopper;43;5121;1.16;1.31;1.18;1.33;0;0;0;0;0;156.857142857143
7740;TotalOnlineSales;EuroShopper;44;4827;1.24;1.42;1.24;1.42;0;0;0;0;0;130.714285714286
7741;TotalOnlineSales;EuroShopper;45;5240;1.19;1.34;1.2;1.36;0;0;0;0;0;102.142857142857
7742;TotalOnlineSales;EuroShopper;46;4915;1.19;1.36;1.2;1.36;0;0;0;0;0;96.2857142857143
7743;TotalOnlineSales;EuroShopper;47;5240;1.18;1.34;1.19;1.36;0;0;0;0;0;112
7744;TotalOnlineSales;EuroShopper;48;5018;1.23;1.42;1.2;1.37;0;0;0;0;0;53.1428571428571
7745;TotalOnlineSales;EuroShopper;49;4650;1.2;1.37;1.21;1.38;0;0;0;0;0;74.1428571428571
7746;TotalOnlineSales;EuroShopper;50;5352;1.19;1.34;1.2;1.37;0;0;0;0;0;45.8571428571429
7747;TotalOnlineSales;EuroShopper;51;5914;1.17;1.32;1.16;1.31;0;0;0;0;0;84
7748;TotalOnlineSales;EuroShopper;52;3276;1.19;1.34;1.19;1.34;0;0;0;0;1;81.2857142857143
7749;TotalOnlineSales;EuroShopper;53;3952;1.2;1.37;1.2;1.37;0;0;0;0;1;98.2857142857143
7750;TotalOnlineSales;EuroShopper;54;4355;1.23;1.41;1.2;1.36;0;0;0;0;0;57.7142857142857
7751;TotalOnlineSales;EuroShopper;55;4900;1.23;1.4;1.2;1.37;0;0;0;0;0;66.8571428571429
7752;TotalOnlineSales;EuroShopper;56;4918;1.18;1.33;1.19;1.35;0;0;0;0;0;94.1428571428571
7753;TotalOnlineSales;EuroShopper;57;5167;1.2;1.36;1.19;1.36;0;0;0;0;0;79.8571428571429
7754;TotalOnlineSales;EuroShopper;58;4926;1.18;1.34;1.19;1.36;0;0;0;0;0;35.4285714285714
7755;TotalOnlineSales;EuroShopper;59;4692;1.2;1.38;1.2;1.37;0;0;0;0;0;73.7142857142857
7756;TotalOnlineSales;EuroShopper;60;4996;1.18;1.34;1.2;1.36;0;0;0;0;0;45.4285714285714
7757;TotalOnlineSales;EuroShopper;61;4859;1.21;1.37;1.19;1.35;0;0;0;0;0;-4.71428571428571
7758;TotalOnlineSales;EuroShopper;62;4963;1.25;1.43;1.19;1.36;0;0;0;0;0;108.571428571429
7759;TotalOnlineSales;EuroShopper;63;5250;1.23;1.4;1.22;1.39;0;0;0;0;0;93
7760;TotalOnlineSales;EuroShopper;64;5597;1.22;1.39;1.23;1.4;0;0;0;0;0;73.5714285714286
7761;TotalOnlineSales;EuroShopper;65;5614;1.2;1.35;1.23;1.39;0;0;0;0;1;111
7762;TotalOnlineSales;EuroShopper;66;5091;1.22;1.38;1.21;1.37;0;0;0;0;1;139.571428571429
7763;TotalOnlineSales;EuroShopper;67;5194;1.22;1.37;1.21;1.37;0;0;0;0;0;176.428571428571
7764;TotalOnlineSales;EuroShopper;68;5813;1.21;1.37;1.21;1.36;0;0;0;0;0;218.714285714286
7765;TotalOnlineSales;EuroShopper;69;5824;1.21;1.36;1.21;1.36;0;0;0;0;1;166.428571428571
7766;TotalOnlineSales;EuroShopper;70;5548;1.23;1.4;1.22;1.38;0;0;0;0;1;158.857142857143
7767;TotalOnlineSales;EuroShopper;71;4688;1.18;1.32;1.17;1.31;0;0;0;0;1;231.142857142857
7768;TotalOnlineSales;EuroShopper;72;6240;1.2;1.35;1.19;1.33;0;0;0;0;0;187.714285714286
7769;TotalOnlineSales;EuroShopper;73;6466;1.2;1.35;1.19;1.33;0;0;0;0;1;253
7770;TotalOnlineSales;EuroShopper;74;7534;1.19;1.33;1.19;1.33;0;0;0;0;0;258.285714285714
7771;TotalOnlineSales;EuroShopper;75;6288;1.22;1.38;1.23;1.39;0;0;0;0;0;240.142857142857
7772;TotalOnlineSales;EuroShopper;76;6136;1.22;1.37;1.22;1.37;0;0;0;0;0;209.428571428571
7773;TotalOnlineSales;EuroShopper;77;6352;1.19;1.33;1.2;1.35;0;0;0;0;0;196.428571428571
7774;TotalOnlineSales;EuroShopper;78;6368;1.18;1.31;1.2;1.34;0;0;0;0;0;237.285714285714
7775;TotalOnlineSales;EuroShopper;79;7305;1.19;1.33;1.19;1.33;0;0;0;0;0;255.714285714286
7776;TotalOnlineSales;EuroShopper;80;6543;1.15;1.27;1.16;1.29;0;0;0;0;0;236.142857142857
7777;TotalOnlineSales;EuroShopper;81;5869;1.14;1.25;1.14;1.25;0;0;0;0;0;268
7778;TotalOnlineSales;EuroShopper;82;6289;1.1;1.2;1.11;1.22;0;0;0;0;0;306.142857142857
7779;TotalOnlineSales;EuroShopper;83;6113;1.1;1.2;1.1;1.21;0;0;0;0;0;286
7780;TotalOnlineSales;EuroShopper;84;4378;1.29;1.49;1.2;1.35;0;0;0;0;0;255.571428571429
7781;TotalOnlineSales;EuroShopper;85;3956;1.4;1.68;1.19;1.33;0;0;0;0;0;233.142857142857
7782;TotalOnlineSales;EuroShopper;86;5409;1.15;1.29;1.19;1.34;0;0;0;0;0;222.428571428571
7783;TotalOnlineSales;EuroShopper;87;5861;1.16;1.29;1.16;1.28;0;0;0;0;0;198
7784;TotalOnlineSales;EuroShopper;88;5669;1.2;1.35;1.2;1.35;0;0;0;0;0;210.857142857143
7785;TotalOnlineSales;EuroShopper;89;5115;1.18;1.33;1.19;1.34;0;0;0;0;0;206.285714285714
7786;TotalOnlineSales;EuroShopper;90;6124;1.17;1.32;1.18;1.32;0;0;0;0;0;220.285714285714
7787;TotalOnlineSales;EuroShopper;91;6104;1.19;1.35;1.17;1.32;0;0;0;0;0;164.285714285714
7788;TotalOnlineSales;EuroShopper;92;5529;1.21;1.37;1.19;1.33;0;0;0;0;0;177
7789;TotalOnlineSales;EuroShopper;93;5276;1.25;1.4;1.22;1.36;0;0;0;0;0;209.714285714286
7790;TotalOnlineSales;EuroShopper;94;5232;1.22;1.36;1.22;1.36;0;0;0;0;0;199
7791;TotalOnlineSales;EuroShopper;95;4994;1.22;1.37;1.22;1.37;0;0;0;0;0;141.714285714286
7792;TotalOnlineSales;EuroShopper;96;4384;1.22;1.37;1.22;1.36;0;0;0;0;0;99.7142857142857
7793;TotalOnlineSales;EuroShopper;97;4631;1.24;1.38;1.23;1.37;0;0;0;0;0;134.714285714286
7794;TotalOnlineSales;EuroShopper;98;4704;1.25;1.4;1.24;1.38;0;0;0;0;0;115.857142857143
7795;TotalOnlineSales;EuroShopper;99;4700;1.23;1.37;1.23;1.37;0;0;0;0;0;55.8571428571429
7796;TotalOnlineSales;EuroShopper;100;4615;1.13;1.23;1.15;1.26;0;0;0;0;0;82.5714285714286
7797;TotalOnlineSales;EuroShopper;101;4684;1.24;1.39;1.21;1.34;0;0;0;0;0;114
7798;TotalOnlineSales;EuroShopper;102;4586;1.16;1.28;1.18;1.3;0;0;0;0;0;51.8571428571429
7799;TotalOnlineSales;EuroShopper;103;5722;1.2;1.33;1.19;1.31;0;0;0;0;0;87.4285714285714
7800;TotalOnlineSales;EuroShopper;104;3079;1.2;1.33;1.2;1.33;0;0;0;0;1;73.1428571428571
7801;TotalOnlineSales;EuroShopper;105;3519;1.23;1.36;1.16;1.27;0;0;0;0;1;81.2857142857143
7802;TotalOnlineSales;EuroShopper;106;4723;1.28;1.43;1.25;1.4;0;0;0;0;0;80.2857142857143
7803;TotalOnlineSales;EuroShopper;107;4570;1.3;1.46;1.28;1.44;0;0;0;0;0;65.2857142857143
7804;TotalOnlineSales;EuroShopper;108;5208;1.29;1.45;1.29;1.45;0;0;0;0;0;29.8571428571429
7805;TotalOnlineSales;EuroShopper;109;4659;1.29;1.44;1.28;1.43;0;0;0;0;0;36.7142857142857
7806;TotalOnlineSales;EuroShopper;110;4604;1.32;1.49;1.29;1.44;0;0;0;0;0;75.4285714285714
7807;TotalOnlineSales;EuroShopper;111;4535;1.29;1.44;1.3;1.45;0;0;0;0;0;109.142857142857
7808;TotalOnlineSales;EuroShopper;112;5195;1.25;1.39;1.3;1.45;0;0;0;0;0;124.714285714286
7809;TotalOnlineSales;EuroShopper;113;4950;1.26;1.4;1.29;1.44;0;0;0;0;0;148.142857142857
7810;TotalOnlineSales;EuroShopper;114;4611;1.31;1.47;1.3;1.46;0;0;0;0;0;117.428571428571
7811;TotalOnlineSales;EuroShopper;115;4557;1.25;1.39;1.28;1.42;0;0;0;0;0;105
7812;TotalOnlineSales;EuroShopper;116;4844;1.27;1.41;1.28;1.42;0;0;0;0;0;121.714285714286
7813;TotalOnlineSales;EuroShopper;117;5355;1.25;1.39;1.29;1.44;0;0;0;0;0;129.428571428571
7814;TotalOnlineSales;EuroShopper;118;4987;1.24;1.37;1.26;1.4;0;0;0;0;0;128.857142857143
7815;TotalOnlineSales;EuroShopper;119;5558;1.23;1.37;1.27;1.41;0;0;0;0;0;137.142857142857
7816;TotalOnlineSales;EuroShopper;120;5486;1.22;1.35;1.27;1.41;0;0;0;0;1;188.142857142857
7817;TotalOnlineSales;EuroShopper;121;4417;1.14;1.24;1.16;1.26;0;0;0;0;1;204.285714285714
7818;TotalOnlineSales;EuroShopper;122;4898;1.19;1.32;1.22;1.35;0;0;0;0;0;131
7819;TotalOnlineSales;EuroShopper;123;4615;1.2;1.32;1.21;1.34;0;0;0;0;1;137.142857142857
7820;TotalOnlineSales;EuroShopper;124;5278;1.21;1.34;1.23;1.37;0;0;0;0;0;168.571428571429
7821;TotalOnlineSales;EuroShopper;125;5149;1.19;1.3;1.2;1.32;0;0;0;0;0;188.142857142857
7822;TotalOnlineSales;EuroShopper;126;5234;1.19;1.31;1.19;1.31;0;0;0;0;1;201.428571428571
7823;TotalOnlineSales;EuroShopper;127;6234;1.16;1.27;1.13;1.23;0;0;0;0;0;219
7824;TotalOnlineSales;EuroShopper;128;4260;1.12;1.22;1.13;1.22;0;0;0;0;1;202.571428571429
7825;TotalOnlineSales;EuroShopper;129;5846;1.17;1.29;1.19;1.31;0;0;0;0;0;233.857142857143
7826;TotalOnlineSales;EuroShopper;130;6735;1.2;1.32;1.18;1.29;0;0;0;0;0;273.428571428571
7827;TotalOnlineSales;EuroShopper;131;6774;1.16;1.27;1.16;1.27;0;0;0;0;0;222.428571428571
7828;TotalOnlineSales;EuroShopper;132;5784;1.18;1.29;1.17;1.28;0;0;0;0;0;197
7829;TotalOnlineSales;EuroShopper;133;5509;1.16;1.27;1.16;1.27;0;0;0;0;0;217.571428571429
7830;TotalOnlineSales;EuroShopper;134;5702;1.15;1.26;1.16;1.27;0;0;0;0;0;315.428571428571
7831;TotalOnlineSales;EuroShopper;135;4777;1.1;1.18;1.07;1.15;0;0;0;0;0;233.714285714286
7832;TotalOnlineSales;EuroShopper;136;4077;1.13;1.23;1.13;1.22;0;0;0;0;0;239.285714285714
7833;TotalOnlineSales;EuroShopper;137;4159;1.16;1.27;1.17;1.28;0;0;0;0;0;206.142857142857
7834;TotalOnlineSales;EuroShopper;138;5337;1.1;1.19;1.13;1.23;0;0;0;0;0;233.428571428571
7835;TotalOnlineSales;EuroShopper;139;5859;1.15;1.25;1.16;1.26;0;0;0;0;0;281.142857142857
7836;TotalOnlineSales;EuroShopper;140;5563;1.2;1.33;1.18;1.3;0;0;0;0;0;190.285714285714
7837;TotalOnlineSales;EuroShopper;141;4910;1.16;1.26;1.15;1.26;0;0;0;0;0;195.571428571429
7838;TotalOnlineSales;EuroShopper;142;5347;1.15;1.25;1.16;1.27;0;0;0;0;0;192
7839;TotalOnlineSales;EuroShopper;143;4992;1.21;1.34;1.19;1.31;0;0;0;0;0;192.428571428571
7840;TotalOnlineSales;EuroShopper;144;4554;1.2;1.33;1.2;1.32;0;0;0;0;0;157.142857142857
7841;TotalOnlineSales;EuroShopper;145;4902;1.18;1.3;1.18;1.3;0;0;0;0;0;142.714285714286
7842;TotalOnlineSales;EuroShopper;146;4656;1.2;1.33;1.19;1.31;0;0;0;0;0;166.857142857143
7843;TotalOnlineSales;EuroShopper;147;4357;1.15;1.25;1.13;1.22;0;0;0;0;0;164.428571428571
7844;TotalOnlineSales;EuroShopper;148;4555;1.21;1.34;1.14;1.24;0;0;0;0;0;124.285714285714
7845;TotalOnlineSales;EuroShopper;149;4131;1.22;1.35;1.22;1.35;0;0;0;0;0;110.428571428571
7846;TotalOnlineSales;EuroShopper;150;4347;1.21;1.33;1.23;1.36;0;0;0;0;0;74.5714285714286
7847;TotalOnlineSales;EuroShopper;151;4916;1.2;1.32;1.18;1.29;0;0;0;0;0;78.7142857142857
7848;TotalOnlineSales;EuroShopper;152;4622;1.22;1.35;1.2;1.32;0;0;0;0;0;103.714285714286
7849;TotalOnlineSales;EuroShopper;153;4622;1.21;1.34;1.21;1.34;0;0;0;0;0;75.2857142857143
7850;TotalOnlineSales;EuroShopper;154;4672;1.2;1.33;1.22;1.35;0;0;0;0;0;79.7142857142857
7851;TotalOnlineSales;EuroShopper;155;5747;1.15;1.26;1.13;1.22;0;0;0;0;0;107.571428571429
7852;TotalOnlineSales;EuroShopper;156;2374;1.12;1.22;1.13;1.22;0;0;0;0;1;77.5714285714286
7853;TotalOnlineSales;EuroShopper;157;3111;1.19;1.3;1.19;1.31;0;0;0;0;1;67.5714285714286
7854;TotalOnlineSales;EuroShopper;158;4230;1.2;1.32;1.22;1.35;0;0;0;0;0;92.7142857142857
7855;TotalOnlineSales;EuroShopper;159;4166;1.24;1.38;1.23;1.36;0;0;0;0;0;105.571428571429
7856;TotalOnlineSales;EuroShopper;160;4744;1.14;1.25;1.13;1.23;0;0;0;0;0;52
7857;TotalOnlineSales;EuroShopper;161;4518;1.18;1.3;1.18;1.3;0;0;0;0;0;98.7142857142857
7858;TotalOnlineSales;EuroShopper;162;4223;1.19;1.31;1.18;1.3;0;0;0;0;0;93.5714285714286
7859;TotalOnlineSales;EuroShopper;163;4674;1.17;1.29;1.18;1.3;0;0;0;0;0;98.5714285714286
7860;TotalOnlineSales;EuroShopper;164;4598;1.15;1.26;1.18;1.29;0;0;0;0;0;108
7861;TotalOnlineSales;EuroShopper;165;4945;1.16;1.27;1.15;1.25;0;0;0;5.42857142857143;0;93.5714285714286
7862;TotalOnlineSales;EuroShopper;166;4560;1.18;1.29;1.17;1.28;0;0;0;66.4285714285714;0;88.8571428571429
7863;TotalOnlineSales;EuroShopper;167;4935;1.2;1.33;1.17;1.28;0;0;0;221.142857142857;0;111.428571428571
7864;TotalOnlineSales;EuroShopper;168;4759;1.19;1.31;1.18;1.3;0;0;0;623;0;113.428571428571
7865;TotalOnlineSales;EuroShopper;169;4682;1.12;1.22;1.13;1.23;0;0;0;1028.85714285714;0;117.142857142857
7866;TotalOnlineSales;EuroShopper;170;3821;1.14;1.24;1.15;1.26;0;0;0;990.714285714286;0;103.571428571429
7867;TotalOnlineSales;EuroShopper;171;3813;1.19;1.3;1.2;1.32;0;0;0;1086.28571428571;1;209.857142857143
7868;TotalOnlineSales;EuroShopper;172;3441;1.18;1.3;1.19;1.31;0;0;0;955.571428571429;1;166.285714285714
7869;TotalOnlineSales;EuroShopper;173;3925;1.17;1.28;1.18;1.29;0;0;0;565.714285714286;0;189
7870;TotalOnlineSales;EuroShopper;174;4593;1.18;1.3;1.18;1.3;0;0;0;359.571428571429;1;154.857142857143
7871;TotalOnlineSales;EuroShopper;175;3921;1.16;1.27;1.17;1.29;0;0;0;270.285714285714;1;188.571428571429
7872;TotalOnlineSales;EuroShopper;176;4358;1.21;1.34;1.19;1.31;0;0;0;176.571428571429;0;147.714285714286
7873;TotalOnlineSales;EuroShopper;177;4888;1.17;1.28;1.17;1.29;0;0;0;188.714285714286;1;219.142857142857
7874;TotalOnlineSales;EuroShopper;178;4471;1.2;1.32;1.18;1.29;0;0;0;137.857142857143;0;208.428571428571
7875;TotalOnlineSales;EuroShopper;179;4771;1.18;1.3;1.18;1.29;0;0;0;193.428571428571;1;207.142857142857
7876;TotalOnlineSales;EuroShopper;180;4498;1.19;1.29;1.15;1.26;0;0;0;159.571428571429;0;203.285714285714
7877;TotalOnlineSales;EuroShopper;181;4871;1.22;1.33;1.15;1.25;0;0;0;85.7142857142857;0;226
7878;TotalOnlineSales;EuroShopper;182;5585;1.21;1.32;1.17;1.27;0;0;0;75.8571428571429;0;267.571428571429
7879;TotalOnlineSales;EuroShopper;183;5411;1.22;1.33;1.22;1.33;0;0;0;58.7142857142857;0;202.571428571429
7880;TotalOnlineSales;EuroShopper;184;4886;1.09;1.16;1.11;1.18;0;0;0;72.2857142857143;0;188
7881;TotalOnlineSales;EuroShopper;185;5128;1.14;1.23;1.18;1.28;0;0;0;141.285714285714;0;215.428571428571
7882;TotalOnlineSales;EuroShopper;186;4766;1.12;1.2;1.13;1.21;0;0;0;197.142857142857;0;222
7883;TotalOnlineSales;EuroShopper;187;4228;1.12;1.2;1.12;1.2;0;0;0;394.285714285714;0;242
7884;TotalOnlineSales;EuroShopper;188;4676;1.12;1.2;1.14;1.22;0;0;0;606.571428571429;0;275.428571428571
7885;TotalOnlineSales;EuroShopper;189;5520;1.08;1.15;1.09;1.16;0;0;0;556.857142857143;0;315.571428571429
7886;TotalOnlineSales;EuroShopper;190;5195;0.99;1.04;0.99;1.03;0;0;0;512.714285714286;0;265.571428571429
7887;TotalOnlineSales;EuroShopper;191;4920;0.99;1.04;1.13;1.21;0;0;0;535.571428571429;0;201.714285714286
7888;TotalOnlineSales;EuroShopper;192;4368;0.99;1.04;1.09;1.16;0;0;0;832.142857142857;0;195.285714285714
7889;TotalOnlineSales;EuroShopper;193;3834;1.03;1.08;1.01;1.06;0;0;0;1233.14285714286;0;198.714285714286
7890;TotalOnlineSales;EuroShopper;194;4063;0.99;1.04;1.11;1.19;0;0;0;2039.57142857143;0;242.142857142857
7891;TotalOnlineSales;EuroShopper;195;4843;0.99;1.04;0.97;1.01;0;0;0;2892.57142857143;0;201
7892;TotalOnlineSales;EuroShopper;196;4644;0.98;1.03;0.99;1.04;0;0;0;4163.28571428571;0;162.857142857143
7893;TotalOnlineSales;EuroShopper;197;4157;1.03;1.08;1.02;1.07;0;0;0;6596.42857142857;0;147.285714285714
7894;TotalOnlineSales;EuroShopper;198;3556;1.03;1.08;1.05;1.12;0;0;0;8138.71428571429;0;127.857142857143
7895;TotalOnlineSales;EuroShopper;199;3980;1.01;1.06;1.01;1.06;0;0;0;9551;0;156.428571428571
7896;TotalOnlineSales;EuroShopper;200;3726;0.88;0.91;0.89;0.91;0;0;0;9076;0;140.714285714286
7897;TotalOnlineSales;EuroShopper;201;3232;0.73;0.73;0.73;0.73;0;0;0;5899.42857142857;0;143.428571428571
7898;TotalOnlineSales;EuroShopper;202;3590;0.73;0.73;0.73;0.73;0;0;0;5256.14285714286;0;143.285714285714
7899;TotalOnlineSales;EuroShopper;203;3417;0.73;0.73;0.73;0.73;0;0;0;5291.57142857143;0;123
7900;TotalOnlineSales;EuroShopper;204;3749;0.73;0.73;0.81;0.83;0;0;0;4827.28571428571;0;92.1428571428571
7901;TotalOnlineSales;EuroShopper;205;3796;0.73;0.73;0.73;0.73;0;0;0;6360.14285714286;0;68.7142857142857
7902;TotalOnlineSales;EuroShopper;206;3754;0.73;0.73;0.73;0.73;0;0;0;8968.71428571429;0;48.2857142857143
7903;TotalOnlineSales;EuroShopper;207;3758;0.73;0.73;0.73;0.73;0;0;0;11617.8571428571;0;103.428571428571
7904;TotalOnlineSales;EuroShopper;208;2809;0.73;0.73;0.73;0.73;0;0;0;9461.28571428571;1;100
7905;TotalOnlineSales;KarvanCevitam;1;8121;2.94;4.01;2.92;3.98;0;0;0;0;1;42.1428571428571
7906;TotalOnlineSales;KarvanCevitam;2;9975;2.94;3.99;2.92;3.96;0;0;0;0;0;66.8571428571429
7907;TotalOnlineSales;KarvanCevitam;3;10789;2.94;4;2.94;4;0;0;0;0;0;26.5714285714286
7908;TotalOnlineSales;KarvanCevitam;4;13177;2.8;3.8;2.9;3.93;7;0;0;0;0;33.2857142857143
7909;TotalOnlineSales;KarvanCevitam;5;35893;2.09;2.86;2.92;4;74;0;0;0;0;81.4285714285714
7910;TotalOnlineSales;KarvanCevitam;6;9576;2.93;3.99;2.93;3.99;0;0;0;0;0;25.4285714285714
7911;TotalOnlineSales;KarvanCevitam;7;10182;2.93;4.01;2.93;4.01;0;0;0;0;0;87.5714285714286
7912;TotalOnlineSales;KarvanCevitam;8;10715;2.93;3.99;2.91;3.98;0;0;0;0;0;100.142857142857
7913;TotalOnlineSales;KarvanCevitam;9;10391;2.93;3.99;2.93;3.98;0;0;0;0;0;96.1428571428571
7914;TotalOnlineSales;KarvanCevitam;10;10958;2.94;3.99;2.94;3.99;0;0;0;0;0;110.142857142857
7915;TotalOnlineSales;KarvanCevitam;11;13303;2.79;3.78;2.94;3.99;8;0;0;0;0;138.714285714286
7916;TotalOnlineSales;KarvanCevitam;12;15130;2.77;3.76;2.99;4.08;35;0;0;0;0;127
7917;TotalOnlineSales;KarvanCevitam;13;14805;2.83;3.84;2.92;3.97;0;0;0;0;0;175
7918;TotalOnlineSales;KarvanCevitam;14;13464;2.94;3.99;2.94;3.99;0;0;0;0;0;145.142857142857
7919;TotalOnlineSales;KarvanCevitam;15;13559;2.95;4.02;2.94;4;0;0;0;0;1;143.714285714286
7920;TotalOnlineSales;KarvanCevitam;16;10282;2.94;4.02;2.94;4.01;0;0;0;0;1;114.571428571429
7921;TotalOnlineSales;KarvanCevitam;17;9803;2.94;4;2.94;4.02;0;0;0;0;1;116.142857142857
7922;TotalOnlineSales;KarvanCevitam;18;31874;2.09;2.86;2.86;3.9;66;0;0;0;1;151
7923;TotalOnlineSales;KarvanCevitam;19;11808;2.9;3.94;2.94;4;0;0;0;0;0;177.428571428571
7924;TotalOnlineSales;KarvanCevitam;20;15349;2.74;3.73;2.88;3.92;8;0;0;0;0;215.428571428571
7925;TotalOnlineSales;KarvanCevitam;21;12329;2.94;4.03;2.93;4.01;0;0;0;0;1;242.285714285714
7926;TotalOnlineSales;KarvanCevitam;22;17342;2.8;3.83;3;4.1;0;0;0;0;0;246.142857142857
7927;TotalOnlineSales;KarvanCevitam;23;15154;2.73;3.73;3.01;4.1;0;0;0;0;1;205.571428571429
7928;TotalOnlineSales;KarvanCevitam;24;37066;2.09;2.9;2.88;3.95;62;0;0;0;0;225.285714285714
7929;TotalOnlineSales;KarvanCevitam;25;14116;2.72;3.74;3;4.11;0;0;0;0;0;267.285714285714
7930;TotalOnlineSales;KarvanCevitam;26;15607;2.74;3.74;2.95;4.01;0;0;0;0;0;209.714285714286
7931;TotalOnlineSales;KarvanCevitam;27;15035;2.73;3.74;2.86;3.9;0;0;0;0;0;238
7932;TotalOnlineSales;KarvanCevitam;28;17195;2.61;3.6;2.79;3.87;9;0;0;0;0;212.285714285714
7933;TotalOnlineSales;KarvanCevitam;29;32021;2.08;2.9;2.7;3.73;95;0;0;0;0;244.142857142857
7934;TotalOnlineSales;KarvanCevitam;30;10314;2.71;3.75;2.81;3.91;0;0;0;0;0;208.285714285714
7935;TotalOnlineSales;KarvanCevitam;31;9352;2.73;3.77;2.81;3.87;0;0;0;0;0;221.571428571429
7936;TotalOnlineSales;KarvanCevitam;32;10018;2.73;3.81;2.81;4.02;0;0;0;0;0;210.857142857143
7937;TotalOnlineSales;KarvanCevitam;33;10704;2.73;3.76;2.81;3.88;0;0;0;0;0;214.714285714286
7938;TotalOnlineSales;KarvanCevitam;34;13022;2.84;3.89;2.76;3.77;0;0;0;0;0;228.142857142857
7939;TotalOnlineSales;KarvanCevitam;35;15905;2.75;3.74;2.78;3.8;6;0;0;0;0;230.571428571429
7940;TotalOnlineSales;KarvanCevitam;36;39768;2.11;2.89;2.76;3.8;65;0;0;0;0;190.857142857143
7941;TotalOnlineSales;KarvanCevitam;37;10803;2.93;3.98;2.9;3.98;0;0;0;0;0;163.857142857143
7942;TotalOnlineSales;KarvanCevitam;38;13213;2.75;3.75;2.97;4.07;28;0;0;0;0;177.714285714286
7943;TotalOnlineSales;KarvanCevitam;39;13628;2.8;3.81;2.93;4;0;0;0;0;0;192.714285714286
7944;TotalOnlineSales;KarvanCevitam;40;11891;2.94;4;2.92;3.99;0;0;0;0;0;160.285714285714
7945;TotalOnlineSales;KarvanCevitam;41;36554;2.12;2.88;2.84;3.87;64;0;0;0;0;163.142857142857
7946;TotalOnlineSales;KarvanCevitam;42;10031;2.9;3.96;2.92;3.98;0;0;0;0;0;194.714285714286
7947;TotalOnlineSales;KarvanCevitam;43;11216;2.89;3.94;2.93;3.99;0;0;0;0;0;156.857142857143
7948;TotalOnlineSales;KarvanCevitam;44;12985;2.9;3.95;2.93;4;0;0;0;0;0;130.714285714286
7949;TotalOnlineSales;KarvanCevitam;45;15580;2.7;3.65;2.92;3.96;8;0;0;0;0;102.142857142857
7950;TotalOnlineSales;KarvanCevitam;46;15571;2.73;3.71;2.96;4.06;27;0;0;0;0;96.2857142857143
7951;TotalOnlineSales;KarvanCevitam;47;15695;2.81;3.81;2.9;3.96;0;0;0;0;0;112
7952;TotalOnlineSales;KarvanCevitam;48;43184;2.1;2.86;2.85;3.89;67;0;0;0;0;53.1428571428571
7953;TotalOnlineSales;KarvanCevitam;49;12036;2.88;3.97;2.9;3.97;0;0;0;0;0;74.1428571428571
7954;TotalOnlineSales;KarvanCevitam;50;15937;2.67;3.64;2.9;3.95;9;0;0;0;0;45.8571428571429
7955;TotalOnlineSales;KarvanCevitam;51;16998;2.76;3.75;2.95;4;25;0;0;0;0;84
7956;TotalOnlineSales;KarvanCevitam;52;8750;2.89;3.93;2.9;3.96;0;0;0;0;1;81.2857142857143
7957;TotalOnlineSales;KarvanCevitam;53;10030;2.89;3.93;2.89;3.91;0;0;0;0;1;98.2857142857143
7958;TotalOnlineSales;KarvanCevitam;54;15984;2.79;3.79;2.9;3.94;7;0;0;0;0;57.7142857142857
7959;TotalOnlineSales;KarvanCevitam;55;14537;2.9;3.94;2.9;3.94;0;0;0;0;0;66.8571428571429
7960;TotalOnlineSales;KarvanCevitam;56;18133;2.78;3.77;2.94;3.98;28;0;0;0;0;94.1428571428571
7961;TotalOnlineSales;KarvanCevitam;57;17833;2.82;3.83;2.92;3.94;0;0;0;0;0;79.8571428571429
7962;TotalOnlineSales;KarvanCevitam;58;40816;2.33;3.2;2.89;3.95;68;0;0;0;0;35.4285714285714
7963;TotalOnlineSales;KarvanCevitam;59;12475;2.89;3.93;2.91;3.98;0;0;0;0;0;73.7142857142857
7964;TotalOnlineSales;KarvanCevitam;60;13783;2.9;3.95;2.9;3.95;0;0;0;0;0;45.4285714285714
7965;TotalOnlineSales;KarvanCevitam;61;14350;2.9;3.94;2.9;3.95;0;0;0;0;0;-4.71428571428571
7966;TotalOnlineSales;KarvanCevitam;62;15397;2.9;3.94;2.9;3.97;0;0;0;0;0;108.571428571429
7967;TotalOnlineSales;KarvanCevitam;63;18291;2.77;3.76;2.9;3.95;6;0;0;0;0;93
7968;TotalOnlineSales;KarvanCevitam;64;18174;2.79;3.78;2.95;3.99;28;0;0;0;0;73.5714285714286
7969;TotalOnlineSales;KarvanCevitam;65;47969;2.31;3.18;2.87;3.94;85;0;0;0;1;111
7970;TotalOnlineSales;KarvanCevitam;66;14113;2.73;3.71;2.91;4.02;27;0;0;0;1;139.571428571429
7971;TotalOnlineSales;KarvanCevitam;67;18302;2.73;3.71;2.92;3.98;29;0;0;0;0;176.428571428571
7972;TotalOnlineSales;KarvanCevitam;68;19869;2.74;3.74;2.9;3.99;30;0;0;0;0;218.714285714286
7973;TotalOnlineSales;KarvanCevitam;69;20949;2.66;3.63;2.86;3.93;33;0;0;0;1;166.428571428571
7974;TotalOnlineSales;KarvanCevitam;70;16577;2.75;3.76;2.86;3.9;30;0;0;0;1;158.857142857143
7975;TotalOnlineSales;KarvanCevitam;71;40696;2.31;3.16;2.8;3.82;86;0;0;0;1;231.142857142857
7976;TotalOnlineSales;KarvanCevitam;72;18775;2.72;3.73;2.85;3.89;30;0;0;0;0;187.714285714286
7977;TotalOnlineSales;KarvanCevitam;73;20728;2.7;3.68;2.85;3.86;31;0;0;0;1;253
7978;TotalOnlineSales;KarvanCevitam;74;24147;2.81;3.81;2.83;3.83;0;0;0;0;0;258.285714285714
7979;TotalOnlineSales;KarvanCevitam;75;19834;2.91;3.96;2.83;3.84;0;0;0;0;0;240.142857142857
7980;TotalOnlineSales;KarvanCevitam;76;49486;2.34;3.18;2.82;3.84;66;0;0;0;0;209.428571428571
7981;TotalOnlineSales;KarvanCevitam;77;18998;2.79;3.8;2.86;3.89;6;0;0;0;0;196.428571428571
7982;TotalOnlineSales;KarvanCevitam;78;17730;2.9;3.96;2.9;3.96;0;0;0;0;0;237.285714285714
7983;TotalOnlineSales;KarvanCevitam;79;23279;2.7;3.71;2.92;3.99;32;0;0;0;0;255.714285714286
7984;TotalOnlineSales;KarvanCevitam;80;20246;2.82;3.87;2.89;3.98;0;0;0;0;0;236.142857142857
7985;TotalOnlineSales;KarvanCevitam;81;34856;2.37;3.27;2.86;3.93;60;0;0;0;0;268
7986;TotalOnlineSales;KarvanCevitam;82;15106;2.76;3.84;2.86;4;5;0;0;0;0;306.142857142857
7987;TotalOnlineSales;KarvanCevitam;83;16127;2.87;3.92;2.91;3.96;0;0;0;0;0;286
7988;TotalOnlineSales;KarvanCevitam;84;15560;2.89;3.93;2.89;3.94;0;0;0;0;0;255.571428571429
7989;TotalOnlineSales;KarvanCevitam;85;14943;2.87;3.88;2.9;3.93;0;0;0;0;0;233.142857142857
7990;TotalOnlineSales;KarvanCevitam;86;19591;2.75;3.74;2.93;4.01;30;0;0;0;0;222.428571428571
7991;TotalOnlineSales;KarvanCevitam;87;19887;2.78;3.79;2.89;3.94;0;0;0;0;0;198
7992;TotalOnlineSales;KarvanCevitam;88;19675;2.8;3.82;2.9;3.97;7;0;0;0;0;210.857142857143
7993;TotalOnlineSales;KarvanCevitam;89;42398;2.35;3.19;2.86;3.9;65;0;0;0;0;206.285714285714
7994;TotalOnlineSales;KarvanCevitam;90;15986;2.85;3.88;2.88;3.94;0;0;0;0;0;220.285714285714
7995;TotalOnlineSales;KarvanCevitam;91;17331;2.86;3.88;2.89;3.92;0;0;0;0;0;164.285714285714
7996;TotalOnlineSales;KarvanCevitam;92;19160;2.78;3.77;2.9;3.93;0;0;0;0;0;177
7997;TotalOnlineSales;KarvanCevitam;93;22895;2.62;3.57;2.91;3.95;7;0;0;0;0;209.714285714286
7998;TotalOnlineSales;KarvanCevitam;94;19758;2.71;3.68;2.88;3.92;0;0;0;0;0;199
7999;TotalOnlineSales;KarvanCevitam;95;18634;2.73;3.71;2.9;3.94;0;0;0;0;0;141.714285714286
8000;TotalOnlineSales;KarvanCevitam;96;44997;2.31;3.14;2.84;3.86;84;0;0;0;0;99.7142857142857
8001;TotalOnlineSales;KarvanCevitam;97;16927;2.67;3.62;2.82;3.82;29;0;0;0;0;134.714285714286
8002;TotalOnlineSales;KarvanCevitam;98;17912;2.71;3.67;2.82;3.82;29;0;0;0;0;115.857142857143
8003;TotalOnlineSales;KarvanCevitam;99;44188;2.38;3.23;2.8;3.79;67;0;0;0;0;55.8571428571429
8004;TotalOnlineSales;KarvanCevitam;100;17321;2.65;3.6;2.79;3.79;0;0;0;0;0;82.5714285714286
8005;TotalOnlineSales;KarvanCevitam;101;18209;2.77;3.77;2.77;3.76;0;0;0;0;0;114
8006;TotalOnlineSales;KarvanCevitam;102;18247;2.78;3.77;2.82;3.82;6;0;0;0;0;51.8571428571429
8007;TotalOnlineSales;KarvanCevitam;103;42795;2.37;3.22;2.8;3.81;60;0;0;0;0;87.4285714285714
8008;TotalOnlineSales;KarvanCevitam;104;12401;2.61;3.54;2.84;3.85;63;0;0;0;1;73.1428571428571
8009;TotalOnlineSales;KarvanCevitam;105;12407;2.86;3.88;2.84;3.86;0;0;0;0;1;81.2857142857143
8010;TotalOnlineSales;KarvanCevitam;106;17805;2.83;3.84;2.87;3.89;9;0;0;0;0;80.2857142857143
8011;TotalOnlineSales;KarvanCevitam;107;17329;2.92;3.96;2.89;3.92;0;0;0;0;0;65.2857142857143
8012;TotalOnlineSales;KarvanCevitam;108;20952;2.84;3.85;2.93;4.02;27;0;0;0;0;29.8571428571429
8013;TotalOnlineSales;KarvanCevitam;109;49201;2.45;3.32;2.9;3.96;64;0;0;0;0;36.7142857142857
8014;TotalOnlineSales;KarvanCevitam;110;18690;2.6;3.54;2.93;4.01;7;0;0;0;0;75.4285714285714
8015;TotalOnlineSales;KarvanCevitam;111;31556;2.42;3.29;2.89;3.95;60;0;0;0;0;109.142857142857
8016;TotalOnlineSales;KarvanCevitam;112;16344;2.93;3.98;2.93;3.99;0;0;0;0;0;124.714285714286
8017;TotalOnlineSales;KarvanCevitam;113;38726;2.46;3.35;2.9;3.95;57;0;0;0;0;148.142857142857
8018;TotalOnlineSales;KarvanCevitam;114;19313;2.71;3.73;2.93;4;0;0;0;0;0;117.428571428571
8019;TotalOnlineSales;KarvanCevitam;115;23462;2.67;3.64;2.91;3.97;36;0;0;0;0;105
8020;TotalOnlineSales;KarvanCevitam;116;20229;2.76;3.76;2.89;3.93;31;0;0;0;0;121.714285714286
8021;TotalOnlineSales;KarvanCevitam;117;19768;2.88;3.91;2.89;3.91;0;0;0;0;0;129.428571428571
8022;TotalOnlineSales;KarvanCevitam;118;45232;2.46;3.35;2.85;3.89;64;0;0;0;0;128.857142857143
8023;TotalOnlineSales;KarvanCevitam;119;17322;2.89;3.94;2.89;3.96;0;0;0;0;0;137.142857142857
8024;TotalOnlineSales;KarvanCevitam;120;20776;2.82;3.86;2.9;3.98;6;0;0;0;1;188.142857142857
8025;TotalOnlineSales;KarvanCevitam;121;30680;2.25;3.08;2.87;3.92;0;0;0;0;1;204.285714285714
8026;TotalOnlineSales;KarvanCevitam;122;20969;2.78;3.8;2.94;4;0;0;0;0;0;131
8027;TotalOnlineSales;KarvanCevitam;123;46675;2.44;3.32;2.9;3.96;60;0;0;0;1;137.142857142857
8028;TotalOnlineSales;KarvanCevitam;124;20518;2.74;3.74;2.91;3.95;0;0;0;0;0;168.571428571429
8029;TotalOnlineSales;KarvanCevitam;125;19949;2.83;3.86;2.88;3.95;0;0;0;0;0;188.142857142857
8030;TotalOnlineSales;KarvanCevitam;126;17061;2.89;3.94;2.86;3.91;0;0;0;0;1;201.428571428571
8031;TotalOnlineSales;KarvanCevitam;127;23965;2.81;3.83;2.88;3.92;6;0;0;0;0;219
8032;TotalOnlineSales;KarvanCevitam;128;41859;2.48;3.39;2.86;3.91;61;0;0;0;1;202.571428571429
8033;TotalOnlineSales;KarvanCevitam;129;22947;2.8;3.82;2.88;3.94;0;0;0;0;0;233.857142857143
8034;TotalOnlineSales;KarvanCevitam;130;29323;2.71;3.75;2.9;3.96;5;0;0;0;0;273.428571428571
8035;TotalOnlineSales;KarvanCevitam;131;75617;2.07;2.84;2.86;3.91;90;0;0;0;0;222.428571428571
8036;TotalOnlineSales;KarvanCevitam;132;20739;2.74;3.82;2.9;4;36;0;0;0;0;197
8037;TotalOnlineSales;KarvanCevitam;133;16622;2.86;3.98;2.88;3.96;0;0;0;0;0;217.571428571429
8038;TotalOnlineSales;KarvanCevitam;134;17728;2.94;4.04;2.87;3.95;0;0;0;0;0;315.428571428571
8039;TotalOnlineSales;KarvanCevitam;135;34544;2.5;3.46;2.88;3.96;57;0;0;0;0;233.714285714286
8040;TotalOnlineSales;KarvanCevitam;136;14070;2.91;3.95;2.9;3.95;0;0;0;0;0;239.285714285714
8041;TotalOnlineSales;KarvanCevitam;137;16538;2.84;3.85;2.92;3.99;6;0;0;0;0;206.142857142857
8042;TotalOnlineSales;KarvanCevitam;138;19961;2.79;3.78;2.93;4;0;0;0;0;0;233.428571428571
8043;TotalOnlineSales;KarvanCevitam;139;26106;2.73;3.72;2.93;3.99;0;0;0;0;0;281.142857142857
8044;TotalOnlineSales;KarvanCevitam;140;30538;2.4;3.56;2.9;3.98;0;0;0;0;0;190.285714285714
8045;TotalOnlineSales;KarvanCevitam;141;45825;2.47;3.37;2.9;3.95;58;0;0;0;0;195.571428571429
8046;TotalOnlineSales;KarvanCevitam;142;20777;2.74;3.69;2.91;3.98;9;0;0;0;0;192
8047;TotalOnlineSales;KarvanCevitam;143;20098;2.85;3.86;2.89;3.91;0;0;0;0;0;192.428571428571
8048;TotalOnlineSales;KarvanCevitam;144;19979;2.85;3.88;2.9;3.95;0;0;0;0;0;157.142857142857
8049;TotalOnlineSales;KarvanCevitam;145;23962;2.75;3.74;2.9;3.95;30;0;0;0;0;142.714285714286
8050;TotalOnlineSales;KarvanCevitam;146;21675;2.84;3.86;2.87;3.93;0;0;0;0;0;166.857142857143
8051;TotalOnlineSales;KarvanCevitam;147;37541;2.15;2.94;2.85;3.91;46;0;0;0;0;164.428571428571
8052;TotalOnlineSales;KarvanCevitam;148;18156;2.91;3.97;2.86;3.91;0;0;0;0;0;124.285714285714
8053;TotalOnlineSales;KarvanCevitam;149;25214;2.64;3.57;2.91;3.94;21;0;0;0;0;110.428571428571
8054;TotalOnlineSales;KarvanCevitam;150;21141;2.83;3.83;2.91;3.96;0;0;0;0;0;74.5714285714286
8055;TotalOnlineSales;KarvanCevitam;151;24219;2.81;3.8;2.92;3.95;29;0;0;0;0;78.7142857142857
8056;TotalOnlineSales;KarvanCevitam;152;50592;2.47;3.37;2.9;3.97;49;0;0;0;0;103.714285714286
8057;TotalOnlineSales;KarvanCevitam;153;16357;2.84;3.88;2.91;4.01;0;0;0;0;0;75.2857142857143
8058;TotalOnlineSales;KarvanCevitam;154;23762;2.8;3.77;2.93;3.95;7;0;0;0;0;79.7142857142857
8059;TotalOnlineSales;KarvanCevitam;155;53225;2.46;3.34;2.93;3.97;69;0;0;0;0;107.571428571429
8060;TotalOnlineSales;KarvanCevitam;156;16564;2.6;3.53;2.93;3.99;41;0;0;0;1;77.5714285714286
8061;TotalOnlineSales;KarvanCevitam;157;13483;2.85;3.85;2.86;3.88;0;0;0;0;1;67.5714285714286
8062;TotalOnlineSales;KarvanCevitam;158;19556;2.85;3.85;2.87;3.89;0;0;0;0;0;92.7142857142857
8063;TotalOnlineSales;KarvanCevitam;159;19633;2.91;3.96;2.86;3.9;0;0;0;0;0;105.571428571429
8064;TotalOnlineSales;KarvanCevitam;160;55315;2.55;3.43;2.87;3.87;54;0;0;0;0;52
8065;TotalOnlineSales;KarvanCevitam;161;23870;2.78;3.77;2.85;3.89;0;0;0;0;0;98.7142857142857
8066;TotalOnlineSales;KarvanCevitam;162;24135;2.77;3.76;2.87;3.91;10;0;0;0;0;93.5714285714286
8067;TotalOnlineSales;KarvanCevitam;163;19470;2.92;3.96;2.87;3.91;0;0;0;0;0;98.5714285714286
8068;TotalOnlineSales;KarvanCevitam;164;47005;2.57;3.46;2.91;3.96;51;0;0;0;0;108
8069;TotalOnlineSales;KarvanCevitam;165;20403;2.92;3.94;2.86;3.88;0;0;0;5.42857142857143;0;93.5714285714286
8070;TotalOnlineSales;KarvanCevitam;166;26381;2.81;3.8;2.93;3.97;28;0;0;66.4285714285714;0;88.8571428571429
8071;TotalOnlineSales;KarvanCevitam;167;38823;2.67;3.66;2.91;3.93;40;0;0;221.142857142857;0;111.428571428571
8072;TotalOnlineSales;KarvanCevitam;168;31229;2.77;3.74;2.92;3.97;14;0;0;623;0;113.428571428571
8073;TotalOnlineSales;KarvanCevitam;169;26701;2.86;3.87;2.93;3.98;0;0;0;1028.85714285714;0;117.142857142857
8074;TotalOnlineSales;KarvanCevitam;170;49766;2.55;3.45;2.9;3.98;47;0;0;990.714285714286;0;103.571428571429
8075;TotalOnlineSales;KarvanCevitam;171;22578;2.71;3.74;2.83;3.97;0;0;0;1086.28571428571;1;209.857142857143
8076;TotalOnlineSales;KarvanCevitam;172;26600;2.78;3.81;2.88;3.97;0;0;0;955.571428571429;1;166.285714285714
8077;TotalOnlineSales;KarvanCevitam;173;36063;2.73;3.72;2.87;3.91;16;0;0;565.714285714286;0;189
8078;TotalOnlineSales;KarvanCevitam;174;26911;2.91;3.98;2.87;3.92;0;0;0;359.571428571429;1;154.857142857143
8079;TotalOnlineSales;KarvanCevitam;175;60487;2.57;3.46;2.88;3.95;52;0;0;270.285714285714;1;188.571428571429
8080;TotalOnlineSales;KarvanCevitam;176;23151;2.91;3.97;2.9;3.96;0;0;0;176.571428571429;0;147.714285714286
8081;TotalOnlineSales;KarvanCevitam;177;27113;2.84;3.86;2.93;3.99;0;0;0;188.714285714286;1;219.142857142857
8082;TotalOnlineSales;KarvanCevitam;178;43100;2.54;3.47;2.91;3.95;33;0;0;137.857142857143;0;208.428571428571
8083;TotalOnlineSales;KarvanCevitam;179;33933;2.79;3.84;2.94;4.02;24;0;0;193.428571428571;1;207.142857142857
8084;TotalOnlineSales;KarvanCevitam;180;77632;2.53;3.48;2.9;3.96;50;0;0;159.571428571429;0;203.285714285714
8085;TotalOnlineSales;KarvanCevitam;181;28170;2.94;4.03;2.89;3.96;0;0;0;85.7142857142857;0;226
8086;TotalOnlineSales;KarvanCevitam;182;31209;3.03;4.22;2.92;4.06;0;0;0;75.8571428571429;0;267.571428571429
8087;TotalOnlineSales;KarvanCevitam;183;35228;2.95;4.05;3;4.13;23;0;0;58.7142857142857;0;202.571428571429
8088;TotalOnlineSales;KarvanCevitam;184;96750;2.13;2.95;3.01;4.15;65;0;0;72.2857142857143;0;188
8089;TotalOnlineSales;KarvanCevitam;185;24697;2.86;3.98;3.06;4.23;29;0;0;141.285714285714;0;215.428571428571
8090;TotalOnlineSales;KarvanCevitam;186;31207;2.8;3.88;3.04;4.19;28;0;0;197.142857142857;0;222
8091;TotalOnlineSales;KarvanCevitam;187;28319;2.6;3.6;3.03;4.16;33;0;0;394.285714285714;0;242
8092;TotalOnlineSales;KarvanCevitam;188;45701;2.39;3.41;3;4.14;53;0;0;606.571428571429;0;275.428571428571
8093;TotalOnlineSales;KarvanCevitam;189;33420;2.74;3.78;2.93;4.01;31;0;0;556.857142857143;0;315.571428571429
8094;TotalOnlineSales;KarvanCevitam;190;31465;2.84;3.89;2.88;3.93;0;0;0;512.714285714286;0;265.571428571429
8095;TotalOnlineSales;KarvanCevitam;191;31789;2.86;3.89;2.87;3.93;11;0;0;535.571428571429;0;201.714285714286
8096;TotalOnlineSales;KarvanCevitam;192;71447;2.56;3.52;2.87;3.94;51;0;0;832.142857142857;0;195.285714285714
8097;TotalOnlineSales;KarvanCevitam;193;29345;2.83;3.83;2.95;3.99;30;0;0;1233.14285714286;0;198.714285714286
8098;TotalOnlineSales;KarvanCevitam;194;32600;2.73;3.74;2.94;4.04;31;0;0;2039.57142857143;0;242.142857142857
8099;TotalOnlineSales;KarvanCevitam;195;43416;2.57;3.53;2.91;4;32;0;0;2892.57142857143;0;201
8100;TotalOnlineSales;KarvanCevitam;196;34973;2.73;3.72;2.93;3.98;30;0;0;4163.28571428571;0;162.857142857143
8101;TotalOnlineSales;KarvanCevitam;197;32403;2.81;3.81;2.83;3.85;0;0;0;6596.42857142857;0;147.285714285714
8102;TotalOnlineSales;KarvanCevitam;198;35499;2.79;3.77;2.83;3.85;13;0;0;8138.71428571429;0;127.857142857143
8103;TotalOnlineSales;KarvanCevitam;199;70626;2.57;3.5;2.84;3.86;47;0;0;9551;0;156.428571428571
8104;TotalOnlineSales;KarvanCevitam;200;26588;2.9;3.92;2.86;3.89;0;0;0;9076;0;140.714285714286
8105;TotalOnlineSales;KarvanCevitam;201;31860;2.84;3.85;2.91;3.95;29;0;0;5899.42857142857;0;143.428571428571
8106;TotalOnlineSales;KarvanCevitam;202;41726;2.81;3.8;2.88;3.9;15;0;0;5256.14285714286;0;143.285714285714
8107;TotalOnlineSales;KarvanCevitam;203;95662;2.12;2.89;2.88;3.91;49;0;0;5291.57142857143;0;123
8108;TotalOnlineSales;KarvanCevitam;204;27376;2.95;4;2.95;4;0;0;0;4827.28571428571;0;92.1428571428571
8109;TotalOnlineSales;KarvanCevitam;205;37778;2.91;3.89;2.97;3.98;0;0;0;6360.14285714286;0;68.7142857142857
8110;TotalOnlineSales;KarvanCevitam;206;41694;2.63;3.57;2.93;3.98;13;0;0;8968.71428571429;0;48.2857142857143
8111;TotalOnlineSales;KarvanCevitam;207;79918;2.57;3.51;2.94;4;47;0;0;11617.8571428571;0;103.428571428571
8112;TotalOnlineSales;KarvanCevitam;208;17935;2.93;3.98;2.95;4.01;0;0;0;9461.28571428571;1;100
8113;TotalOnlineSales;Raak;1;4701;1.42;1.89;1.36;1.81;0;0;0;0;1;42.1428571428571
8114;TotalOnlineSales;Raak;2;5718;1.42;1.89;1.36;1.81;0;0;0;0;0;66.8571428571429
8115;TotalOnlineSales;Raak;3;5953;1.46;1.94;1.42;1.89;0;0;0;0;0;26.5714285714286
8116;TotalOnlineSales;Raak;4;6424;1.46;1.94;1.43;1.9;0;0;0;0;0;33.2857142857143
8117;TotalOnlineSales;Raak;5;6078;1.43;1.91;1.45;1.94;0;0;0;0;0;81.4285714285714
8118;TotalOnlineSales;Raak;6;5944;1.43;1.91;1.45;1.94;0;0;0;0;0;25.4285714285714
8119;TotalOnlineSales;Raak;7;6373;1.44;1.91;1.45;1.93;0;0;0;0;0;87.5714285714286
8120;TotalOnlineSales;Raak;8;6577;1.44;1.91;1.46;1.94;0;0;0;0;0;100.142857142857
8121;TotalOnlineSales;Raak;9;13212;1.14;1.52;1.42;1.9;61;0;0;0;0;96.1428571428571
8122;TotalOnlineSales;Raak;10;5824;1.43;1.91;1.43;1.91;0;0;0;0;0;110.142857142857
8123;TotalOnlineSales;Raak;11;6309;1.43;1.91;1.43;1.91;0;0;0;0;0;138.714285714286
8124;TotalOnlineSales;Raak;12;11728;1.15;1.53;1.42;1.89;0;0;0;0;0;127
8125;TotalOnlineSales;Raak;13;7377;1.43;1.91;1.44;1.91;0;0;0;0;0;175
8126;TotalOnlineSales;Raak;14;7623;1.43;1.9;1.43;1.9;0;0;0;0;0;145.142857142857
8127;TotalOnlineSales;Raak;15;8749;1.35;1.8;1.42;1.89;5;0;0;0;1;143.714285714286
8128;TotalOnlineSales;Raak;16;17744;1.04;1.38;1.39;1.86;57;0;0;0;1;114.571428571429
8129;TotalOnlineSales;Raak;17;5876;1.41;1.88;1.43;1.91;0;0;0;0;1;116.142857142857
8130;TotalOnlineSales;Raak;18;6053;1.4;1.87;1.43;1.9;0;0;0;0;1;151
8131;TotalOnlineSales;Raak;19;7590;1.41;1.88;1.42;1.9;0;0;0;0;0;177.428571428571
8132;TotalOnlineSales;Raak;20;8497;1.41;1.88;1.41;1.89;0;0;0;0;0;215.428571428571
8133;TotalOnlineSales;Raak;21;8961;1.41;1.88;1.41;1.89;0;0;0;0;1;242.285714285714
8134;TotalOnlineSales;Raak;22;10752;1.41;1.88;1.41;1.89;0;0;0;0;0;246.142857142857
8135;TotalOnlineSales;Raak;23;8925;1.41;1.88;1.41;1.88;0;0;0;0;1;205.571428571429
8136;TotalOnlineSales;Raak;24;10833;1.31;1.75;1.41;1.88;5;0;0;0;0;225.285714285714
8137;TotalOnlineSales;Raak;25;10385;1.41;1.88;1.41;1.87;0;0;0;0;0;267.285714285714
8138;TotalOnlineSales;Raak;26;9836;1.41;1.88;1.41;1.88;0;0;0;0;0;209.714285714286
8139;TotalOnlineSales;Raak;27;9705;1.41;1.88;1.41;1.88;0;0;0;0;0;238
8140;TotalOnlineSales;Raak;28;9209;1.41;1.88;1.41;1.88;0;0;0;0;0;212.285714285714
8141;TotalOnlineSales;Raak;29;7636;1.41;1.88;1.41;1.88;0;0;0;0;0;244.142857142857
8142;TotalOnlineSales;Raak;30;7889;1.41;1.88;1.41;1.88;0;0;0;0;0;208.285714285714
8143;TotalOnlineSales;Raak;31;6444;1.42;1.89;1.42;1.89;0;0;0;0;0;221.571428571429
8144;TotalOnlineSales;Raak;32;6170;1.41;1.88;1.42;1.89;0;0;0;0;0;210.857142857143
8145;TotalOnlineSales;Raak;33;6639;1.41;1.88;1.42;1.89;0;0;0;0;0;214.714285714286
8146;TotalOnlineSales;Raak;34;8254;1.41;1.88;1.41;1.88;0;0;0;0;0;228.142857142857
8147;TotalOnlineSales;Raak;35;9254;1.41;1.88;1.41;1.88;0;0;0;0;0;230.571428571429
8148;TotalOnlineSales;Raak;36;8800;1.41;1.88;1.41;1.88;0;0;0;0;0;190.857142857143
8149;TotalOnlineSales;Raak;37;8453;1.41;1.88;1.41;1.88;0;0;0;0;0;163.857142857143
8150;TotalOnlineSales;Raak;38;8112;1.41;1.88;1.41;1.88;0;0;0;0;0;177.714285714286
8151;TotalOnlineSales;Raak;39;17527;1.14;1.52;1.4;1.86;54;0;0;0;0;192.714285714286
8152;TotalOnlineSales;Raak;40;8141;1.41;1.88;1.41;1.88;0;0;0;0;0;160.285714285714
8153;TotalOnlineSales;Raak;41;7647;1.41;1.88;1.41;1.88;0;0;0;0;0;163.142857142857
8154;TotalOnlineSales;Raak;42;8231;1.4;1.87;1.41;1.88;0;0;0;0;0;194.714285714286
8155;TotalOnlineSales;Raak;43;8854;1.4;1.87;1.41;1.88;0;0;0;0;0;156.857142857143
8156;TotalOnlineSales;Raak;44;8869;1.4;1.87;1.41;1.88;0;0;0;0;0;130.714285714286
8157;TotalOnlineSales;Raak;45;9069;1.4;1.87;1.41;1.88;0;0;0;0;0;102.142857142857
8158;TotalOnlineSales;Raak;46;8970;1.4;1.87;1.41;1.88;0;0;0;0;0;96.2857142857143
8159;TotalOnlineSales;Raak;47;9923;1.4;1.87;1.41;1.88;0;0;0;0;0;112
8160;TotalOnlineSales;Raak;48;9695;1.39;1.85;1.4;1.87;0;0;0;0;0;53.1428571428571
8161;TotalOnlineSales;Raak;49;9272;1.39;1.86;1.4;1.87;0;0;0;0;0;74.1428571428571
8162;TotalOnlineSales;Raak;50;9728;1.39;1.86;1.4;1.87;0;0;0;0;0;45.8571428571429
8163;TotalOnlineSales;Raak;51;11267;1.39;1.86;1.41;1.87;0;0;0;0;0;84
8164;TotalOnlineSales;Raak;52;6763;1.41;1.88;1.4;1.86;0;0;0;0;1;81.2857142857143
8165;TotalOnlineSales;Raak;53;7095;1.41;1.88;1.39;1.86;0;0;0;0;1;98.2857142857143
8166;TotalOnlineSales;Raak;54;9223;1.43;1.91;1.4;1.87;0;0;0;0;0;57.7142857142857
8167;TotalOnlineSales;Raak;55;9672;1.43;1.91;1.41;1.88;0;0;0;0;0;66.8571428571429
8168;TotalOnlineSales;Raak;56;10687;1.42;1.9;1.43;1.9;0;0;0;0;0;94.1428571428571
8169;TotalOnlineSales;Raak;57;10265;1.42;1.89;1.43;1.91;0;0;0;0;0;79.8571428571429
8170;TotalOnlineSales;Raak;58;10267;1.42;1.89;1.42;1.9;0;0;0;0;0;35.4285714285714
8171;TotalOnlineSales;Raak;59;9812;1.42;1.9;1.43;1.91;0;0;0;0;0;73.7142857142857
8172;TotalOnlineSales;Raak;60;24617;1.06;1.41;1.41;1.88;57;0;0;0;0;45.4285714285714
8173;TotalOnlineSales;Raak;61;9496;1.41;1.88;1.42;1.9;0;0;0;0;0;-4.71428571428571
8174;TotalOnlineSales;Raak;62;10149;1.41;1.88;1.42;1.9;0;0;0;0;0;108.571428571429
8175;TotalOnlineSales;Raak;63;10919;1.41;1.87;1.43;1.9;0;0;0;0;0;93
8176;TotalOnlineSales;Raak;64;12009;1.41;1.88;1.42;1.89;0;0;0;0;0;73.5714285714286
8177;TotalOnlineSales;Raak;65;11747;1.41;1.88;1.42;1.89;0;0;0;0;1;111
8178;TotalOnlineSales;Raak;66;10267;1.42;1.89;1.42;1.9;0;0;0;0;1;139.571428571429
8179;TotalOnlineSales;Raak;67;11727;1.41;1.88;1.42;1.89;0;0;0;0;0;176.428571428571
8180;TotalOnlineSales;Raak;68;12751;1.41;1.88;1.42;1.89;0;0;0;0;0;218.714285714286
8181;TotalOnlineSales;Raak;69;12332;1.41;1.88;1.42;1.89;0;0;0;0;1;166.428571428571
8182;TotalOnlineSales;Raak;70;11093;1.41;1.88;1.43;1.9;0;0;0;0;1;158.857142857143
8183;TotalOnlineSales;Raak;71;10769;1.41;1.88;1.42;1.9;0;0;0;0;1;231.142857142857
8184;TotalOnlineSales;Raak;72;13546;1.41;1.88;1.41;1.88;0;0;0;0;0;187.714285714286
8185;TotalOnlineSales;Raak;73;13377;1.41;1.88;1.42;1.89;0;0;0;0;1;253
8186;TotalOnlineSales;Raak;74;15517;1.41;1.88;1.42;1.89;0;0;0;0;0;258.285714285714
8187;TotalOnlineSales;Raak;75;16457;1.31;1.75;1.41;1.88;7;0;0;0;0;240.142857142857
8188;TotalOnlineSales;Raak;76;13754;1.41;1.88;1.41;1.89;0;0;0;0;0;209.428571428571
8189;TotalOnlineSales;Raak;77;13252;1.41;1.88;1.42;1.89;0;0;0;0;0;196.428571428571
8190;TotalOnlineSales;Raak;78;14405;1.41;1.87;1.41;1.88;0;0;0;0;0;237.285714285714
8191;TotalOnlineSales;Raak;79;15791;1.41;1.88;1.42;1.89;0;0;0;0;0;255.714285714286
8192;TotalOnlineSales;Raak;80;13626;1.41;1.88;1.41;1.88;0;0;0;0;0;236.142857142857
8193;TotalOnlineSales;Raak;81;13241;1.41;1.88;1.42;1.89;0;0;0;0;0;268
8194;TotalOnlineSales;Raak;82;14429;1.41;1.88;1.41;1.89;0;0;0;0;0;306.142857142857
8195;TotalOnlineSales;Raak;83;12873;1.41;1.88;1.41;1.88;0;0;0;0;0;286
8196;TotalOnlineSales;Raak;84;12044;1.41;1.88;1.41;1.88;0;0;0;0;0;255.571428571429
8197;TotalOnlineSales;Raak;85;12434;1.41;1.88;1.41;1.88;0;0;0;0;0;233.142857142857
8198;TotalOnlineSales;Raak;86;12990;1.4;1.87;1.41;1.88;0;0;0;0;0;222.428571428571
8199;TotalOnlineSales;Raak;87;17810;1.29;1.72;1.39;1.86;9;0;0;0;0;198
8200;TotalOnlineSales;Raak;88;21730;1.05;1.4;1.39;1.86;52;0;0;0;0;210.857142857143
8201;TotalOnlineSales;Raak;89;12707;1.4;1.87;1.4;1.86;0;0;0;0;0;206.285714285714
8202;TotalOnlineSales;Raak;90;13799;1.4;1.87;1.4;1.87;0;0;0;0;0;220.285714285714
8203;TotalOnlineSales;Raak;91;14333;1.34;1.78;1.41;1.88;7;0;0;0;0;164.285714285714
8204;TotalOnlineSales;Raak;92;13630;1.38;1.84;1.41;1.88;0;0;0;0;0;177
8205;TotalOnlineSales;Raak;93;13069;1.38;1.84;1.41;1.88;0;0;0;0;0;209.714285714286
8206;TotalOnlineSales;Raak;94;13770;1.38;1.84;1.41;1.88;0;0;0;0;0;199
8207;TotalOnlineSales;Raak;95;23357;1.13;1.51;1.39;1.86;53;0;0;0;0;141.714285714286
8208;TotalOnlineSales;Raak;96;11917;1.38;1.84;1.39;1.86;0;0;0;0;0;99.7142857142857
8209;TotalOnlineSales;Raak;97;12196;1.38;1.84;1.39;1.85;0;0;0;0;0;134.714285714286
8210;TotalOnlineSales;Raak;98;12815;1.38;1.84;1.39;1.85;0;0;0;0;0;115.857142857143
8211;TotalOnlineSales;Raak;99;12866;1.38;1.84;1.38;1.84;0;0;0;0;0;55.8571428571429
8212;TotalOnlineSales;Raak;100;14165;1.38;1.84;1.38;1.85;0;0;0;0;0;82.5714285714286
8213;TotalOnlineSales;Raak;101;13450;1.38;1.85;1.39;1.85;0;0;0;0;0;114
8214;TotalOnlineSales;Raak;102;13877;1.4;1.87;1.38;1.84;0;0;0;0;0;51.8571428571429
8215;TotalOnlineSales;Raak;103;16069;1.41;1.87;1.39;1.85;0;0;0;0;0;87.4285714285714
8216;TotalOnlineSales;Raak;104;8500;1.41;1.88;1.41;1.88;0;0;0;0;1;73.1428571428571
8217;TotalOnlineSales;Raak;105;9640;1.43;1.91;1.41;1.88;0;0;0;0;1;81.2857142857143
8218;TotalOnlineSales;Raak;106;13676;1.44;1.92;1.4;1.87;0;0;0;0;0;80.2857142857143
8219;TotalOnlineSales;Raak;107;14096;1.44;1.92;1.43;1.9;0;0;0;0;0;65.2857142857143
8220;TotalOnlineSales;Raak;108;15653;1.44;1.92;1.44;1.92;0;0;0;0;0;29.8571428571429
8221;TotalOnlineSales;Raak;109;14820;1.44;1.92;1.43;1.91;0;0;0;0;0;36.7142857142857
8222;TotalOnlineSales;Raak;110;14933;1.43;1.91;1.44;1.92;0;0;0;0;0;75.4285714285714
8223;TotalOnlineSales;Raak;111;14233;1.43;1.91;1.44;1.92;0;0;0;0;0;109.142857142857
8224;TotalOnlineSales;Raak;112;15993;1.38;1.84;1.43;1.91;6;0;0;0;0;124.714285714286
8225;TotalOnlineSales;Raak;113;15590;1.43;1.91;1.44;1.92;0;0;0;0;0;148.142857142857
8226;TotalOnlineSales;Raak;114;14609;1.43;1.91;1.44;1.92;0;0;0;0;0;117.428571428571
8227;TotalOnlineSales;Raak;115;14628;1.43;1.91;1.44;1.92;0;0;0;0;0;105
8228;TotalOnlineSales;Raak;116;15405;1.43;1.9;1.44;1.91;0;0;0;0;0;121.714285714286
8229;TotalOnlineSales;Raak;117;16772;1.42;1.9;1.44;1.92;0;0;0;0;0;129.428571428571
8230;TotalOnlineSales;Raak;118;18448;1.36;1.81;1.43;1.91;5;0;0;0;0;128.857142857143
8231;TotalOnlineSales;Raak;119;16657;1.41;1.89;1.43;1.9;0;0;0;0;0;137.142857142857
8232;TotalOnlineSales;Raak;120;17062;1.42;1.89;1.42;1.89;0;0;0;0;1;188.142857142857
8233;TotalOnlineSales;Raak;121;14944;1.42;1.89;1.43;1.9;0;0;0;0;1;204.285714285714
8234;TotalOnlineSales;Raak;122;15822;1.42;1.89;1.42;1.9;0;0;0;0;0;131
8235;TotalOnlineSales;Raak;123;15704;1.42;1.89;1.42;1.89;0;0;0;0;1;137.142857142857
8236;TotalOnlineSales;Raak;124;16240;1.42;1.89;1.42;1.89;0;0;0;0;0;168.571428571429
8237;TotalOnlineSales;Raak;125;30010;1.17;1.56;1.41;1.89;51;0;0;0;0;188.142857142857
8238;TotalOnlineSales;Raak;126;15711;1.49;1.98;1.42;1.89;0;0;0;0;1;201.428571428571
8239;TotalOnlineSales;Raak;127;18341;1.51;2.01;1.42;1.9;0;0;0;0;0;219
8240;TotalOnlineSales;Raak;128;17770;1.45;1.94;1.48;1.97;5;0;0;0;1;202.571428571429
8241;TotalOnlineSales;Raak;129;19220;1.55;2.07;1.5;2;0;0;0;0;0;233.857142857143
8242;TotalOnlineSales;Raak;130;21213;1.61;2.15;1.54;2.05;0;0;0;0;0;273.428571428571
8243;TotalOnlineSales;Raak;131;19920;1.62;2.16;1.55;2.07;0;0;0;0;0;222.428571428571
8244;TotalOnlineSales;Raak;132;17430;1.62;2.16;1.62;2.16;0;0;0;0;0;197
8245;TotalOnlineSales;Raak;133;16204;1.61;2.15;1.63;2.18;0;0;0;0;0;217.571428571429
8246;TotalOnlineSales;Raak;134;19542;1.62;2.16;1.64;2.18;0;0;0;0;0;315.428571428571
8247;TotalOnlineSales;Raak;135;17468;1.55;2.06;1.63;2.17;5;0;0;0;0;233.714285714286
8248;TotalOnlineSales;Raak;136;13306;1.6;2.13;1.64;2.19;0;0;0;0;0;239.285714285714
8249;TotalOnlineSales;Raak;137;13669;1.6;2.13;1.64;2.18;0;0;0;0;0;206.142857142857
8250;TotalOnlineSales;Raak;138;16445;1.58;2.11;1.62;2.16;0;0;0;0;0;233.428571428571
8251;TotalOnlineSales;Raak;139;20423;1.56;2.08;1.63;2.17;0;0;0;0;0;281.142857142857
8252;TotalOnlineSales;Raak;140;19209;1.5;2;1.61;2.15;0;0;0;0;0;190.285714285714
8253;TotalOnlineSales;Raak;141;17409;1.49;1.98;1.6;2.13;0;0;0;0;0;195.571428571429
8254;TotalOnlineSales;Raak;142;18041;1.48;1.98;1.58;2.11;0;0;0;0;0;192
8255;TotalOnlineSales;Raak;143;35777;1.1;1.47;1.56;2.08;51;0;0;0;0;192.428571428571
8256;TotalOnlineSales;Raak;144;19416;1.3;1.74;1.53;2.04;7;0;0;0;0;157.142857142857
8257;TotalOnlineSales;Raak;145;15931;1.47;1.97;1.49;1.99;0;0;0;0;0;142.714285714286
8258;TotalOnlineSales;Raak;146;16409;1.48;1.98;1.48;1.98;0;0;0;0;0;166.857142857143
8259;TotalOnlineSales;Raak;147;16212;1.49;1.98;1.48;1.97;0;0;0;0;0;164.428571428571
8260;TotalOnlineSales;Raak;148;17769;1.49;1.99;1.48;1.97;0;0;0;0;0;124.285714285714
8261;TotalOnlineSales;Raak;149;21762;1.36;1.81;1.48;1.97;43;0;0;0;0;110.428571428571
8262;TotalOnlineSales;Raak;150;17768;1.49;1.98;1.49;1.98;0;0;0;0;0;74.5714285714286
8263;TotalOnlineSales;Raak;151;19327;1.49;1.98;1.48;1.97;0;0;0;0;0;78.7142857142857
8264;TotalOnlineSales;Raak;152;20218;1.49;1.99;1.49;1.99;0;0;0;0;0;103.714285714286
8265;TotalOnlineSales;Raak;153;18670;1.49;1.99;1.49;1.99;0;0;0;0;0;75.2857142857143
8266;TotalOnlineSales;Raak;154;19502;1.49;1.99;1.49;1.99;0;0;0;0;0;79.7142857142857
8267;TotalOnlineSales;Raak;155;21776;1.49;1.98;1.49;1.98;0;0;0;0;0;107.571428571429
8268;TotalOnlineSales;Raak;156;10524;1.49;1.99;1.49;1.99;0;0;0;0;1;77.5714285714286
8269;TotalOnlineSales;Raak;157;13893;1.49;1.99;1.49;1.99;0;0;0;0;1;67.5714285714286
8270;TotalOnlineSales;Raak;158;19138;1.49;1.99;1.5;2;0;0;0;0;0;92.7142857142857
8271;TotalOnlineSales;Raak;159;18819;1.49;1.99;1.49;1.98;0;0;0;0;0;105.571428571429
8272;TotalOnlineSales;Raak;160;19809;1.49;1.99;1.49;1.99;0;0;0;0;0;52
8273;TotalOnlineSales;Raak;161;20162;1.49;1.98;1.49;1.99;0;0;0;0;0;98.7142857142857
8274;TotalOnlineSales;Raak;162;20090;1.49;1.99;1.49;1.99;0;0;0;0;0;93.5714285714286
8275;TotalOnlineSales;Raak;163;23044;1.42;1.89;1.5;2.01;9;0;0;0;0;98.5714285714286
8276;TotalOnlineSales;Raak;164;19464;1.49;1.99;1.49;1.99;0;0;0;0;0;108
8277;TotalOnlineSales;Raak;165;21187;1.49;1.99;1.49;1.99;0;0;0;5.42857142857143;0;93.5714285714286
8278;TotalOnlineSales;Raak;166;21311;1.5;2;1.5;1.99;0;0;0;66.4285714285714;0;88.8571428571429
8279;TotalOnlineSales;Raak;167;23749;1.49;1.99;1.5;2;0;0;0;221.142857142857;0;111.428571428571
8280;TotalOnlineSales;Raak;168;23558;1.5;2;1.5;2;0;0;0;623;0;113.428571428571
8281;TotalOnlineSales;Raak;169;22299;1.49;1.99;1.5;2;0;0;0;1028.85714285714;0;117.142857142857
8282;TotalOnlineSales;Raak;170;20448;1.49;1.99;1.5;2.01;0;0;0;990.714285714286;0;103.571428571429
8283;TotalOnlineSales;Raak;171;21214;1.5;1.99;1.5;2;0;0;0;1086.28571428571;1;209.857142857143
8284;TotalOnlineSales;Raak;172;41704;1.12;1.49;1.5;2;43;0;0;955.571428571429;1;166.285714285714
8285;TotalOnlineSales;Raak;173;21355;1.5;2;1.5;2;0;0;0;565.714285714286;0;189
8286;TotalOnlineSales;Raak;174;22548;1.49;1.99;1.5;2;0;0;0;359.571428571429;1;154.857142857143
8287;TotalOnlineSales;Raak;175;21677;1.49;1.99;1.5;1.99;0;0;0;270.285714285714;1;188.571428571429
8288;TotalOnlineSales;Raak;176;24401;1.5;2;1.5;2.01;0;0;0;176.571428571429;0;147.714285714286
8289;TotalOnlineSales;Raak;177;24790;1.5;1.99;1.49;1.99;0;0;0;188.714285714286;1;219.142857142857
8290;TotalOnlineSales;Raak;178;48744;1.23;1.65;1.49;1.99;38;0;0;137.857142857143;0;208.428571428571
8291;TotalOnlineSales;Raak;179;25652;1.45;1.93;1.49;1.99;0;0;0;193.428571428571;1;207.142857142857
8292;TotalOnlineSales;Raak;180;24138;1.49;1.99;1.49;1.99;0;0;0;159.571428571429;0;203.285714285714
8293;TotalOnlineSales;Raak;181;25910;1.5;2;1.5;2;0;0;0;85.7142857142857;0;226
8294;TotalOnlineSales;Raak;182;38793;1.75;2.33;1.77;2.36;0;0;0;75.8571428571429;0;267.571428571429
8295;TotalOnlineSales;Raak;183;30735;1.51;2.01;1.52;2.03;0;0;0;58.7142857142857;0;202.571428571429
8296;TotalOnlineSales;Raak;184;27394;1.5;2;1.52;2.02;2;0;0;72.2857142857143;0;188
8297;TotalOnlineSales;Raak;185;26744;1.58;2.11;1.5;2;0;0;0;141.285714285714;0;215.428571428571
8298;TotalOnlineSales;Raak;186;29307;1.43;1.91;1.49;1.99;11;0;0;197.142857142857;0;222
8299;TotalOnlineSales;Raak;187;22208;1.62;2.15;1.52;2.02;0;0;0;394.285714285714;0;242
8300;TotalOnlineSales;Raak;188;23997;1.62;2.16;1.61;2.14;0;0;0;606.571428571429;0;275.428571428571
8301;TotalOnlineSales;Raak;189;30211;1.61;2.15;1.62;2.16;0;0;0;556.857142857143;0;315.571428571429
8302;TotalOnlineSales;Raak;190;34511;1.61;2.15;1.63;2.17;0;0;0;512.714285714286;0;265.571428571429
8303;TotalOnlineSales;Raak;191;29450;1.58;2.11;1.62;2.16;0;0;0;535.571428571429;0;201.714285714286
8304;TotalOnlineSales;Raak;192;28338;1.57;2.1;1.61;2.15;0;0;0;832.142857142857;0;195.285714285714
8305;TotalOnlineSales;Raak;193;61385;1.56;2.08;1.9;2.54;35;0;0;1233.14285714286;0;198.714285714286
8306;TotalOnlineSales;Raak;194;25859;1.56;2.08;1.62;2.16;0;0;0;2039.57142857143;0;242.142857142857
8307;TotalOnlineSales;Raak;195;29308;1.55;2.06;1.59;2.12;0;0;0;2892.57142857143;0;201
8308;TotalOnlineSales;Raak;196;31442;1.61;2.15;1.67;2.22;0;0;0;4163.28571428571;0;162.857142857143
8309;TotalOnlineSales;Raak;197;36181;1.44;1.92;1.57;2.09;10;0;0;6596.42857142857;0;147.285714285714
8310;TotalOnlineSales;Raak;198;53396;1.32;1.76;1.56;2.08;38;0;0;8138.71428571429;0;127.857142857143
8311;TotalOnlineSales;Raak;199;27150;1.51;2.02;1.56;2.07;48;0;0;9551;0;156.428571428571
8312;TotalOnlineSales;Raak;200;28711;1.51;2.02;1.53;2.04;35;0;0;9076;0;140.714285714286
8313;TotalOnlineSales;Raak;201;30930;1.6;2.13;1.52;2.03;38;0;0;5899.42857142857;0;143.428571428571
8314;TotalOnlineSales;Raak;202;30451;1.61;2.15;1.52;2.03;0;0;0;5256.14285714286;0;143.285714285714
8315;TotalOnlineSales;Raak;203;30528;1.6;2.14;1.6;2.13;0;0;0;5291.57142857143;0;123
8316;TotalOnlineSales;Raak;204;38659;1.57;2.09;1.61;2.15;0;0;0;4827.28571428571;0;92.1428571428571
8317;TotalOnlineSales;Raak;205;33302;1.6;2.13;1.61;2.15;0;0;0;6360.14285714286;0;68.7142857142857
8318;TotalOnlineSales;Raak;206;32118;1.6;2.13;1.62;2.15;0;0;0;8968.71428571429;0;48.2857142857143
8319;TotalOnlineSales;Raak;207;35955;1.59;2.13;1.62;2.16;0;0;0;11617.8571428571;0;103.428571428571
8320;TotalOnlineSales;Raak;208;22148;1.6;2.14;1.62;2.15;0;0;0;9461.28571428571;1;100
8321;TotalOnlineSales;Slimpie;1;2128;1.84;3.2;1.75;3.05;0;0;0;0;1;42.1428571428571
8322;TotalOnlineSales;Slimpie;2;3073;1.72;3.01;1.75;3.04;35;0;0;0;0;66.8571428571429
8323;TotalOnlineSales;Slimpie;3;3080;1.8;3.16;1.84;3.23;0;0;0;0;0;26.5714285714286
8324;TotalOnlineSales;Slimpie;4;2511;1.8;3.13;1.83;3.19;0;0;0;0;0;33.2857142857143
8325;TotalOnlineSales;Slimpie;5;2454;1.79;3.09;1.84;3.19;0;0;0;0;0;81.4285714285714
8326;TotalOnlineSales;Slimpie;6;2613;1.79;3.09;1.84;3.18;0;0;0;0;0;25.4285714285714
8327;TotalOnlineSales;Slimpie;7;2508;1.77;3.08;1.84;3.23;0;0;0;0;0;87.5714285714286
8328;TotalOnlineSales;Slimpie;8;2786;1.76;3.06;1.78;3.09;0;0;0;0;0;100.142857142857
8329;TotalOnlineSales;Slimpie;9;2376;1.76;3.06;1.77;3.08;0;0;0;0;0;96.1428571428571
8330;TotalOnlineSales;Slimpie;10;2598;1.76;3.05;1.77;3.06;0;0;0;0;0;110.142857142857
8331;TotalOnlineSales;Slimpie;11;2891;1.77;3.06;1.76;3.05;0;0;0;0;0;138.714285714286
8332;TotalOnlineSales;Slimpie;12;4681;1.45;2.52;1.72;2.98;61;0;0;0;0;127
8333;TotalOnlineSales;Slimpie;13;2727;1.71;2.98;1.75;3.04;0;0;0;0;0;175
8334;TotalOnlineSales;Slimpie;14;3177;1.72;3;1.77;3.09;0;0;0;0;0;145.142857142857
8335;TotalOnlineSales;Slimpie;15;3004;1.75;3.06;1.92;3.92;0;0;0;0;1;143.714285714286
8336;TotalOnlineSales;Slimpie;16;2784;1.74;3.04;1.76;3.06;0;0;0;0;1;114.571428571429
8337;TotalOnlineSales;Slimpie;17;2668;1.74;3.03;1.74;3.02;0;0;0;0;1;116.142857142857
8338;TotalOnlineSales;Slimpie;18;2827;1.75;3.05;1.75;3.03;0;0;0;0;1;151
8339;TotalOnlineSales;Slimpie;19;2908;1.75;3.05;1.75;3.05;0;0;0;0;0;177.428571428571
8340;TotalOnlineSales;Slimpie;20;3102;1.75;3.05;1.75;3.06;0;0;0;0;0;215.428571428571
8341;TotalOnlineSales;Slimpie;21;3424;1.75;3.08;1.75;3.05;0;0;0;0;1;242.285714285714
8342;TotalOnlineSales;Slimpie;22;3950;1.77;3.09;1.77;3.11;0;0;0;0;0;246.142857142857
8343;TotalOnlineSales;Slimpie;23;3236;1.75;3.05;1.76;3.06;0;0;0;0;1;205.571428571429
8344;TotalOnlineSales;Slimpie;24;3327;1.75;3.05;1.76;3.07;0;0;0;0;0;225.285714285714
8345;TotalOnlineSales;Slimpie;25;3780;1.75;3.04;1.77;3.09;0;0;0;0;0;267.285714285714
8346;TotalOnlineSales;Slimpie;26;4287;1.66;2.93;1.76;3.16;40;0;0;0;0;209.714285714286
8347;TotalOnlineSales;Slimpie;27;3914;1.7;3;1.79;3.18;0;0;0;0;0;238
8348;TotalOnlineSales;Slimpie;28;3291;1.76;3.07;1.78;3.1;0;0;0;0;0;212.285714285714
8349;TotalOnlineSales;Slimpie;29;3009;1.75;3.05;1.76;3.08;0;0;0;0;0;244.142857142857
8350;TotalOnlineSales;Slimpie;30;2886;1.75;3.04;1.76;3.05;0;0;0;0;0;208.285714285714
8351;TotalOnlineSales;Slimpie;31;2708;1.75;3.04;1.76;3.05;0;0;0;0;0;221.571428571429
8352;TotalOnlineSales;Slimpie;32;2411;1.74;3.03;1.78;3.17;0;0;0;0;0;210.857142857143
8353;TotalOnlineSales;Slimpie;33;2676;1.76;3.06;1.77;3.09;0;0;0;0;0;214.714285714286
8354;TotalOnlineSales;Slimpie;34;3142;1.75;3.05;1.76;3.06;0;0;0;0;0;228.142857142857
8355;TotalOnlineSales;Slimpie;35;3292;1.77;3.07;1.76;3.06;0;0;0;0;0;230.571428571429
8356;TotalOnlineSales;Slimpie;36;3188;1.77;3.09;1.77;3.1;0;0;0;0;0;190.857142857143
8357;TotalOnlineSales;Slimpie;37;3703;1.68;2.94;1.75;3.06;2;0;0;0;0;163.857142857143
8358;TotalOnlineSales;Slimpie;38;3378;1.74;3.01;1.76;3.04;0;0;0;0;0;177.714285714286
8359;TotalOnlineSales;Slimpie;39;3370;1.75;3.03;1.76;3.05;0;0;0;0;0;192.714285714286
8360;TotalOnlineSales;Slimpie;40;4093;1.67;2.92;1.8;3.14;20;0;0;0;0;160.285714285714
8361;TotalOnlineSales;Slimpie;41;3637;1.7;2.96;1.74;3.01;0;0;0;0;0;163.142857142857
8362;TotalOnlineSales;Slimpie;42;3244;1.76;3.04;1.76;3.06;0;0;0;0;0;194.714285714286
8363;TotalOnlineSales;Slimpie;43;3254;1.75;3.05;1.76;3.06;0;0;0;0;0;156.857142857143
8364;TotalOnlineSales;Slimpie;44;4643;1.48;2.58;1.75;3.07;7;0;0;0;0;130.714285714286
8365;TotalOnlineSales;Slimpie;45;3320;1.76;3.05;1.76;3.04;0;0;0;0;0;102.142857142857
8366;TotalOnlineSales;Slimpie;46;3413;1.77;3.07;1.76;3.06;0;0;0;0;0;96.2857142857143
8367;TotalOnlineSales;Slimpie;47;5774;1.53;2.65;1.74;3.02;0;0;0;0;0;112
8368;TotalOnlineSales;Slimpie;48;3488;1.73;3.01;1.77;3.09;0;0;0;0;0;53.1428571428571
8369;TotalOnlineSales;Slimpie;49;3439;1.74;3.01;1.76;3.06;0;0;0;0;0;74.1428571428571
8370;TotalOnlineSales;Slimpie;50;3464;1.74;3.02;1.75;3.04;0;0;0;0;0;45.8571428571429
8371;TotalOnlineSales;Slimpie;51;3835;1.75;3.04;1.76;3.06;0;0;0;0;0;84
8372;TotalOnlineSales;Slimpie;52;2658;1.74;3.03;1.75;3.02;0;0;0;0;1;81.2857142857143
8373;TotalOnlineSales;Slimpie;53;2888;1.74;3.02;1.76;3.06;0;0;0;0;1;98.2857142857143
8374;TotalOnlineSales;Slimpie;54;4812;1.63;2.85;1.76;3.06;19;0;0;0;0;57.7142857142857
8375;TotalOnlineSales;Slimpie;55;4790;1.67;2.94;1.74;3.04;0;0;0;0;0;66.8571428571429
8376;TotalOnlineSales;Slimpie;56;3612;1.74;3.04;1.75;3.05;0;0;0;0;0;94.1428571428571
8377;TotalOnlineSales;Slimpie;57;3331;1.75;3.05;1.78;3.13;0;0;0;0;0;79.8571428571429
8378;TotalOnlineSales;Slimpie;58;3487;1.74;3.03;1.75;3.07;0;0;0;0;0;35.4285714285714
8379;TotalOnlineSales;Slimpie;59;3357;1.74;3.02;1.76;3.1;0;0;0;0;0;73.7142857142857
8380;TotalOnlineSales;Slimpie;60;3606;1.73;3.03;1.76;3.09;0;0;0;0;0;45.4285714285714
8381;TotalOnlineSales;Slimpie;61;3515;1.73;3;1.76;3.1;0;0;0;0;0;-4.71428571428571
8382;TotalOnlineSales;Slimpie;62;3776;1.73;2.99;1.74;3.01;0;0;0;0;0;108.571428571429
8383;TotalOnlineSales;Slimpie;63;3521;1.71;2.96;1.73;3;0;0;0;0;0;93
8384;TotalOnlineSales;Slimpie;64;3906;1.69;2.93;1.75;3.06;0;0;0;0;0;73.5714285714286
8385;TotalOnlineSales;Slimpie;65;3767;1.7;2.95;1.75;3.05;0;0;0;0;1;111
8386;TotalOnlineSales;Slimpie;66;3850;1.65;2.87;1.75;3.05;6;0;0;0;1;139.571428571429
8387;TotalOnlineSales;Slimpie;67;3789;1.65;2.87;1.74;3.03;0;0;0;0;0;176.428571428571
8388;TotalOnlineSales;Slimpie;68;4037;1.62;2.82;1.73;3.03;0;0;0;0;0;218.714285714286
8389;TotalOnlineSales;Slimpie;69;4163;1.61;2.79;1.73;3.06;0;0;0;0;1;166.428571428571
8390;TotalOnlineSales;Slimpie;70;3806;1.62;2.81;1.7;2.95;0;0;0;0;1;158.857142857143
8391;TotalOnlineSales;Slimpie;71;3780;1.7;2.95;1.65;2.87;0;0;0;0;1;231.142857142857
8392;TotalOnlineSales;Slimpie;72;4489;1.74;3.02;1.65;2.88;0;0;0;0;0;187.714285714286
8393;TotalOnlineSales;Slimpie;73;4082;1.73;3;1.67;2.89;0;0;0;0;1;253
8394;TotalOnlineSales;Slimpie;74;5831;1.73;3;1.74;3.02;0;0;0;0;0;258.285714285714
8395;TotalOnlineSales;Slimpie;75;5296;1.74;3.01;1.75;3.03;0;0;0;0;0;240.142857142857
8396;TotalOnlineSales;Slimpie;76;6496;1.6;2.81;1.75;3.04;15;0;0;0;0;209.428571428571
8397;TotalOnlineSales;Slimpie;77;6138;1.68;2.95;1.73;3.04;0;0;0;0;0;196.428571428571
8398;TotalOnlineSales;Slimpie;78;4819;1.78;3.1;1.78;3.08;0;0;0;0;0;237.285714285714
8399;TotalOnlineSales;Slimpie;79;5346;1.77;3.08;1.82;3.3;0;0;0;0;0;255.714285714286
8400;TotalOnlineSales;Slimpie;80;4878;1.8;3.12;1.77;3.08;0;0;0;0;0;236.142857142857
8401;TotalOnlineSales;Slimpie;81;5560;1.75;3.03;1.77;3.07;6;0;0;0;0;268
8402;TotalOnlineSales;Slimpie;82;5921;1.79;3.11;1.8;3.12;0;0;0;0;0;306.142857142857
8403;TotalOnlineSales;Slimpie;83;5210;1.8;3.12;1.8;3.13;0;0;0;0;0;286
8404;TotalOnlineSales;Slimpie;84;5174;1.8;3.11;1.8;3.12;0;0;0;0;0;255.571428571429
8405;TotalOnlineSales;Slimpie;85;4415;1.78;3.09;1.82;3.15;0;0;0;0;0;233.142857142857
8406;TotalOnlineSales;Slimpie;86;5180;1.77;3.08;1.81;3.17;0;0;0;0;0;222.428571428571
8407;TotalOnlineSales;Slimpie;87;4655;1.76;3.05;1.88;3.54;0;0;0;0;0;198
8408;TotalOnlineSales;Slimpie;88;4323;1.75;3.04;1.79;3.11;0;0;0;0;0;210.857142857143
8409;TotalOnlineSales;Slimpie;89;5521;1.62;2.82;1.8;3.16;15;0;0;0;0;206.285714285714
8410;TotalOnlineSales;Slimpie;90;5332;1.66;2.88;1.76;3.07;0;0;0;0;0;220.285714285714
8411;TotalOnlineSales;Slimpie;91;4543;1.74;3.03;1.78;3.18;0;0;0;0;0;164.285714285714
8412;TotalOnlineSales;Slimpie;92;4222;1.69;2.92;1.76;3.05;0;0;0;0;0;177
8413;TotalOnlineSales;Slimpie;93;4145;1.68;2.9;1.76;3.05;0;0;0;0;0;209.714285714286
8414;TotalOnlineSales;Slimpie;94;4368;1.67;2.9;1.74;3.01;0;0;0;0;0;199
8415;TotalOnlineSales;Slimpie;95;4713;1.67;2.89;1.73;3;0;0;0;0;0;141.714285714286
8416;TotalOnlineSales;Slimpie;96;5179;1.59;2.75;1.69;2.92;4;0;0;0;0;99.7142857142857
8417;TotalOnlineSales;Slimpie;97;4380;1.68;2.91;1.7;2.94;0;0;0;0;0;134.714285714286
8418;TotalOnlineSales;Slimpie;98;4346;1.68;2.9;1.69;2.93;0;0;0;0;0;115.857142857143
8419;TotalOnlineSales;Slimpie;99;6773;1.42;2.46;1.66;2.88;62;0;0;0;0;55.8571428571429
8420;TotalOnlineSales;Slimpie;100;4617;1.67;2.89;1.68;2.92;0;0;0;0;0;82.5714285714286
8421;TotalOnlineSales;Slimpie;101;4365;1.67;2.89;1.68;2.91;0;0;0;0;0;114
8422;TotalOnlineSales;Slimpie;102;4355;1.66;2.88;1.67;2.9;0;0;0;0;0;51.8571428571429
8423;TotalOnlineSales;Slimpie;103;5101;1.66;2.87;1.68;2.93;0;0;0;0;0;87.4285714285714
8424;TotalOnlineSales;Slimpie;104;2933;1.68;2.9;1.69;2.92;0;0;0;0;1;73.1428571428571
8425;TotalOnlineSales;Slimpie;105;3626;1.69;2.92;1.68;2.91;0;0;0;0;1;81.2857142857143
8426;TotalOnlineSales;Slimpie;106;4581;1.7;2.95;1.68;2.9;0;0;0;0;0;80.2857142857143
8427;TotalOnlineSales;Slimpie;107;4819;1.71;2.97;1.7;2.94;0;0;0;0;0;65.2857142857143
8428;TotalOnlineSales;Slimpie;108;5175;1.71;2.97;1.7;2.96;0;0;0;0;0;29.8571428571429
8429;TotalOnlineSales;Slimpie;109;4890;1.71;2.97;1.78;3.2;0;0;0;0;0;36.7142857142857
8430;TotalOnlineSales;Slimpie;110;5091;1.71;2.96;1.7;2.95;0;0;0;0;0;75.4285714285714
8431;TotalOnlineSales;Slimpie;111;4902;1.71;2.96;1.71;2.98;0;0;0;0;0;109.142857142857
8432;TotalOnlineSales;Slimpie;112;5188;1.72;2.98;1.72;2.99;0;0;0;0;0;124.714285714286
8433;TotalOnlineSales;Slimpie;113;4438;1.76;3.06;1.76;3.06;0;0;0;0;0;148.142857142857
8434;TotalOnlineSales;Slimpie;114;4403;1.74;3.01;1.74;3.02;0;0;0;0;0;117.428571428571
8435;TotalOnlineSales;Slimpie;115;5106;1.72;2.99;1.73;3;0;0;0;0;0;105
8436;TotalOnlineSales;Slimpie;116;6641;1.65;2.86;1.72;2.97;8;0;0;0;0;121.714285714286
8437;TotalOnlineSales;Slimpie;117;5630;1.72;2.98;1.73;3;0;0;0;0;0;129.428571428571
8438;TotalOnlineSales;Slimpie;118;5366;1.71;2.95;1.72;2.98;0;0;0;0;0;128.857142857143
8439;TotalOnlineSales;Slimpie;119;7727;1.54;2.71;1.72;2.98;21;0;0;0;0;137.142857142857
8440;TotalOnlineSales;Slimpie;120;7310;1.59;2.77;1.72;3;0;0;0;0;1;188.142857142857
8441;TotalOnlineSales;Slimpie;121;4709;1.72;2.99;1.74;3.01;0;0;0;0;1;204.285714285714
8442;TotalOnlineSales;Slimpie;122;9357;1.36;2.35;1.71;2.96;50;0;0;0;0;131
8443;TotalOnlineSales;Slimpie;123;4838;1.68;2.91;1.72;2.97;0;0;0;0;1;137.142857142857
8444;TotalOnlineSales;Slimpie;124;5190;1.69;2.93;1.71;2.96;0;0;0;0;0;168.571428571429
8445;TotalOnlineSales;Slimpie;125;5794;1.67;2.89;1.7;2.94;0;0;0;0;0;188.142857142857
8446;TotalOnlineSales;Slimpie;126;5237;1.71;2.96;1.74;3.14;0;0;0;0;1;201.428571428571
8447;TotalOnlineSales;Slimpie;127;10502;1.47;2.56;1.69;2.94;22;0;0;0;0;219
8448;TotalOnlineSales;Slimpie;128;6490;1.63;2.85;1.68;2.93;0;0;0;0;1;202.571428571429
8449;TotalOnlineSales;Slimpie;129;6540;1.66;2.87;1.7;2.94;0;0;0;0;0;233.857142857143
8450;TotalOnlineSales;Slimpie;130;7509;1.68;2.91;1.71;2.96;0;0;0;0;0;273.428571428571
8451;TotalOnlineSales;Slimpie;131;7100;1.7;2.95;1.7;2.95;0;0;0;0;0;222.428571428571
8452;TotalOnlineSales;Slimpie;132;6311;1.69;2.92;1.7;2.96;0;0;0;0;0;197
8453;TotalOnlineSales;Slimpie;133;4891;1.71;2.98;1.69;2.92;0;0;0;0;0;217.571428571429
8454;TotalOnlineSales;Slimpie;134;6150;1.73;3.03;1.71;2.96;0;0;0;0;0;315.428571428571
8455;TotalOnlineSales;Slimpie;135;6375;1.75;3.04;1.71;2.96;0;0;0;0;0;233.714285714286
8456;TotalOnlineSales;Slimpie;136;8169;1.42;2.46;1.71;2.96;0;0;0;0;0;239.285714285714
8457;TotalOnlineSales;Slimpie;137;5509;1.72;2.99;1.73;3;0;0;0;0;0;206.142857142857
8458;TotalOnlineSales;Slimpie;138;5476;1.75;3.03;1.74;3.01;0;0;0;0;0;233.428571428571
8459;TotalOnlineSales;Slimpie;139;7152;1.74;3.01;1.75;3.03;0;0;0;0;0;281.142857142857
8460;TotalOnlineSales;Slimpie;140;6345;1.74;3.01;1.74;3.02;0;0;0;0;0;190.285714285714
8461;TotalOnlineSales;Slimpie;141;8748;1.57;2.72;1.73;3.01;20;0;0;0;0;195.571428571429
8462;TotalOnlineSales;Slimpie;142;7629;1.64;2.86;1.73;3;0;0;0;0;0;192
8463;TotalOnlineSales;Slimpie;143;6646;1.67;2.89;1.75;3.02;0;0;0;0;0;192.428571428571
8464;TotalOnlineSales;Slimpie;144;5859;1.7;2.95;1.76;3.06;0;0;0;0;0;157.142857142857
8465;TotalOnlineSales;Slimpie;145;5968;1.72;2.97;1.76;3.05;0;0;0;0;0;142.714285714286
8466;TotalOnlineSales;Slimpie;146;5763;1.72;2.97;1.75;3.03;0;0;0;0;0;166.857142857143
8467;TotalOnlineSales;Slimpie;147;6174;1.7;2.94;1.71;2.97;0;0;0;0;0;164.428571428571
8468;TotalOnlineSales;Slimpie;148;5923;1.75;3.03;1.71;2.99;0;0;0;0;0;124.285714285714
8469;TotalOnlineSales;Slimpie;149;8991;1.46;2.52;1.73;2.99;44;0;0;0;0;110.428571428571
8470;TotalOnlineSales;Slimpie;150;5887;1.66;2.88;1.71;2.95;0;0;0;0;0;74.5714285714286
8471;TotalOnlineSales;Slimpie;151;6291;1.69;2.93;1.71;2.99;0;0;0;0;0;78.7142857142857
8472;TotalOnlineSales;Slimpie;152;7695;1.6;2.77;1.7;2.94;5;0;0;0;0;103.714285714286
8473;TotalOnlineSales;Slimpie;153;6461;1.69;2.94;1.71;2.98;0;0;0;0;0;75.2857142857143
8474;TotalOnlineSales;Slimpie;154;6571;1.68;2.91;1.7;2.94;0;0;0;0;0;79.7142857142857
8475;TotalOnlineSales;Slimpie;155;7018;1.68;2.91;1.7;2.96;0;0;0;0;0;107.571428571429
8476;TotalOnlineSales;Slimpie;156;3806;1.7;2.94;1.72;2.97;0;0;0;0;1;77.5714285714286
8477;TotalOnlineSales;Slimpie;157;4962;1.62;2.8;1.72;2.97;0;0;0;0;1;67.5714285714286
8478;TotalOnlineSales;Slimpie;158;6492;1.58;2.75;1.74;3.02;0;0;0;0;0;92.7142857142857
8479;TotalOnlineSales;Slimpie;159;7203;1.56;2.72;1.72;3.03;0;0;0;0;0;105.571428571429
8480;TotalOnlineSales;Slimpie;160;7516;1.54;2.7;1.68;2.96;0;0;0;0;0;52
8481;TotalOnlineSales;Slimpie;161;7267;1.63;2.82;1.67;2.89;0;0;0;0;0;98.7142857142857
8482;TotalOnlineSales;Slimpie;162;6504;1.68;2.9;1.68;2.9;0;0;0;0;0;93.5714285714286
8483;TotalOnlineSales;Slimpie;163;6564;1.68;2.9;1.68;2.91;0;0;0;0;0;98.5714285714286
8484;TotalOnlineSales;Slimpie;164;6800;1.67;2.88;1.69;2.91;0;0;0;0;0;108
8485;TotalOnlineSales;Slimpie;165;7449;1.67;2.88;1.68;2.9;0;0;0;5.42857142857143;0;93.5714285714286
8486;TotalOnlineSales;Slimpie;166;7515;1.67;2.88;1.69;2.93;0;0;0;66.4285714285714;0;88.8571428571429
8487;TotalOnlineSales;Slimpie;167;8009;1.65;2.86;1.68;2.91;0;0;0;221.142857142857;0;111.428571428571
8488;TotalOnlineSales;Slimpie;168;7244;1.68;2.91;1.68;2.89;0;0;0;623;0;113.428571428571
8489;TotalOnlineSales;Slimpie;169;7809;1.72;2.97;1.68;2.91;0;0;0;1028.85714285714;0;117.142857142857
8490;TotalOnlineSales;Slimpie;170;7165;1.72;2.97;1.69;2.92;0;0;0;990.714285714286;0;103.571428571429
8491;TotalOnlineSales;Slimpie;171;7721;1.71;2.95;1.72;2.97;0;0;0;1086.28571428571;1;209.857142857143
8492;TotalOnlineSales;Slimpie;172;9025;1.6;2.78;1.72;2.96;15;0;0;955.571428571429;1;166.285714285714
8493;TotalOnlineSales;Slimpie;173;10033;1.65;2.87;1.71;2.95;0;0;0;565.714285714286;0;189
8494;TotalOnlineSales;Slimpie;174;10980;1.57;2.71;1.71;2.96;10;0;0;359.571428571429;1;154.857142857143
8495;TotalOnlineSales;Slimpie;175;9490;1.58;2.73;1.73;2.98;0;0;0;270.285714285714;1;188.571428571429
8496;TotalOnlineSales;Slimpie;176;8959;1.66;2.87;1.71;2.97;0;0;0;176.571428571429;0;147.714285714286
8497;TotalOnlineSales;Slimpie;177;9351;1.67;2.89;1.71;2.95;0;0;0;188.714285714286;1;219.142857142857
8498;TotalOnlineSales;Slimpie;178;10232;1.63;2.82;1.7;2.95;0;0;0;137.857142857143;0;208.428571428571
8499;TotalOnlineSales;Slimpie;179;11047;1.63;2.83;1.69;2.94;0;0;0;193.428571428571;1;207.142857142857
8500;TotalOnlineSales;Slimpie;180;9904;1.64;2.83;1.65;2.86;0;0;0;159.571428571429;0;203.285714285714
8501;TotalOnlineSales;Slimpie;181;12862;1.53;2.65;1.67;2.91;9;0;0;85.7142857142857;0;226
8502;TotalOnlineSales;Slimpie;182;11300;1.64;2.83;1.68;2.9;0;0;0;75.8571428571429;0;267.571428571429
8503;TotalOnlineSales;Slimpie;183;10923;1.63;2.84;1.65;2.89;0;0;0;58.7142857142857;0;202.571428571429
8504;TotalOnlineSales;Slimpie;184;11076;1.58;2.77;1.65;2.86;13;0;0;72.2857142857143;0;188
8505;TotalOnlineSales;Slimpie;185;10514;1.62;2.85;1.65;2.89;0;0;0;141.285714285714;0;215.428571428571
8506;TotalOnlineSales;Slimpie;186;9919;1.59;2.77;1.69;2.95;0;0;0;197.142857142857;0;222
8507;TotalOnlineSales;Slimpie;187;8842;1.63;2.84;1.69;2.93;0;0;0;394.285714285714;0;242
8508;TotalOnlineSales;Slimpie;188;9379;1.66;2.89;1.69;2.97;0;0;0;606.571428571429;0;275.428571428571
8509;TotalOnlineSales;Slimpie;189;11430;1.64;2.84;1.69;2.94;0;0;0;556.857142857143;0;315.571428571429
8510;TotalOnlineSales;Slimpie;190;12398;1.61;2.8;1.65;2.87;0;0;0;512.714285714286;0;265.571428571429
8511;TotalOnlineSales;Slimpie;191;11272;1.65;2.86;1.63;2.83;0;0;0;535.571428571429;0;201.714285714286
8512;TotalOnlineSales;Slimpie;192;9620;1.68;2.92;1.64;2.85;0;0;0;832.142857142857;0;195.285714285714
8513;TotalOnlineSales;Slimpie;193;9729;1.66;2.87;1.67;2.89;0;0;0;1233.14285714286;0;198.714285714286
8514;TotalOnlineSales;Slimpie;194;10169;1.63;2.82;1.67;2.9;0;0;0;2039.57142857143;0;242.142857142857
8515;TotalOnlineSales;Slimpie;195;14789;1.46;2.54;1.66;2.89;26;0;0;2892.57142857143;0;201
8516;TotalOnlineSales;Slimpie;196;12002;1.59;2.78;1.66;2.89;0;0;0;4163.28571428571;0;162.857142857143
8517;TotalOnlineSales;Slimpie;197;14570;1.47;2.54;1.67;2.89;37;0;0;6596.42857142857;0;147.285714285714
8518;TotalOnlineSales;Slimpie;198;9164;1.59;2.76;1.64;2.84;0;0;0;8138.71428571429;0;127.857142857143
8519;TotalOnlineSales;Slimpie;199;9062;1.61;2.79;1.63;2.83;0;0;0;9551;0;156.428571428571
8520;TotalOnlineSales;Slimpie;200;9979;1.6;2.77;1.65;2.85;0;0;0;9076;0;140.714285714286
8521;TotalOnlineSales;Slimpie;201;10064;1.6;2.76;1.64;2.84;0;0;0;5899.42857142857;0;143.428571428571
8522;TotalOnlineSales;Slimpie;202;10939;1.57;2.72;1.63;2.82;0;0;0;5256.14285714286;0;143.285714285714
8523;TotalOnlineSales;Slimpie;203;10571;1.57;2.71;1.61;2.79;0;0;0;5291.57142857143;0;123
8524;TotalOnlineSales;Slimpie;204;12123;1.57;2.71;1.61;2.77;0;0;0;4827.28571428571;0;92.1428571428571
8525;TotalOnlineSales;Slimpie;205;11054;1.58;2.73;1.61;2.78;0;0;0;6360.14285714286;0;68.7142857142857
8526;TotalOnlineSales;Slimpie;206;10776;1.56;2.7;1.59;2.75;0;0;0;8968.71428571429;0;48.2857142857143
8527;TotalOnlineSales;Slimpie;207;12276;1.57;2.72;1.58;2.73;0;0;0;11617.8571428571;0;103.428571428571
8528;TotalOnlineSales;Slimpie;208;7731;1.57;2.72;1.58;2.73;0;0;0;9461.28571428571;1;100
8529;TotalOnlineSales;Teisseire;1;545;2.68;3.7;2.68;3.72;0;0;0;0;1;42.1428571428571
8530;TotalOnlineSales;Teisseire;2;610;2.67;3.66;2.68;3.68;0;0;0;0;0;66.8571428571429
8531;TotalOnlineSales;Teisseire;3;643;2.69;3.7;2.69;3.69;0;0;0;0;0;26.5714285714286
8532;TotalOnlineSales;Teisseire;4;686;2.68;3.65;2.69;3.64;0;0;0;0;0;33.2857142857143
8533;TotalOnlineSales;Teisseire;5;676;2.69;3.63;2.69;3.63;0;0;0;0;0;81.4285714285714
8534;TotalOnlineSales;Teisseire;6;638;2.69;3.62;2.7;3.63;0;0;0;0;0;25.4285714285714
8535;TotalOnlineSales;Teisseire;7;679;2.69;3.61;2.68;3.6;0;0;0;0;0;87.5714285714286
8536;TotalOnlineSales;Teisseire;8;690;2.68;3.64;2.68;3.64;0;0;0;0;0;100.142857142857
8537;TotalOnlineSales;Teisseire;9;636;2.69;3.66;2.7;3.63;0;0;0;0;0;96.1428571428571
8538;TotalOnlineSales;Teisseire;10;750;2.67;3.64;2.68;3.64;0;0;0;0;0;110.142857142857
8539;TotalOnlineSales;Teisseire;11;681;2.69;3.64;2.69;3.64;0;0;0;0;0;138.714285714286
8540;TotalOnlineSales;Teisseire;12;1626;2.16;2.9;2.62;3.53;59;0;0;0;0;127
8541;TotalOnlineSales;Teisseire;13;701;2.68;3.65;2.68;3.64;0;0;0;0;0;175
8542;TotalOnlineSales;Teisseire;14;853;2.67;3.7;2.68;3.73;0;0;0;0;0;145.142857142857
8543;TotalOnlineSales;Teisseire;15;850;2.69;3.67;2.7;3.66;0;0;0;0;1;143.714285714286
8544;TotalOnlineSales;Teisseire;16;747;2.68;3.71;2.69;3.69;0;0;0;0;1;114.571428571429
8545;TotalOnlineSales;Teisseire;17;706;2.68;3.71;2.69;3.68;0;0;0;0;1;116.142857142857
8546;TotalOnlineSales;Teisseire;18;835;2.61;3.6;2.67;3.68;0;0;0;0;1;151
8547;TotalOnlineSales;Teisseire;19;882;2.65;3.63;2.66;3.64;0;0;0;0;0;177.428571428571
8548;TotalOnlineSales;Teisseire;20;971;2.66;3.69;2.67;3.73;0;0;0;0;0;215.428571428571
8549;TotalOnlineSales;Teisseire;21;1015;2.66;3.71;2.65;3.94;0;0;0;0;1;242.285714285714
8550;TotalOnlineSales;Teisseire;22;989;2.66;3.68;2.67;3.79;0;0;0;0;0;246.142857142857
8551;TotalOnlineSales;Teisseire;23;705;2.63;3.74;2.65;3.68;0;0;0;0;1;205.571428571429
8552;TotalOnlineSales;Teisseire;24;831;2.66;3.74;2.68;3.72;0;0;0;0;0;225.285714285714
8553;TotalOnlineSales;Teisseire;25;1124;2.68;3.77;2.68;3.83;0;0;0;0;0;267.285714285714
8554;TotalOnlineSales;Teisseire;26;816;2.66;3.74;2.67;3.66;0;0;0;0;0;209.714285714286
8555;TotalOnlineSales;Teisseire;27;827;2.65;3.75;2.67;3.7;0;0;0;0;0;238
8556;TotalOnlineSales;Teisseire;28;1057;2.51;3.49;2.73;3.82;26;0;0;0;0;212.285714285714
8557;TotalOnlineSales;Teisseire;29;927;2.56;3.54;2.69;3.9;0;0;0;0;0;244.142857142857
8558;TotalOnlineSales;Teisseire;30;771;2.68;3.76;2.66;4.04;0;0;0;0;0;208.285714285714
8559;TotalOnlineSales;Teisseire;31;699;2.66;3.76;2.66;3.73;0;0;0;0;0;221.571428571429
8560;TotalOnlineSales;Teisseire;32;671;2.71;3.7;2.7;3.7;0;0;0;0;0;210.857142857143
8561;TotalOnlineSales;Teisseire;33;1464;2.66;3.62;2.66;3.68;0;0;0;0;0;214.714285714286
8562;TotalOnlineSales;Teisseire;34;1747;2.66;3.63;2.67;3.65;0;0;0;0;0;228.142857142857
8563;TotalOnlineSales;Teisseire;35;1850;2.66;3.63;2.65;3.62;0;0;0;0;0;230.571428571429
8564;TotalOnlineSales;Teisseire;36;1923;2.67;3.6;2.65;3.62;0;0;0;0;0;190.857142857143
8565;TotalOnlineSales;Teisseire;37;1097;2.53;3.46;2.78;3.8;27;0;0;0;0;163.857142857143
8566;TotalOnlineSales;Teisseire;38;2758;2.15;2.88;2.72;3.71;0;0;0;0;0;177.714285714286
8567;TotalOnlineSales;Teisseire;39;860;2.68;3.59;2.75;3.69;0;0;0;0;0;192.714285714286
8568;TotalOnlineSales;Teisseire;40;893;2.69;3.6;2.7;3.61;0;0;0;0;0;160.285714285714
8569;TotalOnlineSales;Teisseire;41;784;2.69;3.59;2.69;3.62;0;0;0;0;0;163.142857142857
8570;TotalOnlineSales;Teisseire;42;862;2.7;3.6;2.71;3.62;0;0;0;0;0;194.714285714286
8571;TotalOnlineSales;Teisseire;43;976;2.68;3.59;2.71;3.63;0;0;0;0;0;156.857142857143
8572;TotalOnlineSales;Teisseire;44;1274;2.44;3.26;2.75;3.68;29;0;0;0;0;130.714285714286
8573;TotalOnlineSales;Teisseire;45;1977;2.53;3.38;2.66;3.55;0;0;0;0;0;102.142857142857
8574;TotalOnlineSales;Teisseire;46;1982;2.56;3.44;2.64;3.55;3;0;0;0;0;96.2857142857143
8575;TotalOnlineSales;Teisseire;47;1779;2.67;3.56;2.67;3.57;0;0;0;0;0;112
8576;TotalOnlineSales;Teisseire;48;1701;2.66;3.55;2.67;3.56;0;0;0;0;0;53.1428571428571
8577;TotalOnlineSales;Teisseire;49;925;2.68;3.58;2.72;3.63;0;0;0;0;0;74.1428571428571
8578;TotalOnlineSales;Teisseire;50;980;2.7;3.6;2.71;3.61;0;0;0;0;0;45.8571428571429
8579;TotalOnlineSales;Teisseire;51;1198;2.72;3.64;2.71;3.63;0;0;0;0;0;84
8580;TotalOnlineSales;Teisseire;52;650;2.72;3.63;2.72;3.63;0;0;0;0;1;81.2857142857143
8581;TotalOnlineSales;Teisseire;53;824;2.71;3.63;2.72;3.63;0;0;0;0;1;98.2857142857143
8582;TotalOnlineSales;Teisseire;54;749;2.7;3.63;2.69;3.63;0;0;0;0;0;57.7142857142857
8583;TotalOnlineSales;Teisseire;55;694;2.7;3.62;2.7;3.61;0;0;0;0;0;66.8571428571429
8584;TotalOnlineSales;Teisseire;56;717;2.7;3.63;2.7;3.62;0;0;0;0;0;94.1428571428571
8585;TotalOnlineSales;Teisseire;57;911;2.71;3.62;2.72;3.63;0;0;0;0;0;79.8571428571429
8586;TotalOnlineSales;Teisseire;58;1124;2.71;3.78;2.72;3.74;0;0;0;0;0;35.4285714285714
8587;TotalOnlineSales;Teisseire;59;1068;2.71;3.79;2.71;3.84;0;0;0;0;0;73.7142857142857
8588;TotalOnlineSales;Teisseire;60;1104;2.7;3.7;2.73;3.71;0;0;0;0;0;45.4285714285714
8589;TotalOnlineSales;Teisseire;61;1006;2.7;3.71;2.71;3.75;0;0;0;0;0;-4.71428571428571
8590;TotalOnlineSales;Teisseire;62;1251;2.7;3.7;2.72;3.69;0;0;0;0;0;108.571428571429
8591;TotalOnlineSales;Teisseire;63;1165;2.7;3.74;2.71;3.94;0;0;0;0;0;93
8592;TotalOnlineSales;Teisseire;64;1230;2.68;3.67;2.75;3.76;0;0;0;0;0;73.5714285714286
8593;TotalOnlineSales;Teisseire;65;1090;2.68;3.68;2.73;3.78;0;0;0;0;1;111
8594;TotalOnlineSales;Teisseire;66;1004;2.68;3.71;2.74;3.84;0;0;0;0;1;139.571428571429
8595;TotalOnlineSales;Teisseire;67;1177;2.66;3.68;2.74;3.85;0;0;0;0;0;176.428571428571
8596;TotalOnlineSales;Teisseire;68;1397;2.62;3.69;2.69;3.74;0;0;0;0;0;218.714285714286
8597;TotalOnlineSales;Teisseire;69;1217;2.65;3.66;2.71;3.72;0;0;0;0;1;166.428571428571
8598;TotalOnlineSales;Teisseire;70;1119;2.65;3.68;2.71;3.75;0;0;0;0;1;158.857142857143
8599;TotalOnlineSales;Teisseire;71;1087;2.64;3.68;2.68;3.72;0;0;0;0;1;231.142857142857
8600;TotalOnlineSales;Teisseire;72;1454;2.65;3.66;2.66;3.7;0;0;0;0;0;187.714285714286
8601;TotalOnlineSales;Teisseire;73;1372;2.65;3.68;2.67;3.79;0;0;0;0;1;253
8602;TotalOnlineSales;Teisseire;74;2051;2.45;3.44;2.77;3.89;0;0;0;0;0;258.285714285714
8603;TotalOnlineSales;Teisseire;75;1900;2.31;3.25;2.62;3.9;0;0;0;0;0;240.142857142857
8604;TotalOnlineSales;Teisseire;76;1860;2.31;3.26;2.71;3.9;13;0;0;0;0;209.428571428571
8605;TotalOnlineSales;Teisseire;77;1911;2.33;3.26;2.67;3.73;16;0;0;0;0;196.428571428571
8606;TotalOnlineSales;Teisseire;78;8581;1.47;1.98;2.45;3.5;44;0;0;0;0;237.285714285714
8607;TotalOnlineSales;Teisseire;79;2391;2.24;3.18;2.48;3.42;22;0;0;0;0;255.714285714286
8608;TotalOnlineSales;Teisseire;80;1840;2.37;3.4;2.52;3.59;0;0;0;0;0;236.142857142857
8609;TotalOnlineSales;Teisseire;81;2007;2.3;3.3;2.48;3.76;0;0;0;0;0;268
8610;TotalOnlineSales;Teisseire;82;2255;2.32;3.3;2.52;3.49;0;0;0;0;0;306.142857142857
8611;TotalOnlineSales;Teisseire;83;2030;2.33;3.4;2.47;3.46;19;0;0;0;0;286
8612;TotalOnlineSales;Teisseire;84;2413;2.4;3.34;2.53;3.53;17;0;0;0;0;255.571428571429
8613;TotalOnlineSales;Teisseire;85;2209;2.31;3.2;2.48;3.5;18;0;0;0;0;233.142857142857
8614;TotalOnlineSales;Teisseire;86;9444;1.51;2.03;2.4;3.27;49;0;0;0;0;222.428571428571
8615;TotalOnlineSales;Teisseire;87;1337;2.67;3.71;2.53;3.52;0;0;0;0;0;198
8616;TotalOnlineSales;Teisseire;88;1422;2.69;3.71;2.61;3.73;0;0;0;0;0;210.857142857143
8617;TotalOnlineSales;Teisseire;89;1348;2.69;3.77;2.63;3.67;0;0;0;0;0;206.285714285714
8618;TotalOnlineSales;Teisseire;90;1583;2.68;3.68;2.63;3.69;0;0;0;0;0;220.285714285714
8619;TotalOnlineSales;Teisseire;91;2049;2.39;3.32;2.71;3.98;41;0;0;0;0;164.285714285714
8620;TotalOnlineSales;Teisseire;92;2592;2.16;3.01;2.58;3.64;28;0;0;0;0;177
8621;TotalOnlineSales;Teisseire;93;6024;1.58;2.12;2.61;3.55;50;0;0;0;0;209.714285714286
8622;TotalOnlineSales;Teisseire;94;1673;2.65;3.68;2.61;3.76;0;0;0;0;0;199
8623;TotalOnlineSales;Teisseire;95;1388;2.69;3.68;2.68;3.64;0;0;0;0;0;141.714285714286
8624;TotalOnlineSales;Teisseire;96;1905;2.42;3.37;2.8;4;12;0;0;0;0;99.7142857142857
8625;TotalOnlineSales;Teisseire;97;1918;2.54;3.5;2.61;3.7;0;0;0;0;0;134.714285714286
8626;TotalOnlineSales;Teisseire;98;1561;2.71;3.74;2.7;3.71;0;0;0;0;0;115.857142857143
8627;TotalOnlineSales;Teisseire;99;1459;2.7;3.72;2.7;3.8;0;0;0;0;0;55.8571428571429
8628;TotalOnlineSales;Teisseire;100;1912;2.47;3.47;2.71;4;42;0;0;0;0;82.5714285714286
8629;TotalOnlineSales;Teisseire;101;1904;2.55;3.53;2.67;3.76;50;0;0;0;0;114
8630;TotalOnlineSales;Teisseire;102;1521;2.72;3.72;2.68;3.71;51;0;0;0;0;51.8571428571429
8631;TotalOnlineSales;Teisseire;103;1831;2.72;3.75;2.68;3.66;60;0;0;0;0;87.4285714285714
8632;TotalOnlineSales;Teisseire;104;931;2.71;3.75;2.73;3.74;50;0;0;0;1;73.1428571428571
8633;TotalOnlineSales;Teisseire;105;1171;2.74;3.77;2.71;3.74;0;0;0;0;1;81.2857142857143
8634;TotalOnlineSales;Teisseire;106;1525;2.76;3.85;2.69;3.81;0;0;0;0;0;80.2857142857143
8635;TotalOnlineSales;Teisseire;107;1653;2.76;3.82;2.71;3.72;0;0;0;0;0;65.2857142857143
8636;TotalOnlineSales;Teisseire;108;2144;2.58;3.74;2.73;3.84;4;0;0;0;0;29.8571428571429
8637;TotalOnlineSales;Teisseire;109;1679;2.73;3.79;2.69;3.78;0;0;0;0;0;36.7142857142857
8638;TotalOnlineSales;Teisseire;110;1568;2.74;3.79;2.69;3.88;0;0;0;0;0;75.4285714285714
8639;TotalOnlineSales;Teisseire;111;1676;2.74;3.77;2.74;3.79;0;0;0;0;0;109.142857142857
8640;TotalOnlineSales;Teisseire;112;1764;2.76;3.79;2.76;4.81;0;0;0;0;0;124.714285714286
8641;TotalOnlineSales;Teisseire;113;1801;2.76;3.83;2.75;3.88;0;0;0;0;0;148.142857142857
8642;TotalOnlineSales;Teisseire;114;9394;1.56;2.09;2.43;3.31;48;0;0;0;0;117.428571428571
8643;TotalOnlineSales;Teisseire;115;1405;2.72;3.81;2.61;3.65;0;0;0;0;0;105
8644;TotalOnlineSales;Teisseire;116;3450;2.34;3.16;2.37;3.27;38;0;0;0;0;121.714285714286
8645;TotalOnlineSales;Teisseire;117;3281;2.49;3.37;2.52;3.44;51;0;0;0;0;129.428571428571
8646;TotalOnlineSales;Teisseire;118;1819;2.78;3.84;2.73;3.73;63;0;0;0;0;128.857142857143
8647;TotalOnlineSales;Teisseire;119;2069;2.77;3.8;2.73;3.74;48;0;0;0;0;137.142857142857
8648;TotalOnlineSales;Teisseire;120;2069;2.75;3.83;2.69;3.75;0;0;0;0;1;188.142857142857
8649;TotalOnlineSales;Teisseire;121;1722;2.82;3.98;2.77;3.89;0;0;0;0;1;204.285714285714
8650;TotalOnlineSales;Teisseire;122;4836;2.15;2.91;2.79;3.82;49;0;0;0;0;131
8651;TotalOnlineSales;Teisseire;123;1787;2.75;3.76;2.81;3.93;0;0;0;0;1;137.142857142857
8652;TotalOnlineSales;Teisseire;124;3167;2.25;3.05;2.79;3.89;6;0;0;0;0;168.571428571429
8653;TotalOnlineSales;Teisseire;125;6598;2.17;2.94;2.81;3.94;88;0;0;0;0;188.142857142857
8654;TotalOnlineSales;Teisseire;126;3674;2.46;3.33;2.66;3.65;0;0;0;0;1;201.428571428571
8655;TotalOnlineSales;Teisseire;127;2297;2.79;3.85;2.7;3.82;0;0;0;0;0;219
8656;TotalOnlineSales;Teisseire;128;2177;2.79;3.85;2.75;3.81;0;0;0;0;1;202.571428571429
8657;TotalOnlineSales;Teisseire;129;2433;2.89;4.07;2.81;3.98;0;0;0;0;0;233.857142857143
8658;TotalOnlineSales;Teisseire;130;14565;1.66;2.24;2.79;3.95;47;0;0;0;0;273.428571428571
8659;TotalOnlineSales;Teisseire;131;2662;2.77;3.84;2.84;3.92;0;0;0;0;0;222.428571428571
8660;TotalOnlineSales;Teisseire;132;2125;2.81;3.94;2.84;4.01;0;0;0;0;0;197
8661;TotalOnlineSales;Teisseire;133;2470;2.63;3.64;2.8;3.9;4;0;0;0;0;217.571428571429
8662;TotalOnlineSales;Teisseire;134;6525;2.09;2.84;2.75;3.79;44;0;0;0;0;315.428571428571
8663;TotalOnlineSales;Teisseire;135;2206;2.79;3.86;2.81;3.88;0;0;0;0;0;233.714285714286
8664;TotalOnlineSales;Teisseire;136;3045;2.41;3.31;2.88;3.97;39;0;0;0;0;239.285714285714
8665;TotalOnlineSales;Teisseire;137;2808;2.52;3.42;2.72;3.74;0;0;0;0;0;206.142857142857
8666;TotalOnlineSales;Teisseire;138;3228;2.39;3.29;2.75;3.81;3;0;0;0;0;233.428571428571
8667;TotalOnlineSales;Teisseire;139;2577;2.91;4.03;2.84;3.91;0;0;0;0;0;281.142857142857
8668;TotalOnlineSales;Teisseire;140;17620;1.62;2.16;2.8;3.85;53;0;0;0;0;190.285714285714
8669;TotalOnlineSales;Teisseire;141;1932;2.93;4.02;2.88;4.04;0;0;0;0;0;195.571428571429
8670;TotalOnlineSales;Teisseire;142;4940;2.28;3.1;2.83;3.96;45;0;0;0;0;192
8671;TotalOnlineSales;Teisseire;143;3667;2.41;3.29;2.88;4.1;21;0;0;0;0;192.428571428571
8672;TotalOnlineSales;Teisseire;144;7198;2.12;2.86;2.9;4.09;54;0;0;0;0;157.142857142857
8673;TotalOnlineSales;Teisseire;145;2220;2.74;3.82;2.87;4.01;0;0;0;0;0;142.714285714286
8674;TotalOnlineSales;Teisseire;146;2486;2.69;3.68;2.86;3.99;0;0;0;0;0;166.857142857143
8675;TotalOnlineSales;Teisseire;147;2303;2.73;3.78;2.79;4.13;0;0;0;0;0;164.428571428571
8676;TotalOnlineSales;Teisseire;148;2317;2.87;3.95;2.81;3.87;0;0;0;0;0;124.285714285714
8677;TotalOnlineSales;Teisseire;149;6005;2.22;3;2.81;3.86;42;0;0;0;0;110.428571428571
8678;TotalOnlineSales;Teisseire;150;3565;2.49;3.38;2.77;3.88;33;0;0;0;0;74.5714285714286
8679;TotalOnlineSales;Teisseire;151;3542;2.62;3.57;2.76;3.84;0;0;0;0;0;78.7142857142857
8680;TotalOnlineSales;Teisseire;152;2700;2.74;3.76;2.81;3.85;0;0;0;0;0;103.714285714286
8681;TotalOnlineSales;Teisseire;153;2508;2.88;4.01;2.78;3.86;0;0;0;0;0;75.2857142857143
8682;TotalOnlineSales;Teisseire;154;2508;2.9;3.97;2.81;3.84;0;0;0;0;0;79.7142857142857
8683;TotalOnlineSales;Teisseire;155;3237;2.67;3.64;2.86;4.08;0;0;0;0;0;107.571428571429
8684;TotalOnlineSales;Teisseire;156;1814;2.71;3.7;2.89;3.94;0;0;0;0;1;77.5714285714286
8685;TotalOnlineSales;Teisseire;157;2292;2.7;3.71;2.9;3.99;0;0;0;0;1;67.5714285714286
8686;TotalOnlineSales;Teisseire;158;2939;2.74;3.75;2.9;3.98;0;0;0;0;0;92.7142857142857
8687;TotalOnlineSales;Teisseire;159;4768;2.28;3.14;2.82;4.69;5;0;0;0;0;105.571428571429
8688;TotalOnlineSales;Teisseire;160;3046;2.83;3.87;2.76;3.78;0;0;0;0;0;52
8689;TotalOnlineSales;Teisseire;161;2635;2.99;4.14;2.8;3.91;0;0;0;0;0;98.7142857142857
8690;TotalOnlineSales;Teisseire;162;8509;2.2;2.96;2.82;4.13;41;0;0;0;0;93.5714285714286
8691;TotalOnlineSales;Teisseire;163;2747;2.81;3.88;2.86;3.94;0;0;0;0;0;98.5714285714286
8692;TotalOnlineSales;Teisseire;164;2702;2.78;3.83;2.87;3.97;0;0;0;0;0;108
8693;TotalOnlineSales;Teisseire;165;3375;2.79;3.8;2.85;3.94;0;0;0;5.42857142857143;0;93.5714285714286
8694;TotalOnlineSales;Teisseire;166;3290;2.84;3.9;2.82;4.2;0;0;0;66.4285714285714;0;88.8571428571429
8695;TotalOnlineSales;Teisseire;167;3333;2.96;4.07;2.86;3.97;0;0;0;221.142857142857;0;111.428571428571
8696;TotalOnlineSales;Teisseire;168;14457;1.67;2.24;2.85;3.98;42;0;0;623;0;113.428571428571
8697;TotalOnlineSales;Teisseire;169;4839;2.59;3.52;2.86;3.91;12;0;0;1028.85714285714;0;117.142857142857
8698;TotalOnlineSales;Teisseire;170;3367;2.94;4;2.94;4.02;0;0;0;990.714285714286;0;103.571428571429
8699;TotalOnlineSales;Teisseire;171;3319;2.95;4.02;2.92;4.06;0;0;0;1086.28571428571;1;209.857142857143
8700;TotalOnlineSales;Teisseire;172;3429;2.94;4.04;2.93;4.04;0;0;0;955.571428571429;1;166.285714285714
8701;TotalOnlineSales;Teisseire;173;7159;2.96;4.03;2.97;4.03;0;0;0;565.714285714286;0;189
8702;TotalOnlineSales;Teisseire;174;4166;2.96;4.05;2.95;4.09;0;0;0;359.571428571429;1;154.857142857143
8703;TotalOnlineSales;Teisseire;175;5361;2.69;3.67;2.91;4.08;19;0;0;270.285714285714;1;188.571428571429
8704;TotalOnlineSales;Teisseire;176;5504;2.77;3.78;2.92;3.96;0;0;0;176.571428571429;0;147.714285714286
8705;TotalOnlineSales;Teisseire;177;15597;2.33;3.13;2.91;4.04;41;0;0;188.714285714286;1;219.142857142857
8706;TotalOnlineSales;Teisseire;178;3422;2.92;4.05;2.93;4.05;0;0;0;137.857142857143;0;208.428571428571
8707;TotalOnlineSales;Teisseire;179;4134;2.91;4.08;2.91;4.22;0;0;0;193.428571428571;1;207.142857142857
8708;TotalOnlineSales;Teisseire;180;4076;2.94;4.09;2.93;4.11;0;0;0;159.571428571429;0;203.285714285714
8709;TotalOnlineSales;Teisseire;181;6272;2.69;3.74;2.93;4.1;28;0;0;85.7142857142857;0;226
8710;TotalOnlineSales;Teisseire;182;9163;2.57;3.58;2.9;4.07;8;0;0;75.8571428571429;0;267.571428571429
8711;TotalOnlineSales;Teisseire;183;31359;1.62;2.2;2.89;4.09;0;0;0;58.7142857142857;0;202.571428571429
8712;TotalOnlineSales;Teisseire;184;3304;2.94;4.21;2.91;4.17;51;0;0;72.2857142857143;0;188
8713;TotalOnlineSales;Teisseire;185;3163;2.96;4.26;2.95;4.13;33;0;0;141.285714285714;0;215.428571428571
8714;TotalOnlineSales;Teisseire;186;9190;2.41;3.33;2.89;4;35;0;0;197.142857142857;0;222
8715;TotalOnlineSales;Teisseire;187;2976;2.95;4.23;2.94;4.16;0;0;0;394.285714285714;0;242
8716;TotalOnlineSales;Teisseire;188;4810;2.66;3.75;2.92;4.14;6;0;0;606.571428571429;0;275.428571428571
8717;TotalOnlineSales;Teisseire;189;7083;2.68;3.77;3;4.24;36;0;0;556.857142857143;0;315.571428571429
8718;TotalOnlineSales;Teisseire;190;6583;2.75;3.92;2.88;4.15;0;0;0;512.714285714286;0;265.571428571429
8719;TotalOnlineSales;Teisseire;191;4821;2.95;4.19;2.97;4.22;0;0;0;535.571428571429;0;201.714285714286
8720;TotalOnlineSales;Teisseire;192;4216;2.92;4.15;2.96;4.21;0;0;0;832.142857142857;0;195.285714285714
8721;TotalOnlineSales;Teisseire;193;4325;2.93;4.12;2.99;4.19;0;0;0;1233.14285714286;0;198.714285714286
8722;TotalOnlineSales;Teisseire;194;31702;1.58;2.16;2.92;4.11;22;0;0;2039.57142857143;0;242.142857142857
8723;TotalOnlineSales;Teisseire;195;3812;2.93;4.1;2.92;4.09;0;0;0;2892.57142857143;0;201
8724;TotalOnlineSales;Teisseire;196;7951;2.48;3.44;2.88;4.11;0;0;0;4163.28571428571;0;162.857142857143
8725;TotalOnlineSales;Teisseire;197;4050;2.91;4.09;2.93;4.1;0;0;0;6596.42857142857;0;147.285714285714
8726;TotalOnlineSales;Teisseire;198;5797;2.65;3.66;2.98;4.15;29;0;0;8138.71428571429;0;127.857142857143
8727;TotalOnlineSales;Teisseire;199;6344;2.74;3.81;2.91;4.05;0;0;0;9551;0;156.428571428571
8728;TotalOnlineSales;Teisseire;200;4954;2.92;4.07;2.92;4.08;0;0;0;9076;0;140.714285714286
8729;TotalOnlineSales;Teisseire;201;16171;2.1;2.88;2.87;4.01;37;0;0;5899.42857142857;0;143.428571428571
8730;TotalOnlineSales;Teisseire;202;4114;2.91;4.1;2.92;4.13;0;0;0;5256.14285714286;0;143.285714285714
8731;TotalOnlineSales;Teisseire;203;4011;2.91;4.08;3.02;4.91;0;0;0;5291.57142857143;0;123
8732;TotalOnlineSales;Teisseire;204;6063;2.72;3.78;2.96;4.12;33;0;0;4827.28571428571;0;92.1428571428571
8733;TotalOnlineSales;Teisseire;205;10963;2.16;2.98;2.87;4.01;6;0;0;6360.14285714286;0;68.7142857142857
8734;TotalOnlineSales;Teisseire;206;4576;2.91;4.06;2.92;4.04;0;0;0;8968.71428571429;0;48.2857142857143
8735;TotalOnlineSales;Teisseire;207;5226;2.93;4.06;2.93;4.05;0;0;0;11617.8571428571;0;103.428571428571
8736;TotalOnlineSales;Teisseire;208;3603;2.95;4.06;2.94;4.07;0;0;0;9461.28571428571;1;100
8737;NA;NA;209;NA;NA;NA;NA;NA;NA;NA;NA;NA;NA;54.4285714285714