Chain;Brand;Week;UnitSales;PricePU;PricePL;BasePricePU;BasePricePL;FeatOnly;DispOnly;FeatDisp
Albert Heijn;PrivateLabel;wk 01 17;266583;1.34;1.81;2.49;3.63;100;0;97
Albert Heijn;PrivateLabel;wk 02 17;46122;2.35;3.51;2.49;3.61;0;31;0
Albert Heijn;PrivateLabel;wk 03 17;46691;2.48;3.61;2.49;3.61;0;0;0
Albert Heijn;PrivateLabel;wk 04 17;51753;2.49;3.6;2.51;3.59;0;0;0
Albert Heijn;PrivateLabel;wk 05 17;36881;2.47;3.69;2.49;3.62;0;0;0
Albert Heijn;PrivateLabel;wk 06 17;45623;2.49;3.6;2.48;3.65;0;0;0
Albert Heijn;PrivateLabel;wk 07 17;50369;2.49;3.62;2.5;3.6;0;0;0
Albert Heijn;PrivateLabel;wk 08 17;52684;2.46;3.59;2.5;3.61;0;0;0
Albert Heijn;PrivateLabel;wk 09 17;50113;2.46;3.57;2.5;3.61;0;0;0
Albert Heijn;PrivateLabel;wk 10 17;62011;2.2;3.73;2.49;3.65;0;0;0
Albert Heijn;PrivateLabel;wk 11 17;57081;2.42;3.53;2.48;3.62;0;0;0
Albert Heijn;PrivateLabel;wk 12 17;54857;2.43;3.52;2.46;3.58;0;0;0
Albert Heijn;PrivateLabel;wk 13 17;60509;2.41;3.5;2.47;3.56;0;0;0
Albert Heijn;PrivateLabel;wk 14 17;60103;2.42;3.52;2.46;3.56;0;0;0
Albert Heijn;PrivateLabel;wk 15 17;59660;2.42;3.52;2.45;3.54;0;0;0
Albert Heijn;PrivateLabel;wk 16 17;51722;2.42;3.59;2.44;3.51;0;0;0
Albert Heijn;PrivateLabel;wk 17 17;52480;2.41;3.56;2.44;3.55;0;0;0
Albert Heijn;PrivateLabel;wk 18 17;36126;2.41;3.69;2.43;3.59;0;0;0
Albert Heijn;PrivateLabel;wk 19 17;50701;2.45;3.61;2.44;3.59;0;0;0
Albert Heijn;PrivateLabel;wk 20 17;60824;2.42;3.58;2.45;3.58;0;0;0
Albert Heijn;PrivateLabel;wk 21 17;67125;2.45;3.7;2.45;3.64;0;0;0
Albert Heijn;PrivateLabel;wk 22 17;70980;2.44;3.67;2.45;3.64;0;0;0
Albert Heijn;PrivateLabel;wk 23 17;63536;2.45;3.65;2.46;3.7;0;0;0
Albert Heijn;PrivateLabel;wk 24 17;47231;2.43;3.75;2.47;3.71;0;0;0
Albert Heijn;PrivateLabel;wk 25 17;72440;2.36;3.53;2.47;3.66;0;5;0
Albert Heijn;PrivateLabel;wk 26 17;55291;2.45;3.67;2.46;3.69;0;0;0
Albert Heijn;PrivateLabel;wk 27 17;63782;2.44;3.72;2.46;3.71;0;0;0
Albert Heijn;PrivateLabel;wk 28 17;57123;2.42;3.83;2.45;3.78;0;1;0
Albert Heijn;PrivateLabel;wk 29 17;46859;2.39;4.02;2.45;3.8;0;2;0
Albert Heijn;PrivateLabel;wk 30 17;45661;2.41;3.91;2.44;3.85;0;0;0
Albert Heijn;PrivateLabel;wk 31 17;45116;2.41;3.88;2.42;3.85;0;0;0
Albert Heijn;PrivateLabel;wk 32 17;72277;2.35;3.99;2.51;4.27;98;0;9
Albert Heijn;PrivateLabel;wk 33 17;60204;2.53;4.12;2.53;4.12;0;0;0
Albert Heijn;PrivateLabel;wk 34 17;75159;2.5;4.12;2.52;4.09;0;1;0
Albert Heijn;PrivateLabel;wk 35 17;93971;2.29;3.98;2.52;4.06;0;3;0
Albert Heijn;PrivateLabel;wk 36 17;59243;2.55;4.09;2.53;4.03;0;0;0
Albert Heijn;PrivateLabel;wk 37 17;71467;2.44;3.97;2.55;4.11;98;0;0
Albert Heijn;PrivateLabel;wk 38 17;65462;2.5;4.05;2.53;4.04;0;0;0
Albert Heijn;PrivateLabel;wk 39 17;63348;2.53;4.01;2.56;4.03;0;0;0
Albert Heijn;PrivateLabel;wk 40 17;62739;2.53;3.97;2.55;4.06;0;0;0
Albert Heijn;PrivateLabel;wk 41 17;55841;2.49;4.29;2.54;4.04;0;0;0
Albert Heijn;PrivateLabel;wk 42 17;58632;2.56;4.05;2.55;4.03;0;0;0
Albert Heijn;PrivateLabel;wk 43 17;60625;2.55;4.01;2.58;4.08;0;0;0
Albert Heijn;PrivateLabel;wk 44 17;64707;2.57;4.01;2.59;4.06;0;0;0
Albert Heijn;PrivateLabel;wk 45 17;68972;2.52;4.05;2.57;4.04;0;0;0
Albert Heijn;PrivateLabel;wk 46 17;65153;2.56;4.03;2.57;4.01;0;0;0
Albert Heijn;PrivateLabel;wk 47 17;62655;2.57;3.98;2.58;4.04;0;0;0
Albert Heijn;PrivateLabel;wk 48 17;54859;2.55;4.24;2.58;4.09;0;0;0
Albert Heijn;PrivateLabel;wk 49 17;55135;2.58;4.05;2.59;4.1;0;0;0
Albert Heijn;PrivateLabel;wk 50 17;58763;2.56;3.99;2.59;4.01;0;0;0
Albert Heijn;PrivateLabel;wk 51 17;81701;2.54;4.16;2.6;4.11;0;0;0
Albert Heijn;PrivateLabel;wk 52 17;57747;2.45;3.97;2.57;4.06;0;2;0
Albert Heijn;PrivateLabel;wk 01 18;52727;2.55;4.01;2.57;4.03;0;0;0
Albert Heijn;PrivateLabel;wk 02 18;60562;2.54;3.98;2.56;3.99;0;0;0
Albert Heijn;PrivateLabel;wk 03 18;62207;2.56;4.01;2.57;4.04;0;0;0
Albert Heijn;PrivateLabel;wk 04 18;65973;2.57;4.03;2.57;4.01;0;0;0
Albert Heijn;PrivateLabel;wk 05 18;63233;2.6;4.05;2.58;4.04;0;0;0
Albert Heijn;PrivateLabel;wk 06 18;56638;2.56;4.24;2.56;4.08;0;0;0
Albert Heijn;PrivateLabel;wk 07 18;66493;2.54;4.16;2.61;4.11;0;0;0
Albert Heijn;PrivateLabel;wk 08 18;60938;2.56;4.12;2.57;4.01;0;0;0
Albert Heijn;PrivateLabel;wk 09 18;67556;2.44;3.93;2.57;4.06;0;2;0
Albert Heijn;PrivateLabel;wk 10 18;64724;2.55;3.98;2.59;4.1;0;0;0
Albert Heijn;PrivateLabel;wk 11 18;74532;2.43;3.89;2.6;4.04;0;0;0
Albert Heijn;PrivateLabel;wk 12 18;64311;2.53;3.94;2.57;4.04;0;0;0
Albert Heijn;PrivateLabel;wk 13 18;64096;2.39;3.91;2.55;4.05;0;0;0
Albert Heijn;PrivateLabel;wk 14 18;60805;2.5;3.99;2.56;4.06;0;0;0
Albert Heijn;PrivateLabel;wk 15 18;64288;2.54;4.05;2.57;4.11;0;0;0
Albert Heijn;PrivateLabel;wk 16 18;74309;2.55;4.09;2.55;4.06;0;0;0
Albert Heijn;PrivateLabel;wk 17 18;60398;2.57;4.27;2.59;4.21;0;0;0
Albert Heijn;PrivateLabel;wk 18 18;58393;2.52;4.16;2.55;4.14;0;0;0
Albert Heijn;PrivateLabel;wk 19 18;74493;2.35;4;2.59;4.25;98;0;2
Albert Heijn;PrivateLabel;wk 20 18;56633;2.46;4.02;2.59;4.3;0;0;0
Albert Heijn;PrivateLabel;wk 21 18;62932;2.46;3.96;2.59;4.32;0;0;0
Albert Heijn;PrivateLabel;wk 22 18;77213;2.53;3.79;2.6;4.17;0;0;0
Albert Heijn;PrivateLabel;wk 23 18;70281;2.57;3.84;2.53;3.96;0;0;0
Albert Heijn;PrivateLabel;wk 24 18;60141;2.56;4.04;2.51;4.57;99;0;0
Albert Heijn;PrivateLabel;wk 25 18;52934;2.59;3.92;2.63;4.01;0;0;0
Albert Heijn;PrivateLabel;wk 26 18;54286;2.6;3.97;2.62;4.06;0;1;0
Albert Heijn;PrivateLabel;wk 27 18;65573;2.61;3.92;2.56;3.87;0;0;0
Albert Heijn;PrivateLabel;wk 28 18;162324;1.9;2.69;2.63;3.94;98;0;72
Albert Heijn;PrivateLabel;wk 29 18;52919;2.59;3.95;2.58;3.92;0;0;0
Albert Heijn;PrivateLabel;wk 30 18;71448;2.36;3.52;2.61;3.95;0;0;0
Albert Heijn;PrivateLabel;wk 31 18;66273;2.51;3.74;2.6;3.91;0;0;0
Albert Heijn;PrivateLabel;wk 32 18;56462;2.59;3.9;2.6;3.94;0;0;0
Albert Heijn;PrivateLabel;wk 33 18;58827;2.49;3.85;2.62;3.95;97;0;0
Albert Heijn;PrivateLabel;wk 34 18;49558;2.6;3.95;2.63;3.98;0;0;0
Albert Heijn;PrivateLabel;wk 35 18;49838;2.58;3.88;2.6;3.93;0;0;0
Albert Heijn;PrivateLabel;wk 36 18;49820;2.62;3.95;2.6;3.92;0;0;0
Albert Heijn;PrivateLabel;wk 37 18;49138;2.46;3.86;2.65;4.07;99;0;0
Albert Heijn;PrivateLabel;wk 38 18;48461;2.6;3.93;2.63;3.98;0;0;0
Albert Heijn;PrivateLabel;wk 39 18;48471;2.61;3.94;2.62;3.98;0;0;0
Albert Heijn;PrivateLabel;wk 40 18;48579;2.61;3.93;2.65;4.02;0;0;0
Albert Heijn;PrivateLabel;wk 41 18;42565;2.71;4.09;2.72;4.06;0;0;0
Albert Heijn;PrivateLabel;wk 42 18;43631;2.75;4.09;2.69;4.03;0;0;0
Albert Heijn;PrivateLabel;wk 43 18;40829;2.78;4.13;2.73;4.1;0;0;0
Albert Heijn;PrivateLabel;wk 44 18;43030;2.59;4.01;2.74;4.15;100;0;0
Albert Heijn;PrivateLabel;wk 45 18;45349;2.59;3.78;2.6;3.82;0;0;0
Albert Heijn;PrivateLabel;wk 46 18;50138;2.45;3.55;2.61;3.85;0;0;0
Albert Heijn;PrivateLabel;wk 47 18;50356;2.41;3.72;2.57;3.81;98;0;0
Albert Heijn;PrivateLabel;wk 48 18;41569;2.59;3.8;2.56;3.77;0;0;0
Albert Heijn;PrivateLabel;wk 49 18;41667;2.6;3.8;2.6;3.82;0;0;0
Albert Heijn;PrivateLabel;wk 50 18;42674;2.61;3.82;2.6;3.83;0;0;0
Albert Heijn;PrivateLabel;wk 51 18;45820;2.65;3.96;2.59;3.83;0;0;0
Albert Heijn;PrivateLabel;wk 52 18;36140;2.63;3.91;2.61;3.88;0;0;0
Albert Heijn;PrivateLabel;wk 01 19;43162;2.66;3.91;2.6;3.83;0;0;0
Albert Heijn;PrivateLabel;wk 02 19;46576;2.69;3.93;2.59;3.79;0;0;0
Albert Heijn;PrivateLabel;wk 03 19;46007;2.69;3.93;2.69;3.96;0;0;0
Albert Heijn;PrivateLabel;wk 04 19;61128;2.57;3.89;2.66;3.91;0;0;0
Albert Heijn;PrivateLabel;wk 05 19;40833;2.68;3.93;2.66;3.88;0;0;0
Albert Heijn;PrivateLabel;wk 06 19;46184;2.48;3.6;2.73;4;0;0;0
Albert Heijn;PrivateLabel;wk 07 19;44100;2.48;3.62;2.7;3.99;0;0;0
Albert Heijn;PrivateLabel;wk 08 19;55627;2.41;3.63;2.66;3.92;0;4;0
Albert Heijn;PrivateLabel;wk 09 19;43036;2.47;3.64;2.62;3.85;0;0;0
Albert Heijn;PrivateLabel;wk 10 19;43261;2.47;3.62;2.55;3.73;0;0;0
Albert Heijn;PrivateLabel;wk 11 19;41759;2.48;3.65;2.53;3.75;0;0;0
Albert Heijn;PrivateLabel;wk 12 19;46821;2.47;3.61;2.46;3.61;0;0;0
Albert Heijn;PrivateLabel;wk 13 19;49808;2.5;3.63;2.48;3.63;0;0;0
Albert Heijn;PrivateLabel;wk 14 19;49504;2.39;3.48;2.52;3.68;0;0;0
Albert Heijn;PrivateLabel;wk 15 19;47909;2.53;3.67;2.51;3.65;0;0;0
Albert Heijn;PrivateLabel;wk 16 19;49868;2.51;3.67;2.48;3.65;0;0;0
Albert Heijn;PrivateLabel;wk 17 19;50338;2.49;3.62;2.53;3.67;0;0;0
Albert Heijn;PrivateLabel;wk 18 19;45467;2.5;3.63;2.5;3.62;0;0;0
Albert Heijn;PrivateLabel;wk 19 19;42831;2.51;3.66;2.5;3.63;0;0;0
Albert Heijn;PrivateLabel;wk 20 19;55000;2.43;3.61;2.52;3.65;100;0;0
Albert Heijn;PrivateLabel;wk 21 19;47490;2.48;3.6;2.49;3.62;0;0;0
Albert Heijn;PrivateLabel;wk 22 19;53297;2.48;3.59;2.51;3.63;0;0;0
Albert Heijn;PrivateLabel;wk 23 19;52930;2.49;3.59;2.47;3.58;0;0;0
Albert Heijn;PrivateLabel;wk 24 19;45447;2.57;3.75;2.58;3.76;0;0;0
Albert Heijn;PrivateLabel;wk 25 19;59519;2.49;3.6;2.51;3.61;0;0;0
Albert Heijn;PrivateLabel;wk 26 19;71968;2.46;3.55;2.49;3.62;0;0;0
Albert Heijn;PrivateLabel;wk 27 19;50157;2.49;3.57;2.49;3.58;0;0;0
Albert Heijn;PrivateLabel;wk 28 19;47990;2.49;3.61;2.49;3.61;0;0;0
Albert Heijn;PrivateLabel;wk 29 19;67561;2.12;3.03;2.48;3.58;0;29;0
Albert Heijn;PrivateLabel;wk 30 19;67312;2.49;3.61;2.53;3.69;0;0;0
Albert Heijn;PrivateLabel;wk 31 19;41738;2.48;3.63;2.51;3.66;0;0;0
Albert Heijn;PrivateLabel;wk 32 19;42521;2.48;3.62;2.55;3.72;0;0;0
Albert Heijn;PrivateLabel;wk 33 19;70707;2.06;2.92;2.5;3.63;99;0;33
Albert Heijn;PrivateLabel;wk 34 19;53445;2.45;3.54;2.45;3.54;0;0;0
Albert Heijn;PrivateLabel;wk 35 19;64610;2.45;3.53;2.49;3.6;0;0;0
Albert Heijn;PrivateLabel;wk 36 19;50026;2.47;3.55;2.47;3.57;0;0;0
Albert Heijn;PrivateLabel;wk 37 19;43149;2.49;3.61;2.47;3.57;0;0;0
Albert Heijn;PrivateLabel;wk 38 19;46358;2.45;3.53;2.44;3.51;0;0;0
Albert Heijn;PrivateLabel;wk 39 19;46583;2.49;3.6;2.45;3.51;0;0;0
Albert Heijn;PrivateLabel;wk 40 19;44977;2.47;3.57;2.49;3.62;0;0;0
Albert Heijn;PrivateLabel;wk 41 19;47141;2.42;3.48;2.5;3.61;0;0;0
Albert Heijn;PrivateLabel;wk 42 19;45109;2.47;3.56;2.5;3.63;0;0;0
Albert Heijn;PrivateLabel;wk 43 19;40328;2.43;3.53;2.46;3.55;0;0;0
Albert Heijn;PrivateLabel;wk 44 19;45894;2.46;3.54;2.48;3.57;0;0;0
Albert Heijn;PrivateLabel;wk 45 19;56553;2.22;3.13;2.5;3.63;68;5;38
Albert Heijn;PrivateLabel;wk 46 19;44386;2.47;3.54;2.46;3.54;0;0;0
Albert Heijn;PrivateLabel;wk 47 19;45543;2.46;3.52;2.49;3.6;0;0;0
Albert Heijn;PrivateLabel;wk 48 19;41654;2.49;3.6;2.49;3.59;0;0;0
Albert Heijn;PrivateLabel;wk 49 19;43775;2.48;3.56;2.5;3.63;0;0;0
Albert Heijn;PrivateLabel;wk 50 19;44940;2.47;3.55;2.54;3.6;0;0;0
Albert Heijn;PrivateLabel;wk 51 19;44423;2.52;3.66;2.46;3.54;0;0;0
Albert Heijn;PrivateLabel;wk 52 19;36805;2.53;3.73;2.54;3.69;0;0;0
Albert Heijn;PrivateLabel;wk 01 20;42457;2.49;3.62;2.49;3.64;0;0;0
Albert Heijn;PrivateLabel;wk 02 20;44864;2.48;3.57;2.54;3.7;0;0;0
Albert Heijn;PrivateLabel;wk 03 20;45932;2.48;3.57;2.54;3.66;0;0;0
Albert Heijn;PrivateLabel;wk 04 20;43426;2.48;3.59;2.51;3.65;0;0;0
Albert Heijn;PrivateLabel;wk 05 20;44422;2.49;3.6;2.54;3.67;0;0;0
Albert Heijn;PrivateLabel;wk 06 20;43829;2.49;3.6;2.5;3.63;0;0;0
Albert Heijn;PrivateLabel;wk 07 20;51056;2.47;3.59;2.48;3.57;0;0;0
Albert Heijn;PrivateLabel;wk 08 20;41268;2.45;3.55;2.46;3.55;0;0;0
Albert Heijn;PrivateLabel;wk 09 20;48142;2.44;3.52;2.49;3.59;0;0;0
Albert Heijn;PrivateLabel;wk 10 20;56147;2.37;3.44;2.47;3.58;98;0;0
Albert Heijn;PrivateLabel;wk 11 20;76358;2.44;3.46;2.48;3.53;0;0;0
Albert Heijn;PrivateLabel;wk 12 20;63408;2.45;3.47;2.47;3.54;0;0;0
Albert Heijn;PrivateLabel;wk 13 20;50453;2.46;3.52;2.49;3.55;0;0;0
Albert Heijn;PrivateLabel;wk 14 20;42849;2.51;3.63;2.48;3.55;0;0;0
Albert Heijn;PrivateLabel;wk 15 20;52985;2.48;3.59;2.55;3.68;0;0;0
Albert Heijn;PrivateLabel;wk 16 20;48421;2.5;3.61;2.44;3.5;0;0;0
Albert Heijn;PrivateLabel;wk 17 20;57100;2.48;3.57;2.48;3.58;0;0;0
Albert Heijn;PrivateLabel;wk 18 20;51053;2.47;3.57;2.53;3.66;0;0;0
Albert Heijn;PrivateLabel;wk 19 20;48090;2.48;3.6;2.46;3.56;0;0;0
Albert Heijn;PrivateLabel;wk 20 20;48620;2.46;3.56;2.52;3.66;0;0;0
Albert Heijn;PrivateLabel;wk 21 20;53275;2.46;3.58;2.51;3.64;0;0;0
Albert Heijn;PrivateLabel;wk 22 20;53293;2.47;3.61;2.52;3.69;0;0;0
Albert Heijn;PrivateLabel;wk 23 20;50639;2.49;3.63;2.42;3.52;0;0;0
Albert Heijn;PrivateLabel;wk 24 20;42878;2.52;3.71;2.52;3.69;0;0;0
Albert Heijn;PrivateLabel;wk 25 20;49002;2.5;3.65;2.48;3.62;0;0;0
Albert Heijn;PrivateLabel;wk 26 20;61747;2.47;3.61;2.5;3.65;0;0;0
Albert Heijn;PrivateLabel;wk 27 20;48240;2.47;3.59;2.49;3.63;0;0;0
Albert Heijn;PrivateLabel;wk 28 20;38373;2.5;3.67;2.51;3.7;0;2;0
Albert Heijn;PrivateLabel;wk 29 20;39548;2.49;3.66;2.52;3.68;0;0;0
Albert Heijn;PrivateLabel;wk 30 20;39880;2.48;3.63;2.49;3.6;0;3;0
Albert Heijn;PrivateLabel;wk 31 20;41261;2.46;3.64;2.51;3.67;0;0;0
Albert Heijn;PrivateLabel;wk 32 20;46102;2.48;3.72;2.49;3.66;0;0;0
Albert Heijn;PrivateLabel;wk 33 20;56849;2.43;3.59;2.49;3.74;0;0;0
Albert Heijn;PrivateLabel;wk 34 20;47890;2.43;3.6;2.48;3.68;0;0;0
Albert Heijn;PrivateLabel;wk 35 20;45137;2.43;3.56;2.39;3.53;0;0;0
Albert Heijn;PrivateLabel;wk 36 20;38836;2.5;3.67;2.48;3.65;0;3;0
Albert Heijn;PrivateLabel;wk 37 20;38255;2.47;3.62;2.46;3.6;0;0;0
Albert Heijn;PrivateLabel;wk 38 20;40520;2.46;3.61;2.49;3.64;0;0;0
Albert Heijn;PrivateLabel;wk 39 20;50707;2.26;3.24;2.47;3.6;0;0;0
Albert Heijn;PrivateLabel;wk 40 20;38845;2.46;3.59;2.43;3.55;0;0;0
Albert Heijn;PrivateLabel;wk 41 20;47341;2.26;3.23;2.46;3.57;0;0;0
Albert Heijn;PrivateLabel;wk 42 20;35325;2.47;3.62;2.46;3.59;0;0;0
Albert Heijn;PrivateLabel;wk 43 20;41199;2.31;3.34;2.44;3.59;0;0;0
Albert Heijn;PrivateLabel;wk 44 20;37346;2.47;3.61;2.48;3.65;0;0;0
Albert Heijn;PrivateLabel;wk 45 20;43753;2.36;3.41;2.4;3.49;0;0;0
Albert Heijn;PrivateLabel;wk 46 20;48500;2.33;3.36;2.44;3.55;0;0;0
Albert Heijn;PrivateLabel;wk 47 20;34821;2.42;3.57;2.45;3.59;0;0;0
Albert Heijn;PrivateLabel;wk 48 20;43283;2.35;3.39;2.4;3.51;0;0;0
Albert Heijn;PrivateLabel;wk 49 20;44743;2.33;3.34;2.36;3.4;0;0;0
Albert Heijn;PrivateLabel;wk 50 20;43320;2.33;3.37;2.36;3.4;0;0;0
Albert Heijn;PrivateLabel;wk 51 20;46276;2.37;3.45;2.36;3.43;0;0;0
Albert Heijn;PrivateLabel;wk 52 20;42473;2.37;3.48;2.37;3.43;0;0;0
Albert Heijn;EuroShopper;wk 01 17;40270;1.21;1.39;1.22;1.41;0;0;0
Albert Heijn;EuroShopper;wk 02 17;42511;1.24;1.44;1.24;1.44;0;0;0
Albert Heijn;EuroShopper;wk 03 17;45215;1.24;1.44;1.24;1.44;0;0;0
Albert Heijn;EuroShopper;wk 04 17;45931;1.25;1.46;1.25;1.46;0;0;0
Albert Heijn;EuroShopper;wk 05 17;44032;1.23;1.42;1.25;1.46;0;0;0
Albert Heijn;EuroShopper;wk 06 17;44584;1.22;1.42;1.24;1.44;0;0;0
Albert Heijn;EuroShopper;wk 07 17;46952;1.22;1.42;1.23;1.42;0;0;0
Albert Heijn;EuroShopper;wk 08 17;48173;1.23;1.43;1.24;1.45;0;0;0
Albert Heijn;EuroShopper;wk 09 17;43356;1.24;1.44;1.25;1.46;0;0;0
Albert Heijn;EuroShopper;wk 10 17;45248;1.24;1.44;1.21;1.4;0;0;0
Albert Heijn;EuroShopper;wk 11 17;47588;1.23;1.42;1.24;1.44;0;0;0
Albert Heijn;EuroShopper;wk 12 17;48306;1.23;1.43;1.23;1.42;0;0;0
Albert Heijn;EuroShopper;wk 13 17;49460;1.23;1.42;1.23;1.43;0;0;0
Albert Heijn;EuroShopper;wk 14 17;50078;1.22;1.41;1.22;1.4;0;0;0
Albert Heijn;EuroShopper;wk 15 17;48859;1.23;1.42;1.21;1.38;0;0;0
Albert Heijn;EuroShopper;wk 16 17;41834;1.23;1.43;1.26;1.47;0;0;0
Albert Heijn;EuroShopper;wk 17 17;40551;1.23;1.43;1.24;1.45;0;0;0
Albert Heijn;EuroShopper;wk 18 17;39990;1.2;1.38;1.21;1.39;0;0;0
Albert Heijn;EuroShopper;wk 19 17;45807;1.21;1.39;1.19;1.37;0;0;0
Albert Heijn;EuroShopper;wk 20 17;53666;1.21;1.38;1.23;1.43;0;0;0
Albert Heijn;EuroShopper;wk 21 17;57938;1.2;1.38;1.2;1.38;83;0;0
Albert Heijn;EuroShopper;wk 22 17;56422;1.21;1.4;1.21;1.38;0;0;0
Albert Heijn;EuroShopper;wk 23 17;49847;1.25;1.43;1.2;1.37;0;0;0
Albert Heijn;EuroShopper;wk 24 17;49349;1.24;1.41;1.2;1.37;0;0;0
Albert Heijn;EuroShopper;wk 25 17;57521;1.24;1.41;1.25;1.43;0;0;0
Albert Heijn;EuroShopper;wk 26 17;48371;1.25;1.44;1.24;1.41;0;0;0
Albert Heijn;EuroShopper;wk 27 17;52214;1.25;1.43;1.24;1.42;0;0;0
Albert Heijn;EuroShopper;wk 28 17;47412;1.24;1.42;1.24;1.42;0;0;0
Albert Heijn;EuroShopper;wk 29 17;45520;1.22;1.38;1.25;1.44;0;0;0
Albert Heijn;EuroShopper;wk 30 17;38122;1.23;1.41;1.25;1.43;0;0;0
Albert Heijn;EuroShopper;wk 31 17;38156;1.23;1.41;1.24;1.42;0;0;0
Albert Heijn;EuroShopper;wk 32 17;38231;1.23;1.4;1.22;1.4;0;0;0
Albert Heijn;EuroShopper;wk 33 17;40659;1.23;1.4;1.22;1.39;0;0;0
Albert Heijn;EuroShopper;wk 34 17;45396;1.24;1.42;1.22;1.39;0;0;0
Albert Heijn;EuroShopper;wk 35 17;46700;1.25;1.44;1.23;1.41;0;0;0
Albert Heijn;EuroShopper;wk 36 17;42664;1.25;1.43;1.26;1.44;0;0;0
Albert Heijn;EuroShopper;wk 37 17;41524;1.25;1.44;1.25;1.43;81;0;0
Albert Heijn;EuroShopper;wk 38 17;42200;1.25;1.44;1.23;1.4;0;0;0
Albert Heijn;EuroShopper;wk 39 17;40995;1.26;1.45;1.26;1.45;0;0;0
Albert Heijn;EuroShopper;wk 40 17;40584;1.26;1.45;1.25;1.43;0;0;0
Albert Heijn;EuroShopper;wk 41 17;37813;1.24;1.42;1.25;1.44;0;0;0
Albert Heijn;EuroShopper;wk 42 17;40621;1.25;1.43;1.25;1.44;0;0;0
Albert Heijn;EuroShopper;wk 43 17;40676;1.26;1.45;1.25;1.43;0;0;0
Albert Heijn;EuroShopper;wk 44 17;50220;1.36;1.61;1.21;1.38;0;0;0
Albert Heijn;EuroShopper;wk 45 17;41029;1.27;1.46;1.32;1.55;0;0;0
Albert Heijn;EuroShopper;wk 46 17;42625;1.26;1.46;1.3;1.51;0;0;0
Albert Heijn;EuroShopper;wk 47 17;42402;1.26;1.45;1.3;1.51;0;0;0
Albert Heijn;EuroShopper;wk 48 17;38876;1.24;1.42;1.25;1.44;0;0;0
Albert Heijn;EuroShopper;wk 49 17;41047;1.23;1.41;1.25;1.44;0;0;0
Albert Heijn;EuroShopper;wk 50 17;40723;1.25;1.45;1.24;1.42;0;0;0
Albert Heijn;EuroShopper;wk 51 17;47943;1.26;1.46;1.27;1.46;0;0;0
Albert Heijn;EuroShopper;wk 52 17;29533;1.28;1.49;1.27;1.48;0;0;0
Albert Heijn;EuroShopper;wk 01 18;33905;1.27;1.47;1.28;1.49;0;0;0
Albert Heijn;EuroShopper;wk 02 18;38700;1.27;1.48;1.27;1.48;0;0;0
Albert Heijn;EuroShopper;wk 03 18;40106;1.26;1.46;1.25;1.44;0;0;0
Albert Heijn;EuroShopper;wk 04 18;41346;1.27;1.47;1.27;1.47;0;1;0
Albert Heijn;EuroShopper;wk 05 18;40482;1.27;1.47;1.27;1.48;0;0;0
Albert Heijn;EuroShopper;wk 06 18;40507;1.25;1.43;1.28;1.49;0;0;0
Albert Heijn;EuroShopper;wk 07 18;40414;1.25;1.44;1.25;1.43;0;0;0
Albert Heijn;EuroShopper;wk 08 18;37624;1.27;1.47;1.27;1.47;0;0;0
Albert Heijn;EuroShopper;wk 09 18;36823;1.31;1.51;1.26;1.46;0;0;0
Albert Heijn;EuroShopper;wk 10 18;40701;1.3;1.51;1.25;1.45;0;0;0
Albert Heijn;EuroShopper;wk 11 18;40667;1.3;1.5;1.32;1.54;0;0;0
Albert Heijn;EuroShopper;wk 12 18;42596;1.3;1.51;1.26;1.44;0;0;0
Albert Heijn;EuroShopper;wk 13 18;40088;1.29;1.49;1.33;1.55;0;0;0
Albert Heijn;EuroShopper;wk 14 18;39168;1.3;1.49;1.29;1.49;0;0;0
Albert Heijn;EuroShopper;wk 15 18;42006;1.3;1.49;1.3;1.5;0;0;0
Albert Heijn;EuroShopper;wk 16 18;49752;1.27;1.46;1.28;1.46;0;0;0
Albert Heijn;EuroShopper;wk 17 18;43174;1.29;1.49;1.28;1.46;0;0;0
Albert Heijn;EuroShopper;wk 18 18;40223;1.29;1.48;1.3;1.5;0;0;0
Albert Heijn;EuroShopper;wk 19 18;46997;1.26;1.43;1.29;1.48;0;0;0
Albert Heijn;EuroShopper;wk 20 18;45796;1.27;1.45;1.29;1.49;0;0;0
Albert Heijn;EuroShopper;wk 21 18;52827;1.28;1.47;1.27;1.45;0;0;0
Albert Heijn;EuroShopper;wk 22 18;55254;1.25;1.41;1.25;1.42;0;0;0
Albert Heijn;EuroShopper;wk 23 18;51277;1.24;1.41;1.24;1.4;0;0;0
Albert Heijn;EuroShopper;wk 24 18;46239;1.23;1.39;1.24;1.41;0;0;0
Albert Heijn;EuroShopper;wk 25 18;46148;1.24;1.41;1.24;1.4;0;0;0
Albert Heijn;EuroShopper;wk 26 18;48371;1.23;1.39;1.23;1.39;0;0;0
Albert Heijn;EuroShopper;wk 27 18;53975;1.22;1.37;1.21;1.36;0;0;0
Albert Heijn;EuroShopper;wk 28 18;44910;1.19;1.33;1.25;1.42;0;0;0
Albert Heijn;EuroShopper;wk 29 18;53910;1.18;1.32;1.19;1.33;0;0;0
Albert Heijn;EuroShopper;wk 30 18;58593;1.18;1.31;1.23;1.38;0;0;0
Albert Heijn;EuroShopper;wk 31 18;54768;1.18;1.32;1.21;1.35;0;0;0
Albert Heijn;EuroShopper;wk 32 18;43364;1.29;1.48;1.24;1.4;0;0;0
Albert Heijn;EuroShopper;wk 33 18;39207;1.31;1.52;1.25;1.42;0;0;0
Albert Heijn;EuroShopper;wk 34 18;44246;1.22;1.38;1.2;1.34;0;0;0
Albert Heijn;EuroShopper;wk 35 18;42781;1.22;1.38;1.21;1.36;0;0;0
Albert Heijn;EuroShopper;wk 36 18;41473;1.23;1.4;1.22;1.38;0;0;0
Albert Heijn;EuroShopper;wk 37 18;41716;1.21;1.37;1.2;1.34;0;0;0
Albert Heijn;EuroShopper;wk 38 18;45592;1.21;1.37;1.21;1.37;0;0;0
Albert Heijn;EuroShopper;wk 39 18;41692;1.23;1.39;1.21;1.37;0;0;0
Albert Heijn;EuroShopper;wk 40 18;41056;1.22;1.38;1.19;1.34;0;0;0
Albert Heijn;EuroShopper;wk 41 18;40048;1.23;1.38;1.25;1.41;0;0;0
Albert Heijn;EuroShopper;wk 42 18;40001;1.24;1.39;1.26;1.42;0;0;0
Albert Heijn;EuroShopper;wk 43 18;35744;1.25;1.41;1.25;1.42;0;0;0
Albert Heijn;EuroShopper;wk 44 18;35536;1.24;1.38;1.21;1.36;0;0;0
Albert Heijn;EuroShopper;wk 45 18;45972;1.36;1.57;1.29;1.48;0;0;0
Albert Heijn;EuroShopper;wk 46 18;38257;1.23;1.38;1.23;1.38;0;0;0
Albert Heijn;EuroShopper;wk 47 18;37183;1.23;1.38;1.21;1.36;1;0;0
Albert Heijn;EuroShopper;wk 48 18;36285;1.23;1.38;1.23;1.37;0;0;0
Albert Heijn;EuroShopper;wk 49 18;36695;1.24;1.39;1.24;1.39;0;0;0
Albert Heijn;EuroShopper;wk 50 18;36272;1.24;1.39;1.26;1.42;0;0;0
Albert Heijn;EuroShopper;wk 51 18;41206;1.24;1.38;1.24;1.39;0;0;0
Albert Heijn;EuroShopper;wk 52 18;27756;1.25;1.4;1.27;1.44;0;0;0
Albert Heijn;EuroShopper;wk 01 19;32063;1.3;1.47;1.26;1.41;0;0;0
Albert Heijn;EuroShopper;wk 02 19;35631;1.29;1.45;1.25;1.4;0;0;0
Albert Heijn;EuroShopper;wk 03 19;34933;1.3;1.46;1.25;1.4;0;0;0
Albert Heijn;EuroShopper;wk 04 19;40027;1.27;1.42;1.28;1.43;0;0;0
Albert Heijn;EuroShopper;wk 05 19;36168;1.3;1.45;1.32;1.49;0;0;0
Albert Heijn;EuroShopper;wk 06 19;36611;1.3;1.45;1.28;1.44;0;0;0
Albert Heijn;EuroShopper;wk 07 19;35717;1.28;1.43;1.29;1.44;0;0;0
Albert Heijn;EuroShopper;wk 08 19;36441;1.27;1.41;1.28;1.43;0;0;0
Albert Heijn;EuroShopper;wk 09 19;36450;1.27;1.41;1.32;1.49;0;0;0
Albert Heijn;EuroShopper;wk 10 19;35002;1.28;1.42;1.27;1.41;0;0;0
Albert Heijn;EuroShopper;wk 11 19;35153;1.25;1.39;1.26;1.4;0;0;0
Albert Heijn;EuroShopper;wk 12 19;37285;1.25;1.38;1.26;1.39;0;0;0
Albert Heijn;EuroShopper;wk 13 19;37737;1.25;1.39;1.29;1.44;0;0;0
Albert Heijn;EuroShopper;wk 14 19;37515;1.24;1.37;1.31;1.47;0;0;0
Albert Heijn;EuroShopper;wk 15 19;40138;1.23;1.36;1.27;1.41;0;0;0
Albert Heijn;EuroShopper;wk 16 19;40444;1.21;1.34;1.27;1.42;0;0;0
Albert Heijn;EuroShopper;wk 17 19;39759;1.21;1.33;1.27;1.42;0;0;0
Albert Heijn;EuroShopper;wk 18 19;35944;1.22;1.35;1.23;1.37;0;0;0
Albert Heijn;EuroShopper;wk 19 19;36548;1.21;1.34;1.19;1.3;0;0;0
Albert Heijn;EuroShopper;wk 20 19;39735;1.21;1.34;1.22;1.36;0;0;0
Albert Heijn;EuroShopper;wk 21 19;38788;1.22;1.35;1.22;1.35;0;0;0
Albert Heijn;EuroShopper;wk 22 19;40332;1.22;1.35;1.2;1.33;0;0;0
Albert Heijn;EuroShopper;wk 23 19;41835;1.22;1.36;1.25;1.39;0;0;0
Albert Heijn;EuroShopper;wk 24 19;40849;1.21;1.34;1.22;1.34;0;0;0
Albert Heijn;EuroShopper;wk 25 19;48259;1.21;1.33;1.24;1.37;0;0;0
Albert Heijn;EuroShopper;wk 26 19;53884;1.21;1.33;1.23;1.36;0;0;0
Albert Heijn;EuroShopper;wk 27 19;42566;1.17;1.29;1.17;1.29;0;2;0
Albert Heijn;EuroShopper;wk 28 19;38597;1.17;1.28;1.17;1.28;0;2;0
Albert Heijn;EuroShopper;wk 29 19;36963;1.15;1.26;1.18;1.29;0;0;0
Albert Heijn;EuroShopper;wk 30 19;53050;1.14;1.24;1.18;1.3;0;0;0
Albert Heijn;EuroShopper;wk 31 19;37697;1.13;1.23;1.18;1.29;0;0;0
Albert Heijn;EuroShopper;wk 32 19;37970;1.14;1.24;1.14;1.25;0;0;0
Albert Heijn;EuroShopper;wk 33 19;35394;1.14;1.24;1.15;1.25;0;0;0
Albert Heijn;EuroShopper;wk 34 19;42473;1.14;1.24;1.14;1.24;0;0;0
Albert Heijn;EuroShopper;wk 35 19;48529;1.15;1.26;1.15;1.25;0;0;0
Albert Heijn;EuroShopper;wk 36 19;38885;1.15;1.25;1.12;1.22;0;0;0
Albert Heijn;EuroShopper;wk 37 19;36529;1.14;1.24;1.16;1.27;0;0;0
Albert Heijn;EuroShopper;wk 38 19;36682;1.16;1.26;1.18;1.3;0;0;0
Albert Heijn;EuroShopper;wk 39 19;31581;1.18;1.29;1.13;1.23;0;0;0
Albert Heijn;EuroShopper;wk 40 19;32455;1.16;1.27;1.17;1.28;0;0;0
Albert Heijn;EuroShopper;wk 41 19;32511;1.17;1.28;1.18;1.3;0;0;0
Albert Heijn;EuroShopper;wk 42 19;32332;1.16;1.27;1.18;1.3;0;0;0
Albert Heijn;EuroShopper;wk 43 19;32732;1.15;1.25;1.15;1.25;0;0;0
Albert Heijn;EuroShopper;wk 44 19;33926;1.2;1.32;1.17;1.29;0;0;0
Albert Heijn;EuroShopper;wk 45 19;36633;1.31;1.48;1.24;1.38;0;0;0
Albert Heijn;EuroShopper;wk 46 19;31341;1.21;1.34;1.25;1.39;0;0;0
Albert Heijn;EuroShopper;wk 47 19;32410;1.2;1.33;1.2;1.33;0;0;0
Albert Heijn;EuroShopper;wk 48 19;31264;1.19;1.31;1.21;1.34;0;0;0
Albert Heijn;EuroShopper;wk 49 19;31874;1.2;1.32;1.2;1.33;0;0;0
Albert Heijn;EuroShopper;wk 50 19;33013;1.2;1.32;1.18;1.29;0;0;0
Albert Heijn;EuroShopper;wk 51 19;34469;1.17;1.29;1.17;1.28;0;0;0
Albert Heijn;EuroShopper;wk 52 19;24348;1.22;1.35;1.23;1.36;0;0;0
Albert Heijn;EuroShopper;wk 01 20;27225;1.23;1.36;1.23;1.36;0;0;0
Albert Heijn;EuroShopper;wk 02 20;29324;1.21;1.34;1.19;1.31;0;0;0
Albert Heijn;EuroShopper;wk 03 20;31253;1.22;1.35;1.2;1.32;0;0;0
Albert Heijn;EuroShopper;wk 04 20;31361;1.18;1.29;1.19;1.31;0;0;0
Albert Heijn;EuroShopper;wk 05 20;30428;1.2;1.32;1.2;1.32;0;0;0
Albert Heijn;EuroShopper;wk 06 20;31108;1.19;1.31;1.18;1.3;0;0;0
Albert Heijn;EuroShopper;wk 07 20;32298;1.18;1.3;1.2;1.32;0;0;0
Albert Heijn;EuroShopper;wk 08 20;31580;1.16;1.27;1.2;1.32;0;0;0
Albert Heijn;EuroShopper;wk 09 20;33278;1.19;1.3;1.19;1.3;0;1;0
Albert Heijn;EuroShopper;wk 10 20;31576;1.18;1.3;1.12;1.21;0;0;0
Albert Heijn;EuroShopper;wk 11 20;52368;1.22;1.35;1.21;1.33;0;0;0
Albert Heijn;EuroShopper;wk 12 20;44195;1.21;1.34;1.21;1.34;0;0;0
Albert Heijn;EuroShopper;wk 13 20;34565;1.2;1.33;1.19;1.31;0;0;0
Albert Heijn;EuroShopper;wk 14 20;30565;1.2;1.32;1.19;1.3;0;0;0
Albert Heijn;EuroShopper;wk 15 20;34441;1.2;1.32;1.22;1.35;0;0;0
Albert Heijn;EuroShopper;wk 16 20;29675;1.21;1.34;1.23;1.37;0;0;0
Albert Heijn;EuroShopper;wk 17 20;35600;1.2;1.33;1.19;1.31;0;0;0
Albert Heijn;EuroShopper;wk 18 20;31769;1.21;1.34;1.17;1.28;0;0;0
Albert Heijn;EuroShopper;wk 19 20;31669;1.18;1.29;1.17;1.28;0;0;0
Albert Heijn;EuroShopper;wk 20 20;32028;1.19;1.31;1.2;1.32;0;0;0
Albert Heijn;EuroShopper;wk 21 20;36131;1.19;1.3;1.15;1.25;0;0;0
Albert Heijn;EuroShopper;wk 22 20;35704;1.21;1.34;1.15;1.26;0;0;0
Albert Heijn;EuroShopper;wk 23 20;36028;1.19;1.31;1.18;1.3;0;0;0
Albert Heijn;EuroShopper;wk 24 20;32145;1.2;1.31;1.18;1.29;0;0;0
Albert Heijn;EuroShopper;wk 25 20;35823;1.21;1.32;1.19;1.31;0;0;0
Albert Heijn;EuroShopper;wk 26 20;45502;1.21;1.31;1.19;1.3;0;0;0
Albert Heijn;EuroShopper;wk 27 20;37503;1.19;1.3;1.18;1.28;0;0;0
Albert Heijn;EuroShopper;wk 28 20;32439;1.16;1.25;1.17;1.27;0;2;0
Albert Heijn;EuroShopper;wk 29 20;33179;1.16;1.25;1.15;1.24;0;0;0
Albert Heijn;EuroShopper;wk 30 20;32985;1.16;1.26;1.15;1.24;0;0;0
Albert Heijn;EuroShopper;wk 31 20;33106;1.16;1.26;1.18;1.28;0;0;0
Albert Heijn;EuroShopper;wk 32 20;40822;1.14;1.23;1.18;1.28;0;0;0
Albert Heijn;EuroShopper;wk 33 20;50481;1.12;1.2;1.12;1.21;0;0;0
Albert Heijn;EuroShopper;wk 34 20;39890;1.08;1.15;1.11;1.19;0;0;0
Albert Heijn;EuroShopper;wk 35 20;33165;1.07;1.14;1.07;1.14;0;0;0
Albert Heijn;EuroShopper;wk 36 20;31216;1.05;1.11;1.07;1.13;0;0;0
Albert Heijn;EuroShopper;wk 37 20;27888;1.04;1.1;1.06;1.12;0;0;0
Albert Heijn;EuroShopper;wk 38 20;32476;1.03;1.09;1.05;1.12;0;0;0
Albert Heijn;EuroShopper;wk 39 20;36190;1.01;1.1;1.03;1.09;0;0;0
Albert Heijn;EuroShopper;wk 40 20;29658;1.02;1.08;1.04;1.1;0;0;0
Albert Heijn;EuroShopper;wk 41 20;30731;1.03;1.11;1;1.05;0;0;0
Albert Heijn;EuroShopper;wk 42 20;26149;1.01;1.07;1.01;1.06;0;0;0
Albert Heijn;EuroShopper;wk 43 20;28793;1;1.07;1.01;1.07;0;0;0
Albert Heijn;EuroShopper;wk 44 20;28996;0.97;1.04;1.04;1.11;0;2;0
Albert Heijn;EuroShopper;wk 45 20;28551;0.82;0.88;0.9;0.93;0;3;0
Albert Heijn;EuroShopper;wk 46 20;25837;0.77;0.79;0.87;0.89;0;3;0
Albert Heijn;EuroShopper;wk 47 20;23461;0.75;0.76;0.8;0.81;0;3;0
Albert Heijn;EuroShopper;wk 48 20;22885;0.74;0.75;1.03;1.11;0;0;0
Albert Heijn;EuroShopper;wk 49 20;23055;0.74;0.74;0.75;0.75;0;0;0
Albert Heijn;EuroShopper;wk 50 20;22687;0.73;0.73;0.77;0.78;0;0;0
Albert Heijn;EuroShopper;wk 51 20;22726;0.73;0.73;0.73;0.73;0;0;0
Albert Heijn;EuroShopper;wk 52 20;18489;0.73;0.73;0.73;0.73;0;0;0
Albert Heijn;KarvanCevitam;wk 01 17;83858;2.97;4.13;2.95;4.06;0;0;0
Albert Heijn;KarvanCevitam;wk 02 17;95856;2.97;4.1;2.95;4.1;0;0;0
Albert Heijn;KarvanCevitam;wk 03 17;102593;2.97;4.09;2.97;4.05;0;0;0
Albert Heijn;KarvanCevitam;wk 04 17;108444;2.97;4.09;2.97;4.08;0;0;0
Albert Heijn;KarvanCevitam;wk 05 17;599642;2.06;2.79;2.94;4.05;100;0;100
Albert Heijn;KarvanCevitam;wk 06 17;84985;2.9;4.02;2.95;4.1;0;7;0
Albert Heijn;KarvanCevitam;wk 07 17;93848;2.96;4.13;2.97;4.09;0;0;0
Albert Heijn;KarvanCevitam;wk 08 17;100576;2.96;4.13;2.97;4.11;0;0;0
Albert Heijn;KarvanCevitam;wk 09 17;101340;2.96;4.09;2.97;4.1;0;0;0
Albert Heijn;KarvanCevitam;wk 10 17;104811;2.96;4.07;2.97;4.08;0;0;0
Albert Heijn;KarvanCevitam;wk 11 17;113681;2.96;4.06;2.97;4.11;0;0;0
Albert Heijn;KarvanCevitam;wk 12 17;117540;2.96;4.08;2.97;4.08;0;0;0
Albert Heijn;KarvanCevitam;wk 13 17;122077;2.96;4.09;2.97;4.07;0;0;0
Albert Heijn;KarvanCevitam;wk 14 17;119864;2.96;4.1;2.97;4.09;0;0;0
Albert Heijn;KarvanCevitam;wk 15 17;128387;2.97;4.09;2.97;4.07;0;0;0
Albert Heijn;KarvanCevitam;wk 16 17;113079;2.96;4.13;2.97;4.1;0;0;0
Albert Heijn;KarvanCevitam;wk 17 17;109003;2.96;4.12;2.96;4.1;0;0;0
Albert Heijn;KarvanCevitam;wk 18 17;605074;2.01;2.72;2.96;4.11;100;0;99
Albert Heijn;KarvanCevitam;wk 19 17;105187;2.82;3.96;2.97;4.13;0;10;0
Albert Heijn;KarvanCevitam;wk 20 17;120801;2.94;4.15;2.96;4.14;0;4;0
Albert Heijn;KarvanCevitam;wk 21 17;208662;2.64;3.77;2.96;4.17;0;44;0
Albert Heijn;KarvanCevitam;wk 22 17;163744;3;3.97;2.95;4.13;7;23;7
Albert Heijn;KarvanCevitam;wk 23 17;132649;2.97;4.07;2.98;4.12;0;16;0
Albert Heijn;KarvanCevitam;wk 24 17;741177;2.06;2.79;2.96;4.13;100;6;98
Albert Heijn;KarvanCevitam;wk 25 17;131339;2.91;4.14;2.92;4.08;0;6;0
Albert Heijn;KarvanCevitam;wk 26 17;105583;2.96;4.19;2.96;4.16;0;1;0
Albert Heijn;KarvanCevitam;wk 27 17;126211;2.96;4.21;2.96;4.17;0;12;0
Albert Heijn;KarvanCevitam;wk 28 17;114701;2.98;4.21;2.97;4.18;0;16;0
Albert Heijn;KarvanCevitam;wk 29 17;519746;2.1;2.88;2.97;4.22;100;0;97
Albert Heijn;KarvanCevitam;wk 30 17;87498;2.91;4.23;2.95;4.22;0;22;0
Albert Heijn;KarvanCevitam;wk 31 17;87589;2.95;4.25;2.96;4.27;0;11;0
Albert Heijn;KarvanCevitam;wk 32 17;94696;3;4.05;2.97;4.18;0;25;0
Albert Heijn;KarvanCevitam;wk 33 17;100339;2.99;4.08;2.97;4.19;0;6;0
Albert Heijn;KarvanCevitam;wk 34 17;118738;2.97;4.1;2.97;4.19;0;6;0
Albert Heijn;KarvanCevitam;wk 35 17;119487;2.96;4.13;2.96;4.17;0;1;0
Albert Heijn;KarvanCevitam;wk 36 17;490407;2.11;2.88;2.98;4.2;98;0;44
Albert Heijn;KarvanCevitam;wk 37 17;81587;2.94;4.13;2.94;4.11;0;3;0
Albert Heijn;KarvanCevitam;wk 38 17;88152;2.96;4.14;2.96;4.15;0;2;0
Albert Heijn;KarvanCevitam;wk 39 17;98030;2.96;4.12;2.97;4.11;0;0;0
Albert Heijn;KarvanCevitam;wk 40 17;96956;2.97;4.12;2.97;4.14;0;0;0
Albert Heijn;KarvanCevitam;wk 41 17;471801;2.07;2.79;2.97;4.13;96;0;87
Albert Heijn;KarvanCevitam;wk 42 17;86123;2.91;4.07;2.94;4.1;0;1;0
Albert Heijn;KarvanCevitam;wk 43 17;90924;2.95;4.09;2.97;4.09;0;0;0
Albert Heijn;KarvanCevitam;wk 44 17;98695;2.95;4.08;2.97;4.12;0;0;0
Albert Heijn;KarvanCevitam;wk 45 17;100915;2.95;4.07;2.96;4.07;0;0;0
Albert Heijn;KarvanCevitam;wk 46 17;103948;2.95;4.07;2.96;4.09;0;0;0
Albert Heijn;KarvanCevitam;wk 47 17;103917;2.96;4.07;2.96;4.07;0;0;0
Albert Heijn;KarvanCevitam;wk 48 17;550120;2.06;2.77;2.96;4.06;97;0;57
Albert Heijn;KarvanCevitam;wk 49 17;81125;2.91;4.02;2.92;4.01;0;0;0
Albert Heijn;KarvanCevitam;wk 50 17;90692;2.92;4.05;2.95;4.09;0;0;0
Albert Heijn;KarvanCevitam;wk 51 17;123824;2.93;4.05;2.95;4.05;0;0;0
Albert Heijn;KarvanCevitam;wk 52 17;84932;2.93;4.06;2.95;4.1;0;0;0
Albert Heijn;KarvanCevitam;wk 01 18;99089;2.95;3.97;2.96;3.98;0;0;0
Albert Heijn;KarvanCevitam;wk 02 18;107286;2.94;4.06;2.94;4.04;0;6;0
Albert Heijn;KarvanCevitam;wk 03 18;110585;2.95;4.07;2.94;4.05;0;0;0
Albert Heijn;KarvanCevitam;wk 04 18;114625;2.95;4.07;2.96;4.06;0;0;0
Albert Heijn;KarvanCevitam;wk 05 18;113724;2.95;4.07;2.95;4.05;0;0;0
Albert Heijn;KarvanCevitam;wk 06 18;479688;2.3;3.12;2.96;4.07;98;0;36
Albert Heijn;KarvanCevitam;wk 07 18;93398;2.91;4.04;3.05;4.21;0;12;0
Albert Heijn;KarvanCevitam;wk 08 18;102633;2.95;4.12;2.96;4.07;0;0;0
Albert Heijn;KarvanCevitam;wk 09 18;102530;2.95;4.08;2.96;4.12;0;0;0
Albert Heijn;KarvanCevitam;wk 10 18;115783;2.94;4.08;2.96;4.07;0;0;0
Albert Heijn;KarvanCevitam;wk 11 18;115016;2.93;4.06;2.95;4.08;0;0;0
Albert Heijn;KarvanCevitam;wk 12 18;114045;2.94;4.07;2.95;4.09;0;0;0
Albert Heijn;KarvanCevitam;wk 13 18;428202;2.32;3.14;2.96;4.1;98;0;51
Albert Heijn;KarvanCevitam;wk 14 18;111345;2.79;3.89;2.92;4.04;0;2;0
Albert Heijn;KarvanCevitam;wk 15 18;106366;2.95;4.12;2.93;4.05;0;0;0
Albert Heijn;KarvanCevitam;wk 16 18;136518;2.95;4.13;2.94;4.09;0;1;0
Albert Heijn;KarvanCevitam;wk 17 18;120803;2.93;4.13;2.97;4.16;0;6;0
Albert Heijn;KarvanCevitam;wk 18 18;113675;2.96;4.18;2.96;4.15;0;2;0
Albert Heijn;KarvanCevitam;wk 19 18;498703;2.32;3.16;2.98;4.2;98;0;66
Albert Heijn;KarvanCevitam;wk 20 18;105178;2.9;4.15;2.97;4.19;0;7;0
Albert Heijn;KarvanCevitam;wk 21 18;144863;2.92;4.15;2.97;4.17;0;4;0
Albert Heijn;KarvanCevitam;wk 22 18;160910;2.93;4.13;2.97;4.17;0;0;0
Albert Heijn;KarvanCevitam;wk 23 18;142103;2.96;4.16;2.96;4.14;0;1;0
Albert Heijn;KarvanCevitam;wk 24 18;544207;2.31;3.13;2.96;4.16;98;0;93
Albert Heijn;KarvanCevitam;wk 25 18;101661;2.93;4.16;2.93;4.13;0;3;0
Albert Heijn;KarvanCevitam;wk 26 18;230737;2.42;3.34;2.93;4.08;0;15;0
Albert Heijn;KarvanCevitam;wk 27 18;139285;2.91;4.12;2.96;4.16;0;0;0
Albert Heijn;KarvanCevitam;wk 28 18;118973;2.96;4.27;2.96;4.17;0;1;0
Albert Heijn;KarvanCevitam;wk 29 18;474426;2.33;3.21;2.97;4.24;98;7;95
Albert Heijn;KarvanCevitam;wk 30 18;144795;2.94;4.28;2.97;4.24;0;1;0
Albert Heijn;KarvanCevitam;wk 31 18;139609;2.94;4.16;2.95;4.18;0;1;0
Albert Heijn;KarvanCevitam;wk 32 18;123557;2.95;4.04;2.96;4.05;0;1;0
Albert Heijn;KarvanCevitam;wk 33 18;113997;2.94;4.09;2.96;4.15;0;0;0
Albert Heijn;KarvanCevitam;wk 34 18;117694;2.94;4.1;2.96;4.11;0;2;0
Albert Heijn;KarvanCevitam;wk 35 18;115065;2.94;4.1;2.96;4.11;0;0;0
Albert Heijn;KarvanCevitam;wk 36 18;118271;2.95;4.09;2.96;4.09;0;3;0
Albert Heijn;KarvanCevitam;wk 37 18;439672;2.32;3.13;2.96;4.11;99;0;98
Albert Heijn;KarvanCevitam;wk 38 18;98259;2.92;4.06;2.95;4.08;0;1;0
Albert Heijn;KarvanCevitam;wk 39 18;103064;2.93;4.06;2.96;4.08;0;1;0
Albert Heijn;KarvanCevitam;wk 40 18;106297;2.92;4.04;2.95;4.08;0;0;0
Albert Heijn;KarvanCevitam;wk 41 18;107236;2.92;4.05;2.95;4.06;0;2;0
Albert Heijn;KarvanCevitam;wk 42 18;108973;2.93;4.08;2.94;4.09;0;2;0
Albert Heijn;KarvanCevitam;wk 43 18;102197;2.95;4.08;2.95;4.05;0;3;0
Albert Heijn;KarvanCevitam;wk 44 18;381145;2.32;3.13;2.95;4.08;98;0;84
Albert Heijn;KarvanCevitam;wk 45 18;90287;2.92;4.04;2.95;4.08;0;3;0
Albert Heijn;KarvanCevitam;wk 46 18;94400;2.95;4.07;2.94;4.05;0;4;0
Albert Heijn;KarvanCevitam;wk 47 18;323063;2.33;3.14;2.95;4.04;100;0;74
Albert Heijn;KarvanCevitam;wk 48 18;83970;2.91;4.05;2.94;4.05;0;1;0
Albert Heijn;KarvanCevitam;wk 49 18;92094;2.91;4.02;2.95;4.06;0;0;0
Albert Heijn;KarvanCevitam;wk 50 18;93821;2.93;4.05;2.94;4.06;0;0;0
Albert Heijn;KarvanCevitam;wk 51 18;390732;2.33;3.14;2.94;4.06;99;0;99
Albert Heijn;KarvanCevitam;wk 52 18;114169;2.62;3.61;2.9;4;100;0;4
Albert Heijn;KarvanCevitam;wk 01 19;83262;2.99;4.15;2.92;4.01;0;0;0
Albert Heijn;KarvanCevitam;wk 02 19;90501;3;4.16;2.93;4.07;0;0;0
Albert Heijn;KarvanCevitam;wk 03 19;97154;3.01;4.16;3;4.14;0;0;0
Albert Heijn;KarvanCevitam;wk 04 19;101469;3.03;4.18;3.01;4.13;0;0;0
Albert Heijn;KarvanCevitam;wk 05 19;400506;2.43;3.28;3.02;4.15;94;0;87
Albert Heijn;KarvanCevitam;wk 06 19;85295;2.98;4.16;3.07;4.24;0;11;0
Albert Heijn;KarvanCevitam;wk 07 19;611128;1.7;2.3;2.93;4.05;99;0;1
Albert Heijn;KarvanCevitam;wk 08 19;86568;2.92;4.14;2.98;4.17;0;4;0
Albert Heijn;KarvanCevitam;wk 09 19;317410;2.45;3.33;2.99;4.2;98;0;54
Albert Heijn;KarvanCevitam;wk 10 19;79216;2.93;4.16;2.97;4.12;0;1;0
Albert Heijn;KarvanCevitam;wk 11 19;79409;2.96;4.14;2.99;4.17;0;0;0
Albert Heijn;KarvanCevitam;wk 12 19;93052;2.96;4.13;2.97;4.13;0;1;0
Albert Heijn;KarvanCevitam;wk 13 19;99146;2.99;4.18;2.99;4.18;0;1;0
Albert Heijn;KarvanCevitam;wk 14 19;361283;2.44;3.31;2.99;4.18;97;1;81
Albert Heijn;KarvanCevitam;wk 15 19;88995;2.96;4.17;3;4.17;0;1;0
Albert Heijn;KarvanCevitam;wk 16 19;101855;2.99;4.24;2.99;4.18;0;1;0
Albert Heijn;KarvanCevitam;wk 17 19;510115;1.76;2.39;3.02;4.26;0;25;0
Albert Heijn;KarvanCevitam;wk 18 19;93780;2.96;4.18;2.98;4.18;0;3;0
Albert Heijn;KarvanCevitam;wk 19 19;314446;2.45;3.33;2.98;4.22;94;0;92
Albert Heijn;KarvanCevitam;wk 20 19;87580;2.93;4.15;2.98;4.15;0;3;0
Albert Heijn;KarvanCevitam;wk 21 19;98531;2.93;4.15;2.98;4.2;0;1;0
Albert Heijn;KarvanCevitam;wk 22 19;111213;2.94;4.18;2.96;4.15;0;0;0
Albert Heijn;KarvanCevitam;wk 23 19;120186;2.96;4.13;2.98;4.18;0;0;0
Albert Heijn;KarvanCevitam;wk 24 19;328445;2.48;3.37;2.98;4.17;98;50;88
Albert Heijn;KarvanCevitam;wk 25 19;113735;2.97;4.2;2.97;4.15;0;0;0
Albert Heijn;KarvanCevitam;wk 26 19;133831;2.98;4.26;2.97;4.16;0;3;0
Albert Heijn;KarvanCevitam;wk 27 19;578714;2.06;2.8;3.02;4.3;93;1;67
Albert Heijn;KarvanCevitam;wk 28 19;85482;2.97;4.31;3;4.32;0;1;0
Albert Heijn;KarvanCevitam;wk 29 19;89236;2.99;4.35;3;4.27;0;5;0
Albert Heijn;KarvanCevitam;wk 30 19;138902;2.99;4.3;3;4.28;0;3;0
Albert Heijn;KarvanCevitam;wk 31 19;291911;2.48;3.43;3;4.32;97;4;44
Albert Heijn;KarvanCevitam;wk 32 19;92136;2.95;4.2;3.03;4.29;0;4;0
Albert Heijn;KarvanCevitam;wk 33 19;90096;2.98;4.23;2.99;4.21;0;2;0
Albert Heijn;KarvanCevitam;wk 34 19;108784;2.98;4.18;2.99;4.26;0;2;0
Albert Heijn;KarvanCevitam;wk 35 19;130937;2.99;4.15;3;4.19;0;3;0
Albert Heijn;KarvanCevitam;wk 36 19;116804;2.93;4.06;3;4.1;0;2;0
Albert Heijn;KarvanCevitam;wk 37 19;350426;2.45;3.32;3;4.15;97;4;92
Albert Heijn;KarvanCevitam;wk 38 19;83147;2.97;4.12;2.99;4.12;0;1;0
Albert Heijn;KarvanCevitam;wk 39 19;92998;2.91;4.02;2.98;4.14;0;0;0
Albert Heijn;KarvanCevitam;wk 40 19;95646;2.92;4.05;2.97;4.13;0;0;0
Albert Heijn;KarvanCevitam;wk 41 19;97591;2.92;4.07;2.96;4.14;0;0;0
Albert Heijn;KarvanCevitam;wk 42 19;95850;2.95;4.14;2.95;4.11;0;0;0
Albert Heijn;KarvanCevitam;wk 43 19;306752;2.05;2.78;2.96;4.15;97;0;65
Albert Heijn;KarvanCevitam;wk 44 19;89706;2.95;4.13;2.95;4.1;0;0;0
Albert Heijn;KarvanCevitam;wk 45 19;126894;2.62;3.6;2.96;4.12;100;11;58
Albert Heijn;KarvanCevitam;wk 46 19;98051;2.85;3.96;2.96;4.13;0;0;0
Albert Heijn;KarvanCevitam;wk 47 19;96986;2.96;4.11;2.96;4.1;0;0;0
Albert Heijn;KarvanCevitam;wk 48 19;337193;2.43;3.29;2.96;4.12;96;0;81
Albert Heijn;KarvanCevitam;wk 49 19;85683;2.88;4.04;2.96;4.13;0;0;0
Albert Heijn;KarvanCevitam;wk 50 19;90644;2.95;4.14;2.95;4.12;0;0;0
Albert Heijn;KarvanCevitam;wk 51 19;345269;2.43;3.3;2.96;4.13;96;2;62
Albert Heijn;KarvanCevitam;wk 52 19;153057;2.55;3.51;2.95;4.12;95;0;36
Albert Heijn;KarvanCevitam;wk 01 20;85791;2.86;4.03;2.89;4.02;0;0;0
Albert Heijn;KarvanCevitam;wk 02 20;93850;2.88;4.03;2.92;4.06;0;0;0
Albert Heijn;KarvanCevitam;wk 03 20;96622;2.94;4.11;2.92;4.08;0;0;0
Albert Heijn;KarvanCevitam;wk 04 20;365924;2.54;3.43;2.92;4.05;100;0;86
Albert Heijn;KarvanCevitam;wk 05 20;87608;2.86;4.03;2.93;4.1;0;0;0
Albert Heijn;KarvanCevitam;wk 06 20;94185;2.88;4.05;2.94;4.12;0;0;0
Albert Heijn;KarvanCevitam;wk 07 20;97476;2.94;4.14;2.92;4.1;0;0;0
Albert Heijn;KarvanCevitam;wk 08 20;328299;2.54;3.46;2.93;4.15;100;0;97
Albert Heijn;KarvanCevitam;wk 09 20;96257;2.92;4.12;2.91;4.09;0;0;0
Albert Heijn;KarvanCevitam;wk 10 20;97856;2.94;4.13;2.95;4.17;0;0;0
Albert Heijn;KarvanCevitam;wk 11 20;363456;2.25;3.1;2.95;4.11;100;5;7
Albert Heijn;KarvanCevitam;wk 12 20;148100;2.84;3.95;2.94;4.09;0;0;0
Albert Heijn;KarvanCevitam;wk 13 20;129480;2.95;4.06;2.95;4.04;0;0;0
Albert Heijn;KarvanCevitam;wk 14 20;395685;2.54;3.42;2.95;4.06;8;0;0
Albert Heijn;KarvanCevitam;wk 15 20;108335;2.94;4.07;2.95;4.06;0;0;0
Albert Heijn;KarvanCevitam;wk 16 20;108729;2.95;4.08;2.95;4.06;0;0;0
Albert Heijn;KarvanCevitam;wk 17 20;129151;2.95;4.08;2.94;4.06;0;0;0
Albert Heijn;KarvanCevitam;wk 18 20;117809;2.95;4.07;2.95;4.04;0;0;0
Albert Heijn;KarvanCevitam;wk 19 20;429473;2.54;3.43;2.95;4.11;9;0;0
Albert Heijn;KarvanCevitam;wk 20 20;100281;2.9;4.04;2.95;4.08;0;0;0
Albert Heijn;KarvanCevitam;wk 21 20;122063;2.91;4.03;2.96;4.07;0;0;0
Albert Heijn;KarvanCevitam;wk 22 20;129809;2.97;4.14;3.01;4.19;0;0;0
Albert Heijn;KarvanCevitam;wk 23 20;127308;2.99;4.17;3;4.16;0;0;0
Albert Heijn;KarvanCevitam;wk 24 20;405137;2.55;3.49;3;4.22;100;0;71
Albert Heijn;KarvanCevitam;wk 25 20;105575;3.08;4.33;2.99;4.17;0;4;0
Albert Heijn;KarvanCevitam;wk 26 20;144961;3.13;4.42;3.01;4.23;0;5;0
Albert Heijn;KarvanCevitam;wk 27 20;112581;3.17;4.45;3.09;4.33;0;0;0
Albert Heijn;KarvanCevitam;wk 28 20;571709;2.15;2.92;3.16;4.47;96;3;75
Albert Heijn;KarvanCevitam;wk 29 20;88630;3.05;4.35;3.18;4.55;0;7;0
Albert Heijn;KarvanCevitam;wk 30 20;91915;3.07;4.38;3.15;4.46;0;3;0
Albert Heijn;KarvanCevitam;wk 31 20;100999;3.02;4.29;3.11;4.41;0;3;0
Albert Heijn;KarvanCevitam;wk 32 20;323070;2.46;3.51;3.07;4.31;77;12;71
Albert Heijn;KarvanCevitam;wk 33 20;153020;2.97;4.18;3.05;4.28;0;7;0
Albert Heijn;KarvanCevitam;wk 34 20;126995;2.98;4.14;3.07;4.35;0;0;0
Albert Heijn;KarvanCevitam;wk 35 20;111162;3.01;4.18;3.04;4.24;0;0;0
Albert Heijn;KarvanCevitam;wk 36 20;364312;2.55;3.47;3.02;4.24;100;3;57
Albert Heijn;KarvanCevitam;wk 37 20;88372;2.98;4.14;3;4.18;0;5;0
Albert Heijn;KarvanCevitam;wk 38 20;100535;2.99;4.14;3.01;4.16;0;5;0
Albert Heijn;KarvanCevitam;wk 39 20;212266;2.31;3.23;3.03;4.2;0;33;0
Albert Heijn;KarvanCevitam;wk 40 20;106270;2.92;4.02;3.05;4.23;0;3;0
Albert Heijn;KarvanCevitam;wk 41 20;104216;2.91;3.99;2.97;4.1;0;3;0
Albert Heijn;KarvanCevitam;wk 42 20;101834;2.95;4.04;2.97;4.09;0;3;0
Albert Heijn;KarvanCevitam;wk 43 20;361670;2.55;3.46;2.97;4.09;91;0;77
Albert Heijn;KarvanCevitam;wk 44 20;91399;2.95;4.06;2.96;4.08;0;4;0
Albert Heijn;KarvanCevitam;wk 45 20;94140;2.99;4.11;2.96;4.06;0;3;0
Albert Heijn;KarvanCevitam;wk 46 20;100594;3;4.11;2.96;4.05;0;3;0
Albert Heijn;KarvanCevitam;wk 47 20;616110;1.99;2.7;3.01;4.14;99;0;90
Albert Heijn;KarvanCevitam;wk 48 20;80962;2.95;4.06;3.04;4.18;0;10;0
Albert Heijn;KarvanCevitam;wk 49 20;88428;3;4.1;3.01;4.11;0;2;0
Albert Heijn;KarvanCevitam;wk 50 20;94574;3;4.09;3.01;4.12;0;2;0
Albert Heijn;KarvanCevitam;wk 51 20;370205;2.55;3.45;3.01;4.1;90;0;62
Albert Heijn;KarvanCevitam;wk 52 20;86309;3;4.11;3;4.1;0;1;0
Albert Heijn;Raak;wk 01 17;53335;1.44;1.93;1.37;1.83;0;0;0
Albert Heijn;Raak;wk 02 17;60633;1.44;1.92;1.38;1.83;0;0;0
Albert Heijn;Raak;wk 03 17;62376;1.49;1.98;1.44;1.92;0;0;0
Albert Heijn;Raak;wk 04 17;65311;1.49;1.98;1.45;1.93;0;0;0
Albert Heijn;Raak;wk 05 17;62835;1.46;1.94;1.49;1.98;0;0;0
Albert Heijn;Raak;wk 06 17;60460;1.46;1.94;1.49;1.98;0;0;0
Albert Heijn;Raak;wk 07 17;63533;1.46;1.94;1.49;1.98;0;0;0
Albert Heijn;Raak;wk 08 17;66152;1.45;1.93;1.48;1.97;0;0;0
Albert Heijn;Raak;wk 09 17;187066;1.13;1.51;1.46;1.95;80;6;98
Albert Heijn;Raak;wk 10 17;55452;1.44;1.92;1.45;1.93;0;0;0
Albert Heijn;Raak;wk 11 17;61274;1.45;1.94;1.46;1.94;0;0;0
Albert Heijn;Raak;wk 12 17;103495;1.31;1.75;1.46;1.94;0;89;0
Albert Heijn;Raak;wk 13 17;69470;1.45;1.93;1.45;1.93;0;1;0
Albert Heijn;Raak;wk 14 17;70741;1.45;1.93;1.45;1.93;0;0;0
Albert Heijn;Raak;wk 15 17;68448;1.45;1.93;1.47;1.96;0;0;0
Albert Heijn;Raak;wk 16 17;326215;1;1.34;1.45;1.94;88;90;96
Albert Heijn;Raak;wk 17 17;54522;1.37;1.83;1.43;1.91;0;1;0
Albert Heijn;Raak;wk 18 17;54393;1.41;1.88;1.45;1.93;0;0;0
Albert Heijn;Raak;wk 19 17;62261;1.42;1.89;1.45;1.93;0;0;0
Albert Heijn;Raak;wk 20 17;74229;1.42;1.9;1.42;1.89;0;0;0
Albert Heijn;Raak;wk 21 17;83381;1.42;1.9;1.42;1.9;0;0;0
Albert Heijn;Raak;wk 22 17;81765;1.42;1.9;1.42;1.9;0;0;0
Albert Heijn;Raak;wk 23 17;74935;1.42;1.9;1.42;1.9;0;0;0
Albert Heijn;Raak;wk 24 17;71629;1.42;1.9;1.42;1.9;0;0;0
Albert Heijn;Raak;wk 25 17;84675;1.42;1.9;1.43;1.9;0;0;0
Albert Heijn;Raak;wk 26 17;72021;1.42;1.9;1.43;1.9;0;0;0
Albert Heijn;Raak;wk 27 17;77898;1.43;1.9;1.43;1.9;0;0;0
Albert Heijn;Raak;wk 28 17;70732;1.42;1.9;1.42;1.9;0;0;0
Albert Heijn;Raak;wk 29 17;69095;1.42;1.9;1.42;1.9;0;0;0
Albert Heijn;Raak;wk 30 17;59173;1.42;1.9;1.43;1.9;0;0;0
Albert Heijn;Raak;wk 31 17;56643;1.42;1.9;1.43;1.9;0;0;0
Albert Heijn;Raak;wk 32 17;55855;1.43;1.9;1.42;1.9;0;0;0
Albert Heijn;Raak;wk 33 17;58910;1.43;1.9;1.43;1.9;0;0;0
Albert Heijn;Raak;wk 34 17;67360;1.43;1.9;1.42;1.9;0;0;0
Albert Heijn;Raak;wk 35 17;71424;1.43;1.9;1.43;1.9;0;0;0
Albert Heijn;Raak;wk 36 17;64902;1.43;1.9;1.42;1.9;0;0;0
Albert Heijn;Raak;wk 37 17;61655;1.43;1.9;1.43;1.9;0;0;0
Albert Heijn;Raak;wk 38 17;63319;1.43;1.9;1.42;1.9;0;0;0
Albert Heijn;Raak;wk 39 17;222136;1.1;1.47;1.43;1.9;64;0;96
Albert Heijn;Raak;wk 40 17;57549;1.38;1.84;1.4;1.87;0;0;0
Albert Heijn;Raak;wk 41 17;54808;1.41;1.88;1.42;1.89;0;0;0
Albert Heijn;Raak;wk 42 17;60581;1.42;1.89;1.42;1.9;0;0;0
Albert Heijn;Raak;wk 43 17;61877;1.42;1.9;1.42;1.89;0;0;0
Albert Heijn;Raak;wk 44 17;64562;1.42;1.9;1.42;1.9;0;0;0
Albert Heijn;Raak;wk 45 17;65986;1.42;1.9;1.42;1.9;0;0;0
Albert Heijn;Raak;wk 46 17;67820;1.42;1.9;1.42;1.9;0;0;0
Albert Heijn;Raak;wk 47 17;67582;1.42;1.9;1.42;1.89;0;2;0
Albert Heijn;Raak;wk 48 17;62784;1.41;1.88;1.42;1.9;0;0;0
Albert Heijn;Raak;wk 49 17;63120;1.41;1.88;1.42;1.9;0;0;0
Albert Heijn;Raak;wk 50 17;64764;1.41;1.88;1.42;1.89;0;0;0
Albert Heijn;Raak;wk 51 17;78225;1.41;1.88;1.43;1.9;0;0;0
Albert Heijn;Raak;wk 52 17;49505;1.41;1.88;1.41;1.89;0;0;0
Albert Heijn;Raak;wk 01 18;55661;1.41;1.88;1.41;1.88;0;0;0
Albert Heijn;Raak;wk 02 18;63439;1.44;1.93;1.41;1.88;0;0;0
Albert Heijn;Raak;wk 03 18;65025;1.45;1.93;1.42;1.89;0;0;0
Albert Heijn;Raak;wk 04 18;68616;1.45;1.93;1.44;1.92;0;0;0
Albert Heijn;Raak;wk 05 18;66430;1.45;1.93;1.45;1.93;0;0;0
Albert Heijn;Raak;wk 06 18;64793;1.45;1.93;1.45;1.93;0;0;0
Albert Heijn;Raak;wk 07 18;63916;1.45;1.93;1.44;1.93;0;0;0
Albert Heijn;Raak;wk 08 18;337502;0.99;1.33;1.45;1.93;87;0;98
Albert Heijn;Raak;wk 09 18;59543;1.38;1.83;1.44;1.92;0;1;0
Albert Heijn;Raak;wk 10 18;66455;1.41;1.88;1.45;1.93;0;0;0
Albert Heijn;Raak;wk 11 18;68390;1.42;1.89;1.44;1.92;0;0;0
Albert Heijn;Raak;wk 12 18;71022;1.42;1.9;1.43;1.9;0;0;0
Albert Heijn;Raak;wk 13 18;70233;1.43;1.9;1.43;1.91;0;0;0
Albert Heijn;Raak;wk 14 18;66875;1.43;1.9;1.43;1.91;0;0;0
Albert Heijn;Raak;wk 15 18;72363;1.42;1.9;1.43;1.9;0;3;0
Albert Heijn;Raak;wk 16 18;83229;1.43;1.9;1.43;1.91;0;0;0
Albert Heijn;Raak;wk 17 18;75168;1.42;1.9;1.43;1.91;0;0;0
Albert Heijn;Raak;wk 18 18;69807;1.42;1.9;1.43;1.91;0;0;0
Albert Heijn;Raak;wk 19 18;79902;1.43;1.9;1.42;1.9;0;0;0
Albert Heijn;Raak;wk 20 18;75521;1.43;1.9;1.43;1.91;0;0;0
Albert Heijn;Raak;wk 21 18;87648;1.42;1.9;1.43;1.91;0;0;0
Albert Heijn;Raak;wk 22 18;92100;1.42;1.89;1.43;1.91;0;0;0
Albert Heijn;Raak;wk 23 18;85262;1.43;1.91;1.43;1.91;0;0;0
Albert Heijn;Raak;wk 24 18;75525;1.43;1.91;1.43;1.91;0;0;0
Albert Heijn;Raak;wk 25 18;75792;1.43;1.91;1.43;1.91;0;0;0
Albert Heijn;Raak;wk 26 18;80089;1.43;1.91;1.43;1.91;0;0;0
Albert Heijn;Raak;wk 27 18;88112;1.43;1.91;1.44;1.92;0;0;0
Albert Heijn;Raak;wk 28 18;73811;1.43;1.91;1.44;1.92;0;0;0
Albert Heijn;Raak;wk 29 18;85310;1.43;1.91;1.44;1.92;0;0;0
Albert Heijn;Raak;wk 30 18;91340;1.43;1.91;1.44;1.91;0;0;0
Albert Heijn;Raak;wk 31 18;85290;1.43;1.91;1.43;1.91;0;0;0
Albert Heijn;Raak;wk 32 18;80063;1.43;1.91;1.43;1.91;0;0;0
Albert Heijn;Raak;wk 33 18;72477;1.43;1.9;1.43;1.91;0;0;0
Albert Heijn;Raak;wk 34 18;73196;1.43;1.91;1.43;1.91;0;0;0
Albert Heijn;Raak;wk 35 18;68361;1.43;1.91;1.43;1.9;0;0;0
Albert Heijn;Raak;wk 36 18;231116;1.02;1.36;1.43;1.9;62;9;87
Albert Heijn;Raak;wk 37 18;64220;1.42;1.9;1.43;1.9;0;0;0
Albert Heijn;Raak;wk 38 18;69356;1.43;1.91;1.43;1.91;0;0;0
Albert Heijn;Raak;wk 39 18;67488;1.39;1.86;1.43;1.91;0;0;0
Albert Heijn;Raak;wk 40 18;68253;1.39;1.85;1.43;1.91;0;0;0
Albert Heijn;Raak;wk 41 18;68745;1.39;1.86;1.43;1.91;0;0;0
Albert Heijn;Raak;wk 42 18;70520;1.39;1.86;1.44;1.92;0;0;0
Albert Heijn;Raak;wk 43 18;189828;1.09;1.45;1.4;1.87;80;0;93
Albert Heijn;Raak;wk 44 18;62433;1.39;1.86;1.4;1.86;0;1;0
Albert Heijn;Raak;wk 45 18;68434;1.4;1.87;1.4;1.86;0;0;0
Albert Heijn;Raak;wk 46 18;76390;1.39;1.86;1.41;1.88;0;0;0
Albert Heijn;Raak;wk 47 18;76332;1.39;1.86;1.4;1.87;0;0;0
Albert Heijn;Raak;wk 48 18;77397;1.39;1.86;1.4;1.87;0;0;0
Albert Heijn;Raak;wk 49 18;71074;1.39;1.86;1.4;1.87;0;0;0
Albert Heijn;Raak;wk 50 18;68393;1.42;1.89;1.39;1.85;0;0;0
Albert Heijn;Raak;wk 51 18;78261;1.42;1.9;1.39;1.86;0;0;0
Albert Heijn;Raak;wk 52 18;54488;1.42;1.9;1.42;1.89;0;0;0
Albert Heijn;Raak;wk 01 19;62774;1.45;1.94;1.42;1.89;0;0;0
Albert Heijn;Raak;wk 02 19;68599;1.46;1.95;1.42;1.89;0;0;0
Albert Heijn;Raak;wk 03 19;68796;1.46;1.95;1.45;1.94;0;0;0
Albert Heijn;Raak;wk 04 19;74129;1.46;1.95;1.46;1.95;0;0;0
Albert Heijn;Raak;wk 05 19;72618;1.46;1.95;1.46;1.94;0;0;0
Albert Heijn;Raak;wk 06 19;71915;1.46;1.94;1.46;1.95;0;0;0
Albert Heijn;Raak;wk 07 19;69363;1.46;1.94;1.46;1.95;0;0;0
Albert Heijn;Raak;wk 08 19;68633;1.46;1.94;1.46;1.95;0;0;0
Albert Heijn;Raak;wk 09 19;71545;1.46;1.94;1.46;1.95;0;0;0
Albert Heijn;Raak;wk 10 19;66630;1.46;1.94;1.46;1.94;0;0;0
Albert Heijn;Raak;wk 11 19;65351;1.46;1.94;1.45;1.94;0;0;0
Albert Heijn;Raak;wk 12 19;71889;1.45;1.93;1.46;1.95;0;2;0
Albert Heijn;Raak;wk 13 19;74135;1.44;1.91;1.45;1.94;0;4;0
Albert Heijn;Raak;wk 14 19;72044;1.45;1.93;1.46;1.94;0;0;0
Albert Heijn;Raak;wk 15 19;72023;1.45;1.93;1.45;1.94;0;0;0
Albert Heijn;Raak;wk 16 19;73266;1.45;1.93;1.46;1.94;0;0;0
Albert Heijn;Raak;wk 17 19;74715;1.45;1.93;1.45;1.93;0;0;0
Albert Heijn;Raak;wk 18 19;67573;1.45;1.93;1.45;1.93;0;0;0
Albert Heijn;Raak;wk 19 19;68556;1.45;1.93;1.45;1.93;0;0;0
Albert Heijn;Raak;wk 20 19;71264;1.45;1.93;1.45;1.93;0;6;0
Albert Heijn;Raak;wk 21 19;160850;1.09;1.45;1.45;1.94;86;0;53
Albert Heijn;Raak;wk 22 19;68056;1.55;2.06;1.45;1.93;0;6;0
Albert Heijn;Raak;wk 23 19;70851;1.55;2.07;1.45;1.93;0;0;0
Albert Heijn;Raak;wk 24 19;70730;1.55;2.07;1.55;2.07;0;4;0
Albert Heijn;Raak;wk 25 19;83202;1.55;2.07;1.56;2.07;0;5;0
Albert Heijn;Raak;wk 26 19;89309;1.66;2.22;1.56;2.08;0;6;0
Albert Heijn;Raak;wk 27 19;75981;1.66;2.22;1.56;2.08;0;5;0
Albert Heijn;Raak;wk 28 19;67327;1.67;2.23;1.67;2.22;0;6;0
Albert Heijn;Raak;wk 29 19;65537;1.67;2.23;1.66;2.22;0;5;0
Albert Heijn;Raak;wk 30 19;91020;1.67;2.23;1.67;2.23;0;7;0
Albert Heijn;Raak;wk 31 19;65414;1.67;2.23;1.68;2.24;0;6;0
Albert Heijn;Raak;wk 32 19;65055;1.66;2.21;1.68;2.25;0;7;0
Albert Heijn;Raak;wk 33 19;62578;1.66;2.21;1.69;2.25;0;6;0
Albert Heijn;Raak;wk 34 19;74583;1.66;2.21;1.68;2.23;0;0;0
Albert Heijn;Raak;wk 35 19;85324;1.64;2.18;1.67;2.23;0;0;0
Albert Heijn;Raak;wk 36 19;73856;1.48;1.97;1.67;2.22;0;6;0
Albert Heijn;Raak;wk 37 19;69704;1.48;1.98;1.64;2.18;0;4;0
Albert Heijn;Raak;wk 38 19;69860;1.49;1.99;1.66;2.21;0;0;0
Albert Heijn;Raak;wk 39 19;263226;0.98;1.31;1.64;2.19;81;0;76
Albert Heijn;Raak;wk 40 19;58053;1.46;1.95;1.5;2;0;0;0
Albert Heijn;Raak;wk 41 19;60972;1.49;1.99;1.5;2;0;0;0
Albert Heijn;Raak;wk 42 19;63412;1.49;1.99;1.5;2;0;0;0
Albert Heijn;Raak;wk 43 19;65273;1.5;1.99;1.5;2;0;0;0
Albert Heijn;Raak;wk 44 19;70235;1.5;2;1.5;2;0;0;0
Albert Heijn;Raak;wk 45 19;103969;1.32;1.76;1.5;2;55;6;96
Albert Heijn;Raak;wk 46 19;69765;1.48;1.97;1.48;1.98;0;2;0
Albert Heijn;Raak;wk 47 19;70819;1.49;1.98;1.49;1.99;0;2;0
Albert Heijn;Raak;wk 48 19;72509;1.49;1.98;1.49;1.98;0;2;0
Albert Heijn;Raak;wk 49 19;73753;1.49;1.99;1.49;1.98;0;0;0
Albert Heijn;Raak;wk 50 19;75792;1.49;1.99;1.5;2;0;0;0
Albert Heijn;Raak;wk 51 19;79920;1.49;1.99;1.49;1.99;0;0;0
Albert Heijn;Raak;wk 52 19;62661;1.49;1.99;1.49;1.99;0;0;0
Albert Heijn;Raak;wk 01 20;69241;1.49;1.99;1.49;1.99;0;0;0
Albert Heijn;Raak;wk 02 20;74445;1.49;1.99;1.49;1.99;0;0;0
Albert Heijn;Raak;wk 03 20;75815;1.49;1.99;1.49;1.99;0;0;0
Albert Heijn;Raak;wk 04 20;78727;1.49;1.99;1.49;1.99;0;0;0
Albert Heijn;Raak;wk 05 20;75450;1.49;1.99;1.49;1.99;0;0;0
Albert Heijn;Raak;wk 06 20;76361;1.49;1.99;1.49;1.99;0;0;0
Albert Heijn;Raak;wk 07 20;74090;1.49;1.99;1.49;1.99;0;0;0
Albert Heijn;Raak;wk 08 20;74473;1.5;2.01;1.49;1.99;0;0;0
Albert Heijn;Raak;wk 09 20;80323;1.51;2.01;1.49;1.99;0;0;0
Albert Heijn;Raak;wk 10 20;77249;1.5;2.01;1.51;2.02;0;0;0
Albert Heijn;Raak;wk 11 20;119992;1.51;2.01;1.52;2.02;0;0;0
Albert Heijn;Raak;wk 12 20;100557;1.51;2.01;1.52;2.02;0;0;0
Albert Heijn;Raak;wk 13 20;86567;1.51;2.01;1.51;2.01;0;0;0
Albert Heijn;Raak;wk 14 20;78999;1.51;2.01;1.52;2.02;0;0;0
Albert Heijn;Raak;wk 15 20;85213;1.51;2.01;1.51;2.01;0;0;0
Albert Heijn;Raak;wk 16 20;269619;1.01;1.35;1.51;2.01;9;0;0
Albert Heijn;Raak;wk 17 20;80390;1.48;1.98;1.49;1.99;0;0;0
Albert Heijn;Raak;wk 18 20;72898;1.51;2.01;1.5;1.99;0;0;0
Albert Heijn;Raak;wk 19 20;76747;1.51;2.01;1.51;2.01;0;0;0
Albert Heijn;Raak;wk 20 20;80407;1.51;2.01;1.51;2.02;0;0;0
Albert Heijn;Raak;wk 21 20;88086;1.5;2.01;1.51;2.01;0;0;0
Albert Heijn;Raak;wk 22 20;181514;1.19;1.59;1.51;2.01;9;0;0
Albert Heijn;Raak;wk 23 20;85045;1.45;1.94;1.5;2;0;6;0
Albert Heijn;Raak;wk 24 20;76382;1.51;2.02;1.51;2.01;0;4;0
Albert Heijn;Raak;wk 25 20;85586;1.51;2.02;1.51;2.01;0;0;0
Albert Heijn;Raak;wk 26 20;108726;1.51;2.02;1.52;2.02;0;5;0
Albert Heijn;Raak;wk 27 20;87161;1.51;2.01;1.52;2.02;0;4;0
Albert Heijn;Raak;wk 28 20;76140;1.51;2.01;1.51;2.01;0;0;0
Albert Heijn;Raak;wk 29 20;71963;1.51;2.01;1.51;2.02;0;0;0
Albert Heijn;Raak;wk 30 20;73626;1.64;2.18;1.51;2.02;0;0;0
Albert Heijn;Raak;wk 31 20;76305;1.63;2.18;1.51;2.01;0;0;0
Albert Heijn;Raak;wk 32 20;90665;1.64;2.18;1.63;2.17;0;0;0
Albert Heijn;Raak;wk 33 20;110005;1.61;2.15;1.63;2.18;0;0;0
Albert Heijn;Raak;wk 34 20;95319;1.61;2.15;1.64;2.18;0;0;0
Albert Heijn;Raak;wk 35 20;87387;1.6;2.13;1.64;2.18;0;0;0
Albert Heijn;Raak;wk 36 20;82213;1.59;2.13;1.63;2.18;0;0;0
Albert Heijn;Raak;wk 37 20;266314;1.28;1.7;1.61;2.15;87;0;76
Albert Heijn;Raak;wk 38 20;69805;1.55;2.07;1.6;2.14;0;3;0
Albert Heijn;Raak;wk 39 20;78170;1.56;2.08;1.59;2.12;0;0;0
Albert Heijn;Raak;wk 40 20;79096;1.52;2.02;1.6;2.13;0;0;0
Albert Heijn;Raak;wk 41 20;75022;1.52;2.02;1.57;2.09;0;0;0
Albert Heijn;Raak;wk 42 20;227269;1.27;1.7;1.57;2.1;91;0;64
Albert Heijn;Raak;wk 43 20;66885;1.5;2;1.56;2.08;81;0;0
Albert Heijn;Raak;wk 44 20;74603;1.5;2;1.52;2.03;81;0;0
Albert Heijn;Raak;wk 45 20;77826;1.62;2.16;1.52;2.03;87;0;0
Albert Heijn;Raak;wk 46 20;79767;1.63;2.17;1.52;2.02;0;0;0
Albert Heijn;Raak;wk 47 20;73968;1.63;2.17;1.63;2.17;0;0;0
Albert Heijn;Raak;wk 48 20;84088;1.61;2.15;1.63;2.18;0;0;0
Albert Heijn;Raak;wk 49 20;77348;1.63;2.17;1.63;2.18;0;0;0
Albert Heijn;Raak;wk 50 20;80075;1.63;2.17;1.63;2.18;0;0;0
Albert Heijn;Raak;wk 51 20;86815;1.62;2.16;1.63;2.18;0;0;0
Albert Heijn;Raak;wk 52 20;75381;1.62;2.16;1.63;2.17;0;0;0
Albert Heijn;Slimpie;wk 01 17;14918;1.89;3.26;1.75;3.03;0;0;0
Albert Heijn;Slimpie;wk 02 17;15956;1.89;3.26;1.75;3.02;0;0;0
Albert Heijn;Slimpie;wk 03 17;15554;1.89;3.26;1.89;3.26;0;0;0
Albert Heijn;Slimpie;wk 04 17;15849;1.83;3.15;1.89;3.26;0;0;0
Albert Heijn;Slimpie;wk 05 17;16199;1.83;3.15;1.89;3.26;0;0;0
Albert Heijn;Slimpie;wk 06 17;15297;1.83;3.15;1.89;3.26;0;0;0
Albert Heijn;Slimpie;wk 07 17;16253;1.79;3.09;1.89;3.26;0;0;0
Albert Heijn;Slimpie;wk 08 17;16228;1.79;3.09;1.83;3.15;0;0;0
Albert Heijn;Slimpie;wk 09 17;15571;1.79;3.09;1.83;3.15;0;0;0
Albert Heijn;Slimpie;wk 10 17;15877;1.79;3.09;1.83;3.15;0;0;0
Albert Heijn;Slimpie;wk 11 17;16517;1.79;3.09;1.79;3.09;0;0;0
Albert Heijn;Slimpie;wk 12 17;46427;1.35;2.33;1.79;3.08;62;0;82
Albert Heijn;Slimpie;wk 13 17;16853;1.74;3.01;1.78;3.07;0;0;0
Albert Heijn;Slimpie;wk 14 17;17140;1.75;3.01;1.79;3.09;0;0;0
Albert Heijn;Slimpie;wk 15 17;16780;1.78;3.06;1.79;3.09;0;0;0
Albert Heijn;Slimpie;wk 16 17;15536;1.78;3.06;1.79;3.08;0;0;0
Albert Heijn;Slimpie;wk 17 17;15540;1.77;3.05;1.78;3.07;0;0;0
Albert Heijn;Slimpie;wk 18 17;16077;1.78;3.06;1.79;3.08;0;0;0
Albert Heijn;Slimpie;wk 19 17;16853;1.78;3.07;1.79;3.08;0;0;0
Albert Heijn;Slimpie;wk 20 17;18744;1.78;3.06;1.8;3.1;0;0;0
Albert Heijn;Slimpie;wk 21 17;21751;1.77;3.06;1.78;3.07;0;0;0
Albert Heijn;Slimpie;wk 22 17;21720;1.77;3.05;1.78;3.08;0;0;0
Albert Heijn;Slimpie;wk 23 17;17985;1.76;3.04;1.78;3.07;0;0;0
Albert Heijn;Slimpie;wk 24 17;17219;1.78;3.06;1.78;3.08;0;0;0
Albert Heijn;Slimpie;wk 25 17;19972;1.78;3.06;1.79;3.08;0;0;0
Albert Heijn;Slimpie;wk 26 17;16346;1.77;3.06;1.79;3.08;0;0;0
Albert Heijn;Slimpie;wk 27 17;18632;1.77;3.06;1.78;3.08;0;0;0
Albert Heijn;Slimpie;wk 28 17;17365;1.78;3.07;1.78;3.08;0;0;0
Albert Heijn;Slimpie;wk 29 17;18137;1.78;3.07;1.79;3.09;0;0;0
Albert Heijn;Slimpie;wk 30 17;15845;1.78;3.07;1.79;3.09;0;0;0
Albert Heijn;Slimpie;wk 31 17;15653;1.78;3.07;1.79;3.09;0;0;0
Albert Heijn;Slimpie;wk 32 17;15733;1.77;3.04;1.78;3.08;0;0;0
Albert Heijn;Slimpie;wk 33 17;15678;1.78;3.07;1.79;3.09;0;0;0
Albert Heijn;Slimpie;wk 34 17;17624;1.78;3.06;1.79;3.09;0;2;0
Albert Heijn;Slimpie;wk 35 17;17909;1.79;3.09;1.79;3.09;0;0;0
Albert Heijn;Slimpie;wk 36 17;25098;1.35;2.33;1.79;3.09;0;0;0
Albert Heijn;Slimpie;wk 37 17;15242;1.76;3.03;1.79;3.09;0;0;0
Albert Heijn;Slimpie;wk 38 17;15145;1.77;3.05;1.79;3.08;0;0;0
Albert Heijn;Slimpie;wk 39 17;15571;1.78;3.07;1.79;3.08;0;0;0
Albert Heijn;Slimpie;wk 40 17;15247;1.78;3.07;1.79;3.09;0;0;0
Albert Heijn;Slimpie;wk 41 17;15186;1.77;3.05;1.79;3.09;0;0;0
Albert Heijn;Slimpie;wk 42 17;15920;1.78;3.06;1.79;3.08;0;0;0
Albert Heijn;Slimpie;wk 43 17;16266;1.78;3.06;1.79;3.09;0;0;0
Albert Heijn;Slimpie;wk 44 17;15653;1.78;3.07;1.79;3.08;0;0;0
Albert Heijn;Slimpie;wk 45 17;15528;1.78;3.06;1.8;3.1;0;0;0
Albert Heijn;Slimpie;wk 46 17;15813;1.79;3.09;1.79;3.09;0;0;0
Albert Heijn;Slimpie;wk 47 17;32954;1.35;2.33;1.78;3.08;0;37;0
Albert Heijn;Slimpie;wk 48 17;15549;1.73;2.99;1.8;3.1;0;0;0
Albert Heijn;Slimpie;wk 49 17;15039;1.75;3.01;1.79;3.09;0;0;0
Albert Heijn;Slimpie;wk 50 17;15377;1.75;3.02;1.78;3.08;0;0;0
Albert Heijn;Slimpie;wk 51 17;18587;1.76;3.04;1.77;3.05;0;0;0
Albert Heijn;Slimpie;wk 52 17;12632;1.76;3.03;1.76;3.04;0;0;0
Albert Heijn;Slimpie;wk 01 18;15552;1.76;3.03;1.76;3.04;0;0;0
Albert Heijn;Slimpie;wk 02 18;17511;1.74;3.01;1.76;3.03;0;0;0
Albert Heijn;Slimpie;wk 03 18;16887;1.75;3.02;1.77;3.05;0;2;0
Albert Heijn;Slimpie;wk 04 18;16609;1.75;3.02;1.79;3.09;0;2;0
Albert Heijn;Slimpie;wk 05 18;15718;1.75;3.02;1.77;3.05;0;2;0
Albert Heijn;Slimpie;wk 06 18;15305;1.75;3.02;1.77;3.04;0;2;0
Albert Heijn;Slimpie;wk 07 18;15700;1.75;3.02;1.76;3.04;0;0;0
Albert Heijn;Slimpie;wk 08 18;15892;1.75;3.01;1.77;3.05;0;0;0
Albert Heijn;Slimpie;wk 09 18;15889;1.75;3.01;1.77;3.05;0;0;0
Albert Heijn;Slimpie;wk 10 18;16989;1.75;3.01;1.76;3.03;0;0;0
Albert Heijn;Slimpie;wk 11 18;16901;1.72;2.97;1.76;3.04;0;0;0
Albert Heijn;Slimpie;wk 12 18;17293;1.72;2.96;1.76;3.04;0;0;0
Albert Heijn;Slimpie;wk 13 18;17132;1.73;2.99;1.76;3.03;0;36;0
Albert Heijn;Slimpie;wk 14 18;16529;1.73;2.99;1.75;3.02;0;0;0
Albert Heijn;Slimpie;wk 15 18;17673;1.61;2.77;1.73;2.99;0;0;0
Albert Heijn;Slimpie;wk 16 18;20394;1.6;2.77;1.73;2.99;0;0;0
Albert Heijn;Slimpie;wk 17 18;18540;1.6;2.77;1.73;2.98;0;0;0
Albert Heijn;Slimpie;wk 18 18;17688;1.6;2.77;1.73;2.98;0;0;0
Albert Heijn;Slimpie;wk 19 18;20254;1.61;2.77;1.61;2.77;0;0;0
Albert Heijn;Slimpie;wk 20 18;18580;1.75;3.01;1.61;2.77;0;0;0
Albert Heijn;Slimpie;wk 21 18;21489;1.74;3;1.6;2.77;0;0;0
Albert Heijn;Slimpie;wk 22 18;24455;1.76;3.04;1.77;3.05;0;0;0
Albert Heijn;Slimpie;wk 23 18;22839;1.77;3.05;1.74;3;0;0;0
Albert Heijn;Slimpie;wk 24 18;20254;1.83;3.16;1.78;3.06;0;0;0
Albert Heijn;Slimpie;wk 25 18;18671;1.83;3.16;1.81;3.11;0;0;0
Albert Heijn;Slimpie;wk 26 18;20283;1.82;3.14;1.83;3.15;0;0;0
Albert Heijn;Slimpie;wk 27 18;23019;1.82;3.15;1.83;3.16;0;0;0
Albert Heijn;Slimpie;wk 28 18;19826;1.86;3.21;1.84;3.17;0;0;0
Albert Heijn;Slimpie;wk 29 18;23024;1.86;3.21;1.83;3.16;0;0;0
Albert Heijn;Slimpie;wk 30 18;27003;1.86;3.21;1.86;3.21;0;0;0
Albert Heijn;Slimpie;wk 31 18;24333;1.86;3.21;1.86;3.21;0;0;0
Albert Heijn;Slimpie;wk 32 18;47534;1.41;2.43;1.87;3.22;0;53;0
Albert Heijn;Slimpie;wk 33 18;18982;1.81;3.13;1.87;3.22;0;2;0
Albert Heijn;Slimpie;wk 34 18;18772;1.83;3.15;1.87;3.22;0;2;0
Albert Heijn;Slimpie;wk 35 18;17304;1.83;3.16;1.87;3.22;0;0;0
Albert Heijn;Slimpie;wk 36 18;16747;1.83;3.16;1.83;3.16;0;0;0
Albert Heijn;Slimpie;wk 37 18;16289;1.83;3.16;1.83;3.16;0;0;0
Albert Heijn;Slimpie;wk 38 18;17206;1.79;3.08;1.84;3.17;0;0;0
Albert Heijn;Slimpie;wk 39 18;16934;1.79;3.08;1.83;3.15;0;0;0
Albert Heijn;Slimpie;wk 40 18;16873;1.7;2.93;1.83;3.16;0;0;0
Albert Heijn;Slimpie;wk 41 18;16878;1.7;2.93;1.83;3.15;0;0;0
Albert Heijn;Slimpie;wk 42 18;17919;1.7;2.93;1.79;3.09;0;0;0
Albert Heijn;Slimpie;wk 43 18;17166;1.7;2.93;1.79;3.09;0;0;0
Albert Heijn;Slimpie;wk 44 18;16457;1.7;2.93;1.7;2.93;0;0;0
Albert Heijn;Slimpie;wk 45 18;16534;1.7;2.92;1.69;2.91;0;0;0
Albert Heijn;Slimpie;wk 46 18;16875;1.69;2.92;1.69;2.92;0;0;0
Albert Heijn;Slimpie;wk 47 18;44892;1.3;2.24;1.69;2.92;62;0;54
Albert Heijn;Slimpie;wk 48 18;16038;1.67;2.89;1.69;2.92;0;0;0
Albert Heijn;Slimpie;wk 49 18;15809;1.68;2.9;1.69;2.92;0;0;0
Albert Heijn;Slimpie;wk 50 18;16230;1.69;2.91;1.7;2.92;0;0;0
Albert Heijn;Slimpie;wk 51 18;18570;1.69;2.92;1.7;2.93;0;0;0
Albert Heijn;Slimpie;wk 52 18;13673;1.69;2.92;1.69;2.92;0;0;0
Albert Heijn;Slimpie;wk 01 19;16771;1.74;2.99;1.7;2.92;0;0;0
Albert Heijn;Slimpie;wk 02 19;18238;1.74;3;1.7;2.92;0;0;0
Albert Heijn;Slimpie;wk 03 19;18319;1.74;3;1.73;2.99;0;0;0
Albert Heijn;Slimpie;wk 04 19;19214;1.74;3;1.74;3;0;0;0
Albert Heijn;Slimpie;wk 05 19;19077;1.74;3.01;1.74;3;0;0;0
Albert Heijn;Slimpie;wk 06 19;18578;1.74;3.01;1.75;3.02;0;0;0
Albert Heijn;Slimpie;wk 07 19;18323;1.74;3.01;1.74;3.01;0;0;0
Albert Heijn;Slimpie;wk 08 19;17828;1.75;3.02;1.75;3.02;0;0;0
Albert Heijn;Slimpie;wk 09 19;16354;1.78;3.08;1.77;3.06;0;0;0
Albert Heijn;Slimpie;wk 10 19;18610;1.74;3.01;1.76;3.03;0;2;0
Albert Heijn;Slimpie;wk 11 19;17639;1.75;3.01;1.75;3.02;0;0;0
Albert Heijn;Slimpie;wk 12 19;18302;1.75;3.02;1.75;3.02;0;0;0
Albert Heijn;Slimpie;wk 13 19;18947;1.71;2.94;1.75;3.02;0;0;0
Albert Heijn;Slimpie;wk 14 19;18709;1.74;3;1.75;3.02;0;0;0
Albert Heijn;Slimpie;wk 15 19;19297;1.7;2.92;1.75;3.03;0;0;0
Albert Heijn;Slimpie;wk 16 19;19288;1.71;2.94;1.75;3.01;0;0;0
Albert Heijn;Slimpie;wk 17 19;19604;1.75;3.02;1.75;3.02;0;0;0
Albert Heijn;Slimpie;wk 18 19;53337;1.29;2.23;1.74;3;74;0;67
Albert Heijn;Slimpie;wk 19 19;17298;1.7;2.94;1.76;3.03;0;0;0
Albert Heijn;Slimpie;wk 20 19;17538;1.72;2.96;1.75;3.01;0;0;0
Albert Heijn;Slimpie;wk 21 19;18901;1.71;2.95;1.77;3.05;0;0;0
Albert Heijn;Slimpie;wk 22 19;18965;1.75;3.01;1.75;3.02;0;0;0
Albert Heijn;Slimpie;wk 23 19;24460;1.58;2.74;1.73;3;0;0;0
Albert Heijn;Slimpie;wk 24 19;18872;1.73;2.99;1.76;3.05;0;0;0
Albert Heijn;Slimpie;wk 25 19;22772;1.71;2.95;1.75;3.03;0;0;0
Albert Heijn;Slimpie;wk 26 19;26060;1.73;2.98;1.75;3.02;0;0;0
Albert Heijn;Slimpie;wk 27 19;21863;1.73;2.98;1.74;3.01;0;0;0
Albert Heijn;Slimpie;wk 28 19;18859;1.72;2.96;1.75;3.02;0;0;0
Albert Heijn;Slimpie;wk 29 19;16882;1.76;3.04;1.75;3.02;0;0;0
Albert Heijn;Slimpie;wk 30 19;27971;1.78;3.07;1.75;3.02;0;0;0
Albert Heijn;Slimpie;wk 31 19;19698;1.79;3.09;1.78;3.06;0;0;0
Albert Heijn;Slimpie;wk 32 19;33152;1.39;2.39;1.76;3.04;0;20;0
Albert Heijn;Slimpie;wk 33 19;17747;1.78;3.06;1.79;3.08;0;0;0
Albert Heijn;Slimpie;wk 34 19;19398;1.8;3.11;1.79;3.08;0;0;0
Albert Heijn;Slimpie;wk 35 19;23742;1.8;3.1;1.8;3.1;0;0;0
Albert Heijn;Slimpie;wk 36 19;18471;1.81;3.12;1.81;3.12;0;0;0
Albert Heijn;Slimpie;wk 37 19;17761;1.79;3.09;1.81;3.12;0;0;0
Albert Heijn;Slimpie;wk 38 19;16764;1.75;3.02;1.82;3.14;0;0;0
Albert Heijn;Slimpie;wk 39 19;17942;1.72;2.96;1.83;3.16;0;0;0
Albert Heijn;Slimpie;wk 40 19;16852;1.76;3.03;1.82;3.13;0;0;0
Albert Heijn;Slimpie;wk 41 19;17893;1.78;3.07;1.84;3.18;0;0;0
Albert Heijn;Slimpie;wk 42 19;17763;1.77;3.05;1.79;3.09;0;0;0
Albert Heijn;Slimpie;wk 43 19;19015;1.76;3.03;1.82;3.13;0;0;0
Albert Heijn;Slimpie;wk 44 19;18382;1.81;3.12;1.79;3.08;0;0;0
Albert Heijn;Slimpie;wk 45 19;48042;1.27;2.19;1.8;3.1;58;0;92
Albert Heijn;Slimpie;wk 46 19;17798;1.67;2.88;1.78;3.06;0;2;0
Albert Heijn;Slimpie;wk 47 19;17367;1.74;2.99;1.78;3.07;0;0;0
Albert Heijn;Slimpie;wk 48 19;18152;1.75;3.01;1.81;3.11;0;0;0
Albert Heijn;Slimpie;wk 49 19;18451;1.73;2.99;1.78;3.07;0;0;0
Albert Heijn;Slimpie;wk 50 19;18933;1.72;2.96;1.79;3.09;0;0;0
Albert Heijn;Slimpie;wk 51 19;20193;1.71;2.95;1.76;3.03;0;0;0
Albert Heijn;Slimpie;wk 52 19;16021;1.72;2.96;1.79;3.09;0;0;0
Albert Heijn;Slimpie;wk 01 20;18563;1.73;2.98;1.76;3.03;0;0;0
Albert Heijn;Slimpie;wk 02 20;20365;1.7;2.93;1.76;3.04;0;0;0
Albert Heijn;Slimpie;wk 03 20;19572;1.71;2.95;1.75;3.02;0;0;0
Albert Heijn;Slimpie;wk 04 20;20637;1.71;2.95;1.73;2.99;0;0;0
Albert Heijn;Slimpie;wk 05 20;20296;1.7;2.94;1.74;3;0;0;0
Albert Heijn;Slimpie;wk 06 20;19945;1.7;2.94;1.73;2.98;0;0;0
Albert Heijn;Slimpie;wk 07 20;19666;1.71;2.94;1.73;2.99;0;0;0
Albert Heijn;Slimpie;wk 08 20;21147;1.7;2.92;1.73;2.98;0;0;0
Albert Heijn;Slimpie;wk 09 20;22233;1.7;2.93;1.76;3.03;0;0;0
Albert Heijn;Slimpie;wk 10 20;21344;1.69;2.92;1.75;3.01;0;0;0
Albert Heijn;Slimpie;wk 11 20;30678;1.7;2.93;1.74;3;0;0;0
Albert Heijn;Slimpie;wk 12 20;24609;1.71;2.95;1.76;3.03;0;0;0
Albert Heijn;Slimpie;wk 13 20;21053;1.75;3.01;1.73;2.99;0;0;0
Albert Heijn;Slimpie;wk 14 20;20867;1.75;3.01;1.75;3.02;0;0;0
Albert Heijn;Slimpie;wk 15 20;23446;1.75;3.01;1.74;3;0;0;0
Albert Heijn;Slimpie;wk 16 20;22193;1.75;3.01;1.74;3.01;0;0;0
Albert Heijn;Slimpie;wk 17 20;24960;1.75;3.01;1.74;3.01;0;0;0
Albert Heijn;Slimpie;wk 18 20;46820;1.46;2.51;1.74;3;0;0;0
Albert Heijn;Slimpie;wk 19 20;24424;1.62;2.79;1.75;3.01;0;0;0
Albert Heijn;Slimpie;wk 20 20;22077;1.71;2.95;1.73;2.99;0;0;0
Albert Heijn;Slimpie;wk 21 20;24602;1.72;2.97;1.75;3.02;0;0;0
Albert Heijn;Slimpie;wk 22 20;27044;1.68;2.9;1.74;3;0;0;0
Albert Heijn;Slimpie;wk 23 20;26547;1.67;2.88;1.74;3;0;0;0
Albert Heijn;Slimpie;wk 24 20;24478;1.71;2.94;1.73;2.98;0;0;0
Albert Heijn;Slimpie;wk 25 20;25770;1.7;2.94;1.74;3;0;0;0
Albert Heijn;Slimpie;wk 26 20;32855;1.69;2.91;1.72;2.97;0;0;0
Albert Heijn;Slimpie;wk 27 20;24995;1.69;2.92;1.72;2.96;0;0;0
Albert Heijn;Slimpie;wk 28 20;21344;1.74;3;1.72;2.97;0;0;0
Albert Heijn;Slimpie;wk 29 20;48761;1.33;2.3;1.74;3;0;38;0
Albert Heijn;Slimpie;wk 30 20;23411;1.63;2.8;1.72;2.96;0;0;0
Albert Heijn;Slimpie;wk 31 20;23067;1.68;2.89;1.69;2.91;0;0;0
Albert Heijn;Slimpie;wk 32 20;27811;1.71;2.94;1.72;2.96;0;0;0
Albert Heijn;Slimpie;wk 33 20;34854;1.66;2.86;1.73;2.97;0;0;0
Albert Heijn;Slimpie;wk 34 20;28809;1.65;2.84;1.71;2.94;0;0;0
Albert Heijn;Slimpie;wk 35 20;24520;1.73;2.99;1.71;2.95;0;0;0
Albert Heijn;Slimpie;wk 36 20;22635;1.74;3.01;1.71;2.96;0;0;0
Albert Heijn;Slimpie;wk 37 20;22453;1.71;2.95;1.74;3;0;0;0
Albert Heijn;Slimpie;wk 38 20;23792;1.65;2.85;1.73;2.99;0;0;0
Albert Heijn;Slimpie;wk 39 20;23863;1.65;2.85;1.75;3.02;0;0;0
Albert Heijn;Slimpie;wk 40 20;20930;1.71;2.95;1.76;3.03;0;0;0
Albert Heijn;Slimpie;wk 41 20;48457;1.39;2.4;1.74;3;97;0;47
Albert Heijn;Slimpie;wk 42 20;20867;1.62;2.79;1.72;2.96;0;0;0
Albert Heijn;Slimpie;wk 43 20;21000;1.61;2.77;1.68;2.9;0;0;0
Albert Heijn;Slimpie;wk 44 20;22098;1.61;2.78;1.68;2.89;0;0;0
Albert Heijn;Slimpie;wk 45 20;23883;1.61;2.78;1.67;2.87;0;0;0
Albert Heijn;Slimpie;wk 46 20;25365;1.59;2.75;1.63;2.81;0;0;0
Albert Heijn;Slimpie;wk 47 20;23642;1.59;2.74;1.63;2.82;0;0;0
Albert Heijn;Slimpie;wk 48 20;23841;1.6;2.75;1.63;2.81;0;0;0
Albert Heijn;Slimpie;wk 49 20;23747;1.58;2.73;1.63;2.82;0;0;0
Albert Heijn;Slimpie;wk 50 20;22699;1.6;2.76;1.63;2.8;0;0;0
Albert Heijn;Slimpie;wk 51 20;26024;1.6;2.76;1.63;2.81;0;0;0
Albert Heijn;Slimpie;wk 52 20;21870;1.6;2.77;1.61;2.78;0;0;0
Albert Heijn;Teisseire;wk 01 17;2983;2.74;3.65;2.74;3.65;0;0;0
Albert Heijn;Teisseire;wk 02 17;3198;2.75;3.66;2.75;3.66;0;0;0
Albert Heijn;Teisseire;wk 03 17;3121;2.75;3.66;2.75;3.66;0;0;0
Albert Heijn;Teisseire;wk 04 17;3361;2.75;3.66;2.75;3.66;0;0;0
Albert Heijn;Teisseire;wk 05 17;3206;2.74;3.65;2.74;3.65;0;0;0
Albert Heijn;Teisseire;wk 06 17;3029;2.74;3.66;2.74;3.66;0;0;0
Albert Heijn;Teisseire;wk 07 17;3110;2.75;3.66;2.75;3.67;0;0;0
Albert Heijn;Teisseire;wk 08 17;3358;2.75;3.66;2.76;3.68;0;0;0
Albert Heijn;Teisseire;wk 09 17;3219;2.74;3.66;2.74;3.66;0;0;0
Albert Heijn;Teisseire;wk 10 17;3189;2.74;3.66;2.74;3.66;0;0;0
Albert Heijn;Teisseire;wk 11 17;3412;2.73;3.64;2.76;3.68;0;0;0
Albert Heijn;Teisseire;wk 12 17;20638;2.06;2.75;2.75;3.66;38;0;88
Albert Heijn;Teisseire;wk 13 17;4239;2.55;3.4;2.66;3.54;0;0;0
Albert Heijn;Teisseire;wk 14 17;4585;2.64;3.51;2.89;3.85;0;0;0
Albert Heijn;Teisseire;wk 15 17;4434;2.71;3.61;2.72;3.63;0;0;0
Albert Heijn;Teisseire;wk 16 17;4092;2.72;3.63;2.72;3.63;0;0;0
Albert Heijn;Teisseire;wk 17 17;3930;2.7;3.6;2.71;3.62;0;0;0
Albert Heijn;Teisseire;wk 18 17;4506;2.55;3.39;2.82;3.76;0;0;0
Albert Heijn;Teisseire;wk 19 17;4335;2.68;3.57;2.73;3.64;0;0;0
Albert Heijn;Teisseire;wk 20 17;4711;2.7;3.6;2.65;3.54;0;0;0
Albert Heijn;Teisseire;wk 21 17;5553;2.71;3.62;2.72;3.62;0;0;0
Albert Heijn;Teisseire;wk 22 17;4427;2.71;3.61;2.72;3.63;0;0;0
Albert Heijn;Teisseire;wk 23 17;3771;2.71;3.61;2.72;3.62;0;0;0
Albert Heijn;Teisseire;wk 24 17;3531;2.71;3.61;2.78;3.7;0;0;0
Albert Heijn;Teisseire;wk 25 17;5494;2.72;3.63;2.72;3.63;0;0;0
Albert Heijn;Teisseire;wk 26 17;4304;2.71;3.62;2.72;3.63;0;0;0
Albert Heijn;Teisseire;wk 27 17;5552;2.75;3.66;2.76;3.68;0;0;0
Albert Heijn;Teisseire;wk 28 17;5305;2.74;3.66;2.79;3.72;0;0;0
Albert Heijn;Teisseire;wk 29 17;5352;2.73;3.65;2.81;3.75;0;0;0
Albert Heijn;Teisseire;wk 30 17;4600;2.74;3.66;2.78;3.71;0;0;0
Albert Heijn;Teisseire;wk 31 17;4457;2.74;3.66;2.77;3.69;0;0;0
Albert Heijn;Teisseire;wk 32 17;4445;2.73;3.64;2.77;3.69;0;0;0
Albert Heijn;Teisseire;wk 33 17;4455;2.72;3.63;2.76;3.69;0;0;0
Albert Heijn;Teisseire;wk 34 17;4851;2.75;3.66;2.78;3.7;0;0;0
Albert Heijn;Teisseire;wk 35 17;4880;2.75;3.67;2.76;3.68;0;0;0
Albert Heijn;Teisseire;wk 36 17;4395;2.75;3.66;2.79;3.72;0;0;0
Albert Heijn;Teisseire;wk 37 17;4044;2.77;3.69;2.77;3.69;0;0;0
Albert Heijn;Teisseire;wk 38 17;8615;2.09;2.78;2.79;3.72;0;0;0
Albert Heijn;Teisseire;wk 39 17;4562;2.69;3.58;2.78;3.71;0;4;0
Albert Heijn;Teisseire;wk 40 17;3917;2.7;3.61;2.76;3.68;0;0;0
Albert Heijn;Teisseire;wk 41 17;3615;2.72;3.63;2.74;3.66;0;0;0
Albert Heijn;Teisseire;wk 42 17;4049;2.72;3.63;2.77;3.69;0;0;0
Albert Heijn;Teisseire;wk 43 17;4176;2.74;3.65;2.77;3.7;0;0;0
Albert Heijn;Teisseire;wk 44 17;4170;2.73;3.64;2.77;3.7;0;0;0
Albert Heijn;Teisseire;wk 45 17;4033;2.73;3.64;2.76;3.68;0;0;0
Albert Heijn;Teisseire;wk 46 17;4026;2.69;3.59;2.76;3.68;0;0;0
Albert Heijn;Teisseire;wk 47 17;4023;2.73;3.64;2.77;3.69;0;0;0
Albert Heijn;Teisseire;wk 48 17;3640;2.73;3.64;2.74;3.65;0;0;0
Albert Heijn;Teisseire;wk 49 17;3547;2.73;3.64;2.76;3.68;0;0;0
Albert Heijn;Teisseire;wk 50 17;3729;2.73;3.64;2.75;3.67;0;0;0
Albert Heijn;Teisseire;wk 51 17;4699;2.75;3.66;2.77;3.7;0;0;0
Albert Heijn;Teisseire;wk 52 17;3227;2.74;3.66;2.78;3.7;0;0;0
Albert Heijn;Teisseire;wk 01 18;3688;2.73;3.65;2.8;3.73;0;0;0
Albert Heijn;Teisseire;wk 02 18;3333;2.72;3.63;2.82;3.76;0;0;0
Albert Heijn;Teisseire;wk 03 18;2306;2.76;3.67;2.81;3.75;0;0;0
Albert Heijn;Teisseire;wk 04 18;1978;2.72;3.63;2.8;3.73;0;0;0
Albert Heijn;Teisseire;wk 05 18;4404;2.73;3.64;2.78;3.7;0;0;0
Albert Heijn;Teisseire;wk 06 18;4538;2.74;3.65;2.77;3.69;0;0;0
Albert Heijn;Teisseire;wk 07 18;4462;2.73;3.64;2.76;3.68;0;0;0
Albert Heijn;Teisseire;wk 08 18;4574;2.72;3.63;2.78;3.7;0;0;0
Albert Heijn;Teisseire;wk 09 18;4308;2.72;3.62;2.78;3.71;0;0;0
Albert Heijn;Teisseire;wk 10 18;5090;2.71;3.61;2.77;3.69;0;0;0
Albert Heijn;Teisseire;wk 11 18;4854;2.73;3.64;2.78;3.7;0;0;0
Albert Heijn;Teisseire;wk 12 18;5017;2.74;3.65;2.79;3.71;0;0;0
Albert Heijn;Teisseire;wk 13 18;4642;2.77;3.69;2.76;3.69;0;0;0
Albert Heijn;Teisseire;wk 14 18;4791;2.77;3.69;2.79;3.72;0;0;0
Albert Heijn;Teisseire;wk 15 18;5488;2.72;3.63;2.78;3.71;0;0;0
Albert Heijn;Teisseire;wk 16 18;6544;2.7;3.6;2.77;3.69;0;0;0
Albert Heijn;Teisseire;wk 17 18;5544;2.71;3.61;2.77;3.7;0;0;0
Albert Heijn;Teisseire;wk 18 18;5377;2.7;3.6;2.77;3.69;0;0;0
Albert Heijn;Teisseire;wk 19 18;6277;2.7;3.6;2.72;3.63;0;0;0
Albert Heijn;Teisseire;wk 20 18;5656;2.7;3.6;2.72;3.63;0;0;0
Albert Heijn;Teisseire;wk 21 18;7572;2.69;3.59;2.7;3.6;0;0;0
Albert Heijn;Teisseire;wk 22 18;13581;2.76;3.68;2.77;3.7;0;0;0
Albert Heijn;Teisseire;wk 23 18;12158;2.78;3.7;2.78;3.7;0;0;0
Albert Heijn;Teisseire;wk 24 18;9875;2.79;3.72;2.77;3.7;0;0;0
Albert Heijn;Teisseire;wk 25 18;9610;2.79;3.72;2.78;3.71;0;0;0
Albert Heijn;Teisseire;wk 26 18;136839;1.43;1.91;2.77;3.7;77;0;100
Albert Heijn;Teisseire;wk 27 18;17558;2.75;3.67;2.78;3.7;0;0;0
Albert Heijn;Teisseire;wk 28 18;10096;2.74;3.65;2.8;3.73;0;0;0
Albert Heijn;Teisseire;wk 29 18;12536;2.74;3.65;2.75;3.67;0;0;0
Albert Heijn;Teisseire;wk 30 18;16605;2.74;3.65;2.75;3.66;0;0;0
Albert Heijn;Teisseire;wk 31 18;14564;2.75;3.66;2.75;3.67;0;0;0
Albert Heijn;Teisseire;wk 32 18;13220;2.76;3.68;2.75;3.67;0;0;0
Albert Heijn;Teisseire;wk 33 18;10535;2.77;3.7;2.79;3.71;0;0;0
Albert Heijn;Teisseire;wk 34 18;115349;1.46;1.95;2.79;3.72;94;0;100
Albert Heijn;Teisseire;wk 35 18;9381;2.73;3.64;2.87;3.82;0;2;0
Albert Heijn;Teisseire;wk 36 18;9115;2.78;3.7;2.78;3.7;0;0;0
Albert Heijn;Teisseire;wk 37 18;8587;2.78;3.7;2.78;3.7;0;0;0
Albert Heijn;Teisseire;wk 38 18;9438;2.78;3.71;2.76;3.69;0;0;0
Albert Heijn;Teisseire;wk 39 18;11896;2.73;3.64;2.81;3.74;84;0;0
Albert Heijn;Teisseire;wk 40 18;10532;2.76;3.67;2.79;3.72;81;0;0
Albert Heijn;Teisseire;wk 41 18;87937;1.44;1.92;2.79;3.72;91;0;66
Albert Heijn;Teisseire;wk 42 18;9114;2.72;3.62;2.78;3.71;0;0;0
Albert Heijn;Teisseire;wk 43 18;8563;2.75;3.67;2.76;3.68;0;0;0
Albert Heijn;Teisseire;wk 44 18;8452;2.77;3.69;2.75;3.66;0;0;0
Albert Heijn;Teisseire;wk 45 18;9509;2.77;3.69;2.79;3.72;0;0;0
Albert Heijn;Teisseire;wk 46 18;10320;2.78;3.71;2.75;3.67;0;0;0
Albert Heijn;Teisseire;wk 47 18;9010;2.79;3.71;2.8;3.73;0;0;0
Albert Heijn;Teisseire;wk 48 18;10695;2.77;3.69;2.79;3.72;99;0;0
Albert Heijn;Teisseire;wk 49 18;10971;2.76;3.68;2.78;3.71;99;0;0
Albert Heijn;Teisseire;wk 50 18;10383;2.77;3.69;2.8;3.73;99;0;0
Albert Heijn;Teisseire;wk 51 18;11424;2.77;3.7;2.79;3.72;99;0;0
Albert Heijn;Teisseire;wk 52 18;8396;2.77;3.7;2.79;3.72;99;0;0
Albert Heijn;Teisseire;wk 01 19;9693;2.85;3.79;2.78;3.71;0;0;0
Albert Heijn;Teisseire;wk 02 19;10464;2.87;3.82;2.77;3.69;0;0;0
Albert Heijn;Teisseire;wk 03 19;10543;2.87;3.82;2.85;3.79;0;0;0
Albert Heijn;Teisseire;wk 04 19;10804;2.86;3.81;2.86;3.81;0;0;0
Albert Heijn;Teisseire;wk 05 19;10011;2.84;3.79;2.84;3.78;0;0;0
Albert Heijn;Teisseire;wk 06 19;9757;2.84;3.79;2.84;3.79;0;0;0
Albert Heijn;Teisseire;wk 07 19;10389;2.86;3.82;2.85;3.8;0;0;0
Albert Heijn;Teisseire;wk 08 19;10351;2.86;3.82;2.87;3.82;0;0;0
Albert Heijn;Teisseire;wk 09 19;11292;2.85;3.8;2.86;3.82;0;0;0
Albert Heijn;Teisseire;wk 10 19;103961;1.47;1.96;2.86;3.81;93;0;98
Albert Heijn;Teisseire;wk 11 19;9413;2.76;3.68;2.9;3.87;0;0;0
Albert Heijn;Teisseire;wk 12 19;10462;2.76;3.68;2.88;3.84;0;0;0
Albert Heijn;Teisseire;wk 13 19;13230;2.62;3.49;2.85;3.79;93;0;0
Albert Heijn;Teisseire;wk 14 19;11547;2.74;3.65;2.86;3.81;94;0;0
Albert Heijn;Teisseire;wk 15 19;11813;2.78;3.71;2.84;3.79;92;0;0
Albert Heijn;Teisseire;wk 16 19;28495;2;2.67;2.88;3.84;0;1;0
Albert Heijn;Teisseire;wk 17 19;13429;2.66;3.55;2.79;3.73;0;0;0
Albert Heijn;Teisseire;wk 18 19;40471;2.06;2.74;2.8;3.73;91;1;62
Albert Heijn;Teisseire;wk 19 19;10498;2.76;3.69;2.78;3.7;0;0;0
Albert Heijn;Teisseire;wk 20 19;10556;2.84;3.78;2.77;3.69;0;0;0
Albert Heijn;Teisseire;wk 21 19;35297;2.13;2.84;2.8;3.74;96;0;77
Albert Heijn;Teisseire;wk 22 19;12862;2.86;3.81;2.82;3.76;0;0;0
Albert Heijn;Teisseire;wk 23 19;12563;2.95;3.93;2.78;3.71;0;0;0
Albert Heijn;Teisseire;wk 24 19;12327;2.93;3.91;2.93;3.91;0;0;0
Albert Heijn;Teisseire;wk 25 19;14355;3;4;2.96;3.95;0;0;0
Albert Heijn;Teisseire;wk 26 19;127947;1.56;2.08;3;4.01;89;0;50
Albert Heijn;Teisseire;wk 27 19;12788;2.77;3.69;3.08;4.1;0;1;0
Albert Heijn;Teisseire;wk 28 19;10320;2.87;3.83;2.99;3.99;0;0;0
Albert Heijn;Teisseire;wk 29 19;10554;2.93;3.9;2.97;3.96;0;0;0
Albert Heijn;Teisseire;wk 30 19;40958;2.14;2.85;2.98;3.97;93;0;9
Albert Heijn;Teisseire;wk 31 19;11491;2.82;3.75;2.93;3.9;0;0;0
Albert Heijn;Teisseire;wk 32 19;10884;2.89;3.85;2.93;3.9;0;0;0
Albert Heijn;Teisseire;wk 33 19;9857;2.91;3.88;2.96;3.95;0;0;0
Albert Heijn;Teisseire;wk 34 19;12238;2.91;3.87;2.99;3.99;0;0;0
Albert Heijn;Teisseire;wk 35 19;14227;2.97;3.96;2.94;3.92;0;0;0
Albert Heijn;Teisseire;wk 36 19;148022;1.54;2.05;2.98;3.97;80;2;89
Albert Heijn;Teisseire;wk 37 19;8431;2.86;3.81;2.99;3.98;0;0;0
Albert Heijn;Teisseire;wk 38 19;28163;2.11;2.81;2.97;3.96;83;0;69
Albert Heijn;Teisseire;wk 39 19;9344;2.87;3.82;2.99;3.99;0;0;0
Albert Heijn;Teisseire;wk 40 19;41656;2;2.67;2.95;3.94;91;0;76
Albert Heijn;Teisseire;wk 41 19;11430;2.69;3.58;2.84;3.79;0;0;0
Albert Heijn;Teisseire;wk 42 19;10885;2.83;3.78;2.86;3.81;0;0;0
Albert Heijn;Teisseire;wk 43 19;10945;2.86;3.82;2.86;3.82;0;0;0
Albert Heijn;Teisseire;wk 44 19;11657;2.93;3.91;2.91;3.88;0;0;0
Albert Heijn;Teisseire;wk 45 19;38059;2.06;2.75;2.9;3.87;93;0;40
Albert Heijn;Teisseire;wk 46 19;12209;2.73;3.63;2.91;3.88;0;0;0
Albert Heijn;Teisseire;wk 47 19;11470;2.86;3.81;2.97;3.97;0;0;0
Albert Heijn;Teisseire;wk 48 19;11800;2.86;3.81;2.9;3.86;0;0;0
Albert Heijn;Teisseire;wk 49 19;11458;2.94;3.92;2.92;3.89;0;0;0
Albert Heijn;Teisseire;wk 50 19;21570;2.08;2.77;2.92;3.9;0;0;0
Albert Heijn;Teisseire;wk 51 19;13838;2.7;3.6;2.92;3.89;0;0;0
Albert Heijn;Teisseire;wk 52 19;10579;2.8;3.74;2.94;3.91;0;0;0
Albert Heijn;Teisseire;wk 01 20;12553;2.84;3.79;2.94;3.92;0;0;0
Albert Heijn;Teisseire;wk 02 20;13544;2.85;3.8;2.9;3.87;0;0;0
Albert Heijn;Teisseire;wk 03 20;13208;2.92;3.89;2.88;3.85;0;0;0
Albert Heijn;Teisseire;wk 04 20;13593;2.88;3.85;2.89;3.86;0;0;0
Albert Heijn;Teisseire;wk 05 20;12126;3.05;4.07;2.94;3.92;0;0;0
Albert Heijn;Teisseire;wk 06 20;52713;2.07;2.76;3;4;90;0;44
Albert Heijn;Teisseire;wk 07 20;12000;2.82;3.76;3;4;0;0;0
Albert Heijn;Teisseire;wk 08 20;11785;2.86;3.81;3.01;4.01;0;0;0
Albert Heijn;Teisseire;wk 09 20;14053;2.9;3.86;2.99;3.99;0;0;0
Albert Heijn;Teisseire;wk 10 20;14093;2.88;3.84;2.98;3.97;0;0;0
Albert Heijn;Teisseire;wk 11 20;21428;3;4.01;2.97;3.95;0;0;0
Albert Heijn;Teisseire;wk 12 20;135755;1.55;2.07;2.99;3.99;9;0;0
Albert Heijn;Teisseire;wk 13 20;12955;2.89;3.85;2.95;3.93;0;0;0
Albert Heijn;Teisseire;wk 14 20;11996;2.97;3.96;2.97;3.96;0;0;0
Albert Heijn;Teisseire;wk 15 20;15008;2.98;3.97;2.97;3.96;0;0;0
Albert Heijn;Teisseire;wk 16 20;14708;2.98;3.97;2.98;3.98;0;0;0
Albert Heijn;Teisseire;wk 17 20;17777;2.98;3.97;3;4;0;0;0
Albert Heijn;Teisseire;wk 18 20;15348;2.99;3.98;2.98;3.98;0;0;0
Albert Heijn;Teisseire;wk 19 20;15926;2.98;3.98;2.99;3.99;0;0;0
Albert Heijn;Teisseire;wk 20 20;15484;2.99;3.98;2.98;3.97;0;0;0
Albert Heijn;Teisseire;wk 21 20;102742;2.29;3.05;2.93;3.9;9;0;0
Albert Heijn;Teisseire;wk 22 20;18476;2.96;4.11;2.96;4.1;0;0;0
Albert Heijn;Teisseire;wk 23 20;18893;2.98;4.14;2.96;4.08;0;0;0
Albert Heijn;Teisseire;wk 24 20;18077;3;4.16;3.03;4.22;0;0;0
Albert Heijn;Teisseire;wk 25 20;21188;3.03;4.2;3;4.19;0;0;0
Albert Heijn;Teisseire;wk 26 20;28057;3.02;4.21;3;4.18;0;0;0
Albert Heijn;Teisseire;wk 27 20;180487;1.56;2.11;3.02;4.2;80;10;33
Albert Heijn;Teisseire;wk 28 20;16009;2.89;3.99;2.99;4.17;94;0;1
Albert Heijn;Teisseire;wk 29 20;16444;2.93;4.05;3.04;4.28;93;0;0
Albert Heijn;Teisseire;wk 30 20;47367;2.36;3.23;3.03;4.25;88;1;43
Albert Heijn;Teisseire;wk 31 20;17211;2.98;4.13;2.99;4.15;0;6;0
Albert Heijn;Teisseire;wk 32 20;22067;3;4.18;2.99;4.15;0;0;0
Albert Heijn;Teisseire;wk 33 20;29818;2.99;4.16;3.01;4.17;0;0;0
Albert Heijn;Teisseire;wk 34 20;72012;2.09;2.86;3.03;4.22;0;36;0
Albert Heijn;Teisseire;wk 35 20;18842;2.95;4.07;3;4.14;0;0;0
Albert Heijn;Teisseire;wk 36 20;16668;2.97;4.08;3.01;4.17;0;0;0
Albert Heijn;Teisseire;wk 37 20;16889;2.97;4.08;3.03;4.18;0;0;0
Albert Heijn;Teisseire;wk 38 20;196774;1.53;2.07;2.99;4.11;80;0;81
Albert Heijn;Teisseire;wk 39 20;15277;2.84;3.9;2.93;4.03;0;0;0
Albert Heijn;Teisseire;wk 40 20;18142;2.82;3.86;3;4.12;0;0;0
Albert Heijn;Teisseire;wk 41 20;14327;2.95;4.03;3;4.12;0;0;0
Albert Heijn;Teisseire;wk 42 20;15287;2.94;4.01;2.97;4.07;0;0;0
Albert Heijn;Teisseire;wk 43 20;15340;2.94;4.01;2.95;4.03;0;0;0
Albert Heijn;Teisseire;wk 44 20;16700;2.95;4.02;2.96;4.04;0;0;0
Albert Heijn;Teisseire;wk 45 20;86622;2;2.71;2.96;4.02;100;0;40
Albert Heijn;Teisseire;wk 46 20;17260;2.95;4.04;2.93;4.01;0;0;0
Albert Heijn;Teisseire;wk 47 20;15031;2.95;4.05;2.94;4.01;0;0;0
Albert Heijn;Teisseire;wk 48 20;17359;2.96;4.04;2.95;4.03;0;0;0
Albert Heijn;Teisseire;wk 49 20;17593;2.96;4.03;2.95;4.05;0;0;0
Albert Heijn;Teisseire;wk 50 20;50637;2;2.72;2.96;4.05;0;0;0
Albert Heijn;Teisseire;wk 51 20;18302;2.99;4.07;2.96;4.02;0;0;0
Albert Heijn;Teisseire;wk 52 20;17899;2.99;4.09;2.96;4.04;0;0;0
Jumbo;PrivateLabel;wk 01 17;70357;1.83;2.46;1.81;2.44;0;0;0
Jumbo;PrivateLabel;wk 02 17;72706;1.82;2.45;1.84;2.48;0;0;0
Jumbo;PrivateLabel;wk 03 17;74006;1.82;2.45;1.82;2.45;0;0;0
Jumbo;PrivateLabel;wk 04 17;78591;1.82;2.45;1.82;2.45;0;0;0
Jumbo;PrivateLabel;wk 05 17;76788;1.84;2.48;1.82;2.44;0;3;0
Jumbo;PrivateLabel;wk 06 17;74567;1.85;2.49;1.81;2.44;0;7;0
Jumbo;PrivateLabel;wk 07 17;76498;1.84;2.48;1.85;2.49;0;7;0
Jumbo;PrivateLabel;wk 08 17;77378;1.83;2.46;1.84;2.48;0;0;0
Jumbo;PrivateLabel;wk 09 17;75077;1.84;2.48;1.84;2.48;0;3;0
Jumbo;PrivateLabel;wk 10 17;75749;1.85;2.49;1.83;2.47;0;0;0
Jumbo;PrivateLabel;wk 11 17;79807;1.86;2.51;1.84;2.47;0;7;0
Jumbo;PrivateLabel;wk 12 17;72812;1.84;2.48;1.85;2.49;0;1;0
Jumbo;PrivateLabel;wk 13 17;77606;1.87;2.52;1.85;2.5;0;6;0
Jumbo;PrivateLabel;wk 14 17;78280;1.88;2.53;1.88;2.53;0;9;0
Jumbo;PrivateLabel;wk 15 17;77374;1.89;2.55;1.88;2.54;0;9;0
Jumbo;PrivateLabel;wk 16 17;73425;1.9;2.57;1.89;2.55;0;5;0
Jumbo;PrivateLabel;wk 17 17;68846;1.93;2.6;1.9;2.57;0;5;0
Jumbo;PrivateLabel;wk 18 17;71037;1.94;2.61;1.92;2.59;0;36;0
Jumbo;PrivateLabel;wk 19 17;74885;1.94;2.62;1.92;2.6;0;29;0
Jumbo;PrivateLabel;wk 20 17;83769;1.95;2.63;1.92;2.58;0;22;0
Jumbo;PrivateLabel;wk 21 17;97721;1.97;2.66;1.96;2.64;0;15;0
Jumbo;PrivateLabel;wk 22 17;86591;1.93;2.61;1.94;2.62;0;8;0
Jumbo;PrivateLabel;wk 23 17;71419;1.92;2.59;1.95;2.63;0;9;0
Jumbo;PrivateLabel;wk 24 17;72429;1.9;2.57;1.94;2.63;0;5;0
Jumbo;PrivateLabel;wk 25 17;86064;1.89;2.56;1.93;2.6;0;7;0
Jumbo;PrivateLabel;wk 26 17;67116;1.89;2.56;1.91;2.59;0;8;0
Jumbo;PrivateLabel;wk 27 17;70040;1.89;2.55;1.89;2.56;0;10;0
Jumbo;PrivateLabel;wk 28 17;63724;1.88;2.55;1.91;2.59;0;4;0
Jumbo;PrivateLabel;wk 29 17;65663;1.87;2.54;1.86;2.51;0;0;0
Jumbo;PrivateLabel;wk 30 17;53497;1.88;2.54;1.89;2.56;0;0;0
Jumbo;PrivateLabel;wk 31 17;51202;1.87;2.53;1.87;2.53;0;0;0
Jumbo;PrivateLabel;wk 32 17;54717;1.88;2.62;1.88;2.61;0;0;0
Jumbo;PrivateLabel;wk 33 17;58366;1.89;2.63;1.87;2.59;0;0;0
Jumbo;PrivateLabel;wk 34 17;71717;1.92;2.67;1.9;2.63;0;0;0
Jumbo;PrivateLabel;wk 35 17;77065;1.95;2.69;1.91;2.65;0;2;0
Jumbo;PrivateLabel;wk 36 17;71876;1.96;2.71;1.92;2.66;0;2;0
Jumbo;PrivateLabel;wk 37 17;67729;1.95;2.7;1.94;2.68;0;0;0
Jumbo;PrivateLabel;wk 38 17;64268;1.91;2.65;1.93;2.67;0;0;0
Jumbo;PrivateLabel;wk 39 17;66725;1.94;2.7;1.89;2.61;0;0;0
Jumbo;PrivateLabel;wk 40 17;65706;1.96;2.71;1.94;2.67;0;0;0
Jumbo;PrivateLabel;wk 41 17;61858;1.96;2.71;1.94;2.67;0;0;0
Jumbo;PrivateLabel;wk 42 17;62281;1.96;2.71;1.95;2.69;0;0;0
Jumbo;PrivateLabel;wk 43 17;62760;1.97;2.73;1.95;2.7;0;3;0
Jumbo;PrivateLabel;wk 44 17;68151;2;2.76;1.95;2.7;0;0;0
Jumbo;PrivateLabel;wk 45 17;62587;1.98;2.74;1.95;2.68;0;0;0
Jumbo;PrivateLabel;wk 46 17;57799;1.93;2.68;1.95;2.71;0;0;0
Jumbo;PrivateLabel;wk 47 17;62398;1.94;2.69;1.93;2.67;0;0;0
Jumbo;PrivateLabel;wk 48 17;60373;1.97;2.72;1.86;2.56;0;0;0
Jumbo;PrivateLabel;wk 49 17;59699;1.97;2.72;1.96;2.71;0;0;0
Jumbo;PrivateLabel;wk 50 17;62948;1.96;2.71;1.94;2.68;0;0;0
Jumbo;PrivateLabel;wk 51 17;70729;1.94;2.7;1.95;2.69;0;0;0
Jumbo;PrivateLabel;wk 52 17;47815;1.99;2.76;1.95;2.7;0;0;0
Jumbo;PrivateLabel;wk 01 18;53720;1.98;2.75;1.97;2.73;0;0;0
Jumbo;PrivateLabel;wk 02 18;59724;1.98;2.75;1.99;2.76;0;0;0
Jumbo;PrivateLabel;wk 03 18;61404;1.98;2.74;1.98;2.74;0;0;0
Jumbo;PrivateLabel;wk 04 18;62506;1.94;2.7;1.94;2.69;0;0;0
Jumbo;PrivateLabel;wk 05 18;61960;1.96;2.72;1.96;2.73;0;0;0
Jumbo;PrivateLabel;wk 06 18;61118;1.94;2.69;1.96;2.72;0;0;0
Jumbo;PrivateLabel;wk 07 18;62173;1.95;2.7;1.97;2.72;0;0;0
Jumbo;PrivateLabel;wk 08 18;65076;1.95;2.71;1.96;2.72;0;0;0
Jumbo;PrivateLabel;wk 09 18;61498;1.95;2.71;1.95;2.69;0;0;0
Jumbo;PrivateLabel;wk 10 18;64871;1.95;2.7;1.95;2.71;0;5;0
Jumbo;PrivateLabel;wk 11 18;65562;1.94;2.69;1.97;2.72;0;2;0
Jumbo;PrivateLabel;wk 12 18;62948;1.94;2.69;1.97;2.72;0;0;0
Jumbo;PrivateLabel;wk 13 18;60291;1.94;2.7;1.96;2.72;0;0;0
Jumbo;PrivateLabel;wk 14 18;57151;1.95;2.71;1.95;2.71;0;0;0
Jumbo;PrivateLabel;wk 15 18;60184;1.95;2.71;1.95;2.71;0;0;0
Jumbo;PrivateLabel;wk 16 18;70338;1.93;2.68;1.92;2.66;0;0;0
Jumbo;PrivateLabel;wk 17 18;61188;1.93;2.69;1.94;2.69;0;0;0
Jumbo;PrivateLabel;wk 18 18;56625;1.94;2.7;1.94;2.7;0;0;0
Jumbo;PrivateLabel;wk 19 18;66964;1.92;2.68;1.93;2.68;0;0;0
Jumbo;PrivateLabel;wk 20 18;65147;1.92;2.66;1.93;2.67;0;3;0
Jumbo;PrivateLabel;wk 21 18;76922;1.92;2.67;1.92;2.66;0;2;0
Jumbo;PrivateLabel;wk 22 18;81308;1.94;2.69;1.93;2.68;0;9;0
Jumbo;PrivateLabel;wk 23 18;75907;1.95;2.7;1.92;2.67;0;7;0
Jumbo;PrivateLabel;wk 24 18;67126;1.96;2.71;1.94;2.69;0;2;0
Jumbo;PrivateLabel;wk 25 18;66025;1.96;2.72;1.93;2.68;0;3;0
Jumbo;PrivateLabel;wk 26 18;75580;1.98;2.74;1.97;2.73;0;0;0
Jumbo;PrivateLabel;wk 27 18;75477;1.95;2.71;1.94;2.69;0;2;0
Jumbo;PrivateLabel;wk 28 18;63825;1.94;2.7;1.94;2.69;0;2;0
Jumbo;PrivateLabel;wk 29 18;72154;1.93;2.68;1.92;2.67;0;2;0
Jumbo;PrivateLabel;wk 30 18;90078;1.94;2.69;1.95;2.69;0;2;0
Jumbo;PrivateLabel;wk 31 18;80047;1.94;2.68;1.94;2.69;0;2;0
Jumbo;PrivateLabel;wk 32 18;71180;1.93;2.67;1.94;2.69;0;0;0
Jumbo;PrivateLabel;wk 33 18;59970;2;2.78;1.98;2.75;0;2;0
Jumbo;PrivateLabel;wk 34 18;56599;2.03;2.83;2.04;2.84;0;0;0
Jumbo;PrivateLabel;wk 35 18;53927;2.06;2.88;2.04;2.85;0;2;0
Jumbo;PrivateLabel;wk 36 18;55192;2.11;2.94;2.07;2.89;0;2;0
Jumbo;PrivateLabel;wk 37 18;55708;2.07;2.88;2.07;2.88;0;2;0
Jumbo;PrivateLabel;wk 38 18;67645;1.96;2.71;2.01;2.79;0;2;0
Jumbo;PrivateLabel;wk 39 18;62959;1.98;2.75;2.01;2.78;0;0;0
Jumbo;PrivateLabel;wk 40 18;57905;1.96;2.72;1.99;2.75;0;0;0
Jumbo;PrivateLabel;wk 41 18;57240;1.95;2.7;1.98;2.75;0;0;0
Jumbo;PrivateLabel;wk 42 18;55723;1.94;2.69;1.97;2.73;0;0;0
Jumbo;PrivateLabel;wk 43 18;55001;1.94;2.69;1.97;2.73;0;0;0
Jumbo;PrivateLabel;wk 44 18;52997;1.93;2.69;1.95;2.71;0;4;0
Jumbo;PrivateLabel;wk 45 18;58046;1.96;2.72;1.97;2.73;0;4;0
Jumbo;PrivateLabel;wk 46 18;52227;1.93;2.68;1.92;2.66;0;4;0
Jumbo;PrivateLabel;wk 47 18;54121;1.95;2.71;1.94;2.69;0;4;0
Jumbo;PrivateLabel;wk 48 18;54544;1.97;2.74;1.91;2.64;0;4;0
Jumbo;PrivateLabel;wk 49 18;55215;1.99;2.76;1.94;2.69;0;6;0
Jumbo;PrivateLabel;wk 50 18;55995;2.01;2.78;1.96;2.72;0;2;0
Jumbo;PrivateLabel;wk 51 18;65407;2;2.79;1.98;2.74;0;0;0
Jumbo;PrivateLabel;wk 52 18;43980;2;2.8;2.01;2.78;0;0;0
Jumbo;PrivateLabel;wk 01 19;50548;2.01;2.81;2.01;2.79;0;0;0
Jumbo;PrivateLabel;wk 02 19;54022;2.01;2.79;2.01;2.79;0;0;0
Jumbo;PrivateLabel;wk 03 19;55475;2;2.78;2.01;2.8;0;2;0
Jumbo;PrivateLabel;wk 04 19;55704;1.97;2.74;2.01;2.8;0;2;0
Jumbo;PrivateLabel;wk 05 19;55528;2;2.78;1.99;2.77;0;2;0
Jumbo;PrivateLabel;wk 06 19;58914;1.91;2.64;2;2.77;0;0;0
Jumbo;PrivateLabel;wk 07 19;60048;1.88;2.6;1.99;2.76;0;0;0
Jumbo;PrivateLabel;wk 08 19;61812;1.88;2.61;2;2.79;0;0;0
Jumbo;PrivateLabel;wk 09 19;60057;1.85;2.57;1.99;2.78;0;3;0
Jumbo;PrivateLabel;wk 10 19;54875;1.86;2.58;1.92;2.67;0;3;0
Jumbo;PrivateLabel;wk 11 19;55403;1.85;2.57;1.87;2.59;0;3;0
Jumbo;PrivateLabel;wk 12 19;57184;1.83;2.55;1.84;2.55;0;3;0
Jumbo;PrivateLabel;wk 13 19;60477;1.85;2.57;1.84;2.56;0;5;0
Jumbo;PrivateLabel;wk 14 19;62233;1.87;2.6;1.85;2.57;0;5;0
Jumbo;PrivateLabel;wk 15 19;66239;1.86;2.58;1.85;2.58;0;12;0
Jumbo;PrivateLabel;wk 16 19;70837;1.86;2.57;1.86;2.58;0;3;0
Jumbo;PrivateLabel;wk 17 19;65882;1.84;2.56;1.86;2.58;0;2;0
Jumbo;PrivateLabel;wk 18 19;58249;1.83;2.55;1.85;2.57;0;0;0
Jumbo;PrivateLabel;wk 19 19;57139;1.82;2.53;1.83;2.55;0;2;0
Jumbo;PrivateLabel;wk 20 19;62123;1.83;2.54;1.86;2.58;0;2;0
Jumbo;PrivateLabel;wk 21 19;67269;1.85;2.57;1.84;2.54;0;0;0
Jumbo;PrivateLabel;wk 22 19;70562;1.87;2.59;1.84;2.55;0;0;0
Jumbo;PrivateLabel;wk 23 19;73372;1.87;2.59;1.85;2.56;0;0;0
Jumbo;PrivateLabel;wk 24 19;70163;1.87;2.58;1.87;2.58;0;0;0
Jumbo;PrivateLabel;wk 25 19;83340;1.85;2.55;1.83;2.53;0;2;0
Jumbo;PrivateLabel;wk 26 19;91039;1.84;2.54;1.85;2.55;0;2;0
Jumbo;PrivateLabel;wk 27 19;73985;1.83;2.54;1.83;2.54;0;3;0
Jumbo;PrivateLabel;wk 28 19;63060;1.84;2.56;1.84;2.54;0;3;0
Jumbo;PrivateLabel;wk 29 19;64312;1.86;2.58;1.82;2.52;0;3;0
Jumbo;PrivateLabel;wk 30 19;93821;1.86;2.57;1.85;2.55;0;0;0
Jumbo;PrivateLabel;wk 31 19;67832;1.83;2.54;1.85;2.56;0;0;0
Jumbo;PrivateLabel;wk 32 19;66721;1.81;2.5;1.83;2.52;0;0;0
Jumbo;PrivateLabel;wk 33 19;64803;1.8;2.49;1.82;2.51;0;0;0
Jumbo;PrivateLabel;wk 34 19;72461;1.8;2.48;1.82;2.51;0;0;0
Jumbo;PrivateLabel;wk 35 19;83225;1.8;2.48;1.8;2.49;0;2;0
Jumbo;PrivateLabel;wk 36 19;65913;1.79;2.48;1.8;2.48;0;0;0
Jumbo;PrivateLabel;wk 37 19;64198;1.8;2.48;1.78;2.46;0;0;0
Jumbo;PrivateLabel;wk 38 19;66911;1.79;2.47;1.78;2.46;0;0;0
Jumbo;PrivateLabel;wk 39 19;67170;1.8;2.48;1.78;2.45;0;0;0
Jumbo;PrivateLabel;wk 40 19;61307;1.81;2.5;1.79;2.48;0;0;0
Jumbo;PrivateLabel;wk 41 19;57748;1.8;2.49;1.79;2.47;0;0;0
Jumbo;PrivateLabel;wk 42 19;57963;1.8;2.49;1.8;2.48;0;0;0
Jumbo;PrivateLabel;wk 43 19;61263;1.8;2.48;1.81;2.5;0;0;0
Jumbo;PrivateLabel;wk 44 19;62120;1.8;2.49;1.79;2.47;0;0;0
Jumbo;PrivateLabel;wk 45 19;66391;1.83;2.52;1.81;2.5;0;0;0
Jumbo;PrivateLabel;wk 46 19;58992;1.8;2.49;1.79;2.47;0;0;0
Jumbo;PrivateLabel;wk 47 19;59685;1.8;2.49;1.77;2.45;0;0;0
Jumbo;PrivateLabel;wk 48 19;59010;1.83;2.53;1.8;2.5;0;0;0
Jumbo;PrivateLabel;wk 49 19;59357;1.83;2.53;1.8;2.48;0;0;0
Jumbo;PrivateLabel;wk 50 19;60462;1.82;2.52;1.82;2.51;0;0;0
Jumbo;PrivateLabel;wk 51 19;61147;1.82;2.52;1.81;2.5;0;0;0
Jumbo;PrivateLabel;wk 52 19;47191;1.84;2.57;1.82;2.53;0;0;0
Jumbo;PrivateLabel;wk 01 20;55406;1.85;2.57;1.83;2.53;0;0;0
Jumbo;PrivateLabel;wk 02 20;57039;1.84;2.55;1.82;2.52;0;0;0
Jumbo;PrivateLabel;wk 03 20;57836;1.84;2.55;1.82;2.52;0;0;0
Jumbo;PrivateLabel;wk 04 20;57385;1.82;2.53;1.82;2.51;0;0;0
Jumbo;PrivateLabel;wk 05 20;57354;1.83;2.55;1.83;2.54;0;0;0
Jumbo;PrivateLabel;wk 06 20;58847;1.82;2.52;1.82;2.52;0;0;0
Jumbo;PrivateLabel;wk 07 20;60371;1.81;2.5;1.85;2.55;0;0;0
Jumbo;PrivateLabel;wk 08 20;60485;1.8;2.49;1.83;2.52;0;0;0
Jumbo;PrivateLabel;wk 09 20;65372;1.81;2.51;1.83;2.53;0;0;0
Jumbo;PrivateLabel;wk 10 20;61775;1.81;2.51;1.83;2.53;0;0;0
Jumbo;PrivateLabel;wk 11 20;101118;1.82;2.51;1.8;2.48;0;5;0
Jumbo;PrivateLabel;wk 12 20;90078;1.86;2.56;1.84;2.53;0;0;0
Jumbo;PrivateLabel;wk 13 20;70337;1.82;2.51;1.82;2.51;0;0;0
Jumbo;PrivateLabel;wk 14 20;62932;1.82;2.52;1.83;2.53;0;0;0
Jumbo;PrivateLabel;wk 15 20;68993;1.82;2.52;1.83;2.53;0;0;0
Jumbo;PrivateLabel;wk 16 20;64074;1.82;2.52;1.81;2.5;0;0;0
Jumbo;PrivateLabel;wk 17 20;74523;1.82;2.53;1.81;2.51;0;0;0
Jumbo;PrivateLabel;wk 18 20;66814;1.84;2.55;1.83;2.54;0;0;0
Jumbo;PrivateLabel;wk 19 20;69144;1.84;2.55;1.82;2.52;0;0;0
Jumbo;PrivateLabel;wk 20 20;68033;1.84;2.55;1.82;2.52;0;0;0
Jumbo;PrivateLabel;wk 21 20;71525;1.83;2.52;1.81;2.5;0;0;0
Jumbo;PrivateLabel;wk 22 20;69813;1.82;2.51;1.82;2.5;0;2;0
Jumbo;PrivateLabel;wk 23 20;67161;1.82;2.5;1.84;2.53;0;2;0
Jumbo;PrivateLabel;wk 24 20;59421;1.83;2.52;1.82;2.51;0;7;0
Jumbo;PrivateLabel;wk 25 20;68131;1.84;2.52;1.84;2.53;0;5;0
Jumbo;PrivateLabel;wk 26 20;86311;1.83;2.5;1.83;2.51;0;5;0
Jumbo;PrivateLabel;wk 27 20;69623;1.81;2.48;1.81;2.48;0;7;0
Jumbo;PrivateLabel;wk 28 20;62174;1.8;2.46;1.8;2.45;0;2;0
Jumbo;PrivateLabel;wk 29 20;58188;1.78;2.43;1.78;2.43;0;4;0
Jumbo;PrivateLabel;wk 30 20;56137;1.77;2.42;1.77;2.42;0;4;0
Jumbo;PrivateLabel;wk 31 20;56036;1.76;2.41;1.76;2.41;0;2;0
Jumbo;PrivateLabel;wk 32 20;68795;1.75;2.39;1.77;2.41;0;2;0
Jumbo;PrivateLabel;wk 33 20;80573;1.75;2.37;1.76;2.4;0;2;0
Jumbo;PrivateLabel;wk 34 20;70300;1.75;2.39;1.75;2.38;0;3;0
Jumbo;PrivateLabel;wk 35 20;61081;1.77;2.43;1.77;2.41;0;0;0
Jumbo;PrivateLabel;wk 36 20;57786;1.81;2.47;1.76;2.41;0;0;0
Jumbo;PrivateLabel;wk 37 20;55348;1.8;2.46;1.76;2.4;0;2;0
Jumbo;PrivateLabel;wk 38 20;57964;1.79;2.45;1.81;2.47;0;3;0
Jumbo;PrivateLabel;wk 39 20;59546;1.81;2.47;1.79;2.43;0;3;0
Jumbo;PrivateLabel;wk 40 20;53679;1.8;2.46;1.8;2.45;0;2;0
Jumbo;PrivateLabel;wk 41 20;52199;1.82;2.49;1.8;2.46;0;3;0
Jumbo;PrivateLabel;wk 42 20;52396;1.83;2.5;1.81;2.47;0;0;0
Jumbo;PrivateLabel;wk 43 20;54631;1.83;2.5;1.83;2.5;0;0;0
Jumbo;PrivateLabel;wk 44 20;55012;1.83;2.51;1.82;2.48;0;0;0
Jumbo;PrivateLabel;wk 45 20;53987;1.8;2.47;1.82;2.49;0;0;0
Jumbo;PrivateLabel;wk 46 20;53725;1.81;2.47;1.84;2.51;0;0;0
Jumbo;PrivateLabel;wk 47 20;55009;1.8;2.46;1.82;2.49;0;5;0
Jumbo;PrivateLabel;wk 48 20;56039;1.81;2.47;1.81;2.46;0;4;0
Jumbo;PrivateLabel;wk 49 20;53958;1.81;2.47;1.81;2.48;0;0;0
Jumbo;PrivateLabel;wk 50 20;54862;1.81;2.48;1.79;2.44;0;0;0
Jumbo;PrivateLabel;wk 51 20;60350;1.82;2.48;1.8;2.46;0;0;0
Jumbo;PrivateLabel;wk 52 20;45877;1.82;2.5;1.81;2.47;0;0;0
Jumbo;EuroShopper;wk 01 17;0;0;0;0;0;0;0;0
Jumbo;EuroShopper;wk 02 17;0;0;0;0;0;0;0;0
Jumbo;EuroShopper;wk 03 17;0;0;0;0;0;0;0;0
Jumbo;EuroShopper;wk 04 17;0;0;0;0;0;0;0;0
Jumbo;EuroShopper;wk 05 17;0;0;0;0;0;0;0;0
Jumbo;EuroShopper;wk 06 17;0;0;0;0;0;0;0;0
Jumbo;EuroShopper;wk 07 17;0;0;0;0;0;0;0;0
Jumbo;EuroShopper;wk 08 17;0;0;0;0;0;0;0;0
Jumbo;EuroShopper;wk 09 17;0;0;0;0;0;0;0;0
Jumbo;EuroShopper;wk 10 17;0;0;0;0;0;0;0;0
Jumbo;EuroShopper;wk 11 17;0;0;0;0;0;0;0;0
Jumbo;EuroShopper;wk 12 17;0;0;0;0;0;0;0;0
Jumbo;EuroShopper;wk 13 17;0;0;0;0;0;0;0;0
Jumbo;EuroShopper;wk 14 17;0;0;0;0;0;0;0;0
Jumbo;EuroShopper;wk 15 17;0;0;0;0;0;0;0;0
Jumbo;EuroShopper;wk 16 17;0;0;0;0;0;0;0;0
Jumbo;EuroShopper;wk 17 17;0;0;0;0;0;0;0;0
Jumbo;EuroShopper;wk 18 17;0;0;0;0;0;0;0;0
Jumbo;EuroShopper;wk 19 17;0;0;0;0;0;0;0;0
Jumbo;EuroShopper;wk 20 17;0;0;0;0;0;0;0;0
Jumbo;EuroShopper;wk 21 17;0;0;0;0;0;0;0;0
Jumbo;EuroShopper;wk 22 17;0;0;0;0;0;0;0;0
Jumbo;EuroShopper;wk 23 17;0;0;0;0;0;0;0;0
Jumbo;EuroShopper;wk 24 17;0;0;0;0;0;0;0;0
Jumbo;EuroShopper;wk 25 17;0;0;0;0;0;0;0;0
Jumbo;EuroShopper;wk 26 17;0;0;0;0;0;0;0;0
Jumbo;EuroShopper;wk 27 17;0;0;0;0;0;0;0;0
Jumbo;EuroShopper;wk 28 17;0;0;0;0;0;0;0;0
Jumbo;EuroShopper;wk 29 17;0;0;0;0;0;0;0;0
Jumbo;EuroShopper;wk 30 17;0;0;0;0;0;0;0;0
Jumbo;EuroShopper;wk 31 17;0;0;0;0;0;0;0;0
Jumbo;EuroShopper;wk 32 17;0;0;0;0;0;0;0;0
Jumbo;EuroShopper;wk 33 17;0;0;0;0;0;0;0;0
Jumbo;EuroShopper;wk 34 17;0;0;0;0;0;0;0;0
Jumbo;EuroShopper;wk 35 17;0;0;0;0;0;0;0;0
Jumbo;EuroShopper;wk 36 17;0;0;0;0;0;0;0;0
Jumbo;EuroShopper;wk 37 17;0;0;0;0;0;0;0;0
Jumbo;EuroShopper;wk 38 17;0;0;0;0;0;0;0;0
Jumbo;EuroShopper;wk 39 17;0;0;0;0;0;0;0;0
Jumbo;EuroShopper;wk 40 17;0;0;0;0;0;0;0;0
Jumbo;EuroShopper;wk 41 17;0;0;0;0;0;0;0;0
Jumbo;EuroShopper;wk 42 17;0;0;0;0;0;0;0;0
Jumbo;EuroShopper;wk 43 17;0;0;0;0;0;0;0;0
Jumbo;EuroShopper;wk 44 17;0;0;0;0;0;0;0;0
Jumbo;EuroShopper;wk 45 17;0;0;0;0;0;0;0;0
Jumbo;EuroShopper;wk 46 17;0;0;0;0;0;0;0;0
Jumbo;EuroShopper;wk 47 17;0;0;0;0;0;0;0;0
Jumbo;EuroShopper;wk 48 17;0;0;0;0;0;0;0;0
Jumbo;EuroShopper;wk 49 17;0;0;0;0;0;0;0;0
Jumbo;EuroShopper;wk 50 17;0;0;0;0;0;0;0;0
Jumbo;EuroShopper;wk 51 17;0;0;0;0;0;0;0;0
Jumbo;EuroShopper;wk 52 17;0;0;0;0;0;0;0;0
Jumbo;EuroShopper;wk 01 18;0;0;0;0;0;0;0;0
Jumbo;EuroShopper;wk 02 18;0;0;0;0;0;0;0;0
Jumbo;EuroShopper;wk 03 18;0;0;0;0;0;0;0;0
Jumbo;EuroShopper;wk 04 18;0;0;0;0;0;0;0;0
Jumbo;EuroShopper;wk 05 18;0;0;0;0;0;0;0;0
Jumbo;EuroShopper;wk 06 18;0;0;0;0;0;0;0;0
Jumbo;EuroShopper;wk 07 18;0;0;0;0;0;0;0;0
Jumbo;EuroShopper;wk 08 18;0;0;0;0;0;0;0;0
Jumbo;EuroShopper;wk 09 18;0;0;0;0;0;0;0;0
Jumbo;EuroShopper;wk 10 18;0;0;0;0;0;0;0;0
Jumbo;EuroShopper;wk 11 18;0;0;0;0;0;0;0;0
Jumbo;EuroShopper;wk 12 18;0;0;0;0;0;0;0;0
Jumbo;EuroShopper;wk 13 18;0;0;0;0;0;0;0;0
Jumbo;EuroShopper;wk 14 18;0;0;0;0;0;0;0;0
Jumbo;EuroShopper;wk 15 18;0;0;0;0;0;0;0;0
Jumbo;EuroShopper;wk 16 18;0;0;0;0;0;0;0;0
Jumbo;EuroShopper;wk 17 18;0;0;0;0;0;0;0;0
Jumbo;EuroShopper;wk 18 18;0;0;0;0;0;0;0;0
Jumbo;EuroShopper;wk 19 18;0;0;0;0;0;0;0;0
Jumbo;EuroShopper;wk 20 18;0;0;0;0;0;0;0;0
Jumbo;EuroShopper;wk 21 18;0;0;0;0;0;0;0;0
Jumbo;EuroShopper;wk 22 18;0;0;0;0;0;0;0;0
Jumbo;EuroShopper;wk 23 18;0;0;0;0;0;0;0;0
Jumbo;EuroShopper;wk 24 18;0;0;0;0;0;0;0;0
Jumbo;EuroShopper;wk 25 18;0;0;0;0;0;0;0;0
Jumbo;EuroShopper;wk 26 18;0;0;0;0;0;0;0;0
Jumbo;EuroShopper;wk 27 18;0;0;0;0;0;0;0;0
Jumbo;EuroShopper;wk 28 18;0;0;0;0;0;0;0;0
Jumbo;EuroShopper;wk 29 18;0;0;0;0;0;0;0;0
Jumbo;EuroShopper;wk 30 18;0;0;0;0;0;0;0;0
Jumbo;EuroShopper;wk 31 18;0;0;0;0;0;0;0;0
Jumbo;EuroShopper;wk 32 18;0;0;0;0;0;0;0;0
Jumbo;EuroShopper;wk 33 18;0;0;0;0;0;0;0;0
Jumbo;EuroShopper;wk 34 18;0;0;0;0;0;0;0;0
Jumbo;EuroShopper;wk 35 18;0;0;0;0;0;0;0;0
Jumbo;EuroShopper;wk 36 18;0;0;0;0;0;0;0;0
Jumbo;EuroShopper;wk 37 18;0;0;0;0;0;0;0;0
Jumbo;EuroShopper;wk 38 18;0;0;0;0;0;0;0;0
Jumbo;EuroShopper;wk 39 18;0;0;0;0;0;0;0;0
Jumbo;EuroShopper;wk 40 18;0;0;0;0;0;0;0;0
Jumbo;EuroShopper;wk 41 18;0;0;0;0;0;0;0;0
Jumbo;EuroShopper;wk 42 18;0;0;0;0;0;0;0;0
Jumbo;EuroShopper;wk 43 18;0;0;0;0;0;0;0;0
Jumbo;EuroShopper;wk 44 18;0;0;0;0;0;0;0;0
Jumbo;EuroShopper;wk 45 18;0;0;0;0;0;0;0;0
Jumbo;EuroShopper;wk 46 18;0;0;0;0;0;0;0;0
Jumbo;EuroShopper;wk 47 18;0;0;0;0;0;0;0;0
Jumbo;EuroShopper;wk 48 18;0;0;0;0;0;0;0;0
Jumbo;EuroShopper;wk 49 18;0;0;0;0;0;0;0;0
Jumbo;EuroShopper;wk 50 18;0;0;0;0;0;0;0;0
Jumbo;EuroShopper;wk 51 18;0;0;0;0;0;0;0;0
Jumbo;EuroShopper;wk 52 18;0;0;0;0;0;0;0;0
Jumbo;EuroShopper;wk 01 19;0;0;0;0;0;0;0;0
Jumbo;EuroShopper;wk 02 19;0;0;0;0;0;0;0;0
Jumbo;EuroShopper;wk 03 19;0;0;0;0;0;0;0;0
Jumbo;EuroShopper;wk 04 19;0;0;0;0;0;0;0;0
Jumbo;EuroShopper;wk 05 19;0;0;0;0;0;0;0;0
Jumbo;EuroShopper;wk 06 19;0;0;0;0;0;0;0;0
Jumbo;EuroShopper;wk 07 19;0;0;0;0;0;0;0;0
Jumbo;EuroShopper;wk 08 19;0;0;0;0;0;0;0;0
Jumbo;EuroShopper;wk 09 19;0;0;0;0;0;0;0;0
Jumbo;EuroShopper;wk 10 19;0;0;0;0;0;0;0;0
Jumbo;EuroShopper;wk 11 19;0;0;0;0;0;0;0;0
Jumbo;EuroShopper;wk 12 19;0;0;0;0;0;0;0;0
Jumbo;EuroShopper;wk 13 19;0;0;0;0;0;0;0;0
Jumbo;EuroShopper;wk 14 19;0;0;0;0;0;0;0;0
Jumbo;EuroShopper;wk 15 19;0;0;0;0;0;0;0;0
Jumbo;EuroShopper;wk 16 19;0;0;0;0;0;0;0;0
Jumbo;EuroShopper;wk 17 19;0;0;0;0;0;0;0;0
Jumbo;EuroShopper;wk 18 19;0;0;0;0;0;0;0;0
Jumbo;EuroShopper;wk 19 19;0;0;0;0;0;0;0;0
Jumbo;EuroShopper;wk 20 19;0;0;0;0;0;0;0;0
Jumbo;EuroShopper;wk 21 19;0;0;0;0;0;0;0;0
Jumbo;EuroShopper;wk 22 19;0;0;0;0;0;0;0;0
Jumbo;EuroShopper;wk 23 19;0;0;0;0;0;0;0;0
Jumbo;EuroShopper;wk 24 19;0;0;0;0;0;0;0;0
Jumbo;EuroShopper;wk 25 19;0;0;0;0;0;0;0;0
Jumbo;EuroShopper;wk 26 19;0;0;0;0;0;0;0;0
Jumbo;EuroShopper;wk 27 19;0;0;0;0;0;0;0;0
Jumbo;EuroShopper;wk 28 19;0;0;0;0;0;0;0;0
Jumbo;EuroShopper;wk 29 19;0;0;0;0;0;0;0;0
Jumbo;EuroShopper;wk 30 19;0;0;0;0;0;0;0;0
Jumbo;EuroShopper;wk 31 19;0;0;0;0;0;0;0;0
Jumbo;EuroShopper;wk 32 19;0;0;0;0;0;0;0;0
Jumbo;EuroShopper;wk 33 19;0;0;0;0;0;0;0;0
Jumbo;EuroShopper;wk 34 19;0;0;0;0;0;0;0;0
Jumbo;EuroShopper;wk 35 19;0;0;0;0;0;0;0;0
Jumbo;EuroShopper;wk 36 19;0;0;0;0;0;0;0;0
Jumbo;EuroShopper;wk 37 19;0;0;0;0;0;0;0;0
Jumbo;EuroShopper;wk 38 19;0;0;0;0;0;0;0;0
Jumbo;EuroShopper;wk 39 19;0;0;0;0;0;0;0;0
Jumbo;EuroShopper;wk 40 19;0;0;0;0;0;0;0;0
Jumbo;EuroShopper;wk 41 19;0;0;0;0;0;0;0;0
Jumbo;EuroShopper;wk 42 19;0;0;0;0;0;0;0;0
Jumbo;EuroShopper;wk 43 19;0;0;0;0;0;0;0;0
Jumbo;EuroShopper;wk 44 19;0;0;0;0;0;0;0;0
Jumbo;EuroShopper;wk 45 19;0;0;0;0;0;0;0;0
Jumbo;EuroShopper;wk 46 19;0;0;0;0;0;0;0;0
Jumbo;EuroShopper;wk 47 19;0;0;0;0;0;0;0;0
Jumbo;EuroShopper;wk 48 19;0;0;0;0;0;0;0;0
Jumbo;EuroShopper;wk 49 19;0;0;0;0;0;0;0;0
Jumbo;EuroShopper;wk 50 19;0;0;0;0;0;0;0;0
Jumbo;EuroShopper;wk 51 19;0;0;0;0;0;0;0;0
Jumbo;EuroShopper;wk 52 19;0;0;0;0;0;0;0;0
Jumbo;EuroShopper;wk 01 20;0;0;0;0;0;0;0;0
Jumbo;EuroShopper;wk 02 20;0;0;0;0;0;0;0;0
Jumbo;EuroShopper;wk 03 20;0;0;0;0;0;0;0;0
Jumbo;EuroShopper;wk 04 20;0;0;0;0;0;0;0;0
Jumbo;EuroShopper;wk 05 20;0;0;0;0;0;0;0;0
Jumbo;EuroShopper;wk 06 20;0;0;0;0;0;0;0;0
Jumbo;EuroShopper;wk 07 20;0;0;0;0;0;0;0;0
Jumbo;EuroShopper;wk 08 20;0;0;0;0;0;0;0;0
Jumbo;EuroShopper;wk 09 20;0;0;0;0;0;0;0;0
Jumbo;EuroShopper;wk 10 20;0;0;0;0;0;0;0;0
Jumbo;EuroShopper;wk 11 20;0;0;0;0;0;0;0;0
Jumbo;EuroShopper;wk 12 20;0;0;0;0;0;0;0;0
Jumbo;EuroShopper;wk 13 20;0;0;0;0;0;0;0;0
Jumbo;EuroShopper;wk 14 20;0;0;0;0;0;0;0;0
Jumbo;EuroShopper;wk 15 20;0;0;0;0;0;0;0;0
Jumbo;EuroShopper;wk 16 20;0;0;0;0;0;0;0;0
Jumbo;EuroShopper;wk 17 20;0;0;0;0;0;0;0;0
Jumbo;EuroShopper;wk 18 20;0;0;0;0;0;0;0;0
Jumbo;EuroShopper;wk 19 20;0;0;0;0;0;0;0;0
Jumbo;EuroShopper;wk 20 20;0;0;0;0;0;0;0;0
Jumbo;EuroShopper;wk 21 20;0;0;0;0;0;0;0;0
Jumbo;EuroShopper;wk 22 20;0;0;0;0;0;0;0;0
Jumbo;EuroShopper;wk 23 20;0;0;0;0;0;0;0;0
Jumbo;EuroShopper;wk 24 20;0;0;0;0;0;0;0;0
Jumbo;EuroShopper;wk 25 20;0;0;0;0;0;0;0;0
Jumbo;EuroShopper;wk 26 20;0;0;0;0;0;0;0;0
Jumbo;EuroShopper;wk 27 20;0;0;0;0;0;0;0;0
Jumbo;EuroShopper;wk 28 20;0;0;0;0;0;0;0;0
Jumbo;EuroShopper;wk 29 20;0;0;0;0;0;0;0;0
Jumbo;EuroShopper;wk 30 20;0;0;0;0;0;0;0;0
Jumbo;EuroShopper;wk 31 20;0;0;0;0;0;0;0;0
Jumbo;EuroShopper;wk 32 20;0;0;0;0;0;0;0;0
Jumbo;EuroShopper;wk 33 20;0;0;0;0;0;0;0;0
Jumbo;EuroShopper;wk 34 20;0;0;0;0;0;0;0;0
Jumbo;EuroShopper;wk 35 20;0;0;0;0;0;0;0;0
Jumbo;EuroShopper;wk 36 20;0;0;0;0;0;0;0;0
Jumbo;EuroShopper;wk 37 20;0;0;0;0;0;0;0;0
Jumbo;EuroShopper;wk 38 20;0;0;0;0;0;0;0;0
Jumbo;EuroShopper;wk 39 20;0;0;0;0;0;0;0;0
Jumbo;EuroShopper;wk 40 20;0;0;0;0;0;0;0;0
Jumbo;EuroShopper;wk 41 20;0;0;0;0;0;0;0;0
Jumbo;EuroShopper;wk 42 20;0;0;0;0;0;0;0;0
Jumbo;EuroShopper;wk 43 20;0;0;0;0;0;0;0;0
Jumbo;EuroShopper;wk 44 20;0;0;0;0;0;0;0;0
Jumbo;EuroShopper;wk 45 20;0;0;0;0;0;0;0;0
Jumbo;EuroShopper;wk 46 20;0;0;0;0;0;0;0;0
Jumbo;EuroShopper;wk 47 20;0;0;0;0;0;0;0;0
Jumbo;EuroShopper;wk 48 20;0;0;0;0;0;0;0;0
Jumbo;EuroShopper;wk 49 20;0;0;0;0;0;0;0;0
Jumbo;EuroShopper;wk 50 20;0;0;0;0;0;0;0;0
Jumbo;EuroShopper;wk 51 20;0;0;0;0;0;0;0;0
Jumbo;EuroShopper;wk 52 20;0;0;0;0;0;0;0;0
Jumbo;KarvanCevitam;wk 01 17;71018;2.84;3.97;2.82;3.92;0;0;0
Jumbo;KarvanCevitam;wk 02 17;74629;2.85;3.97;2.82;3.91;0;0;0
Jumbo;KarvanCevitam;wk 03 17;76047;2.84;3.95;2.85;3.96;0;3;0
Jumbo;KarvanCevitam;wk 04 17;79725;2.84;3.96;2.85;3.93;0;0;0
Jumbo;KarvanCevitam;wk 05 17;75949;2.84;3.96;2.85;3.97;0;1;0
Jumbo;KarvanCevitam;wk 06 17;72966;2.84;3.95;2.84;3.97;0;0;0
Jumbo;KarvanCevitam;wk 07 17;76207;2.84;3.97;2.85;3.94;0;0;0
Jumbo;KarvanCevitam;wk 08 17;77903;2.84;3.99;2.85;3.97;0;0;0
Jumbo;KarvanCevitam;wk 09 17;77871;2.84;3.95;2.84;3.95;0;0;0
Jumbo;KarvanCevitam;wk 10 17;79442;2.84;3.93;2.84;3.93;0;0;0
Jumbo;KarvanCevitam;wk 11 17;83774;2.84;3.95;2.85;3.95;0;0;0
Jumbo;KarvanCevitam;wk 12 17;190913;2.4;3.26;2.86;3.97;100;0;92
Jumbo;KarvanCevitam;wk 13 17;99401;2.64;3.65;2.85;3.96;0;2;0
Jumbo;KarvanCevitam;wk 14 17;77577;2.83;3.96;2.84;3.94;0;0;0
Jumbo;KarvanCevitam;wk 15 17;81116;2.84;3.96;2.84;3.94;0;0;0
Jumbo;KarvanCevitam;wk 16 17;78130;2.84;4;2.84;3.96;0;2;0
Jumbo;KarvanCevitam;wk 17 17;78620;2.83;3.99;2.84;3.96;0;2;0
Jumbo;KarvanCevitam;wk 18 17;75652;2.84;3.97;2.83;3.95;0;0;0
Jumbo;KarvanCevitam;wk 19 17;82016;2.83;3.97;2.83;3.96;0;8;0
Jumbo;KarvanCevitam;wk 20 17;96001;2.81;3.99;2.84;3.98;0;7;0
Jumbo;KarvanCevitam;wk 21 17;117080;2.82;4.05;2.86;4.08;0;9;0
Jumbo;KarvanCevitam;wk 22 17;201290;2.45;3.4;2.85;4.05;0;76;0
Jumbo;KarvanCevitam;wk 23 17;172618;2.39;3.3;2.86;4.02;0;66;0
Jumbo;KarvanCevitam;wk 24 17;158844;2.41;3.34;2.86;4;0;75;0
Jumbo;KarvanCevitam;wk 25 17;192127;2.41;3.35;2.84;4.02;0;68;0
Jumbo;KarvanCevitam;wk 26 17;152379;2.39;3.31;2.51;3.5;0;65;0
Jumbo;KarvanCevitam;wk 27 17;162481;2.4;3.36;2.46;3.48;0;62;0
Jumbo;KarvanCevitam;wk 28 17;142659;2.41;3.39;2.44;3.41;0;60;0
Jumbo;KarvanCevitam;wk 29 17;141574;2.42;3.42;2.45;3.44;100;0;67
Jumbo;KarvanCevitam;wk 30 17;118718;2.42;3.42;2.46;3.48;0;56;0
Jumbo;KarvanCevitam;wk 31 17;111197;2.43;3.43;2.45;3.44;0;57;0
Jumbo;KarvanCevitam;wk 32 17;107189;2.43;3.41;2.46;3.44;0;46;0
Jumbo;KarvanCevitam;wk 33 17;112244;2.43;3.39;2.47;3.44;0;35;0
Jumbo;KarvanCevitam;wk 34 17;92499;2.71;3.84;2.46;3.44;0;5;0
Jumbo;KarvanCevitam;wk 35 17;86682;2.84;3.99;2.5;3.49;0;2;0
Jumbo;KarvanCevitam;wk 36 17;76862;2.84;4;2.72;3.79;0;1;0
Jumbo;KarvanCevitam;wk 37 17;71589;2.85;3.99;2.84;3.94;0;1;0
Jumbo;KarvanCevitam;wk 38 17;146890;2.42;3.32;2.87;3.99;95;0;61
Jumbo;KarvanCevitam;wk 39 17;92678;2.64;3.68;2.88;4;0;14;0
Jumbo;KarvanCevitam;wk 40 17;73023;2.83;3.97;2.85;3.96;0;0;0
Jumbo;KarvanCevitam;wk 41 17;68087;2.85;4.01;2.85;3.98;0;1;0
Jumbo;KarvanCevitam;wk 42 17;74602;2.81;3.94;2.85;4;0;1;0
Jumbo;KarvanCevitam;wk 43 17;78341;2.8;3.91;2.85;3.97;0;0;0
Jumbo;KarvanCevitam;wk 44 17;80351;2.8;3.9;2.85;3.94;0;0;0
Jumbo;KarvanCevitam;wk 45 17;77717;2.8;3.9;2.85;3.97;0;0;0
Jumbo;KarvanCevitam;wk 46 17;144640;2.43;3.31;2.84;3.96;95;0;56
Jumbo;KarvanCevitam;wk 47 17;90231;2.64;3.66;2.81;3.9;0;3;0
Jumbo;KarvanCevitam;wk 48 17;70728;2.8;3.89;2.8;3.9;0;2;0
Jumbo;KarvanCevitam;wk 49 17;71108;2.8;3.89;2.8;3.88;0;0;0
Jumbo;KarvanCevitam;wk 50 17;76009;2.8;3.89;2.81;3.89;0;0;0
Jumbo;KarvanCevitam;wk 51 17;151655;2.46;3.38;2.83;3.91;91;0;54
Jumbo;KarvanCevitam;wk 52 17;65590;2.75;3.84;2.85;3.97;0;13;0
Jumbo;KarvanCevitam;wk 01 18;67817;2.82;3.95;2.81;3.89;0;0;0
Jumbo;KarvanCevitam;wk 02 18;75831;2.82;3.96;2.81;3.91;0;0;0
Jumbo;KarvanCevitam;wk 03 18;78863;2.82;3.94;2.82;3.94;0;0;0
Jumbo;KarvanCevitam;wk 04 18;149257;2.52;3.46;2.84;3.98;92;0;42
Jumbo;KarvanCevitam;wk 05 18;90819;2.7;3.76;2.81;3.91;0;4;0
Jumbo;KarvanCevitam;wk 06 18;74376;2.75;3.84;2.83;3.93;0;0;0
Jumbo;KarvanCevitam;wk 07 18;78432;2.79;3.89;2.82;3.92;0;0;0
Jumbo;KarvanCevitam;wk 08 18;85686;2.81;3.92;2.8;3.91;0;1;0
Jumbo;KarvanCevitam;wk 09 18;84483;2.81;3.9;2.81;3.88;0;3;0
Jumbo;KarvanCevitam;wk 10 18;88695;2.81;3.91;2.81;3.88;0;0;0
Jumbo;KarvanCevitam;wk 11 18;88730;2.8;3.88;2.8;3.87;0;0;0
Jumbo;KarvanCevitam;wk 12 18;162543;2.51;3.43;2.83;3.93;97;0;54
Jumbo;KarvanCevitam;wk 13 18;143255;2.49;3.43;2.83;3.92;99;0;50
Jumbo;KarvanCevitam;wk 14 18;131812;2.5;3.44;2.82;3.91;97;0;56
Jumbo;KarvanCevitam;wk 15 18;139445;2.5;3.45;2.82;3.89;99;6;53
Jumbo;KarvanCevitam;wk 16 18;157895;2.51;3.47;2.58;3.59;99;2;56
Jumbo;KarvanCevitam;wk 17 18;140810;2.5;3.47;2.55;3.54;99;2;54
Jumbo;KarvanCevitam;wk 18 18;129146;2.51;3.5;2.53;3.53;99;0;45
Jumbo;KarvanCevitam;wk 19 18;146109;2.5;3.48;2.54;3.52;99;0;50
Jumbo;KarvanCevitam;wk 20 18;132979;2.5;3.48;2.53;3.52;99;0;37
Jumbo;KarvanCevitam;wk 21 18;166118;2.5;3.47;2.54;3.51;99;0;43
Jumbo;KarvanCevitam;wk 22 18;129032;2.71;3.82;2.54;3.53;0;3;0
Jumbo;KarvanCevitam;wk 23 18;110422;2.81;3.96;2.57;3.59;0;6;0
Jumbo;KarvanCevitam;wk 24 18;95442;2.81;3.95;2.72;3.8;0;10;0
Jumbo;KarvanCevitam;wk 25 18;93535;2.81;3.96;2.81;3.95;0;7;0
Jumbo;KarvanCevitam;wk 26 18;112886;2.81;3.98;2.81;3.95;0;4;0
Jumbo;KarvanCevitam;wk 27 18;194228;2.54;3.54;2.82;3.98;99;0;48
Jumbo;KarvanCevitam;wk 28 18;115593;2.69;3.85;2.82;4;0;16;0
Jumbo;KarvanCevitam;wk 29 18;115924;2.8;4.05;2.8;4;0;10;0
Jumbo;KarvanCevitam;wk 30 18;141150;2.8;4.04;2.8;4;0;6;0
Jumbo;KarvanCevitam;wk 31 18;124784;2.81;4.01;2.8;3.98;0;10;0
Jumbo;KarvanCevitam;wk 32 18;106479;2.82;3.98;2.81;3.95;0;8;0
Jumbo;KarvanCevitam;wk 33 18;93728;2.82;3.97;2.82;3.97;0;3;0
Jumbo;KarvanCevitam;wk 34 18;164395;2.54;3.49;2.84;4.01;90;0;62
Jumbo;KarvanCevitam;wk 35 18;103069;2.69;3.74;2.84;4.01;0;24;0
Jumbo;KarvanCevitam;wk 36 18;89576;2.81;3.91;2.82;3.94;0;7;0
Jumbo;KarvanCevitam;wk 37 18;85768;2.8;3.9;2.81;3.91;0;4;0
Jumbo;KarvanCevitam;wk 38 18;92654;2.8;3.89;2.81;3.91;0;3;0
Jumbo;KarvanCevitam;wk 39 18;90374;2.79;3.88;2.81;3.88;0;2;0
Jumbo;KarvanCevitam;wk 40 18;131876;2.54;3.49;2.83;3.91;0;36;0
Jumbo;KarvanCevitam;wk 41 18;136489;2.5;3.44;2.82;3.91;0;46;0
Jumbo;KarvanCevitam;wk 42 18;119836;2.52;3.47;2.82;3.92;0;35;0
Jumbo;KarvanCevitam;wk 43 18;118577;2.52;3.46;2.82;3.89;0;49;0
Jumbo;KarvanCevitam;wk 44 18;120728;2.5;3.43;2.61;3.59;98;0;53
Jumbo;KarvanCevitam;wk 45 18;108129;2.52;3.46;2.57;3.53;98;0;23
Jumbo;KarvanCevitam;wk 46 18;100484;2.52;3.47;2.55;3.52;99;0;20
Jumbo;KarvanCevitam;wk 47 18;101771;2.53;3.48;2.55;3.52;99;0;18
Jumbo;KarvanCevitam;wk 48 18;104506;2.53;3.49;2.56;3.54;0;19;0
Jumbo;KarvanCevitam;wk 49 18;82009;2.74;3.79;2.55;3.5;0;3;0
Jumbo;KarvanCevitam;wk 50 18;77643;2.82;3.91;2.58;3.56;0;0;0
Jumbo;KarvanCevitam;wk 51 18;91209;2.82;3.92;2.74;3.79;0;0;0
Jumbo;KarvanCevitam;wk 52 18;106710;2.55;3.5;2.84;3.94;98;0;74
Jumbo;KarvanCevitam;wk 01 19;81427;2.75;3.82;2.84;3.92;0;24;0
Jumbo;KarvanCevitam;wk 02 19;77507;2.85;3.97;2.82;3.91;0;7;0
Jumbo;KarvanCevitam;wk 03 19;80757;2.86;3.98;2.83;3.91;0;12;0
Jumbo;KarvanCevitam;wk 04 19;160042;2.6;3.55;2.87;3.98;96;0;59
Jumbo;KarvanCevitam;wk 05 19;89141;2.76;3.83;2.86;3.99;0;13;0
Jumbo;KarvanCevitam;wk 06 19;78799;2.83;3.95;2.85;3.96;0;7;0
Jumbo;KarvanCevitam;wk 07 19;82667;2.82;3.97;2.85;3.97;0;2;0
Jumbo;KarvanCevitam;wk 08 19;85817;2.82;3.96;2.83;3.94;0;2;0
Jumbo;KarvanCevitam;wk 09 19;146289;2.61;3.62;2.85;3.98;0;45;0
Jumbo;KarvanCevitam;wk 10 19;137227;2.62;3.61;2.84;3.96;0;52;0
Jumbo;KarvanCevitam;wk 11 19;128698;2.62;3.61;2.84;3.94;98;0;48
Jumbo;KarvanCevitam;wk 12 19;121828;2.61;3.61;2.83;3.96;99;0;38
Jumbo;KarvanCevitam;wk 13 19;89737;2.75;3.87;2.68;3.72;0;3;0
Jumbo;KarvanCevitam;wk 14 19;81726;2.82;3.98;2.67;3.74;0;2;0
Jumbo;KarvanCevitam;wk 15 19;89100;2.82;3.97;2.77;3.87;0;0;0
Jumbo;KarvanCevitam;wk 16 19;101841;2.82;4;2.81;3.96;0;0;0
Jumbo;KarvanCevitam;wk 17 19;160587;2.61;3.64;2.83;3.98;0;52;0
Jumbo;KarvanCevitam;wk 18 19;158529;2.58;3.56;2.83;3.98;0;59;0
Jumbo;KarvanCevitam;wk 19 19;137951;2.58;3.57;2.83;3.98;0;56;0
Jumbo;KarvanCevitam;wk 20 19;135787;2.58;3.6;2.83;3.99;0;47;0
Jumbo;KarvanCevitam;wk 21 19;98010;2.76;3.9;2.63;3.67;0;7;0
Jumbo;KarvanCevitam;wk 22 19;97828;2.83;4.06;2.63;3.71;0;0;0
Jumbo;KarvanCevitam;wk 23 19;102044;2.83;4.01;2.78;3.91;0;4;0
Jumbo;KarvanCevitam;wk 24 19;96011;2.83;3.97;2.84;3.98;0;4;0
Jumbo;KarvanCevitam;wk 25 19;171943;2.64;3.66;2.85;4.02;0;33;0
Jumbo;KarvanCevitam;wk 26 19;218844;2.6;3.62;2.84;4.02;0;47;0
Jumbo;KarvanCevitam;wk 27 19;158466;2.6;3.64;2.84;4.01;100;0;37
Jumbo;KarvanCevitam;wk 28 19;127292;2.6;3.67;2.82;4.01;99;0;36
Jumbo;KarvanCevitam;wk 29 19;93434;2.77;4.02;2.67;3.79;0;4;0
Jumbo;KarvanCevitam;wk 30 19;135540;2.84;4.08;2.66;3.79;0;5;0
Jumbo;KarvanCevitam;wk 31 19;91914;2.84;4.08;2.77;3.94;0;4;0
Jumbo;KarvanCevitam;wk 32 19;89635;2.84;4.03;2.84;4.02;0;2;0
Jumbo;KarvanCevitam;wk 33 19;89235;2.84;4.01;2.84;4.02;0;10;0
Jumbo;KarvanCevitam;wk 34 19;142600;2.58;3.59;2.86;4.03;0;24;0
Jumbo;KarvanCevitam;wk 35 19;181490;2.53;3.49;2.86;4;0;37;0
Jumbo;KarvanCevitam;wk 36 19;145755;2.51;3.46;2.86;3.98;0;44;0
Jumbo;KarvanCevitam;wk 37 19;91338;2.74;3.79;2.84;3.93;0;2;0
Jumbo;KarvanCevitam;wk 38 19;84391;2.84;3.94;2.75;3.82;0;0;0
Jumbo;KarvanCevitam;wk 39 19;90426;2.83;3.93;2.75;3.82;0;4;0
Jumbo;KarvanCevitam;wk 40 19;86020;2.82;3.93;2.82;3.94;0;4;0
Jumbo;KarvanCevitam;wk 41 19;142830;2.59;3.58;2.84;3.94;98;0;42
Jumbo;KarvanCevitam;wk 42 19;92265;2.72;3.81;2.84;3.96;0;11;0
Jumbo;KarvanCevitam;wk 43 19;82290;2.81;3.93;2.83;3.96;0;2;0
Jumbo;KarvanCevitam;wk 44 19;85649;2.84;3.9;2.83;3.93;0;2;0
Jumbo;KarvanCevitam;wk 45 19;84358;2.84;3.9;2.82;3.91;0;1;0
Jumbo;KarvanCevitam;wk 46 19;83701;2.84;3.89;2.83;3.9;0;0;0
Jumbo;KarvanCevitam;wk 47 19;149787;2.62;3.55;2.86;3.93;98;0;45
Jumbo;KarvanCevitam;wk 48 19;92730;2.75;3.77;2.85;3.92;0;0;0
Jumbo;KarvanCevitam;wk 49 19;79147;2.84;3.91;2.83;3.87;0;0;0
Jumbo;KarvanCevitam;wk 50 19;83238;2.83;3.89;2.83;3.88;0;0;0
Jumbo;KarvanCevitam;wk 51 19;128302;2.63;3.61;2.86;3.93;98;0;57
Jumbo;KarvanCevitam;wk 52 19;81010;2.71;3.74;2.84;3.93;0;54;0
Jumbo;KarvanCevitam;wk 01 20;78883;2.83;3.92;2.83;3.89;0;4;0
Jumbo;KarvanCevitam;wk 02 20;82286;2.83;3.91;2.85;3.94;0;0;0
Jumbo;KarvanCevitam;wk 03 20;84329;2.83;3.9;2.83;3.92;0;0;0
Jumbo;KarvanCevitam;wk 04 20;144853;2.61;3.57;2.86;3.91;98;0;43
Jumbo;KarvanCevitam;wk 05 20;90689;2.76;3.81;2.85;3.91;0;3;0
Jumbo;KarvanCevitam;wk 06 20;82075;2.84;3.92;2.85;3.91;0;0;0
Jumbo;KarvanCevitam;wk 07 20;87074;2.83;3.93;2.83;3.91;0;0;0
Jumbo;KarvanCevitam;wk 08 20;84315;2.83;4;2.84;3.94;0;0;0
Jumbo;KarvanCevitam;wk 09 20;94402;2.84;3.92;2.83;3.94;0;0;0
Jumbo;KarvanCevitam;wk 10 20;154733;2.62;3.58;2.86;3.94;99;3;41
Jumbo;KarvanCevitam;wk 11 20;157370;2.78;3.8;2.83;3.86;0;3;0
Jumbo;KarvanCevitam;wk 12 20;126511;2.83;3.89;2.84;3.87;0;0;0
Jumbo;KarvanCevitam;wk 13 20;168050;2.64;3.57;2.86;3.88;0;0;0
Jumbo;KarvanCevitam;wk 14 20;163965;2.59;3.5;2.85;3.89;0;0;0
Jumbo;KarvanCevitam;wk 15 20;169842;2.59;3.52;2.81;3.8;0;0;0
Jumbo;KarvanCevitam;wk 16 20;161161;2.59;3.51;2.81;3.8;0;0;0
Jumbo;KarvanCevitam;wk 17 20;115741;2.76;3.78;2.66;3.61;0;0;0
Jumbo;KarvanCevitam;wk 18 20;96392;2.83;3.89;2.64;3.59;0;0;0
Jumbo;KarvanCevitam;wk 19 20;102313;2.83;3.9;2.75;3.75;0;0;0
Jumbo;KarvanCevitam;wk 20 20;100483;2.83;3.89;2.82;3.86;0;0;0
Jumbo;KarvanCevitam;wk 21 20;197689;2.61;3.55;2.86;3.9;0;0;0
Jumbo;KarvanCevitam;wk 22 20;193425;2.58;3.52;2.86;3.87;99;3;34
Jumbo;KarvanCevitam;wk 23 20;178926;2.58;3.52;2.87;3.91;98;3;45
Jumbo;KarvanCevitam;wk 24 20;147204;2.64;3.63;2.87;3.94;99;5;39
Jumbo;KarvanCevitam;wk 25 20;109149;2.87;4.04;2.72;3.73;0;9;0
Jumbo;KarvanCevitam;wk 26 20;133425;2.96;4.18;2.7;3.7;0;15;0
Jumbo;KarvanCevitam;wk 27 20;103849;2.95;4.14;2.85;3.92;94;8;0
Jumbo;KarvanCevitam;wk 28 20;91655;2.96;4.18;2.96;4.07;97;9;0
Jumbo;KarvanCevitam;wk 29 20;160463;2.66;3.72;3.02;4.17;100;0;51
Jumbo;KarvanCevitam;wk 30 20;161352;2.62;3.69;3.01;4.15;100;3;45
Jumbo;KarvanCevitam;wk 31 20;154463;2.63;3.71;2.99;4.1;100;0;51
Jumbo;KarvanCevitam;wk 32 20;182507;2.63;3.73;2.99;4.12;100;0;55
Jumbo;KarvanCevitam;wk 33 20;205917;2.63;3.69;2.72;3.73;100;0;55
Jumbo;KarvanCevitam;wk 34 20;119605;2.82;3.92;2.67;3.66;0;6;0
Jumbo;KarvanCevitam;wk 35 20;94507;2.88;3.98;2.69;3.71;0;4;0
Jumbo;KarvanCevitam;wk 36 20;89662;2.88;3.96;2.82;3.87;0;8;0
Jumbo;KarvanCevitam;wk 37 20;143926;2.65;3.63;2.9;3.99;99;0;47
Jumbo;KarvanCevitam;wk 38 20;158572;2.61;3.59;2.9;3.99;99;0;46
Jumbo;KarvanCevitam;wk 39 20;156026;2.62;3.59;2.9;3.99;99;0;49
Jumbo;KarvanCevitam;wk 40 20;139974;2.61;3.58;2.88;3.94;98;0;41
Jumbo;KarvanCevitam;wk 41 20;91031;2.78;3.8;2.69;3.7;0;4;0
Jumbo;KarvanCevitam;wk 42 20;86167;2.85;3.9;2.69;3.7;0;3;0
Jumbo;KarvanCevitam;wk 43 20;88992;2.85;3.9;2.78;3.81;0;4;0
Jumbo;KarvanCevitam;wk 44 20;90816;2.85;3.87;2.85;3.87;0;4;0
Jumbo;KarvanCevitam;wk 45 20;139648;2.69;3.64;2.88;3.95;99;2;47
Jumbo;KarvanCevitam;wk 46 20;95104;2.91;3.94;2.88;3.91;0;5;0
Jumbo;KarvanCevitam;wk 47 20;80067;2.97;4.06;2.89;3.92;0;4;0
Jumbo;KarvanCevitam;wk 48 20;83875;2.91;3.95;2.93;3.96;0;3;0
Jumbo;KarvanCevitam;wk 49 20;85149;2.92;3.95;2.95;3.99;0;0;0
Jumbo;KarvanCevitam;wk 50 20;87736;2.92;3.98;2.95;3.99;0;0;0
Jumbo;KarvanCevitam;wk 51 20;97354;2.93;3.97;2.95;4;0;0;0
Jumbo;KarvanCevitam;wk 52 20;77163;2.93;3.98;2.93;3.95;0;0;0
Jumbo;Raak;wk 01 17;36510;1.3;1.73;1.28;1.71;0;0;0
Jumbo;Raak;wk 02 17;38476;1.3;1.73;1.28;1.71;0;0;0
Jumbo;Raak;wk 03 17;39102;1.32;1.76;1.3;1.73;0;0;0
Jumbo;Raak;wk 04 17;41102;1.32;1.76;1.3;1.73;0;0;0
Jumbo;Raak;wk 05 17;41688;1.32;1.75;1.31;1.75;0;0;0
Jumbo;Raak;wk 06 17;41147;1.32;1.75;1.32;1.76;0;1;0
Jumbo;Raak;wk 07 17;40843;1.32;1.75;1.32;1.76;0;4;0
Jumbo;Raak;wk 08 17;42043;1.32;1.76;1.32;1.76;0;4;0
Jumbo;Raak;wk 09 17;39575;1.32;1.76;1.32;1.76;0;0;0
Jumbo;Raak;wk 10 17;40382;1.32;1.76;1.32;1.76;0;0;0
Jumbo;Raak;wk 11 17;48054;1.33;1.78;1.33;1.78;0;1;0
Jumbo;Raak;wk 12 17;48678;1.34;1.78;1.34;1.78;0;1;0
Jumbo;Raak;wk 13 17;49638;1.33;1.78;1.33;1.78;0;3;0
Jumbo;Raak;wk 14 17;50236;1.33;1.77;1.34;1.79;0;3;0
Jumbo;Raak;wk 15 17;49024;1.34;1.78;1.34;1.79;0;0;0
Jumbo;Raak;wk 16 17;43444;1.33;1.78;1.34;1.78;0;0;0
Jumbo;Raak;wk 17 17;43169;1.32;1.76;1.33;1.78;0;0;0
Jumbo;Raak;wk 18 17;44836;1.33;1.77;1.34;1.79;0;0;0
Jumbo;Raak;wk 19 17;48366;1.34;1.78;1.34;1.79;0;0;0
Jumbo;Raak;wk 20 17;54768;1.34;1.79;1.35;1.8;0;0;0
Jumbo;Raak;wk 21 17;62460;1.34;1.79;1.34;1.79;0;0;0
Jumbo;Raak;wk 22 17;60849;1.34;1.79;1.34;1.79;0;0;0
Jumbo;Raak;wk 23 17;53108;1.34;1.79;1.34;1.79;0;0;0
Jumbo;Raak;wk 24 17;54724;1.34;1.78;1.34;1.79;0;0;0
Jumbo;Raak;wk 25 17;64767;1.34;1.78;1.34;1.78;0;0;0
Jumbo;Raak;wk 26 17;53258;1.34;1.78;1.34;1.78;0;0;0
Jumbo;Raak;wk 27 17;54726;1.34;1.78;1.34;1.78;0;0;0
Jumbo;Raak;wk 28 17;51883;1.34;1.79;1.34;1.78;0;0;0
Jumbo;Raak;wk 29 17;54263;1.34;1.79;1.34;1.78;0;0;0
Jumbo;Raak;wk 30 17;46289;1.34;1.78;1.34;1.78;0;0;0
Jumbo;Raak;wk 31 17;43172;1.34;1.79;1.34;1.78;0;0;0
Jumbo;Raak;wk 32 17;42278;1.34;1.78;1.33;1.78;0;0;0
Jumbo;Raak;wk 33 17;44573;1.34;1.79;1.34;1.79;0;0;0
Jumbo;Raak;wk 34 17;50938;1.34;1.79;1.34;1.79;0;0;0
Jumbo;Raak;wk 35 17;53956;1.34;1.79;1.34;1.78;0;0;0
Jumbo;Raak;wk 36 17;51300;1.34;1.79;1.34;1.79;0;0;0
Jumbo;Raak;wk 37 17;48762;1.34;1.79;1.34;1.79;0;0;0
Jumbo;Raak;wk 38 17;49451;1.34;1.79;1.35;1.8;0;0;0
Jumbo;Raak;wk 39 17;51427;1.35;1.8;1.35;1.8;0;0;0
Jumbo;Raak;wk 40 17;51121;1.35;1.8;1.35;1.8;0;0;0
Jumbo;Raak;wk 41 17;50989;1.35;1.8;1.35;1.8;0;0;0
Jumbo;Raak;wk 42 17;55771;1.33;1.78;1.35;1.8;0;0;0
Jumbo;Raak;wk 43 17;56037;1.33;1.77;1.35;1.81;0;0;0
Jumbo;Raak;wk 44 17;57172;1.33;1.77;1.36;1.81;0;0;0
Jumbo;Raak;wk 45 17;56354;1.33;1.77;1.36;1.81;0;0;0
Jumbo;Raak;wk 46 17;56098;1.32;1.77;1.33;1.78;0;0;0
Jumbo;Raak;wk 47 17;59506;1.33;1.77;1.33;1.78;0;3;0
Jumbo;Raak;wk 48 17;57499;1.33;1.77;1.33;1.78;0;0;0
Jumbo;Raak;wk 49 17;56264;1.33;1.77;1.33;1.77;0;0;0
Jumbo;Raak;wk 50 17;58873;1.33;1.77;1.32;1.77;0;0;0
Jumbo;Raak;wk 51 17;67605;1.33;1.77;1.33;1.77;0;0;0
Jumbo;Raak;wk 52 17;44001;1.38;1.83;1.33;1.77;0;0;0
Jumbo;Raak;wk 01 18;48785;1.39;1.86;1.33;1.78;0;0;0
Jumbo;Raak;wk 02 18;54511;1.39;1.85;1.38;1.83;0;0;0
Jumbo;Raak;wk 03 18;57114;1.37;1.83;1.39;1.85;0;0;0
Jumbo;Raak;wk 04 18;62377;1.37;1.82;1.39;1.85;0;0;0
Jumbo;Raak;wk 05 18;61109;1.36;1.81;1.39;1.85;0;0;0
Jumbo;Raak;wk 06 18;59007;1.36;1.82;1.39;1.85;0;0;0
Jumbo;Raak;wk 07 18;58778;1.36;1.82;1.37;1.83;0;0;0
Jumbo;Raak;wk 08 18;57994;1.36;1.82;1.36;1.82;0;0;0
Jumbo;Raak;wk 09 18;56531;1.36;1.81;1.36;1.82;0;0;0
Jumbo;Raak;wk 10 18;61473;1.35;1.8;1.36;1.81;0;0;0
Jumbo;Raak;wk 11 18;63883;1.35;1.8;1.35;1.8;0;0;0
Jumbo;Raak;wk 12 18;66675;1.35;1.8;1.36;1.81;0;0;0
Jumbo;Raak;wk 13 18;65584;1.35;1.8;1.35;1.8;0;3;0
Jumbo;Raak;wk 14 18;63861;1.34;1.79;1.35;1.8;0;0;0
Jumbo;Raak;wk 15 18;68578;1.34;1.79;1.35;1.81;0;0;0
Jumbo;Raak;wk 16 18;77871;1.34;1.79;1.35;1.8;0;0;0
Jumbo;Raak;wk 17 18;69005;1.34;1.79;1.35;1.8;0;0;0
Jumbo;Raak;wk 18 18;64080;1.34;1.79;1.35;1.8;0;0;0
Jumbo;Raak;wk 19 18;72871;1.35;1.8;1.35;1.8;0;0;0
Jumbo;Raak;wk 20 18;73254;1.35;1.8;1.35;1.8;0;0;0
Jumbo;Raak;wk 21 18;82747;1.35;1.8;1.35;1.8;0;0;0
Jumbo;Raak;wk 22 18;84838;1.35;1.8;1.35;1.8;0;0;0
Jumbo;Raak;wk 23 18;77382;1.34;1.79;1.35;1.8;0;0;0
Jumbo;Raak;wk 24 18;69489;1.34;1.78;1.34;1.79;0;0;0
Jumbo;Raak;wk 25 18;70559;1.34;1.78;1.34;1.79;0;0;0
Jumbo;Raak;wk 26 18;78726;1.34;1.78;1.34;1.78;0;0;0
Jumbo;Raak;wk 27 18;84007;1.34;1.79;1.34;1.79;0;0;0
Jumbo;Raak;wk 28 18;74910;1.34;1.78;1.34;1.79;0;0;0
Jumbo;Raak;wk 29 18;85096;1.34;1.79;1.34;1.79;0;0;0
Jumbo;Raak;wk 30 18;95549;1.34;1.79;1.34;1.79;0;0;0
Jumbo;Raak;wk 31 18;85005;1.35;1.8;1.34;1.79;0;0;0
Jumbo;Raak;wk 32 18;76066;1.34;1.78;1.34;1.78;0;0;0
Jumbo;Raak;wk 33 18;70595;1.34;1.79;1.34;1.78;0;0;0
Jumbo;Raak;wk 34 18;74547;1.35;1.8;1.34;1.79;0;0;0
Jumbo;Raak;wk 35 18;69931;1.35;1.79;1.35;1.8;0;0;0
Jumbo;Raak;wk 36 18;73697;1.34;1.79;1.35;1.81;0;0;0
Jumbo;Raak;wk 37 18;73315;1.34;1.79;1.35;1.8;0;0;0
Jumbo;Raak;wk 38 18;75320;1.34;1.79;1.34;1.79;0;0;0
Jumbo;Raak;wk 39 18;69888;1.34;1.79;1.36;1.82;0;0;0
Jumbo;Raak;wk 40 18;68797;1.33;1.78;1.36;1.81;0;0;0
Jumbo;Raak;wk 41 18;68337;1.33;1.77;1.35;1.8;0;0;0
Jumbo;Raak;wk 42 18;69125;1.32;1.76;1.35;1.8;0;0;0
Jumbo;Raak;wk 43 18;66945;1.32;1.76;1.34;1.79;0;0;0
Jumbo;Raak;wk 44 18;66558;1.32;1.76;1.34;1.79;0;0;0
Jumbo;Raak;wk 45 18;70825;1.32;1.76;1.34;1.78;0;0;0
Jumbo;Raak;wk 46 18;70125;1.32;1.76;1.32;1.77;0;0;0
Jumbo;Raak;wk 47 18;74866;1.33;1.78;1.32;1.77;0;0;0
Jumbo;Raak;wk 48 18;75390;1.34;1.78;1.32;1.76;0;0;0
Jumbo;Raak;wk 49 18;70349;1.33;1.78;1.32;1.76;0;0;0
Jumbo;Raak;wk 50 18;68098;1.34;1.79;1.33;1.77;0;0;0
Jumbo;Raak;wk 51 18;78756;1.35;1.8;1.33;1.77;0;0;0
Jumbo;Raak;wk 52 18;54872;1.35;1.8;1.34;1.79;0;0;0
Jumbo;Raak;wk 01 19;60190;1.36;1.81;1.35;1.8;0;0;0
Jumbo;Raak;wk 02 19;66034;1.36;1.81;1.35;1.8;0;0;0
Jumbo;Raak;wk 03 19;67387;1.36;1.81;1.35;1.8;0;0;0
Jumbo;Raak;wk 04 19;71895;1.37;1.82;1.35;1.8;0;0;0
Jumbo;Raak;wk 05 19;70141;1.37;1.83;1.35;1.81;0;0;0
Jumbo;Raak;wk 06 19;71058;1.37;1.83;1.37;1.82;0;0;0
Jumbo;Raak;wk 07 19;70312;1.37;1.82;1.37;1.83;0;0;0
Jumbo;Raak;wk 08 19;71694;1.37;1.83;1.38;1.83;0;0;0
Jumbo;Raak;wk 09 19;74194;1.36;1.82;1.38;1.84;0;3;0
Jumbo;Raak;wk 10 19;70220;1.36;1.81;1.37;1.83;0;2;0
Jumbo;Raak;wk 11 19;70743;1.35;1.81;1.36;1.82;0;2;0
Jumbo;Raak;wk 12 19;73944;1.36;1.81;1.36;1.82;0;2;0
Jumbo;Raak;wk 13 19;75666;1.36;1.81;1.37;1.83;0;3;0
Jumbo;Raak;wk 14 19;74006;1.36;1.81;1.37;1.83;0;3;0
Jumbo;Raak;wk 15 19;75237;1.36;1.81;1.37;1.82;0;2;0
Jumbo;Raak;wk 16 19;80260;1.36;1.81;1.36;1.82;0;2;0
Jumbo;Raak;wk 17 19;80571;1.35;1.8;1.36;1.81;0;0;0
Jumbo;Raak;wk 18 19;73435;1.35;1.8;1.36;1.81;0;0;0
Jumbo;Raak;wk 19 19;72611;1.36;1.81;1.36;1.81;0;0;0
Jumbo;Raak;wk 20 19;76147;1.36;1.81;1.36;1.81;0;0;0
Jumbo;Raak;wk 21 19;79841;1.36;1.81;1.36;1.81;0;0;0
Jumbo;Raak;wk 22 19;77418;1.43;1.9;1.36;1.81;0;0;0
Jumbo;Raak;wk 23 19;82307;1.45;1.93;1.36;1.81;0;0;0
Jumbo;Raak;wk 24 19;76813;1.54;2.05;1.45;1.93;0;0;0
Jumbo;Raak;wk 25 19;91431;1.56;2.07;1.48;1.97;0;0;0
Jumbo;Raak;wk 26 19;100356;1.56;2.08;1.54;2.05;0;0;0
Jumbo;Raak;wk 27 19;82416;1.56;2.08;1.52;2.03;0;0;0
Jumbo;Raak;wk 28 19;72156;1.54;2.05;1.55;2.07;0;0;0
Jumbo;Raak;wk 29 19;71238;1.53;2.04;1.58;2.1;0;0;0
Jumbo;Raak;wk 30 19;99179;1.55;2.07;1.58;2.1;0;2;0
Jumbo;Raak;wk 31 19;70523;1.56;2.08;1.57;2.09;0;2;0
Jumbo;Raak;wk 32 19;69992;1.55;2.07;1.57;2.1;0;2;0
Jumbo;Raak;wk 33 19;68947;1.51;2.02;1.57;2.09;0;2;0
Jumbo;Raak;wk 34 19;78745;1.46;1.95;1.55;2.07;0;2;0
Jumbo;Raak;wk 35 19;90983;1.45;1.94;1.56;2.08;0;2;0
Jumbo;Raak;wk 36 19;78404;1.42;1.9;1.56;2.08;0;3;0
Jumbo;Raak;wk 37 19;75427;1.42;1.89;1.53;2.04;0;4;0
Jumbo;Raak;wk 38 19;75599;1.42;1.9;1.47;1.97;0;3;0
Jumbo;Raak;wk 39 19;75394;1.43;1.91;1.46;1.95;0;0;0
Jumbo;Raak;wk 40 19;66577;1.43;1.91;1.44;1.92;0;0;0
Jumbo;Raak;wk 41 19;66627;1.44;1.92;1.43;1.91;0;0;0
Jumbo;Raak;wk 42 19;67440;1.44;1.91;1.43;1.91;0;0;0
Jumbo;Raak;wk 43 19;71029;1.43;1.91;1.43;1.91;0;0;0
Jumbo;Raak;wk 44 19;71286;1.43;1.91;1.44;1.91;0;0;0
Jumbo;Raak;wk 45 19;68700;1.43;1.91;1.44;1.91;0;0;0
Jumbo;Raak;wk 46 19;68162;1.43;1.91;1.43;1.91;0;0;0
Jumbo;Raak;wk 47 19;71495;1.44;1.92;1.43;1.91;0;0;0
Jumbo;Raak;wk 48 19;72169;1.45;1.93;1.43;1.9;0;0;0
Jumbo;Raak;wk 49 19;70851;1.44;1.93;1.43;1.91;0;0;0
Jumbo;Raak;wk 50 19;72781;1.44;1.92;1.44;1.92;0;0;0
Jumbo;Raak;wk 51 19;74821;1.44;1.92;1.44;1.92;0;0;0
Jumbo;Raak;wk 52 19;57209;1.44;1.92;1.44;1.92;0;0;0
Jumbo;Raak;wk 01 20;67920;1.44;1.92;1.44;1.93;0;0;0
Jumbo;Raak;wk 02 20;71020;1.44;1.92;1.45;1.93;0;0;0
Jumbo;Raak;wk 03 20;70781;1.44;1.92;1.44;1.92;0;0;0
Jumbo;Raak;wk 04 20;74279;1.44;1.93;1.45;1.93;0;0;0
Jumbo;Raak;wk 05 20;72613;1.45;1.93;1.45;1.93;0;0;0
Jumbo;Raak;wk 06 20;73048;1.44;1.93;1.45;1.93;0;0;0
Jumbo;Raak;wk 07 20;71876;1.44;1.92;1.44;1.92;0;0;0
Jumbo;Raak;wk 08 20;71887;1.44;1.92;1.44;1.92;0;0;0
Jumbo;Raak;wk 09 20;78106;1.44;1.92;1.43;1.91;0;0;0
Jumbo;Raak;wk 10 20;76492;1.44;1.93;1.44;1.92;0;0;0
Jumbo;Raak;wk 11 20;114683;1.45;1.93;1.46;1.94;0;0;0
Jumbo;Raak;wk 12 20;92361;1.46;1.95;1.46;1.95;0;0;0
Jumbo;Raak;wk 13 20;87513;1.45;1.93;1.46;1.94;0;0;0
Jumbo;Raak;wk 14 20;79119;1.44;1.93;1.46;1.94;0;0;0
Jumbo;Raak;wk 15 20;85453;1.45;1.93;1.45;1.94;0;0;0
Jumbo;Raak;wk 16 20;79526;1.44;1.93;1.45;1.94;0;0;0
Jumbo;Raak;wk 17 20;88091;1.45;1.93;1.44;1.92;0;0;0
Jumbo;Raak;wk 18 20;78834;1.45;1.93;1.44;1.93;0;0;0
Jumbo;Raak;wk 19 20;82461;1.45;1.93;1.45;1.93;0;0;0
Jumbo;Raak;wk 20 20;84039;1.45;1.93;1.44;1.93;0;0;0
Jumbo;Raak;wk 21 20;91534;1.45;1.93;1.45;1.93;0;0;0
Jumbo;Raak;wk 22 20;91122;1.45;1.93;1.44;1.93;0;0;0
Jumbo;Raak;wk 23 20;87751;1.45;1.93;1.44;1.93;0;0;0
Jumbo;Raak;wk 24 20;82318;1.46;1.94;1.46;1.94;0;0;0
Jumbo;Raak;wk 25 20;91431;1.46;1.95;1.46;1.94;0;0;0
Jumbo;Raak;wk 26 20;113534;1.46;1.95;1.46;1.95;0;0;0
Jumbo;Raak;wk 27 20;91519;1.46;1.95;1.46;1.95;0;0;0
Jumbo;Raak;wk 28 20;81097;1.46;1.94;1.47;1.96;0;0;0
Jumbo;Raak;wk 29 20;78026;1.46;1.95;1.46;1.95;0;0;0
Jumbo;Raak;wk 30 20;79212;1.52;2.03;1.46;1.95;0;0;0
Jumbo;Raak;wk 31 20;78991;1.55;2.06;1.46;1.95;0;0;0
Jumbo;Raak;wk 32 20;95885;1.54;2.05;1.53;2.04;0;0;0
Jumbo;Raak;wk 33 20;111417;1.53;2.04;1.54;2.05;0;0;0
Jumbo;Raak;wk 34 20;97809;1.5;2.01;1.55;2.06;0;0;0
Jumbo;Raak;wk 35 20;86097;1.5;1.99;1.54;2.06;0;0;0
Jumbo;Raak;wk 36 20;82882;1.5;2;1.54;2.06;0;0;0
Jumbo;Raak;wk 37 20;79934;1.5;2;1.54;2.05;0;0;0
Jumbo;Raak;wk 38 20;85056;1.5;1.99;1.52;2.02;0;0;0
Jumbo;Raak;wk 39 20;89119;1.52;2.02;1.5;2;0;0;0
Jumbo;Raak;wk 40 20;82511;1.48;1.98;1.5;2;0;0;0
Jumbo;Raak;wk 41 20;78051;1.47;1.96;1.51;2.02;0;0;0
Jumbo;Raak;wk 42 20;76055;1.47;1.96;1.51;2.01;0;0;0
Jumbo;Raak;wk 43 20;79890;1.47;1.96;1.5;1.99;0;0;0
Jumbo;Raak;wk 44 20;80560;1.47;1.96;1.49;1.99;0;0;0
Jumbo;Raak;wk 45 20;80671;1.55;2.07;1.47;1.96;0;0;0
Jumbo;Raak;wk 46 20;77912;1.56;2.08;1.47;1.96;0;3;0
Jumbo;Raak;wk 47 20;80398;1.56;2.08;1.55;2.06;0;3;0
Jumbo;Raak;wk 48 20;82089;1.54;2.06;1.56;2.08;0;3;0
Jumbo;Raak;wk 49 20;77967;1.54;2.05;1.56;2.07;0;3;0
Jumbo;Raak;wk 50 20;79376;1.54;2.05;1.56;2.08;0;3;0
Jumbo;Raak;wk 51 20;87964;1.54;2.06;1.55;2.07;0;3;0
Jumbo;Raak;wk 52 20;67986;1.54;2.05;1.55;2.06;0;3;0
Jumbo;Slimpie;wk 01 17;30314;1.79;3.17;1.79;3.19;0;0;0
Jumbo;Slimpie;wk 02 17;65783;1.57;2.75;1.77;3.13;93;0;82
Jumbo;Slimpie;wk 03 17;36260;1.69;2.99;1.79;3.19;0;7;0
Jumbo;Slimpie;wk 04 17;31091;1.76;3.12;1.76;3.09;0;0;0
Jumbo;Slimpie;wk 05 17;32078;1.75;3.1;1.76;3.13;0;0;0
Jumbo;Slimpie;wk 06 17;31585;1.75;3.09;1.76;3.11;0;0;0
Jumbo;Slimpie;wk 07 17;32303;1.74;3.09;1.75;3.1;0;0;0
Jumbo;Slimpie;wk 08 17;33356;1.74;3.09;1.75;3.1;0;0;0
Jumbo;Slimpie;wk 09 17;32953;1.74;3.09;1.75;3.09;0;0;0
Jumbo;Slimpie;wk 10 17;33661;1.74;3.08;1.76;3.12;0;2;0
Jumbo;Slimpie;wk 11 17;35494;1.74;3.08;1.74;3.08;0;0;0
Jumbo;Slimpie;wk 12 17;35893;1.74;3.18;1.75;3.09;0;0;0
Jumbo;Slimpie;wk 13 17;37330;1.73;3.19;1.75;3.1;0;0;0
Jumbo;Slimpie;wk 14 17;36747;1.73;3.17;1.74;3.07;0;0;0
Jumbo;Slimpie;wk 15 17;36395;1.73;3.16;1.74;3.07;0;0;0
Jumbo;Slimpie;wk 16 17;33648;1.73;3.19;1.72;3.04;0;0;0
Jumbo;Slimpie;wk 17 17;34268;1.73;3.17;1.72;3.08;0;0;0
Jumbo;Slimpie;wk 18 17;34988;1.73;3.18;1.72;3.09;0;0;0
Jumbo;Slimpie;wk 19 17;35667;1.74;3.2;1.73;3.13;0;0;0
Jumbo;Slimpie;wk 20 17;39376;1.75;3.26;1.72;3.1;0;0;0
Jumbo;Slimpie;wk 21 17;45483;1.75;3.29;1.74;3.21;0;0;0
Jumbo;Slimpie;wk 22 17;44388;1.77;3.21;1.75;3.22;0;0;0
Jumbo;Slimpie;wk 23 17;35016;1.77;3.17;1.75;3.17;0;0;0
Jumbo;Slimpie;wk 24 17;35068;1.77;3.19;1.76;3.16;0;0;0
Jumbo;Slimpie;wk 25 17;41759;1.77;3.2;1.76;3.15;0;0;0
Jumbo;Slimpie;wk 26 17;67121;1.57;2.78;1.77;3.18;100;0;76
Jumbo;Slimpie;wk 27 17;40877;1.68;3.03;1.8;3.25;0;22;0
Jumbo;Slimpie;wk 28 17;30620;1.77;3.23;1.78;3.22;0;6;0
Jumbo;Slimpie;wk 29 17;33528;1.78;3.22;1.76;3.16;0;0;0
Jumbo;Slimpie;wk 30 17;29662;1.77;3.2;1.79;3.22;0;3;0
Jumbo;Slimpie;wk 31 17;27997;1.77;3.2;1.76;3.15;0;0;0
Jumbo;Slimpie;wk 32 17;27572;1.77;3.18;1.78;3.2;0;0;0
Jumbo;Slimpie;wk 33 17;28710;1.76;3.15;1.77;3.18;0;0;0
Jumbo;Slimpie;wk 34 17;32338;1.77;3.16;1.76;3.13;0;0;0
Jumbo;Slimpie;wk 35 17;33339;1.76;3.15;1.76;3.13;0;0;0
Jumbo;Slimpie;wk 36 17;30119;1.76;3.15;1.76;3.15;0;0;0
Jumbo;Slimpie;wk 37 17;27667;1.76;3.14;1.76;3.15;0;0;0
Jumbo;Slimpie;wk 38 17;28534;1.77;3.16;1.76;3.15;0;0;0
Jumbo;Slimpie;wk 39 17;29339;1.77;3.17;1.77;3.14;0;0;0
Jumbo;Slimpie;wk 40 17;56987;1.57;2.78;1.78;3.18;84;0;78
Jumbo;Slimpie;wk 41 17;32291;1.68;3.02;1.76;3.12;0;8;0
Jumbo;Slimpie;wk 42 17;26484;1.78;3.21;1.77;3.14;0;2;0
Jumbo;Slimpie;wk 43 17;27720;1.78;3.2;1.78;3.19;0;0;0
Jumbo;Slimpie;wk 44 17;26648;1.78;3.2;1.78;3.2;0;0;0
Jumbo;Slimpie;wk 45 17;26322;1.78;3.21;1.77;3.15;0;0;0
Jumbo;Slimpie;wk 46 17;26086;1.77;3.17;1.78;3.19;0;0;0
Jumbo;Slimpie;wk 47 17;27537;1.78;3.2;1.77;3.16;0;0;0
Jumbo;Slimpie;wk 48 17;26949;1.77;3.18;1.77;3.17;0;0;0
Jumbo;Slimpie;wk 49 17;25875;1.77;3.16;1.78;3.17;0;0;0
Jumbo;Slimpie;wk 50 17;27268;1.77;3.16;1.78;3.2;0;0;0
Jumbo;Slimpie;wk 51 17;32133;1.77;3.16;1.77;3.16;0;0;0
Jumbo;Slimpie;wk 52 17;21664;1.77;3.18;1.77;3.15;0;0;0
Jumbo;Slimpie;wk 01 18;26035;1.77;3.19;1.78;3.21;0;0;0
Jumbo;Slimpie;wk 02 18;58079;1.57;2.79;1.77;3.16;78;0;69
Jumbo;Slimpie;wk 03 18;32069;1.69;3.03;1.78;3.18;0;4;0
Jumbo;Slimpie;wk 04 18;26095;1.77;3.2;1.77;3.16;0;1;0
Jumbo;Slimpie;wk 05 18;25373;1.78;3.22;1.77;3.17;0;0;0
Jumbo;Slimpie;wk 06 18;25912;1.76;3.16;1.81;3.22;0;0;0
Jumbo;Slimpie;wk 07 18;26974;1.75;3.12;1.78;3.17;0;0;0
Jumbo;Slimpie;wk 08 18;28672;1.75;3.11;1.79;3.19;0;0;0
Jumbo;Slimpie;wk 09 18;27822;1.75;3.11;1.77;3.14;0;0;0
Jumbo;Slimpie;wk 10 18;29341;1.76;3.13;1.76;3.13;0;0;0
Jumbo;Slimpie;wk 11 18;29084;1.75;3.12;1.8;3.21;0;0;0
Jumbo;Slimpie;wk 12 18;31700;1.7;3.02;1.75;3.11;0;0;0
Jumbo;Slimpie;wk 13 18;30460;1.69;3.01;1.76;3.16;0;0;0
Jumbo;Slimpie;wk 14 18;29246;1.68;3;1.74;3.1;0;0;0
Jumbo;Slimpie;wk 15 18;32004;1.64;2.95;1.74;3.09;0;0;0
Jumbo;Slimpie;wk 16 18;36843;1.64;2.94;1.71;3.05;0;0;0
Jumbo;Slimpie;wk 17 18;33575;1.64;2.95;1.69;3.03;0;0;0
Jumbo;Slimpie;wk 18 18;32061;1.7;3.06;1.69;3.01;0;0;0
Jumbo;Slimpie;wk 19 18;35926;1.83;3.29;1.68;3.02;0;0;0
Jumbo;Slimpie;wk 20 18;35042;1.77;3.18;1.7;3.04;0;0;0
Jumbo;Slimpie;wk 21 18;40542;1.74;3.14;1.77;3.15;0;0;0
Jumbo;Slimpie;wk 22 18;42857;1.74;3.12;1.76;3.15;0;0;0
Jumbo;Slimpie;wk 23 18;38610;1.73;3.11;1.77;3.18;0;0;0
Jumbo;Slimpie;wk 24 18;60509;1.49;2.64;1.79;3.21;88;0;38
Jumbo;Slimpie;wk 25 18;37484;1.64;2.93;1.76;3.15;0;9;0
Jumbo;Slimpie;wk 26 18;35755;1.75;3.16;1.74;3.11;0;0;0
Jumbo;Slimpie;wk 27 18;40051;1.76;3.19;1.74;3.13;0;0;0
Jumbo;Slimpie;wk 28 18;35622;1.78;3.22;1.76;3.17;0;0;0
Jumbo;Slimpie;wk 29 18;40682;1.78;3.23;1.75;3.13;0;0;0
Jumbo;Slimpie;wk 30 18;49117;1.76;3.2;1.78;3.2;0;0;0
Jumbo;Slimpie;wk 31 18;44099;1.76;3.19;1.77;3.17;0;0;0
Jumbo;Slimpie;wk 32 18;36066;1.76;3.16;1.78;3.22;0;0;0
Jumbo;Slimpie;wk 33 18;33396;1.71;3.15;1.78;3.19;0;0;0
Jumbo;Slimpie;wk 34 18;35172;1.7;3.12;1.75;3.13;0;0;0
Jumbo;Slimpie;wk 35 18;32008;1.69;3.1;1.75;3.14;0;0;0
Jumbo;Slimpie;wk 36 18;32429;1.69;3.09;1.76;3.15;0;0;0
Jumbo;Slimpie;wk 37 18;51311;1.48;2.63;1.74;3.11;88;0;71
Jumbo;Slimpie;wk 38 18;37251;1.6;2.85;1.72;3.05;0;13;0
Jumbo;Slimpie;wk 39 18;29215;1.69;2.99;1.69;3;0;2;0
Jumbo;Slimpie;wk 40 18;28565;1.67;2.97;1.7;3.04;0;0;0
Jumbo;Slimpie;wk 41 18;29486;1.67;2.97;1.7;3.01;0;0;0
Jumbo;Slimpie;wk 42 18;30472;1.66;2.94;1.69;3;0;0;0
Jumbo;Slimpie;wk 43 18;30409;1.65;2.94;1.69;2.98;0;3;0
Jumbo;Slimpie;wk 44 18;28634;1.66;2.95;1.68;2.98;0;0;0
Jumbo;Slimpie;wk 45 18;28377;1.67;2.95;1.67;2.96;0;0;0
Jumbo;Slimpie;wk 46 18;27593;1.67;2.95;1.66;2.93;0;0;0
Jumbo;Slimpie;wk 47 18;28684;1.66;2.94;1.66;2.93;0;0;0
Jumbo;Slimpie;wk 48 18;28697;1.66;2.92;1.66;2.91;0;0;0
Jumbo;Slimpie;wk 49 18;27712;1.65;2.91;1.67;2.94;0;0;0
Jumbo;Slimpie;wk 50 18;28177;1.64;2.9;1.67;2.95;0;0;0
Jumbo;Slimpie;wk 51 18;32750;1.64;2.9;1.66;2.92;0;0;0
Jumbo;Slimpie;wk 52 18;23902;1.65;2.9;1.65;2.89;0;0;0
Jumbo;Slimpie;wk 01 19;28186;1.65;2.93;1.65;2.89;0;0;0
Jumbo;Slimpie;wk 02 19;30496;1.66;2.95;1.65;2.9;0;0;0
Jumbo;Slimpie;wk 03 19;30950;1.66;2.95;1.65;2.91;0;0;0
Jumbo;Slimpie;wk 04 19;31836;1.66;2.94;1.65;2.9;0;0;0
Jumbo;Slimpie;wk 05 19;31971;1.67;2.95;1.66;2.93;0;0;0
Jumbo;Slimpie;wk 06 19;32224;1.67;2.95;1.65;2.91;0;0;0
Jumbo;Slimpie;wk 07 19;33165;1.67;2.97;1.66;2.94;0;0;0
Jumbo;Slimpie;wk 08 19;34877;1.69;3;1.67;2.93;0;0;0
Jumbo;Slimpie;wk 09 19;34085;1.7;3.03;1.68;2.98;0;0;0
Jumbo;Slimpie;wk 10 19;33821;1.69;2.99;1.69;2.99;0;0;0
Jumbo;Slimpie;wk 11 19;32890;1.7;3.01;1.69;2.98;0;0;0
Jumbo;Slimpie;wk 12 19;33886;1.69;3;1.69;2.98;0;0;0
Jumbo;Slimpie;wk 13 19;34210;1.7;3.02;1.7;3.03;0;2;0
Jumbo;Slimpie;wk 14 19;34124;1.69;3.02;1.69;2.98;0;0;0
Jumbo;Slimpie;wk 15 19;62963;1.47;2.6;1.69;3.01;86;0;65
Jumbo;Slimpie;wk 16 19;42996;1.6;2.87;1.69;3.02;0;0;0
Jumbo;Slimpie;wk 17 19;37015;1.69;3.02;1.69;3.02;0;0;0
Jumbo;Slimpie;wk 18 19;34202;1.68;3.01;1.68;2.98;0;0;0
Jumbo;Slimpie;wk 19 19;33267;1.68;2.99;1.68;2.98;0;0;0
Jumbo;Slimpie;wk 20 19;36207;1.68;2.99;1.68;3;0;0;0
Jumbo;Slimpie;wk 21 19;39031;1.67;2.99;1.67;2.97;0;0;0
Jumbo;Slimpie;wk 22 19;39162;1.68;3.02;1.68;2.98;0;0;0
Jumbo;Slimpie;wk 23 19;63610;1.48;2.63;1.7;3.01;93;0;65
Jumbo;Slimpie;wk 24 19;41309;1.58;2.83;1.71;3.03;0;15;0
Jumbo;Slimpie;wk 25 19;44228;1.65;2.99;1.66;2.93;0;2;0
Jumbo;Slimpie;wk 26 19;51914;1.66;3.01;1.66;2.94;0;0;0
Jumbo;Slimpie;wk 27 19;42995;1.66;3.01;1.64;2.89;0;0;0
Jumbo;Slimpie;wk 28 19;37076;1.67;3.04;1.65;2.93;0;0;0
Jumbo;Slimpie;wk 29 19;37801;1.66;3.05;1.65;2.93;0;0;0
Jumbo;Slimpie;wk 30 19;57039;1.67;3.13;1.65;2.95;0;0;0
Jumbo;Slimpie;wk 31 19;41364;1.68;3.11;1.66;2.96;0;0;0
Jumbo;Slimpie;wk 32 19;39496;1.67;3.07;1.68;2.99;0;0;0
Jumbo;Slimpie;wk 33 19;36535;1.7;3.09;1.68;2.98;0;0;0
Jumbo;Slimpie;wk 34 19;40293;1.73;3.12;1.68;2.99;0;0;0
Jumbo;Slimpie;wk 35 19;47530;1.72;3.12;1.7;3.04;0;0;0
Jumbo;Slimpie;wk 36 19;37038;1.7;3.05;1.71;3.09;0;0;0
Jumbo;Slimpie;wk 37 19;56247;1.5;2.66;1.74;3.13;90;0;85
Jumbo;Slimpie;wk 38 19;38575;1.61;2.86;1.72;3.1;0;6;0
Jumbo;Slimpie;wk 39 19;34269;1.69;3.01;1.72;3.06;0;0;0
Jumbo;Slimpie;wk 40 19;31904;1.7;3.02;1.71;3.07;0;0;0
Jumbo;Slimpie;wk 41 19;31626;1.7;3.03;1.7;3.03;0;0;0
Jumbo;Slimpie;wk 42 19;31902;1.69;3.01;1.69;2.99;0;0;0
Jumbo;Slimpie;wk 43 19;33986;1.68;2.99;1.69;3.02;0;0;0
Jumbo;Slimpie;wk 44 19;33319;1.68;3;1.68;2.97;0;0;0
Jumbo;Slimpie;wk 45 19;32519;1.67;2.99;1.69;3;0;0;0
Jumbo;Slimpie;wk 46 19;31602;1.66;2.98;1.68;2.99;0;0;0
Jumbo;Slimpie;wk 47 19;32897;1.66;2.98;1.68;2.97;0;0;0
Jumbo;Slimpie;wk 48 19;32508;1.66;2.98;1.68;2.97;0;0;0
Jumbo;Slimpie;wk 49 19;31099;1.67;2.97;1.66;2.93;0;0;0
Jumbo;Slimpie;wk 50 19;31819;1.67;2.96;1.67;2.95;0;0;0
Jumbo;Slimpie;wk 51 19;33773;1.67;2.96;1.67;2.96;0;0;0
Jumbo;Slimpie;wk 52 19;26073;1.67;2.95;1.67;2.94;0;0;0
Jumbo;Slimpie;wk 01 20;39737;1.51;2.68;1.69;3.01;0;0;0
Jumbo;Slimpie;wk 02 20;44146;1.46;2.6;1.7;2.99;0;4;0
Jumbo;Slimpie;wk 03 20;41290;1.46;2.6;1.69;2.98;0;4;0
Jumbo;Slimpie;wk 04 20;42885;1.46;2.61;1.68;2.97;0;4;0
Jumbo;Slimpie;wk 05 20;33848;1.61;2.88;1.55;2.73;0;0;0
Jumbo;Slimpie;wk 06 20;32943;1.67;2.97;1.54;2.74;0;0;0
Jumbo;Slimpie;wk 07 20;33752;1.67;2.97;1.61;2.85;0;0;0
Jumbo;Slimpie;wk 08 20;35018;1.67;2.98;1.66;2.96;0;0;0
Jumbo;Slimpie;wk 09 20;38708;1.66;2.96;1.66;2.95;0;0;0
Jumbo;Slimpie;wk 10 20;36759;1.67;2.97;1.66;2.94;0;0;0
Jumbo;Slimpie;wk 11 20;52659;1.66;2.94;1.66;2.94;0;0;0
Jumbo;Slimpie;wk 12 20;47904;1.66;2.93;1.67;2.96;0;0;0
Jumbo;Slimpie;wk 13 20;40870;1.66;2.92;1.67;2.93;0;0;0
Jumbo;Slimpie;wk 14 20;37680;1.66;2.92;1.67;2.96;0;0;0
Jumbo;Slimpie;wk 15 20;42527;1.66;2.93;1.66;2.92;0;0;0
Jumbo;Slimpie;wk 16 20;70125;1.45;2.55;1.69;2.97;86;0;0
Jumbo;Slimpie;wk 17 20;50157;1.59;2.8;1.65;2.9;0;0;0
Jumbo;Slimpie;wk 18 20;38054;1.66;2.94;1.65;2.91;0;0;0
Jumbo;Slimpie;wk 19 20;40255;1.67;2.95;1.65;2.91;0;0;0
Jumbo;Slimpie;wk 20 20;40675;1.67;2.95;1.67;2.96;0;0;0
Jumbo;Slimpie;wk 21 20;46178;1.66;2.95;1.66;2.94;0;0;0
Jumbo;Slimpie;wk 22 20;47900;1.66;2.95;1.67;2.93;0;0;0
Jumbo;Slimpie;wk 23 20;46737;1.66;2.93;1.66;2.94;0;0;0
Jumbo;Slimpie;wk 24 20;40290;1.64;2.92;1.65;2.92;0;0;0
Jumbo;Slimpie;wk 25 20;43285;1.64;2.91;1.66;2.91;0;0;0
Jumbo;Slimpie;wk 26 20;53045;1.64;2.91;1.65;2.9;0;0;0
Jumbo;Slimpie;wk 27 20;41812;1.65;2.9;1.65;2.91;0;0;0
Jumbo;Slimpie;wk 28 20;64170;1.46;2.55;1.67;2.95;75;0;68
Jumbo;Slimpie;wk 29 20;42053;1.57;2.77;1.64;2.9;0;2;0
Jumbo;Slimpie;wk 30 20;37531;1.65;2.92;1.65;2.89;0;2;0
Jumbo;Slimpie;wk 31 20;38312;1.65;2.92;1.65;2.92;0;2;0
Jumbo;Slimpie;wk 32 20;47215;1.65;2.91;1.64;2.88;0;2;0
Jumbo;Slimpie;wk 33 20;54804;1.65;2.91;1.64;2.9;0;0;0
Jumbo;Slimpie;wk 34 20;46297;1.64;2.88;1.64;2.89;0;0;0
Jumbo;Slimpie;wk 35 20;39149;1.65;2.9;1.64;2.88;0;0;0
Jumbo;Slimpie;wk 36 20;36187;1.67;2.94;1.64;2.89;0;0;0
Jumbo;Slimpie;wk 37 20;36482;1.67;2.93;1.65;2.9;0;0;0
Jumbo;Slimpie;wk 38 20;38832;1.65;2.9;1.67;2.94;0;0;0
Jumbo;Slimpie;wk 39 20;67921;1.49;2.59;1.69;2.97;71;0;70
Jumbo;Slimpie;wk 40 20;41170;1.58;2.75;1.67;2.91;0;2;0
Jumbo;Slimpie;wk 41 20;32258;1.64;2.86;1.68;2.94;0;0;0
Jumbo;Slimpie;wk 42 20;33995;1.64;2.86;1.66;2.91;0;0;0
Jumbo;Slimpie;wk 43 20;35563;1.59;2.77;1.64;2.85;0;0;0
Jumbo;Slimpie;wk 44 20;35885;1.57;2.74;1.63;2.84;0;2;0
Jumbo;Slimpie;wk 45 20;35558;1.57;2.74;1.64;2.86;0;0;0
Jumbo;Slimpie;wk 46 20;35382;1.57;2.75;1.64;2.87;0;0;0
Jumbo;Slimpie;wk 47 20;35895;1.57;2.74;1.59;2.77;0;0;0
Jumbo;Slimpie;wk 48 20;36764;1.57;2.74;1.57;2.74;0;0;0
Jumbo;Slimpie;wk 49 20;34665;1.56;2.72;1.58;2.78;0;0;0
Jumbo;Slimpie;wk 50 20;35395;1.57;2.73;1.58;2.77;0;0;0
Jumbo;Slimpie;wk 51 20;39858;1.57;2.73;1.57;2.73;0;0;0
Jumbo;Slimpie;wk 52 20;29457;1.57;2.73;1.57;2.73;0;0;0
Jumbo;Teisseire;wk 01 17;10373;2.54;3.84;2.53;3.87;0;0;0
Jumbo;Teisseire;wk 02 17;10560;2.54;3.83;2.55;3.78;0;0;0
Jumbo;Teisseire;wk 03 17;10689;2.54;3.86;2.54;3.83;0;0;0
Jumbo;Teisseire;wk 04 17;11518;2.54;3.84;2.53;3.92;0;0;0
Jumbo;Teisseire;wk 05 17;11551;2.55;3.86;2.53;3.77;0;0;0
Jumbo;Teisseire;wk 06 17;10944;2.55;3.86;2.53;3.97;0;0;0
Jumbo;Teisseire;wk 07 17;11370;2.56;3.89;2.56;3.87;0;0;0
Jumbo;Teisseire;wk 08 17;11445;2.55;3.94;2.56;3.91;0;0;0
Jumbo;Teisseire;wk 09 17;11272;2.56;3.88;2.55;3.93;0;0;0
Jumbo;Teisseire;wk 10 17;11552;2.55;3.87;2.56;3.84;0;0;0
Jumbo;Teisseire;wk 11 17;12132;2.56;3.91;2.56;3.82;0;0;0
Jumbo;Teisseire;wk 12 17;11605;2.55;3.9;2.55;3.88;0;0;0
Jumbo;Teisseire;wk 13 17;11948;2.56;3.85;2.56;3.77;0;0;0
Jumbo;Teisseire;wk 14 17;13757;2.56;3.85;2.56;3.87;0;0;0
Jumbo;Teisseire;wk 15 17;13746;2.57;3.82;2.56;3.83;0;0;0
Jumbo;Teisseire;wk 16 17;12943;2.56;3.9;2.56;3.82;0;0;0
Jumbo;Teisseire;wk 17 17;13123;2.56;3.91;2.56;3.85;0;0;0
Jumbo;Teisseire;wk 18 17;13518;2.56;3.96;2.56;3.85;0;0;0
Jumbo;Teisseire;wk 19 17;13928;2.55;3.96;2.55;3.93;0;0;0
Jumbo;Teisseire;wk 20 17;15938;2.56;4.01;2.56;3.86;0;0;0
Jumbo;Teisseire;wk 21 17;19202;2.56;4.1;2.57;3.95;0;0;0
Jumbo;Teisseire;wk 22 17;17873;2.54;4.12;2.55;4.09;0;0;0
Jumbo;Teisseire;wk 23 17;15817;2.55;4.14;2.55;4.02;0;0;0
Jumbo;Teisseire;wk 24 17;15963;2.54;4.21;2.55;4.07;0;0;0
Jumbo;Teisseire;wk 25 17;17909;2.53;4.31;2.54;4.16;0;0;0
Jumbo;Teisseire;wk 26 17;13212;2.52;4.32;2.52;4.35;0;0;0
Jumbo;Teisseire;wk 27 17;18040;2.54;4.17;2.53;4.13;0;0;0
Jumbo;Teisseire;wk 28 17;21463;2.21;3.48;2.56;4.15;97;0;33
Jumbo;Teisseire;wk 29 17;18696;2.4;4.01;2.54;4.19;0;4;0
Jumbo;Teisseire;wk 30 17;13703;2.53;4.33;2.52;4.16;0;0;0
Jumbo;Teisseire;wk 31 17;12848;2.56;4.25;2.54;4.1;0;0;0
Jumbo;Teisseire;wk 32 17;11739;2.56;4.18;2.54;4.21;0;0;0
Jumbo;Teisseire;wk 33 17;12364;2.56;4.23;2.54;4.24;0;0;0
Jumbo;Teisseire;wk 34 17;14180;2.58;4.23;2.57;4.13;0;0;0
Jumbo;Teisseire;wk 35 17;14536;2.58;4.18;2.56;4.13;0;0;0
Jumbo;Teisseire;wk 36 17;12994;2.59;4.09;2.58;4.13;0;0;0
Jumbo;Teisseire;wk 37 17;15663;2.21;3.33;2.59;4.17;58;0;34
Jumbo;Teisseire;wk 38 17;12590;2.43;3.65;2.61;4.05;0;8;0
Jumbo;Teisseire;wk 39 17;11401;2.58;3.78;2.59;3.99;0;0;0
Jumbo;Teisseire;wk 40 17;10541;2.59;3.68;2.56;3.95;0;0;0
Jumbo;Teisseire;wk 41 17;10318;2.61;3.66;2.6;3.82;0;0;0
Jumbo;Teisseire;wk 42 17;10291;2.61;3.61;2.61;3.82;0;0;0
Jumbo;Teisseire;wk 43 17;10109;2.61;3.57;2.6;3.75;0;0;0
Jumbo;Teisseire;wk 44 17;13662;2.19;2.96;2.59;3.89;86;0;41
Jumbo;Teisseire;wk 45 17;10349;2.45;3.31;2.62;3.59;0;0;0
Jumbo;Teisseire;wk 46 17;9097;2.61;3.52;2.6;3.56;0;0;0
Jumbo;Teisseire;wk 47 17;9499;2.62;3.52;2.61;3.53;0;0;0
Jumbo;Teisseire;wk 48 17;9238;2.62;3.51;2.62;3.52;0;0;0
Jumbo;Teisseire;wk 49 17;8788;2.64;3.54;2.62;3.53;0;0;0
Jumbo;Teisseire;wk 50 17;9203;2.64;3.54;2.62;3.5;0;0;0
Jumbo;Teisseire;wk 51 17;10890;2.67;3.57;2.63;3.52;0;0;0
Jumbo;Teisseire;wk 52 17;7272;2.69;3.59;2.65;3.53;0;0;0
Jumbo;Teisseire;wk 01 18;8944;2.68;3.59;2.66;3.57;0;0;0
Jumbo;Teisseire;wk 02 18;9731;2.68;3.59;2.68;3.59;0;0;0
Jumbo;Teisseire;wk 03 18;10186;2.68;3.58;2.67;3.57;0;0;0
Jumbo;Teisseire;wk 04 18;10884;2.68;3.58;2.68;3.58;0;0;0
Jumbo;Teisseire;wk 05 18;10887;2.68;3.58;2.68;3.58;0;0;0
Jumbo;Teisseire;wk 06 18;12092;2.66;4.13;2.67;4.02;0;0;0
Jumbo;Teisseire;wk 07 18;12278;2.66;4.1;2.67;4.02;0;0;0
Jumbo;Teisseire;wk 08 18;12717;2.66;4.14;2.66;4.24;0;0;0
Jumbo;Teisseire;wk 09 18;12177;2.66;4.1;2.66;4.01;0;0;0
Jumbo;Teisseire;wk 10 18;13343;2.66;4.12;2.66;4.09;0;0;0
Jumbo;Teisseire;wk 11 18;13332;2.66;4.1;2.67;4.06;0;0;0
Jumbo;Teisseire;wk 12 18;13700;2.57;3.95;2.67;4.07;0;0;0
Jumbo;Teisseire;wk 13 18;13617;2.55;3.95;2.66;4.08;0;0;0
Jumbo;Teisseire;wk 14 18;13381;2.54;4;2.67;4.14;0;0;0
Jumbo;Teisseire;wk 15 18;14209;2.54;3.99;2.67;4.08;0;0;0
Jumbo;Teisseire;wk 16 18;17074;2.53;4.11;2.57;3.94;0;0;0
Jumbo;Teisseire;wk 17 18;14820;2.53;4.12;2.56;4.02;0;0;0
Jumbo;Teisseire;wk 18 18;14345;2.53;4.11;2.53;3.91;0;0;0
Jumbo;Teisseire;wk 19 18;16560;2.52;4.1;2.53;4.02;0;0;0
Jumbo;Teisseire;wk 20 18;15734;2.53;4.09;2.54;4.12;0;0;0
Jumbo;Teisseire;wk 21 18;18747;2.53;4.1;2.51;4.03;0;0;0
Jumbo;Teisseire;wk 22 18;27820;2.18;3.37;2.5;3.94;0;8;0
Jumbo;Teisseire;wk 23 18;27170;2.11;3.21;2.49;3.93;0;8;0
Jumbo;Teisseire;wk 24 18;22562;2.11;3.23;2.51;4.01;97;0;13
Jumbo;Teisseire;wk 25 18;22185;2.11;3.21;2.52;3.96;96;0;33
Jumbo;Teisseire;wk 26 18;23713;2.11;3.3;2.3;3.55;98;0;14
Jumbo;Teisseire;wk 27 18;27154;2.16;3.39;2.26;3.48;98;0;13
Jumbo;Teisseire;wk 28 18;22388;2.11;3.39;2.22;3.51;0;15;0
Jumbo;Teisseire;wk 29 18;28045;2.1;3.36;2.2;3.4;0;34;0
Jumbo;Teisseire;wk 30 18;33554;2.1;3.35;2.2;3.45;0;16;0
Jumbo;Teisseire;wk 31 18;29709;2.09;3.29;2.19;3.4;98;0;10
Jumbo;Teisseire;wk 32 18;25445;2.09;3.23;2.19;3.48;98;0;35
Jumbo;Teisseire;wk 33 18;20935;2.11;3.24;2.2;3.49;96;0;16
Jumbo;Teisseire;wk 34 18;15026;2.4;3.84;2.2;3.51;0;0;0
Jumbo;Teisseire;wk 35 18;12017;2.56;4.11;2.23;3.5;0;0;0
Jumbo;Teisseire;wk 36 18;12851;2.56;4.04;2.43;3.83;0;0;0
Jumbo;Teisseire;wk 37 18;12380;2.55;4.03;2.55;3.91;0;0;0
Jumbo;Teisseire;wk 38 18;13373;2.54;4.03;2.55;3.94;0;0;0
Jumbo;Teisseire;wk 39 18;20347;2.17;3.27;2.54;4.02;95;0;65
Jumbo;Teisseire;wk 40 18;13578;2.4;3.78;2.55;4.04;0;8;0
Jumbo;Teisseire;wk 41 18;11617;2.54;4.15;2.58;4.05;0;4;0
Jumbo;Teisseire;wk 42 18;11841;2.54;4.13;2.59;4.17;0;3;0
Jumbo;Teisseire;wk 43 18;12013;2.55;4.08;2.54;4.09;0;0;0
Jumbo;Teisseire;wk 44 18;18141;2.17;3.28;2.55;3.96;94;0;41
Jumbo;Teisseire;wk 45 18;13405;2.41;3.75;2.55;4;0;5;0
Jumbo;Teisseire;wk 46 18;11333;2.55;4.02;2.56;4.11;0;0;0
Jumbo;Teisseire;wk 47 18;11602;2.57;4.02;2.55;3.96;0;0;0
Jumbo;Teisseire;wk 48 18;18642;2.2;3.27;2.55;3.96;94;0;42
Jumbo;Teisseire;wk 49 18;12938;2.43;3.74;2.52;3.83;0;7;0
Jumbo;Teisseire;wk 50 18;11062;2.58;4.05;2.55;3.97;0;0;0
Jumbo;Teisseire;wk 51 18;13193;2.6;4.04;2.59;4.09;0;0;0
Jumbo;Teisseire;wk 52 18;9873;2.6;4.08;2.6;3.98;0;0;0
Jumbo;Teisseire;wk 01 19;11784;2.6;4.1;2.58;4.04;0;0;0
Jumbo;Teisseire;wk 02 19;12786;2.6;4.12;2.6;4;0;0;0
Jumbo;Teisseire;wk 03 19;12966;2.61;4.12;2.6;4.02;0;0;0
Jumbo;Teisseire;wk 04 19;13277;2.61;4.12;2.63;4.1;0;0;0
Jumbo;Teisseire;wk 05 19;13437;2.61;4.11;2.61;4.09;0;0;0
Jumbo;Teisseire;wk 06 19;13455;2.6;4.1;2.62;4.06;0;0;0
Jumbo;Teisseire;wk 07 19;14498;2.49;3.93;2.6;4.13;0;0;0
Jumbo;Teisseire;wk 08 19;15286;2.56;4.04;2.61;3.95;0;0;0
Jumbo;Teisseire;wk 09 19;16149;2.61;4.14;2.62;4.12;0;0;0
Jumbo;Teisseire;wk 10 19;14611;2.63;4.13;2.62;4.04;0;0;0
Jumbo;Teisseire;wk 11 19;14535;2.64;4.11;2.64;4.12;0;0;0
Jumbo;Teisseire;wk 12 19;37304;2.14;3.02;2.65;4.1;98;0;65
Jumbo;Teisseire;wk 13 19;19955;2.42;3.61;2.67;4.07;0;5;0
Jumbo;Teisseire;wk 14 19;14962;2.67;4.11;2.67;4.08;0;2;0
Jumbo;Teisseire;wk 15 19;17151;2.64;4.21;2.67;4.2;0;2;0
Jumbo;Teisseire;wk 16 19;19621;2.63;4.21;2.63;4.18;0;0;0
Jumbo;Teisseire;wk 17 19;18073;2.65;4.26;2.66;4.14;0;0;0
Jumbo;Teisseire;wk 18 19;16718;2.71;4.34;2.72;4.4;0;0;0
Jumbo;Teisseire;wk 19 19;16172;2.69;4.23;2.74;4.41;0;0;0
Jumbo;Teisseire;wk 20 19;17126;2.7;4.27;2.75;4.58;0;0;0
Jumbo;Teisseire;wk 21 19;44755;2.17;3.09;2.75;4.46;100;2;56
Jumbo;Teisseire;wk 22 19;25098;2.45;3.75;2.7;4.32;0;7;0
Jumbo;Teisseire;wk 23 19;19105;2.71;4.27;2.67;4.2;0;2;0
Jumbo;Teisseire;wk 24 19;18337;2.73;4.28;2.66;4.2;0;0;0
Jumbo;Teisseire;wk 25 19;22726;2.72;4.27;2.69;4.26;0;0;0
Jumbo;Teisseire;wk 26 19;26622;2.72;4.35;2.71;4.32;0;0;0
Jumbo;Teisseire;wk 27 19;19835;2.72;4.39;2.7;4.26;0;0;0
Jumbo;Teisseire;wk 28 19;17173;2.72;4.46;2.71;4.42;0;0;0
Jumbo;Teisseire;wk 29 19;18063;2.72;4.58;2.72;4.38;0;0;0
Jumbo;Teisseire;wk 30 19;27402;2.77;4.51;2.72;4.39;0;0;0
Jumbo;Teisseire;wk 31 19;18648;2.76;4.48;2.7;4.34;0;0;0
Jumbo;Teisseire;wk 32 19;41035;2.2;3.18;2.77;4.52;99;0;61
Jumbo;Teisseire;wk 33 19;21881;2.48;3.75;2.76;4.46;0;6;0
Jumbo;Teisseire;wk 34 19;17232;2.8;4.51;2.77;4.45;0;2;0
Jumbo;Teisseire;wk 35 19;20995;2.79;4.44;2.79;4.43;0;2;0
Jumbo;Teisseire;wk 36 19;15130;2.8;4.41;2.79;4.36;0;0;0
Jumbo;Teisseire;wk 37 19;14340;2.79;4.41;2.79;4.47;0;0;0
Jumbo;Teisseire;wk 38 19;14323;2.8;4.38;2.8;4.38;0;0;0
Jumbo;Teisseire;wk 39 19;28510;2.34;3.38;2.78;4.36;99;0;63
Jumbo;Teisseire;wk 40 19;17145;2.58;3.9;2.84;4.38;0;7;0
Jumbo;Teisseire;wk 41 19;13416;2.76;4.29;2.8;4.36;0;2;0
Jumbo;Teisseire;wk 42 19;13950;2.77;4.29;2.79;4.38;0;0;0
Jumbo;Teisseire;wk 43 19;14855;2.77;4.25;2.78;4.36;0;0;0
Jumbo;Teisseire;wk 44 19;15249;2.78;4.23;2.77;4.22;0;0;0
Jumbo;Teisseire;wk 45 19;14811;2.78;4.23;2.77;4.31;0;0;0
Jumbo;Teisseire;wk 46 19;24879;2.42;3.44;2.78;4.24;98;0;43
Jumbo;Teisseire;wk 47 19;16591;2.65;3.94;2.78;4.23;0;4;0
Jumbo;Teisseire;wk 48 19;13356;2.8;4.29;2.77;4.1;0;0;0
Jumbo;Teisseire;wk 49 19;13597;2.81;4.28;2.77;4.18;0;0;0
Jumbo;Teisseire;wk 50 19;13515;2.8;4.27;2.81;4.3;0;0;0
Jumbo;Teisseire;wk 51 19;14355;2.81;4.27;2.81;4.3;0;0;0
Jumbo;Teisseire;wk 52 19;11799;2.8;4.3;2.81;4.21;0;0;0
Jumbo;Teisseire;wk 01 20;14157;2.8;4.25;2.81;4.22;0;0;0
Jumbo;Teisseire;wk 02 20;15325;2.8;4.29;2.8;4.15;0;0;0
Jumbo;Teisseire;wk 03 20;14624;2.83;4.35;2.8;4.28;0;0;0
Jumbo;Teisseire;wk 04 20;15058;2.84;4.37;2.8;4.29;0;0;0
Jumbo;Teisseire;wk 05 20;15248;2.84;4.38;2.83;4.31;0;0;0
Jumbo;Teisseire;wk 06 20;15058;2.84;4.37;2.85;4.34;0;0;0
Jumbo;Teisseire;wk 07 20;14880;2.83;4.41;2.85;4.33;0;0;0
Jumbo;Teisseire;wk 08 20;15772;2.82;4.49;2.83;4.41;0;0;0
Jumbo;Teisseire;wk 09 20;17296;2.84;4.38;2.86;4.43;0;0;0
Jumbo;Teisseire;wk 10 20;16571;2.83;4.36;2.84;4.3;0;0;0
Jumbo;Teisseire;wk 11 20;24917;2.85;4.25;2.82;4.23;0;0;0
Jumbo;Teisseire;wk 12 20;22084;2.84;4.22;2.84;4.18;0;0;0
Jumbo;Teisseire;wk 13 20;17516;2.85;4.2;2.86;4.26;0;0;0
Jumbo;Teisseire;wk 14 20;15981;2.83;4.22;2.86;4.19;0;0;0
Jumbo;Teisseire;wk 15 20;18149;2.82;4.21;2.83;4.25;0;0;0
Jumbo;Teisseire;wk 16 20;17021;2.83;4.21;2.85;4.17;0;0;0
Jumbo;Teisseire;wk 17 20;19937;2.82;4.23;2.82;4.11;0;0;0
Jumbo;Teisseire;wk 18 20;17768;2.83;4.24;2.83;4.23;0;0;0
Jumbo;Teisseire;wk 19 20;39274;2.4;3.39;2.85;4.25;100;0;0
Jumbo;Teisseire;wk 20 20;22423;2.62;3.84;2.83;4.21;0;0;0
Jumbo;Teisseire;wk 21 20;18248;2.79;4.25;2.82;4.19;0;0;0
Jumbo;Teisseire;wk 22 20;19092;2.79;4.26;2.81;4.19;0;2;0
Jumbo;Teisseire;wk 23 20;18517;2.79;4.18;2.81;4.12;0;0;0
Jumbo;Teisseire;wk 24 20;20049;2.75;4.18;2.84;4.24;0;0;0
Jumbo;Teisseire;wk 25 20;38989;2.41;3.47;2.81;4.15;100;0;39
Jumbo;Teisseire;wk 26 20;31130;2.66;3.94;2.82;4.16;0;3;0
Jumbo;Teisseire;wk 27 20;18654;2.83;4.29;2.79;4.23;0;0;0
Jumbo;Teisseire;wk 28 20;16547;2.83;4.34;2.81;4.36;0;0;0
Jumbo;Teisseire;wk 29 20;18092;2.85;4.42;2.81;4.28;0;0;0
Jumbo;Teisseire;wk 30 20;17945;2.85;4.44;2.84;4.35;0;0;0
Jumbo;Teisseire;wk 31 20;18534;2.85;4.41;2.87;4.41;0;0;0
Jumbo;Teisseire;wk 32 20;24073;2.84;4.4;2.84;4.34;0;0;0
Jumbo;Teisseire;wk 33 20;47564;2.47;3.61;2.86;4.39;100;4;51
Jumbo;Teisseire;wk 34 20;26526;2.68;3.99;2.86;4.49;0;0;0
Jumbo;Teisseire;wk 35 20;18683;2.83;4.32;2.87;4.32;0;0;0
Jumbo;Teisseire;wk 36 20;17786;2.82;4.24;2.86;4.35;0;0;0
Jumbo;Teisseire;wk 37 20;17689;2.83;4.25;2.85;4.37;0;1;0
Jumbo;Teisseire;wk 38 20;17271;2.82;4.29;2.84;4.25;0;0;0
Jumbo;Teisseire;wk 39 20;17033;2.82;4.27;2.86;4.41;0;0;0
Jumbo;Teisseire;wk 40 20;15763;2.84;4.25;2.84;4.32;0;0;0
Jumbo;Teisseire;wk 41 20;15123;2.82;4.2;2.84;4.21;0;0;0
Jumbo;Teisseire;wk 42 20;30026;2.42;3.44;2.83;4.31;100;0;49
Jumbo;Teisseire;wk 43 20;20200;2.64;3.88;2.87;4.22;0;14;0
Jumbo;Teisseire;wk 44 20;15799;2.81;4.17;2.87;4.16;0;3;0
Jumbo;Teisseire;wk 45 20;14955;2.82;4.19;2.83;4.15;0;0;0
Jumbo;Teisseire;wk 46 20;15040;2.82;4.21;2.85;4.18;0;0;0
Jumbo;Teisseire;wk 47 20;15320;2.82;4.16;2.83;4.08;0;0;0
Jumbo;Teisseire;wk 48 20;29580;2.41;3.42;2.85;4.26;100;0;51
Jumbo;Teisseire;wk 49 20;17612;2.64;3.85;2.83;4.14;0;0;0
Jumbo;Teisseire;wk 50 20;14279;2.83;4.17;2.83;4.18;0;0;0
Jumbo;Teisseire;wk 51 20;16669;2.83;4.16;2.83;4.2;0;0;0
Jumbo;Teisseire;wk 52 20;13502;2.83;4.15;2.82;4.16;0;0;0
Plus;PrivateLabel;wk 01 17;16921;1.66;2.03;1.65;2.02;0;5;0
Plus;PrivateLabel;wk 02 17;17397;1.65;2.02;1.64;2;0;2;0
Plus;PrivateLabel;wk 03 17;17465;1.62;1.97;1.61;1.96;0;2;0
Plus;PrivateLabel;wk 04 17;13743;1.42;1.69;1.55;1.87;0;5;0
Plus;PrivateLabel;wk 05 17;19773;1.57;1.93;1.6;1.94;0;3;0
Plus;PrivateLabel;wk 06 17;75207;1.38;1.81;1.7;2.07;89;0;100
Plus;PrivateLabel;wk 07 17;17139;1.58;1.92;1.66;2.01;0;18;0
Plus;PrivateLabel;wk 08 17;18223;1.56;1.89;1.59;1.94;0;5;0
Plus;PrivateLabel;wk 09 17;17190;1.6;1.95;1.68;2.04;0;15;0
Plus;PrivateLabel;wk 10 17;17182;1.59;1.94;1.64;1.99;0;0;0
Plus;PrivateLabel;wk 11 17;14253;1.37;1.63;1.52;1.82;0;0;0
Plus;PrivateLabel;wk 12 17;17427;1.56;1.89;1.53;1.85;0;0;0
Plus;PrivateLabel;wk 13 17;18662;1.59;1.94;1.54;1.86;0;0;0
Plus;PrivateLabel;wk 14 17;18210;1.62;1.98;1.56;1.9;0;0;0
Plus;PrivateLabel;wk 15 17;15381;1.66;2.02;1.58;1.9;0;0;0
Plus;PrivateLabel;wk 16 17;17222;1.62;1.97;1.63;1.97;0;0;0
Plus;PrivateLabel;wk 17 17;20635;1.61;2;1.63;2;0;0;0
Plus;PrivateLabel;wk 18 17;56848;1.46;1.9;1.71;2.11;50;2;98
Plus;PrivateLabel;wk 19 17;18077;1.55;1.88;1.61;1.96;0;4;0
Plus;PrivateLabel;wk 20 17;17004;1.4;1.66;1.57;1.89;0;0;0
Plus;PrivateLabel;wk 21 17;22838;1.56;1.89;1.56;1.88;0;0;0
Plus;PrivateLabel;wk 22 17;23999;1.56;1.89;1.56;1.87;0;3;0
Plus;PrivateLabel;wk 23 17;18927;1.57;1.9;1.61;1.94;0;2;0
Plus;PrivateLabel;wk 24 17;16383;1.63;1.96;1.58;1.9;0;9;0
Plus;PrivateLabel;wk 25 17;24593;1.59;1.94;1.57;1.9;0;3;0
Plus;PrivateLabel;wk 26 17;18876;1.59;1.93;1.62;1.97;0;6;0
Plus;PrivateLabel;wk 27 17;21502;1.56;1.89;1.6;1.94;0;7;0
Plus;PrivateLabel;wk 28 17;15247;1.4;1.66;1.5;1.8;0;10;0
Plus;PrivateLabel;wk 29 17;18710;1.52;1.83;1.52;1.82;0;6;0
Plus;PrivateLabel;wk 30 17;14804;1.56;1.88;1.54;1.86;0;0;0
Plus;PrivateLabel;wk 31 17;15209;1.54;1.85;1.51;1.82;0;0;0
Plus;PrivateLabel;wk 32 17;18208;1.64;2.06;1.61;2.01;0;0;0
Plus;PrivateLabel;wk 33 17;19678;1.63;2.03;1.62;2.02;0;0;0
Plus;PrivateLabel;wk 34 17;21940;1.63;2.03;1.62;2.02;0;0;0
Plus;PrivateLabel;wk 35 17;19967;1.54;1.92;1.59;1.98;0;0;0
Plus;PrivateLabel;wk 36 17;20261;1.62;2.03;1.61;2.01;0;0;0
Plus;PrivateLabel;wk 37 17;20253;1.63;2.05;1.61;2.01;0;6;0
Plus;PrivateLabel;wk 38 17;20616;1.65;2.08;1.6;2;0;0;0
Plus;PrivateLabel;wk 39 17;20929;1.68;2.13;1.66;2.09;0;0;0
Plus;PrivateLabel;wk 40 17;24134;1.55;2.08;1.62;2.02;35;0;65
Plus;PrivateLabel;wk 41 17;18573;1.64;2.07;1.64;2.07;0;1;0
Plus;PrivateLabel;wk 42 17;19278;1.64;2.05;1.64;2.05;0;0;0
Plus;PrivateLabel;wk 43 17;20576;1.68;2.13;1.67;2.09;0;0;0
Plus;PrivateLabel;wk 44 17;22158;1.77;2.26;1.72;2.19;0;3;0
Plus;PrivateLabel;wk 45 17;16413;1.55;1.93;1.59;1.97;0;0;0
Plus;PrivateLabel;wk 46 17;18409;1.61;2.03;1.61;2.02;0;0;0
Plus;PrivateLabel;wk 47 17;20322;1.65;2.09;1.67;2.09;0;0;0
Plus;PrivateLabel;wk 48 17;19725;1.66;2.09;1.64;2.06;0;0;0
Plus;PrivateLabel;wk 49 17;18549;1.65;2.07;1.61;2.03;0;0;0
Plus;PrivateLabel;wk 50 17;17180;1.54;1.92;1.64;2.05;0;0;0
Plus;PrivateLabel;wk 51 17;21229;1.66;2.09;1.65;2.08;0;0;0
Plus;PrivateLabel;wk 52 17;14089;1.71;2.19;1.65;2.09;0;0;0
Plus;PrivateLabel;wk 01 18;15796;1.66;2.12;1.63;2.06;0;0;0
Plus;PrivateLabel;wk 02 18;16638;1.52;1.93;1.6;2.03;0;0;0
Plus;PrivateLabel;wk 03 18;17525;1.61;2.06;1.57;1.99;0;0;0
Plus;PrivateLabel;wk 04 18;19176;1.65;2.11;1.61;2.05;0;0;0
Plus;PrivateLabel;wk 05 18;19478;1.68;2.14;1.64;2.08;0;0;0
Plus;PrivateLabel;wk 06 18;20412;1.67;2.11;1.62;2.04;0;0;0
Plus;PrivateLabel;wk 07 18;20637;1.7;2.16;1.66;2.1;0;0;0
Plus;PrivateLabel;wk 08 18;21337;1.7;2.17;1.7;2.16;0;0;0
Plus;PrivateLabel;wk 09 18;19883;1.7;2.16;1.7;2.16;0;0;0
Plus;PrivateLabel;wk 10 18;20533;1.68;2.14;1.68;2.13;0;0;0
Plus;PrivateLabel;wk 11 18;18803;1.55;1.96;1.67;2.12;0;2;0
Plus;PrivateLabel;wk 12 18;19719;1.63;2.07;1.62;2.04;0;0;0
Plus;PrivateLabel;wk 13 18;19979;1.68;2.14;1.64;2.07;0;0;0
Plus;PrivateLabel;wk 14 18;19418;1.68;2.13;1.62;2.05;0;0;0
Plus;PrivateLabel;wk 15 18;20719;1.68;2.13;1.65;2.09;0;0;0
Plus;PrivateLabel;wk 16 18;25751;1.65;2.07;1.64;2.07;0;0;0
Plus;PrivateLabel;wk 17 18;18541;1.57;1.97;1.63;2.05;0;0;0
Plus;PrivateLabel;wk 18 18;19942;1.65;2.08;1.62;2.03;0;0;0
Plus;PrivateLabel;wk 19 18;24085;1.65;2.08;1.61;2.02;0;0;0
Plus;PrivateLabel;wk 20 18;23815;1.63;2.06;1.65;2.08;0;0;0
Plus;PrivateLabel;wk 21 18;26902;1.66;2.1;1.65;2.09;0;0;0
Plus;PrivateLabel;wk 22 18;28562;1.65;2.07;1.7;2.14;0;2;0
Plus;PrivateLabel;wk 23 18;20945;1.72;2.18;1.64;2.06;0;0;0
Plus;PrivateLabel;wk 24 18;21788;1.64;2.07;1.62;2.04;0;0;0
Plus;PrivateLabel;wk 25 18;20299;1.53;1.92;1.6;2;0;0;0
Plus;PrivateLabel;wk 26 18;24788;1.61;2.02;1.6;2;0;3;0
Plus;PrivateLabel;wk 27 18;32777;1.58;2;1.61;2.02;0;2;0
Plus;PrivateLabel;wk 28 18;63812;1.48;1.93;1.69;2.14;79;46;75
Plus;PrivateLabel;wk 29 18;27747;1.57;1.97;1.62;2.01;0;12;0
Plus;PrivateLabel;wk 30 18;31127;1.62;2.04;1.63;2.05;0;9;0
Plus;PrivateLabel;wk 31 18;29540;1.61;2.01;1.62;2.02;0;6;0
Plus;PrivateLabel;wk 32 18;25476;1.56;1.95;1.6;1.99;0;2;0
Plus;PrivateLabel;wk 33 18;22364;1.56;1.96;1.54;1.9;0;2;0
Plus;PrivateLabel;wk 34 18;22438;1.6;2.02;1.57;1.96;0;2;0
Plus;PrivateLabel;wk 35 18;16883;1.67;2.12;1.59;1.99;0;2;0
Plus;PrivateLabel;wk 36 18;18139;1.5;1.89;1.53;1.9;0;4;0
Plus;PrivateLabel;wk 37 18;20272;1.54;1.94;1.54;1.91;0;3;0
Plus;PrivateLabel;wk 38 18;22035;1.55;1.95;1.54;1.91;0;0;0
Plus;PrivateLabel;wk 39 18;19368;1.62;2.06;1.56;1.95;0;4;0
Plus;PrivateLabel;wk 40 18;19227;1.61;2.04;1.55;1.96;0;3;0
Plus;PrivateLabel;wk 41 18;18237;1.48;1.87;1.55;1.97;0;3;0
Plus;PrivateLabel;wk 42 18;19334;1.56;1.98;1.55;1.96;0;0;0
Plus;PrivateLabel;wk 43 18;19670;1.54;1.94;1.5;1.89;0;2;0
Plus;PrivateLabel;wk 44 18;23401;1.55;1.97;1.53;1.93;0;0;0
Plus;PrivateLabel;wk 45 18;28593;1.61;2.04;1.6;2.03;0;0;0
Plus;PrivateLabel;wk 46 18;25564;1.51;1.91;1.54;1.94;0;0;0
Plus;PrivateLabel;wk 47 18;25298;1.49;1.89;1.53;1.92;0;2;0
Plus;PrivateLabel;wk 48 18;24529;1.53;1.95;1.54;1.94;0;0;0
Plus;PrivateLabel;wk 49 18;19457;1.54;1.94;1.58;2.01;0;0;0
Plus;PrivateLabel;wk 50 18;18330;1.47;1.85;1.5;1.89;0;0;0
Plus;PrivateLabel;wk 51 18;21140;1.53;1.93;1.5;1.89;0;0;0
Plus;PrivateLabel;wk 52 18;14765;1.61;2.06;1.53;1.93;0;0;0
Plus;PrivateLabel;wk 01 19;16724;1.62;2.06;1.55;1.95;0;0;0
Plus;PrivateLabel;wk 02 19;16787;1.54;1.94;1.54;1.95;0;0;0
Plus;PrivateLabel;wk 03 19;18088;1.6;2.02;1.55;1.96;0;2;0
Plus;PrivateLabel;wk 04 19;19215;1.63;2.07;1.57;1.98;0;4;0
Plus;PrivateLabel;wk 05 19;19619;1.63;2.06;1.58;2;0;0;0
Plus;PrivateLabel;wk 06 19;18667;1.53;1.94;1.65;2.1;0;0;0
Plus;PrivateLabel;wk 07 19;18432;1.5;1.89;1.6;2.03;0;0;0
Plus;PrivateLabel;wk 08 19;19087;1.54;1.94;1.58;1.98;0;0;0
Plus;PrivateLabel;wk 09 19;20197;1.53;1.92;1.57;1.97;0;0;0
Plus;PrivateLabel;wk 10 19;19959;1.52;1.93;1.53;1.93;0;0;0
Plus;PrivateLabel;wk 11 19;18731;1.47;1.84;1.5;1.89;0;0;0
Plus;PrivateLabel;wk 12 19;20276;1.49;1.89;1.48;1.87;0;0;0
Plus;PrivateLabel;wk 13 19;20605;1.51;1.91;1.52;1.91;0;0;0
Plus;PrivateLabel;wk 14 19;19184;1.53;1.94;1.5;1.9;0;0;0
Plus;PrivateLabel;wk 15 19;20969;1.51;1.9;1.48;1.85;0;4;0
Plus;PrivateLabel;wk 16 19;21824;1.46;1.83;1.51;1.9;0;0;0
Plus;PrivateLabel;wk 17 19;21073;1.48;1.86;1.48;1.86;0;0;0
Plus;PrivateLabel;wk 18 19;19743;1.5;1.89;1.49;1.88;0;0;0
Plus;PrivateLabel;wk 19 19;20729;1.49;1.87;1.47;1.86;0;0;0
Plus;PrivateLabel;wk 20 19;21043;1.47;1.85;1.47;1.84;0;4;0
Plus;PrivateLabel;wk 21 19;21585;1.49;1.87;1.47;1.86;0;4;0
Plus;PrivateLabel;wk 22 19;22035;1.51;1.9;1.49;1.87;0;0;0
Plus;PrivateLabel;wk 23 19;21878;1.45;1.82;1.46;1.83;0;3;0
Plus;PrivateLabel;wk 24 19;19626;1.52;1.91;1.46;1.83;0;0;0
Plus;PrivateLabel;wk 25 19;24859;1.53;1.91;1.52;1.9;0;0;0
Plus;PrivateLabel;wk 26 19;29684;1.52;1.89;1.5;1.86;0;0;0
Plus;PrivateLabel;wk 27 19;21223;1.42;1.76;1.46;1.81;0;0;0
Plus;PrivateLabel;wk 28 19;19826;1.48;1.85;1.46;1.81;0;0;0
Plus;PrivateLabel;wk 29 19;19867;1.48;1.85;1.48;1.85;0;0;0
Plus;PrivateLabel;wk 30 19;30130;1.52;1.89;1.49;1.85;0;2;0
Plus;PrivateLabel;wk 31 19;19022;1.52;1.89;1.49;1.85;0;0;0
Plus;PrivateLabel;wk 32 19;20050;1.49;1.86;1.46;1.82;0;0;0
Plus;PrivateLabel;wk 33 19;18065;1.45;1.8;1.48;1.83;0;0;0
Plus;PrivateLabel;wk 34 19;20918;1.47;1.83;1.48;1.83;0;0;0
Plus;PrivateLabel;wk 35 19;25558;1.51;1.88;1.48;1.83;0;0;0
Plus;PrivateLabel;wk 36 19;20496;1.52;1.91;1.5;1.87;0;0;0
Plus;PrivateLabel;wk 37 19;19490;1.5;1.87;1.49;1.87;0;0;0
Plus;PrivateLabel;wk 38 19;16124;1.41;1.73;1.46;1.82;0;0;0
Plus;PrivateLabel;wk 39 19;18038;1.47;1.84;1.46;1.8;0;0;0
Plus;PrivateLabel;wk 40 19;14408;1.57;1.98;1.53;1.93;0;0;0
Plus;PrivateLabel;wk 41 19;16511;1.58;1.99;1.51;1.87;0;0;0
Plus;PrivateLabel;wk 42 19;17148;1.57;1.98;1.57;1.97;0;0;0
Plus;PrivateLabel;wk 43 19;18527;1.55;1.95;1.58;1.99;0;0;0
Plus;PrivateLabel;wk 44 19;19201;1.56;1.96;1.59;2.02;0;0;0
Plus;PrivateLabel;wk 45 19;20303;1.61;2.04;1.58;1.99;0;0;0
Plus;PrivateLabel;wk 46 19;18051;1.53;1.92;1.54;1.93;0;0;0
Plus;PrivateLabel;wk 47 19;19711;1.53;1.92;1.54;1.93;0;0;0
Plus;PrivateLabel;wk 48 19;19606;1.55;1.95;1.52;1.91;0;0;0
Plus;PrivateLabel;wk 49 19;19427;1.55;1.94;1.55;1.94;0;0;0
Plus;PrivateLabel;wk 50 19;18286;1.49;1.85;1.52;1.9;0;0;0
Plus;PrivateLabel;wk 51 19;20136;1.53;1.92;1.52;1.9;0;0;0
Plus;PrivateLabel;wk 52 19;14688;1.61;2.04;1.54;1.95;0;0;0
Plus;PrivateLabel;wk 01 20;17458;1.6;2.02;1.53;1.92;0;0;0
Plus;PrivateLabel;wk 02 20;19066;1.56;1.97;1.58;2.01;0;0;0
Plus;PrivateLabel;wk 03 20;18869;1.56;1.96;1.58;1.98;0;0;0
Plus;PrivateLabel;wk 04 20;19641;1.57;1.99;1.55;1.95;0;2;0
Plus;PrivateLabel;wk 05 20;19514;1.59;2.01;1.57;1.99;0;2;0
Plus;PrivateLabel;wk 06 20;17654;1.54;1.93;1.55;1.94;0;0;0
Plus;PrivateLabel;wk 07 20;16457;1.55;1.95;1.54;1.94;0;0;0
Plus;PrivateLabel;wk 08 20;17855;1.54;1.92;1.53;1.91;0;0;0
Plus;PrivateLabel;wk 09 20;19590;1.57;1.98;1.55;1.93;0;0;0
Plus;PrivateLabel;wk 10 20;19707;1.58;1.99;1.58;1.97;0;0;0
Plus;PrivateLabel;wk 11 20;30739;1.59;2;1.58;1.97;0;4;0
Plus;PrivateLabel;wk 12 20;26423;1.56;1.94;1.56;1.94;0;0;0
Plus;PrivateLabel;wk 13 20;20642;1.59;2;1.61;2.01;0;0;0
Plus;PrivateLabel;wk 14 20;19176;1.59;1.99;1.61;2;0;0;0
Plus;PrivateLabel;wk 15 20;21931;1.63;2.04;1.62;2.01;0;0;0
Plus;PrivateLabel;wk 16 20;21049;1.59;1.99;1.59;1.98;0;0;0
Plus;PrivateLabel;wk 17 20;21404;1.54;1.92;1.62;2.03;0;0;0
Plus;PrivateLabel;wk 18 20;18404;1.58;1.97;1.57;1.95;0;0;0
Plus;PrivateLabel;wk 19 20;20619;1.6;2;1.61;2.01;0;0;0
Plus;PrivateLabel;wk 20 20;20453;1.59;1.99;1.58;1.97;0;0;0
Plus;PrivateLabel;wk 21 20;22400;1.6;2.01;1.61;2.02;0;0;0
Plus;PrivateLabel;wk 22 20;19582;1.54;1.93;1.6;2.01;0;0;0
Plus;PrivateLabel;wk 23 20;20290;1.59;2;1.59;2;0;0;0
Plus;PrivateLabel;wk 24 20;19655;1.58;1.99;1.6;2.02;0;0;0
Plus;PrivateLabel;wk 25 20;21532;1.59;2.01;1.55;1.94;0;0;0
Plus;PrivateLabel;wk 26 20;26400;1.6;2.02;1.6;2.02;0;0;0
Plus;PrivateLabel;wk 27 20;19997;1.54;1.93;1.61;2.04;0;0;0
Plus;PrivateLabel;wk 28 20;19152;1.56;1.96;1.58;1.98;0;0;0
Plus;PrivateLabel;wk 29 20;18913;1.59;2;1.55;1.94;0;0;0
Plus;PrivateLabel;wk 30 20;16329;1.63;2.05;1.59;2.01;0;0;0
Plus;PrivateLabel;wk 31 20;17378;1.58;1.99;1.57;1.97;0;0;0
Plus;PrivateLabel;wk 32 20;22802;1.57;1.96;1.56;1.96;0;0;0
Plus;PrivateLabel;wk 33 20;28445;1.56;1.95;1.55;1.94;0;0;0
Plus;PrivateLabel;wk 34 20;24327;1.54;1.93;1.57;1.96;0;5;0
Plus;PrivateLabel;wk 35 20;18963;1.52;1.9;1.54;1.92;0;0;0
Plus;PrivateLabel;wk 36 20;18293;1.56;1.96;1.56;1.95;0;0;0
Plus;PrivateLabel;wk 37 20;18966;1.57;1.96;1.56;1.94;0;0;0
Plus;PrivateLabel;wk 38 20;20100;1.56;1.94;1.53;1.92;0;0;0
Plus;PrivateLabel;wk 39 20;19979;1.57;1.97;1.55;1.93;0;0;0
Plus;PrivateLabel;wk 40 20;18005;1.59;2;1.54;1.92;0;0;0
Plus;PrivateLabel;wk 41 20;16123;1.6;2.01;1.57;1.95;0;0;0
Plus;PrivateLabel;wk 42 20;15591;1.58;1.97;1.59;1.99;0;0;0
Plus;PrivateLabel;wk 43 20;16276;1.59;1.99;1.6;2.02;0;0;0
Plus;PrivateLabel;wk 44 20;16865;1.59;2;1.57;1.97;0;0;0
Plus;PrivateLabel;wk 45 20;17547;1.58;1.99;1.59;1.99;0;0;0
Plus;PrivateLabel;wk 46 20;15281;1.61;2.06;1.62;2.07;0;0;0
Plus;PrivateLabel;wk 47 20;14591;1.69;2.22;1.68;2.19;0;0;0
Plus;PrivateLabel;wk 48 20;14639;1.71;2.26;1.67;2.18;0;0;0
Plus;PrivateLabel;wk 49 20;13876;1.71;2.27;1.75;2.33;0;0;0
Plus;PrivateLabel;wk 50 20;12627;1.71;2.29;1.74;2.32;0;0;0
Plus;PrivateLabel;wk 51 20;14382;1.75;2.35;1.7;2.26;0;0;0
Plus;PrivateLabel;wk 52 20;10877;1.82;2.48;1.75;2.35;0;0;0
Plus;EuroShopper;wk 01 17;0;0;0;0;0;0;0;0
Plus;EuroShopper;wk 02 17;0;0;0;0;0;0;0;0
Plus;EuroShopper;wk 03 17;0;0;0;0;0;0;0;0
Plus;EuroShopper;wk 04 17;0;0;0;0;0;0;0;0
Plus;EuroShopper;wk 05 17;0;0;0;0;0;0;0;0
Plus;EuroShopper;wk 06 17;0;0;0;0;0;0;0;0
Plus;EuroShopper;wk 07 17;0;0;0;0;0;0;0;0
Plus;EuroShopper;wk 08 17;0;0;0;0;0;0;0;0
Plus;EuroShopper;wk 09 17;0;0;0;0;0;0;0;0
Plus;EuroShopper;wk 10 17;0;0;0;0;0;0;0;0
Plus;EuroShopper;wk 11 17;0;0;0;0;0;0;0;0
Plus;EuroShopper;wk 12 17;0;0;0;0;0;0;0;0
Plus;EuroShopper;wk 13 17;0;0;0;0;0;0;0;0
Plus;EuroShopper;wk 14 17;0;0;0;0;0;0;0;0
Plus;EuroShopper;wk 15 17;0;0;0;0;0;0;0;0
Plus;EuroShopper;wk 16 17;0;0;0;0;0;0;0;0
Plus;EuroShopper;wk 17 17;0;0;0;0;0;0;0;0
Plus;EuroShopper;wk 18 17;0;0;0;0;0;0;0;0
Plus;EuroShopper;wk 19 17;0;0;0;0;0;0;0;0
Plus;EuroShopper;wk 20 17;0;0;0;0;0;0;0;0
Plus;EuroShopper;wk 21 17;0;0;0;0;0;0;0;0
Plus;EuroShopper;wk 22 17;0;0;0;0;0;0;0;0
Plus;EuroShopper;wk 23 17;0;0;0;0;0;0;0;0
Plus;EuroShopper;wk 24 17;0;0;0;0;0;0;0;0
Plus;EuroShopper;wk 25 17;0;0;0;0;0;0;0;0
Plus;EuroShopper;wk 26 17;0;0;0;0;0;0;0;0
Plus;EuroShopper;wk 27 17;0;0;0;0;0;0;0;0
Plus;EuroShopper;wk 28 17;0;0;0;0;0;0;0;0
Plus;EuroShopper;wk 29 17;0;0;0;0;0;0;0;0
Plus;EuroShopper;wk 30 17;0;0;0;0;0;0;0;0
Plus;EuroShopper;wk 31 17;0;0;0;0;0;0;0;0
Plus;EuroShopper;wk 32 17;0;0;0;0;0;0;0;0
Plus;EuroShopper;wk 33 17;0;0;0;0;0;0;0;0
Plus;EuroShopper;wk 34 17;0;0;0;0;0;0;0;0
Plus;EuroShopper;wk 35 17;0;0;0;0;0;0;0;0
Plus;EuroShopper;wk 36 17;0;0;0;0;0;0;0;0
Plus;EuroShopper;wk 37 17;0;0;0;0;0;0;0;0
Plus;EuroShopper;wk 38 17;0;0;0;0;0;0;0;0
Plus;EuroShopper;wk 39 17;0;0;0;0;0;0;0;0
Plus;EuroShopper;wk 40 17;0;0;0;0;0;0;0;0
Plus;EuroShopper;wk 41 17;0;0;0;0;0;0;0;0
Plus;EuroShopper;wk 42 17;0;0;0;0;0;0;0;0
Plus;EuroShopper;wk 43 17;0;0;0;0;0;0;0;0
Plus;EuroShopper;wk 44 17;0;0;0;0;0;0;0;0
Plus;EuroShopper;wk 45 17;0;0;0;0;0;0;0;0
Plus;EuroShopper;wk 46 17;0;0;0;0;0;0;0;0
Plus;EuroShopper;wk 47 17;0;0;0;0;0;0;0;0
Plus;EuroShopper;wk 48 17;0;0;0;0;0;0;0;0
Plus;EuroShopper;wk 49 17;0;0;0;0;0;0;0;0
Plus;EuroShopper;wk 50 17;0;0;0;0;0;0;0;0
Plus;EuroShopper;wk 51 17;0;0;0;0;0;0;0;0
Plus;EuroShopper;wk 52 17;0;0;0;0;0;0;0;0
Plus;EuroShopper;wk 01 18;0;0;0;0;0;0;0;0
Plus;EuroShopper;wk 02 18;0;0;0;0;0;0;0;0
Plus;EuroShopper;wk 03 18;0;0;0;0;0;0;0;0
Plus;EuroShopper;wk 04 18;0;0;0;0;0;0;0;0
Plus;EuroShopper;wk 05 18;0;0;0;0;0;0;0;0
Plus;EuroShopper;wk 06 18;0;0;0;0;0;0;0;0
Plus;EuroShopper;wk 07 18;0;0;0;0;0;0;0;0
Plus;EuroShopper;wk 08 18;0;0;0;0;0;0;0;0
Plus;EuroShopper;wk 09 18;0;0;0;0;0;0;0;0
Plus;EuroShopper;wk 10 18;0;0;0;0;0;0;0;0
Plus;EuroShopper;wk 11 18;0;0;0;0;0;0;0;0
Plus;EuroShopper;wk 12 18;0;0;0;0;0;0;0;0
Plus;EuroShopper;wk 13 18;0;0;0;0;0;0;0;0
Plus;EuroShopper;wk 14 18;0;0;0;0;0;0;0;0
Plus;EuroShopper;wk 15 18;0;0;0;0;0;0;0;0
Plus;EuroShopper;wk 16 18;0;0;0;0;0;0;0;0
Plus;EuroShopper;wk 17 18;0;0;0;0;0;0;0;0
Plus;EuroShopper;wk 18 18;0;0;0;0;0;0;0;0
Plus;EuroShopper;wk 19 18;0;0;0;0;0;0;0;0
Plus;EuroShopper;wk 20 18;0;0;0;0;0;0;0;0
Plus;EuroShopper;wk 21 18;0;0;0;0;0;0;0;0
Plus;EuroShopper;wk 22 18;0;0;0;0;0;0;0;0
Plus;EuroShopper;wk 23 18;0;0;0;0;0;0;0;0
Plus;EuroShopper;wk 24 18;0;0;0;0;0;0;0;0
Plus;EuroShopper;wk 25 18;0;0;0;0;0;0;0;0
Plus;EuroShopper;wk 26 18;0;0;0;0;0;0;0;0
Plus;EuroShopper;wk 27 18;0;0;0;0;0;0;0;0
Plus;EuroShopper;wk 28 18;0;0;0;0;0;0;0;0
Plus;EuroShopper;wk 29 18;0;0;0;0;0;0;0;0
Plus;EuroShopper;wk 30 18;0;0;0;0;0;0;0;0
Plus;EuroShopper;wk 31 18;0;0;0;0;0;0;0;0
Plus;EuroShopper;wk 32 18;0;0;0;0;0;0;0;0
Plus;EuroShopper;wk 33 18;0;0;0;0;0;0;0;0
Plus;EuroShopper;wk 34 18;0;0;0;0;0;0;0;0
Plus;EuroShopper;wk 35 18;0;0;0;0;0;0;0;0
Plus;EuroShopper;wk 36 18;0;0;0;0;0;0;0;0
Plus;EuroShopper;wk 37 18;0;0;0;0;0;0;0;0
Plus;EuroShopper;wk 38 18;0;0;0;0;0;0;0;0
Plus;EuroShopper;wk 39 18;0;0;0;0;0;0;0;0
Plus;EuroShopper;wk 40 18;0;0;0;0;0;0;0;0
Plus;EuroShopper;wk 41 18;0;0;0;0;0;0;0;0
Plus;EuroShopper;wk 42 18;0;0;0;0;0;0;0;0
Plus;EuroShopper;wk 43 18;0;0;0;0;0;0;0;0
Plus;EuroShopper;wk 44 18;0;0;0;0;0;0;0;0
Plus;EuroShopper;wk 45 18;0;0;0;0;0;0;0;0
Plus;EuroShopper;wk 46 18;0;0;0;0;0;0;0;0
Plus;EuroShopper;wk 47 18;0;0;0;0;0;0;0;0
Plus;EuroShopper;wk 48 18;0;0;0;0;0;0;0;0
Plus;EuroShopper;wk 49 18;0;0;0;0;0;0;0;0
Plus;EuroShopper;wk 50 18;0;0;0;0;0;0;0;0
Plus;EuroShopper;wk 51 18;0;0;0;0;0;0;0;0
Plus;EuroShopper;wk 52 18;0;0;0;0;0;0;0;0
Plus;EuroShopper;wk 01 19;0;0;0;0;0;0;0;0
Plus;EuroShopper;wk 02 19;0;0;0;0;0;0;0;0
Plus;EuroShopper;wk 03 19;0;0;0;0;0;0;0;0
Plus;EuroShopper;wk 04 19;0;0;0;0;0;0;0;0
Plus;EuroShopper;wk 05 19;0;0;0;0;0;0;0;0
Plus;EuroShopper;wk 06 19;0;0;0;0;0;0;0;0
Plus;EuroShopper;wk 07 19;0;0;0;0;0;0;0;0
Plus;EuroShopper;wk 08 19;0;0;0;0;0;0;0;0
Plus;EuroShopper;wk 09 19;0;0;0;0;0;0;0;0
Plus;EuroShopper;wk 10 19;0;0;0;0;0;0;0;0
Plus;EuroShopper;wk 11 19;0;0;0;0;0;0;0;0
Plus;EuroShopper;wk 12 19;0;0;0;0;0;0;0;0
Plus;EuroShopper;wk 13 19;0;0;0;0;0;0;0;0
Plus;EuroShopper;wk 14 19;0;0;0;0;0;0;0;0
Plus;EuroShopper;wk 15 19;0;0;0;0;0;0;0;0
Plus;EuroShopper;wk 16 19;0;0;0;0;0;0;0;0
Plus;EuroShopper;wk 17 19;0;0;0;0;0;0;0;0
Plus;EuroShopper;wk 18 19;0;0;0;0;0;0;0;0
Plus;EuroShopper;wk 19 19;0;0;0;0;0;0;0;0
Plus;EuroShopper;wk 20 19;0;0;0;0;0;0;0;0
Plus;EuroShopper;wk 21 19;0;0;0;0;0;0;0;0
Plus;EuroShopper;wk 22 19;0;0;0;0;0;0;0;0
Plus;EuroShopper;wk 23 19;0;0;0;0;0;0;0;0
Plus;EuroShopper;wk 24 19;0;0;0;0;0;0;0;0
Plus;EuroShopper;wk 25 19;0;0;0;0;0;0;0;0
Plus;EuroShopper;wk 26 19;0;0;0;0;0;0;0;0
Plus;EuroShopper;wk 27 19;0;0;0;0;0;0;0;0
Plus;EuroShopper;wk 28 19;0;0;0;0;0;0;0;0
Plus;EuroShopper;wk 29 19;0;0;0;0;0;0;0;0
Plus;EuroShopper;wk 30 19;0;0;0;0;0;0;0;0
Plus;EuroShopper;wk 31 19;0;0;0;0;0;0;0;0
Plus;EuroShopper;wk 32 19;0;0;0;0;0;0;0;0
Plus;EuroShopper;wk 33 19;0;0;0;0;0;0;0;0
Plus;EuroShopper;wk 34 19;0;0;0;0;0;0;0;0
Plus;EuroShopper;wk 35 19;0;0;0;0;0;0;0;0
Plus;EuroShopper;wk 36 19;0;0;0;0;0;0;0;0
Plus;EuroShopper;wk 37 19;0;0;0;0;0;0;0;0
Plus;EuroShopper;wk 38 19;0;0;0;0;0;0;0;0
Plus;EuroShopper;wk 39 19;0;0;0;0;0;0;0;0
Plus;EuroShopper;wk 40 19;0;0;0;0;0;0;0;0
Plus;EuroShopper;wk 41 19;0;0;0;0;0;0;0;0
Plus;EuroShopper;wk 42 19;0;0;0;0;0;0;0;0
Plus;EuroShopper;wk 43 19;0;0;0;0;0;0;0;0
Plus;EuroShopper;wk 44 19;0;0;0;0;0;0;0;0
Plus;EuroShopper;wk 45 19;0;0;0;0;0;0;0;0
Plus;EuroShopper;wk 46 19;0;0;0;0;0;0;0;0
Plus;EuroShopper;wk 47 19;0;0;0;0;0;0;0;0
Plus;EuroShopper;wk 48 19;0;0;0;0;0;0;0;0
Plus;EuroShopper;wk 49 19;0;0;0;0;0;0;0;0
Plus;EuroShopper;wk 50 19;0;0;0;0;0;0;0;0
Plus;EuroShopper;wk 51 19;0;0;0;0;0;0;0;0
Plus;EuroShopper;wk 52 19;0;0;0;0;0;0;0;0
Plus;EuroShopper;wk 01 20;0;0;0;0;0;0;0;0
Plus;EuroShopper;wk 02 20;0;0;0;0;0;0;0;0
Plus;EuroShopper;wk 03 20;0;0;0;0;0;0;0;0
Plus;EuroShopper;wk 04 20;0;0;0;0;0;0;0;0
Plus;EuroShopper;wk 05 20;0;0;0;0;0;0;0;0
Plus;EuroShopper;wk 06 20;0;0;0;0;0;0;0;0
Plus;EuroShopper;wk 07 20;0;0;0;0;0;0;0;0
Plus;EuroShopper;wk 08 20;0;0;0;0;0;0;0;0
Plus;EuroShopper;wk 09 20;0;0;0;0;0;0;0;0
Plus;EuroShopper;wk 10 20;0;0;0;0;0;0;0;0
Plus;EuroShopper;wk 11 20;0;0;0;0;0;0;0;0
Plus;EuroShopper;wk 12 20;0;0;0;0;0;0;0;0
Plus;EuroShopper;wk 13 20;0;0;0;0;0;0;0;0
Plus;EuroShopper;wk 14 20;0;0;0;0;0;0;0;0
Plus;EuroShopper;wk 15 20;0;0;0;0;0;0;0;0
Plus;EuroShopper;wk 16 20;0;0;0;0;0;0;0;0
Plus;EuroShopper;wk 17 20;0;0;0;0;0;0;0;0
Plus;EuroShopper;wk 18 20;0;0;0;0;0;0;0;0
Plus;EuroShopper;wk 19 20;0;0;0;0;0;0;0;0
Plus;EuroShopper;wk 20 20;0;0;0;0;0;0;0;0
Plus;EuroShopper;wk 21 20;0;0;0;0;0;0;0;0
Plus;EuroShopper;wk 22 20;0;0;0;0;0;0;0;0
Plus;EuroShopper;wk 23 20;0;0;0;0;0;0;0;0
Plus;EuroShopper;wk 24 20;0;0;0;0;0;0;0;0
Plus;EuroShopper;wk 25 20;0;0;0;0;0;0;0;0
Plus;EuroShopper;wk 26 20;0;0;0;0;0;0;0;0
Plus;EuroShopper;wk 27 20;0;0;0;0;0;0;0;0
Plus;EuroShopper;wk 28 20;0;0;0;0;0;0;0;0
Plus;EuroShopper;wk 29 20;0;0;0;0;0;0;0;0
Plus;EuroShopper;wk 30 20;0;0;0;0;0;0;0;0
Plus;EuroShopper;wk 31 20;0;0;0;0;0;0;0;0
Plus;EuroShopper;wk 32 20;0;0;0;0;0;0;0;0
Plus;EuroShopper;wk 33 20;0;0;0;0;0;0;0;0
Plus;EuroShopper;wk 34 20;0;0;0;0;0;0;0;0
Plus;EuroShopper;wk 35 20;0;0;0;0;0;0;0;0
Plus;EuroShopper;wk 36 20;0;0;0;0;0;0;0;0
Plus;EuroShopper;wk 37 20;0;0;0;0;0;0;0;0
Plus;EuroShopper;wk 38 20;0;0;0;0;0;0;0;0
Plus;EuroShopper;wk 39 20;0;0;0;0;0;0;0;0
Plus;EuroShopper;wk 40 20;0;0;0;0;0;0;0;0
Plus;EuroShopper;wk 41 20;0;0;0;0;0;0;0;0
Plus;EuroShopper;wk 42 20;0;0;0;0;0;0;0;0
Plus;EuroShopper;wk 43 20;0;0;0;0;0;0;0;0
Plus;EuroShopper;wk 44 20;0;0;0;0;0;0;0;0
Plus;EuroShopper;wk 45 20;0;0;0;0;0;0;0;0
Plus;EuroShopper;wk 46 20;0;0;0;0;0;0;0;0
Plus;EuroShopper;wk 47 20;0;0;0;0;0;0;0;0
Plus;EuroShopper;wk 48 20;0;0;0;0;0;0;0;0
Plus;EuroShopper;wk 49 20;0;0;0;0;0;0;0;0
Plus;EuroShopper;wk 50 20;0;0;0;0;0;0;0;0
Plus;EuroShopper;wk 51 20;0;0;0;0;0;0;0;0
Plus;EuroShopper;wk 52 20;0;0;0;0;0;0;0;0
Plus;KarvanCevitam;wk 01 17;21367;2.97;4.14;2.96;4.11;0;0;0
Plus;KarvanCevitam;wk 02 17;23026;2.98;4.15;2.96;4.12;0;0;0
Plus;KarvanCevitam;wk 03 17;33804;2.62;3.61;2.94;4.08;0;0;0
Plus;KarvanCevitam;wk 04 17;131685;2;2.74;2.97;4.1;100;0;98
Plus;KarvanCevitam;wk 05 17;19468;2.84;3.97;2.86;4;0;4;0
Plus;KarvanCevitam;wk 06 17;18082;2.97;4.16;2.97;4.11;0;0;0
Plus;KarvanCevitam;wk 07 17;20725;2.97;4.16;2.98;4.16;0;0;0
Plus;KarvanCevitam;wk 08 17;22470;2.97;4.16;2.98;4.14;0;3;0
Plus;KarvanCevitam;wk 09 17;22558;2.97;4.12;2.97;4.12;0;0;0
Plus;KarvanCevitam;wk 10 17;34068;2.6;3.59;2.95;4.08;0;3;0
Plus;KarvanCevitam;wk 11 17;134668;2;2.74;2.97;4.11;100;0;100
Plus;KarvanCevitam;wk 12 17;20507;2.86;4.01;2.85;3.96;0;2;0
Plus;KarvanCevitam;wk 13 17;24970;2.85;3.95;2.83;3.93;0;1;0
Plus;KarvanCevitam;wk 14 17;23094;2.96;4.12;2.97;4.1;0;3;0
Plus;KarvanCevitam;wk 15 17;24041;2.96;4.13;2.95;4.11;0;0;0
Plus;KarvanCevitam;wk 16 17;23348;2.97;4.17;2.97;4.17;0;0;0
Plus;KarvanCevitam;wk 17 17;23568;2.96;4.16;2.96;4.16;0;2;0
Plus;KarvanCevitam;wk 18 17;21682;2.96;4.16;2.98;4.14;0;7;0
Plus;KarvanCevitam;wk 19 17;34621;2.64;3.67;2.95;4.15;0;8;0
Plus;KarvanCevitam;wk 20 17;166986;2.05;2.8;2.97;4.17;100;68;100
Plus;KarvanCevitam;wk 21 17;27073;2.89;4.18;2.89;4.11;0;8;0
Plus;KarvanCevitam;wk 22 17;28001;2.94;4.2;2.99;4.27;0;12;0
Plus;KarvanCevitam;wk 23 17;26153;2.8;3.92;2.81;3.9;0;7;0
Plus;KarvanCevitam;wk 24 17;23914;2.97;4.19;2.96;4.17;0;5;0
Plus;KarvanCevitam;wk 25 17;32764;2.95;4.23;2.97;4.24;0;18;0
Plus;KarvanCevitam;wk 26 17;24880;2.96;4.21;2.98;4.21;0;8;0
Plus;KarvanCevitam;wk 27 17;41741;2.62;3.71;2.93;4.15;0;12;0
Plus;KarvanCevitam;wk 28 17;143705;2.05;2.85;2.97;4.26;100;0;100
Plus;KarvanCevitam;wk 29 17;25228;2.73;4.02;2.95;4.28;0;35;0
Plus;KarvanCevitam;wk 30 17;18209;2.94;4.33;2.96;4.32;0;11;0
Plus;KarvanCevitam;wk 31 17;18772;2.93;4.28;2.92;4.24;0;7;0
Plus;KarvanCevitam;wk 32 17;18112;2.96;4.27;2.97;4.27;0;2;0
Plus;KarvanCevitam;wk 33 17;19705;2.97;4.24;2.96;4.25;0;3;0
Plus;KarvanCevitam;wk 34 17;41344;2.53;3.54;2.96;4.3;0;2;0
Plus;KarvanCevitam;wk 35 17;175586;2.04;2.82;2.97;4.25;78;0;70
Plus;KarvanCevitam;wk 36 17;17876;2.9;4.14;2.96;4.21;0;4;0
Plus;KarvanCevitam;wk 37 17;18150;2.96;4.19;2.96;4.18;0;0;0
Plus;KarvanCevitam;wk 38 17;19527;2.97;4.19;2.97;4.16;0;0;0
Plus;KarvanCevitam;wk 39 17;20822;2.97;4.16;2.98;4.19;0;0;0
Plus;KarvanCevitam;wk 40 17;21825;2.91;4.1;2.95;4.18;0;0;0
Plus;KarvanCevitam;wk 41 17;30621;2.54;3.51;3.1;4.37;0;30;0
Plus;KarvanCevitam;wk 42 17;19691;2.95;4.14;2.97;4.15;0;0;0
Plus;KarvanCevitam;wk 43 17;21306;2.96;4.13;2.98;4.14;0;0;0
Plus;KarvanCevitam;wk 44 17;33931;2.59;3.54;2.96;4.12;0;0;0
Plus;KarvanCevitam;wk 45 17;126237;2.05;2.76;2.98;4.16;64;0;99
Plus;KarvanCevitam;wk 46 17;17019;2.79;3.89;3.01;4.16;0;19;0
Plus;KarvanCevitam;wk 47 17;19752;2.87;3.99;2.97;4.15;0;8;0
Plus;KarvanCevitam;wk 48 17;19874;2.88;3.99;3;4.17;0;8;0
Plus;KarvanCevitam;wk 49 17;36314;2.42;3.3;2.95;4.13;0;20;0
Plus;KarvanCevitam;wk 50 17;115256;2.06;2.76;2.94;4.07;70;0;94
Plus;KarvanCevitam;wk 51 17;22150;2.78;3.89;3.01;4.15;0;9;0
Plus;KarvanCevitam;wk 52 17;15188;2.92;4.09;2.92;4.07;0;0;0
Plus;KarvanCevitam;wk 01 18;25180;2.7;3.75;2.95;4.12;0;0;0
Plus;KarvanCevitam;wk 02 18;91222;2.3;3.16;2.93;4.1;77;0;69
Plus;KarvanCevitam;wk 03 18;24568;2.63;3.66;2.99;4.15;0;35;0
Plus;KarvanCevitam;wk 04 18;21648;2.86;3.97;2.88;3.97;0;4;0
Plus;KarvanCevitam;wk 05 18;21013;2.94;4.11;2.94;4.1;0;5;0
Plus;KarvanCevitam;wk 06 18;21588;2.95;4.13;2.98;4.18;0;5;0
Plus;KarvanCevitam;wk 07 18;22512;2.95;4.11;2.94;4.11;0;0;0
Plus;KarvanCevitam;wk 08 18;26661;2.93;4.12;2.93;4.05;0;3;0
Plus;KarvanCevitam;wk 09 18;24685;2.95;4.1;2.95;4.08;0;0;0
Plus;KarvanCevitam;wk 10 18;35531;2.71;3.74;2.96;4.14;0;0;0
Plus;KarvanCevitam;wk 11 18;110218;2.3;3.13;2.95;4.11;82;39;64
Plus;KarvanCevitam;wk 12 18;19244;2.9;4.08;2.92;4.05;0;0;0
Plus;KarvanCevitam;wk 13 18;20370;2.93;4.13;2.95;4.14;0;8;0
Plus;KarvanCevitam;wk 14 18;21757;2.92;4.09;2.93;4.13;0;0;0
Plus;KarvanCevitam;wk 15 18;31417;2.74;3.81;3.03;4.29;0;24;0
Plus;KarvanCevitam;wk 16 18;37787;2.77;3.88;2.94;4.14;0;3;0
Plus;KarvanCevitam;wk 17 18;97914;2.31;3.15;2.94;4.11;92;0;87
Plus;KarvanCevitam;wk 18 18;20730;2.89;4.18;2.92;4.09;0;4;0
Plus;KarvanCevitam;wk 19 18;24680;2.93;4.19;2.93;4.16;0;4;0
Plus;KarvanCevitam;wk 20 18;23339;2.92;4.14;2.92;4.1;0;0;0
Plus;KarvanCevitam;wk 21 18;29866;2.94;4.19;2.93;4.16;0;0;0
Plus;KarvanCevitam;wk 22 18;32462;2.95;4.21;2.96;4.19;0;0;0
Plus;KarvanCevitam;wk 23 18;29013;2.95;4.19;2.96;4.17;0;5;0
Plus;KarvanCevitam;wk 24 18;33389;2.75;3.85;2.98;4.17;0;5;0
Plus;KarvanCevitam;wk 25 18;105426;2.31;3.17;2.95;4.2;86;0;68
Plus;KarvanCevitam;wk 26 18;27883;2.84;4.08;3.02;4.29;0;23;0
Plus;KarvanCevitam;wk 27 18;29012;2.93;4.21;2.97;4.27;0;4;0
Plus;KarvanCevitam;wk 28 18;23834;2.95;4.34;2.96;4.24;0;0;0
Plus;KarvanCevitam;wk 29 18;28640;2.94;4.32;2.96;4.27;0;3;0
Plus;KarvanCevitam;wk 30 18;88890;2.2;3.19;2.94;4.29;93;2;14
Plus;KarvanCevitam;wk 31 18;34582;2.87;4.12;2.99;4.27;0;11;0
Plus;KarvanCevitam;wk 32 18;27755;2.94;4.19;2.94;4.12;0;3;0
Plus;KarvanCevitam;wk 33 18;24095;2.95;4.18;2.95;4.15;0;5;0
Plus;KarvanCevitam;wk 34 18;24603;2.95;4.15;2.95;4.16;0;3;0
Plus;KarvanCevitam;wk 35 18;32037;2.71;3.76;2.96;4.15;0;3;0
Plus;KarvanCevitam;wk 36 18;102173;2.3;3.14;2.96;4.12;83;0;72
Plus;KarvanCevitam;wk 37 18;19810;2.83;3.98;2.97;4.12;0;20;0
Plus;KarvanCevitam;wk 38 18;20757;2.93;4.09;2.96;4.13;0;2;0
Plus;KarvanCevitam;wk 39 18;23423;2.81;3.91;2.82;3.92;0;4;0
Plus;KarvanCevitam;wk 40 18;30370;2.7;3.73;2.93;4.09;0;2;0
Plus;KarvanCevitam;wk 41 18;93683;2.31;3.15;2.94;4.1;85;0;68
Plus;KarvanCevitam;wk 42 18;18791;2.83;3.99;2.95;4.14;0;22;0
Plus;KarvanCevitam;wk 43 18;17722;2.93;4.1;2.95;4.1;0;6;0
Plus;KarvanCevitam;wk 44 18;18763;2.94;4.08;2.94;4.04;0;3;0
Plus;KarvanCevitam;wk 45 18;19965;2.94;4.07;2.93;4.09;0;0;0
Plus;KarvanCevitam;wk 46 18;20464;2.93;4.05;2.93;4.08;0;4;0
Plus;KarvanCevitam;wk 47 18;156241;1.59;2.18;2.93;4.07;98;0;18
Plus;KarvanCevitam;wk 48 18;20530;2.69;3.72;2.94;4.08;0;12;0
Plus;KarvanCevitam;wk 49 18;24579;2.69;3.7;2.98;4.11;0;6;0
Plus;KarvanCevitam;wk 50 18;75974;2.31;3.14;2.94;4.08;92;0;63
Plus;KarvanCevitam;wk 51 18;18987;2.84;3.97;2.85;3.95;0;14;0
Plus;KarvanCevitam;wk 52 18;14236;2.92;4.07;2.87;4.01;0;4;0
Plus;KarvanCevitam;wk 01 19;21927;2.8;3.87;2.91;4.06;0;5;0
Plus;KarvanCevitam;wk 02 19;68446;2.44;3.29;2.9;4.02;83;5;88
Plus;KarvanCevitam;wk 03 19;18026;2.85;3.96;2.91;4.07;0;21;0
Plus;KarvanCevitam;wk 04 19;17807;2.99;4.15;2.95;4.08;0;13;0
Plus;KarvanCevitam;wk 05 19;19765;2.93;4.07;3.01;4.17;0;2;0
Plus;KarvanCevitam;wk 06 19;170825;1.6;2.18;2.98;4.15;97;0;37
Plus;KarvanCevitam;wk 07 19;20495;2.61;3.67;2.87;3.96;0;13;0
Plus;KarvanCevitam;wk 08 19;17976;2.95;4.16;2.98;4.18;0;0;0
Plus;KarvanCevitam;wk 09 19;18919;2.97;4.21;3;4.22;0;0;0
Plus;KarvanCevitam;wk 10 19;27913;2.76;3.82;2.99;4.18;0;0;0
Plus;KarvanCevitam;wk 11 19;86868;2.43;3.3;2.99;4.18;86;0;96
Plus;KarvanCevitam;wk 12 19;17567;2.92;4.11;2.95;4.12;0;11;0
Plus;KarvanCevitam;wk 13 19;18144;2.99;4.22;2.98;4.18;0;0;0
Plus;KarvanCevitam;wk 14 19;18898;2.99;4.2;2.99;4.21;0;2;0
Plus;KarvanCevitam;wk 15 19;28369;2.79;3.89;2.98;4.17;0;0;0
Plus;KarvanCevitam;wk 16 19;89880;2.44;3.35;3;4.2;95;0;96
Plus;KarvanCevitam;wk 17 19;19162;2.94;4.22;3.01;4.21;0;15;0
Plus;KarvanCevitam;wk 18 19;17676;2.99;4.24;2.99;4.22;0;3;0
Plus;KarvanCevitam;wk 19 19;18548;2.99;4.19;2.99;4.21;0;3;0
Plus;KarvanCevitam;wk 20 19;20187;2.97;4.17;2.99;4.21;0;4;0
Plus;KarvanCevitam;wk 21 19;22259;2.96;4.16;2.99;4.24;0;3;0
Plus;KarvanCevitam;wk 22 19;33486;2.77;3.88;2.97;4.17;0;2;0
Plus;KarvanCevitam;wk 23 19;97237;2.43;3.33;2.99;4.2;89;0;61
Plus;KarvanCevitam;wk 24 19;19292;2.88;4.07;2.97;4.26;0;27;0
Plus;KarvanCevitam;wk 25 19;32220;2.5;3.92;2.97;4.24;0;4;0
Plus;KarvanCevitam;wk 26 19;68557;2.12;3.39;2.93;4.15;77;0;35
Plus;KarvanCevitam;wk 27 19;120617;2.05;2.81;2.93;4.19;92;8;62
Plus;KarvanCevitam;wk 28 19;18191;2.79;4.05;2.99;4.32;0;23;0
Plus;KarvanCevitam;wk 29 19;18511;2.91;4.25;2.92;4.26;0;6;0
Plus;KarvanCevitam;wk 30 19;30518;2.97;4.31;2.95;4.27;0;2;0
Plus;KarvanCevitam;wk 31 19;20526;2.97;4.3;2.96;4.31;0;2;0
Plus;KarvanCevitam;wk 32 19;26261;2.81;3.98;2.97;4.25;0;9;0
Plus;KarvanCevitam;wk 33 19;69575;2.44;3.37;2.98;4.22;86;6;61
Plus;KarvanCevitam;wk 34 19;23976;2.8;3.97;3.03;4.3;0;30;0
Plus;KarvanCevitam;wk 35 19;25297;2.96;4.19;2.96;4.2;0;7;0
Plus;KarvanCevitam;wk 36 19;20473;2.98;4.18;2.97;4.18;0;0;0
Plus;KarvanCevitam;wk 37 19;33968;2.47;3.39;2.92;4.09;0;0;0
Plus;KarvanCevitam;wk 38 19;168527;1.74;2.33;2.96;4.13;81;0;96
Plus;KarvanCevitam;wk 39 19;18971;2.65;3.69;3.18;4.45;0;31;0
Plus;KarvanCevitam;wk 40 19;16709;2.89;4.04;3.06;4.28;0;15;0
Plus;KarvanCevitam;wk 41 19;17177;2.93;4.1;2.98;4.16;0;0;0
Plus;KarvanCevitam;wk 42 19;17689;2.95;4.13;2.94;4.1;0;2;0
Plus;KarvanCevitam;wk 43 19;18501;2.96;4.13;2.97;4.13;0;3;0
Plus;KarvanCevitam;wk 44 19;28342;2.7;3.7;2.94;4.09;0;0;0
Plus;KarvanCevitam;wk 45 19;81812;2.3;3.12;2.96;4.11;88;0;59
Plus;KarvanCevitam;wk 46 19;17062;2.84;3.95;2.94;4.1;0;25;0
Plus;KarvanCevitam;wk 47 19;17671;2.95;4.12;2.97;4.12;0;6;0
Plus;KarvanCevitam;wk 48 19;18178;2.96;4.11;2.97;4.14;0;0;0
Plus;KarvanCevitam;wk 49 19;28226;2.69;3.69;2.97;4.12;0;0;0
Plus;KarvanCevitam;wk 50 19;92572;2.3;3.12;2.96;4.09;93;0;68
Plus;KarvanCevitam;wk 51 19;16405;2.92;4.09;2.96;4.08;0;3;0
Plus;KarvanCevitam;wk 52 19;13560;2.95;4.13;2.96;4.11;0;2;0
Plus;KarvanCevitam;wk 01 20;17043;2.96;4.15;2.96;4.14;0;0;0
Plus;KarvanCevitam;wk 02 20;18728;2.95;4.11;2.96;4.11;0;0;0
Plus;KarvanCevitam;wk 03 20;19181;2.94;4.12;2.99;4.16;0;2;0
Plus;KarvanCevitam;wk 04 20;19796;2.95;4.1;2.98;4.14;0;0;0
Plus;KarvanCevitam;wk 05 20;28638;2.79;3.85;2.96;4.1;0;0;0
Plus;KarvanCevitam;wk 06 20;88127;2.53;3.44;2.96;4.1;90;0;65
Plus;KarvanCevitam;wk 07 20;16615;2.89;4.08;2.99;4.17;0;11;0
Plus;KarvanCevitam;wk 08 20;16365;2.95;4.19;2.97;4.15;0;3;0
Plus;KarvanCevitam;wk 09 20;18953;2.95;4.15;2.95;4.12;0;0;0
Plus;KarvanCevitam;wk 10 20;19414;2.95;4.1;2.94;4.11;0;0;0
Plus;KarvanCevitam;wk 11 20;48775;2.78;3.8;2.94;4.06;0;0;0
Plus;KarvanCevitam;wk 12 20;109398;2.53;3.44;2.95;4.1;88;0;0
Plus;KarvanCevitam;wk 13 20;20645;2.92;4.06;2.95;4.09;0;0;0
Plus;KarvanCevitam;wk 14 20;20185;2.96;4.11;2.96;4.09;0;0;0
Plus;KarvanCevitam;wk 15 20;24029;2.95;4.09;2.96;4.09;0;0;0
Plus;KarvanCevitam;wk 16 20;34273;2.75;3.77;2.96;4.08;0;0;0
Plus;KarvanCevitam;wk 17 20;111818;2.44;3.31;2.96;4.08;100;0;0
Plus;KarvanCevitam;wk 18 20;18218;2.92;4.06;2.97;4.11;0;0;0
Plus;KarvanCevitam;wk 19 20;21040;2.93;4.07;2.92;4.05;0;0;0
Plus;KarvanCevitam;wk 20 20;21281;2.96;4.09;2.96;4.1;0;0;0
Plus;KarvanCevitam;wk 21 20;46551;2.48;3.39;2.96;4.07;0;0;0
Plus;KarvanCevitam;wk 22 20;181962;2.04;2.77;2.97;4.1;96;0;52
Plus;KarvanCevitam;wk 23 20;20358;2.83;3.94;3.02;4.17;0;6;0
Plus;KarvanCevitam;wk 24 20;18280;2.97;4.09;2.99;4.09;0;2;0
Plus;KarvanCevitam;wk 25 20;21897;2.99;4.08;3.01;4.09;0;3;0
Plus;KarvanCevitam;wk 26 20;40637;2.83;3.85;2.99;4.09;0;9;0
Plus;KarvanCevitam;wk 27 20;96652;2.55;3.42;3;4.07;84;5;85
Plus;KarvanCevitam;wk 28 20;18381;2.98;4.12;3.03;4.17;0;24;0
Plus;KarvanCevitam;wk 29 20;18136;3.06;4.25;3;4.11;0;7;0
Plus;KarvanCevitam;wk 30 20;26299;2.63;3.61;3.04;4.18;0;6;0
Plus;KarvanCevitam;wk 31 20;75851;2.02;2.72;3.06;4.22;78;7;98
Plus;KarvanCevitam;wk 32 20;24795;2.98;4.15;3.06;4.21;0;2;0
Plus;KarvanCevitam;wk 33 20;30145;3.01;4.14;3.07;4.22;0;0;0
Plus;KarvanCevitam;wk 34 20;34861;2.84;3.85;3.06;4.22;0;5;0
Plus;KarvanCevitam;wk 35 20;83165;2.55;3.43;3.02;4.12;81;4;95
Plus;KarvanCevitam;wk 36 20;16975;2.97;4.05;2.99;4.06;0;17;0
Plus;KarvanCevitam;wk 37 20;17608;3.03;4.11;3.01;4.11;0;2;0
Plus;KarvanCevitam;wk 38 20;19961;3.04;4.1;3.03;4.14;0;0;0
Plus;KarvanCevitam;wk 39 20;20238;3.04;4.07;3.03;4.1;0;0;0
Plus;KarvanCevitam;wk 40 20;19444;3.04;4.05;3.03;4.16;0;0;0
Plus;KarvanCevitam;wk 41 20;26575;2.85;3.8;3.03;4.05;0;0;0
Plus;KarvanCevitam;wk 42 20;74794;2.56;3.42;3.03;4.08;74;0;97
Plus;KarvanCevitam;wk 43 20;16069;2.99;4;3.08;4.13;0;8;0
Plus;KarvanCevitam;wk 44 20;16667;3.04;4.05;3.06;4.09;0;2;0
Plus;KarvanCevitam;wk 45 20;26829;2.84;3.78;3.02;4.02;0;0;0
Plus;KarvanCevitam;wk 46 20;77447;2.55;3.41;3.01;4.03;78;0;98
Plus;KarvanCevitam;wk 47 20;14556;3.01;4.02;3.01;4.01;0;5;0
Plus;KarvanCevitam;wk 48 20;16043;3.05;4.05;3.04;4.04;0;0;0
Plus;KarvanCevitam;wk 49 20;27916;2.59;3.44;3.04;4.05;0;0;0
Plus;KarvanCevitam;wk 50 20;105660;2.07;2.76;3.02;4.02;94;0;83
Plus;KarvanCevitam;wk 51 20;16026;2.99;3.97;2.97;3.95;0;0;0
Plus;KarvanCevitam;wk 52 20;18200;2.68;3.55;3.01;4.02;0;0;0
Plus;Raak;wk 01 17;17179;1.41;1.88;1.36;1.81;0;0;0
Plus;Raak;wk 02 17;18778;1.4;1.87;1.35;1.8;0;0;0
Plus;Raak;wk 03 17;19946;1.41;1.88;1.37;1.83;0;0;0
Plus;Raak;wk 04 17;18379;1.46;1.94;1.4;1.87;0;0;0
Plus;Raak;wk 05 17;18940;1.43;1.91;1.51;2.01;0;0;0
Plus;Raak;wk 06 17;16204;1.44;1.93;1.47;1.95;0;0;0
Plus;Raak;wk 07 17;18078;1.43;1.9;1.52;2.03;0;0;0
Plus;Raak;wk 08 17;18813;1.42;1.89;1.53;2.04;0;9;0
Plus;Raak;wk 09 17;17629;1.42;1.9;1.48;1.97;0;0;0
Plus;Raak;wk 10 17;18966;1.41;1.88;1.44;1.92;0;3;0
Plus;Raak;wk 11 17;18671;1.44;1.92;1.48;1.98;0;3;0
Plus;Raak;wk 12 17;18903;1.43;1.91;1.43;1.91;0;0;0
Plus;Raak;wk 13 17;20282;1.44;1.91;1.44;1.92;0;0;0
Plus;Raak;wk 14 17;27736;1.29;1.72;1.44;1.92;0;0;0
Plus;Raak;wk 15 17;107705;0.99;1.32;1.45;1.93;63;3;90
Plus;Raak;wk 16 17;17148;1.34;1.79;1.4;1.86;0;10;0
Plus;Raak;wk 17 17;16691;1.39;1.85;1.48;1.97;0;6;0
Plus;Raak;wk 18 17;17004;1.41;1.88;1.46;1.94;0;0;0
Plus;Raak;wk 19 17;19080;1.42;1.9;1.44;1.92;0;0;0
Plus;Raak;wk 20 17;21405;1.42;1.89;1.44;1.93;0;4;0
Plus;Raak;wk 21 17;24508;1.41;1.88;1.42;1.89;0;0;0
Plus;Raak;wk 22 17;24486;1.42;1.89;1.42;1.9;0;0;0
Plus;Raak;wk 23 17;32645;1.24;1.65;1.41;1.88;0;0;0
Plus;Raak;wk 24 17;136022;1;1.34;1.42;1.9;81;0;91
Plus;Raak;wk 25 17;22838;1.38;1.85;1.4;1.87;0;2;0
Plus;Raak;wk 26 17;19418;1.42;1.89;1.42;1.9;0;0;0
Plus;Raak;wk 27 17;22313;1.42;1.89;1.43;1.9;0;4;0
Plus;Raak;wk 28 17;20215;1.41;1.87;1.52;2.02;0;11;0
Plus;Raak;wk 29 17;22286;1.41;1.88;1.42;1.89;0;6;0
Plus;Raak;wk 30 17;17737;1.42;1.89;1.43;1.9;0;5;0
Plus;Raak;wk 31 17;17428;1.42;1.89;1.42;1.89;0;0;0
Plus;Raak;wk 32 17;17795;1.42;1.89;1.42;1.89;0;0;0
Plus;Raak;wk 33 17;18361;1.42;1.89;1.41;1.89;0;0;0
Plus;Raak;wk 34 17;21600;1.42;1.89;1.42;1.89;0;0;0
Plus;Raak;wk 35 17;22376;1.41;1.88;1.41;1.88;0;0;0
Plus;Raak;wk 36 17;20863;1.41;1.89;1.41;1.88;0;0;0
Plus;Raak;wk 37 17;19999;1.42;1.89;1.42;1.89;0;0;0
Plus;Raak;wk 38 17;20430;1.42;1.89;1.42;1.89;0;0;0
Plus;Raak;wk 39 17;20124;1.42;1.89;1.42;1.89;0;0;0
Plus;Raak;wk 40 17;19320;1.42;1.89;1.42;1.89;0;0;0
Plus;Raak;wk 41 17;18482;1.42;1.89;1.42;1.89;0;0;0
Plus;Raak;wk 42 17;19236;1.42;1.89;1.42;1.89;0;0;0
Plus;Raak;wk 43 17;20076;1.42;1.89;1.42;1.89;0;0;0
Plus;Raak;wk 44 17;19472;1.41;1.88;1.42;1.89;0;0;0
Plus;Raak;wk 45 17;18606;1.41;1.89;1.42;1.89;0;0;0
Plus;Raak;wk 46 17;18508;1.41;1.89;1.42;1.89;0;0;0
Plus;Raak;wk 47 17;20456;1.41;1.88;1.41;1.88;0;0;0
Plus;Raak;wk 48 17;19968;1.4;1.87;1.41;1.88;0;0;0
Plus;Raak;wk 49 17;19674;1.4;1.87;1.41;1.89;0;0;0
Plus;Raak;wk 50 17;19399;1.4;1.87;1.41;1.89;0;0;0
Plus;Raak;wk 51 17;21876;1.4;1.87;1.41;1.88;0;0;0
Plus;Raak;wk 52 17;14989;1.4;1.87;1.41;1.88;0;0;0
Plus;Raak;wk 01 18;16581;1.4;1.87;1.41;1.87;0;0;0
Plus;Raak;wk 02 18;18689;1.47;1.96;1.41;1.87;0;0;0
Plus;Raak;wk 03 18;18860;1.48;1.97;1.4;1.87;0;0;0
Plus;Raak;wk 04 18;20576;1.45;1.93;1.47;1.96;0;0;0
Plus;Raak;wk 05 18;20611;1.45;1.94;1.47;1.97;0;0;0
Plus;Raak;wk 06 18;20515;1.45;1.93;1.47;1.97;0;0;0
Plus;Raak;wk 07 18;21302;1.45;1.93;1.48;1.97;0;0;0
Plus;Raak;wk 08 18;20714;1.45;1.93;1.45;1.94;0;0;0
Plus;Raak;wk 09 18;19466;1.44;1.92;1.45;1.93;0;0;0
Plus;Raak;wk 10 18;21197;1.42;1.89;1.43;1.91;0;0;0
Plus;Raak;wk 11 18;22183;1.41;1.88;1.46;1.95;0;5;0
Plus;Raak;wk 12 18;22071;1.4;1.87;1.5;2;0;6;0
Plus;Raak;wk 13 18;21579;1.43;1.91;1.46;1.94;0;0;0
Plus;Raak;wk 14 18;20543;1.44;1.92;1.44;1.93;0;0;0
Plus;Raak;wk 15 18;22877;1.41;1.89;1.42;1.89;0;0;0
Plus;Raak;wk 16 18;26565;1.43;1.91;1.42;1.9;0;5;0
Plus;Raak;wk 17 18;22510;1.43;1.91;1.44;1.92;0;2;0
Plus;Raak;wk 18 18;20803;1.43;1.91;1.44;1.92;0;2;0
Plus;Raak;wk 19 18;24052;1.44;1.92;1.44;1.92;0;0;0
Plus;Raak;wk 20 18;23102;1.45;1.93;1.44;1.92;0;0;0
Plus;Raak;wk 21 18;26015;1.45;1.93;1.45;1.93;0;0;0
Plus;Raak;wk 22 18;42244;1.27;1.7;1.44;1.92;0;0;0
Plus;Raak;wk 23 18;149672;1;1.34;1.45;1.93;54;0;99
Plus;Raak;wk 24 18;19397;1.37;1.83;1.45;1.93;0;8;0
Plus;Raak;wk 25 18;19055;1.45;1.93;1.44;1.93;0;0;0
Plus;Raak;wk 26 18;23288;1.44;1.92;1.45;1.93;0;0;0
Plus;Raak;wk 27 18;26839;1.44;1.93;1.45;1.93;0;0;0
Plus;Raak;wk 28 18;22101;1.44;1.92;1.45;1.93;0;0;0
Plus;Raak;wk 29 18;26251;1.44;1.93;1.45;1.93;0;0;0
Plus;Raak;wk 30 18;30132;1.45;1.93;1.45;1.93;0;0;0
Plus;Raak;wk 31 18;27487;1.45;1.93;1.45;1.93;0;0;0
Plus;Raak;wk 32 18;24074;1.44;1.93;1.45;1.93;0;0;0
Plus;Raak;wk 33 18;20484;1.44;1.92;1.44;1.92;0;0;0
Plus;Raak;wk 34 18;35152;1.25;1.66;1.44;1.92;0;0;0
Plus;Raak;wk 35 18;128115;1;1.34;1.44;1.92;64;0;97
Plus;Raak;wk 36 18;19403;1.28;1.71;1.38;1.84;0;14;0
Plus;Raak;wk 37 18;18503;1.4;1.86;1.43;1.91;0;2;0
Plus;Raak;wk 38 18;24918;1.31;1.75;1.42;1.89;0;0;0
Plus;Raak;wk 39 18;58149;0.97;1.3;1.41;1.89;16;8;98
Plus;Raak;wk 40 18;21689;1.31;1.75;1.43;1.9;0;14;0
Plus;Raak;wk 41 18;20018;1.39;1.85;1.41;1.89;0;10;0
Plus;Raak;wk 42 18;20075;1.4;1.86;1.42;1.9;0;5;0
Plus;Raak;wk 43 18;14834;1.42;1.9;1.42;1.9;0;2;0
Plus;Raak;wk 44 18;8752;1.45;1.93;1.48;1.97;0;5;0
Plus;Raak;wk 45 18;7433;1.46;1.95;1.48;1.97;0;1;0
Plus;Raak;wk 46 18;6322;1.46;1.95;1.51;2.01;0;0;0
Plus;Raak;wk 47 18;4071;1.47;1.97;1.47;1.97;0;0;0
Plus;Raak;wk 48 18;8507;1.41;1.88;1.45;1.93;0;0;0
Plus;Raak;wk 49 18;20446;1.4;1.87;1.43;1.91;0;4;0
Plus;Raak;wk 50 18;17959;1.42;1.9;1.41;1.88;0;0;0
Plus;Raak;wk 51 18;19151;1.43;1.9;1.4;1.87;0;0;0
Plus;Raak;wk 52 18;13803;1.43;1.9;1.43;1.9;0;0;0
Plus;Raak;wk 01 19;15559;1.46;1.95;1.43;1.9;0;0;0
Plus;Raak;wk 02 19;17354;1.47;1.96;1.43;1.91;0;0;0
Plus;Raak;wk 03 19;16768;1.47;1.96;1.46;1.94;0;0;0
Plus;Raak;wk 04 19;18801;1.45;1.94;1.46;1.95;0;0;0
Plus;Raak;wk 05 19;19256;1.46;1.95;1.46;1.95;0;0;0
Plus;Raak;wk 06 19;18410;1.46;1.94;1.47;1.96;0;0;0
Plus;Raak;wk 07 19;23261;1.34;1.78;1.46;1.94;0;0;0
Plus;Raak;wk 08 19;56404;1.06;1.41;1.46;1.95;33;7;98
Plus;Raak;wk 09 19;18846;1.44;1.91;1.46;1.95;0;4;0
Plus;Raak;wk 10 19;18526;1.45;1.93;1.46;1.95;0;0;0
Plus;Raak;wk 11 19;18747;1.46;1.95;1.47;1.96;0;0;0
Plus;Raak;wk 12 19;21621;1.42;1.9;1.46;1.95;0;4;0
Plus;Raak;wk 13 19;27863;1.33;1.77;1.47;1.95;0;13;0
Plus;Raak;wk 14 19;71300;1.12;1.5;1.47;1.95;70;0;86
Plus;Raak;wk 15 19;19477;1.35;1.8;1.48;1.98;0;29;0
Plus;Raak;wk 16 19;20350;1.42;1.89;1.46;1.95;0;5;0
Plus;Raak;wk 17 19;19727;1.44;1.91;1.44;1.92;0;0;0
Plus;Raak;wk 18 19;18960;1.43;1.91;1.43;1.9;0;0;0
Plus;Raak;wk 19 19;19843;1.43;1.9;1.43;1.9;0;0;0
Plus;Raak;wk 20 19;21498;1.43;1.9;1.43;1.91;0;0;0
Plus;Raak;wk 21 19;22353;1.43;1.9;1.45;1.94;0;5;0
Plus;Raak;wk 22 19;22183;1.48;1.98;1.44;1.92;0;0;0
Plus;Raak;wk 23 19;28498;1.36;1.81;1.42;1.89;0;2;0
Plus;Raak;wk 24 19;94126;0.92;1.22;1.49;1.98;46;5;92
Plus;Raak;wk 25 19;25195;1.5;2;1.47;1.96;0;5;0
Plus;Raak;wk 26 19;29322;1.62;2.16;1.5;2;0;0;0
Plus;Raak;wk 27 19;22459;1.64;2.18;1.54;2.05;0;0;0
Plus;Raak;wk 28 19;19902;1.6;2.13;1.62;2.16;0;0;0
Plus;Raak;wk 29 19;19919;1.59;2.12;1.63;2.18;0;0;0
Plus;Raak;wk 30 19;35721;1.51;2.01;1.64;2.19;0;2;0
Plus;Raak;wk 31 19;66421;1.24;1.66;1.65;2.2;69;0;90
Plus;Raak;wk 32 19;20525;1.47;1.96;1.61;2.15;0;36;0
Plus;Raak;wk 33 19;17436;1.56;2.08;1.58;2.11;0;0;0
Plus;Raak;wk 34 19;19809;1.53;2.04;1.58;2.11;0;0;0
Plus;Raak;wk 35 19;25728;1.52;2.02;1.56;2.08;0;0;0
Plus;Raak;wk 36 19;22609;1.46;1.95;1.56;2.09;0;6;0
Plus;Raak;wk 37 19;22282;1.46;1.94;1.56;2.08;0;10;0
Plus;Raak;wk 38 19;20199;1.48;1.97;1.53;2.04;0;3;0
Plus;Raak;wk 39 19;33149;1.16;1.55;1.47;1.96;0;0;0
Plus;Raak;wk 40 19;130110;0.78;1.04;1.5;1.99;68;0;100
Plus;Raak;wk 41 19;21578;1.14;1.52;1.52;2.02;0;27;0
Plus;Raak;wk 42 19;15695;1.46;1.95;1.51;2.01;0;6;0
Plus;Raak;wk 43 19;17542;1.49;1.99;1.5;2;0;3;0
Plus;Raak;wk 44 19;18470;1.51;2.02;1.46;1.94;0;3;0
Plus;Raak;wk 45 19;18369;1.52;2.02;1.49;1.99;0;0;0
Plus;Raak;wk 46 19;18656;1.51;2.01;1.5;2.01;0;0;0
Plus;Raak;wk 47 19;20330;1.52;2.02;1.52;2.02;0;0;0
Plus;Raak;wk 48 19;20867;1.51;2.02;1.52;2.02;0;0;0
Plus;Raak;wk 49 19;20497;1.52;2.02;1.52;2.03;0;0;0
Plus;Raak;wk 50 19;21325;1.52;2.03;1.52;2.02;0;0;0
Plus;Raak;wk 51 19;21239;1.51;2.02;1.51;2.01;0;0;0
Plus;Raak;wk 52 19;16172;1.52;2.02;1.51;2.02;0;0;0
Plus;Raak;wk 01 20;19336;1.52;2.02;1.51;2.02;0;0;0
Plus;Raak;wk 02 20;20922;1.52;2.02;1.52;2.03;0;0;0
Plus;Raak;wk 03 20;20834;1.51;2.02;1.51;2.01;0;0;0
Plus;Raak;wk 04 20;21404;1.51;2.02;1.51;2.02;0;0;0
Plus;Raak;wk 05 20;21492;1.52;2.02;1.52;2.02;0;0;0
Plus;Raak;wk 06 20;30888;1.38;1.84;1.5;2;0;0;0
Plus;Raak;wk 07 20;91082;1.17;1.56;1.51;2.02;82;0;97
Plus;Raak;wk 08 20;16635;1.47;1.96;1.51;2.01;0;12;0
Plus;Raak;wk 09 20;18676;1.52;2.03;1.51;2.02;0;0;0
Plus;Raak;wk 10 20;20389;1.52;2.03;1.51;2.02;0;0;0
Plus;Raak;wk 11 20;32506;1.52;2.03;1.52;2.03;0;0;0
Plus;Raak;wk 12 20;31499;1.52;2.03;1.52;2.03;0;0;0
Plus;Raak;wk 13 20;24553;1.52;2.03;1.53;2.04;0;0;0
Plus;Raak;wk 14 20;23598;1.52;2.02;1.53;2.04;0;0;0
Plus;Raak;wk 15 20;26848;1.52;2.03;1.52;2.03;0;0;0
Plus;Raak;wk 16 20;24474;1.53;2.04;1.53;2.04;0;0;0
Plus;Raak;wk 17 20;26423;1.53;2.03;1.52;2.03;0;0;0
Plus;Raak;wk 18 20;22154;1.52;2.03;1.53;2.03;0;0;0
Plus;Raak;wk 19 20;24114;1.53;2.03;1.53;2.04;0;0;0
Plus;Raak;wk 20 20;24531;1.52;2.03;1.52;2.03;0;0;0
Plus;Raak;wk 21 20;26865;1.53;2.03;1.53;2.03;0;0;0
Plus;Raak;wk 22 20;26600;1.52;2.03;1.53;2.04;0;0;0
Plus;Raak;wk 23 20;25126;1.53;2.04;1.52;2.03;0;0;0
Plus;Raak;wk 24 20;24395;1.53;2.04;1.52;2.03;0;0;0
Plus;Raak;wk 25 20;26400;1.53;2.04;1.53;2.04;0;0;0
Plus;Raak;wk 26 20;32447;1.53;2.04;1.53;2.04;0;0;0
Plus;Raak;wk 27 20;26734;1.53;2.04;1.53;2.04;0;0;0
Plus;Raak;wk 28 20;25803;1.52;2.02;1.53;2.04;44;0;61
Plus;Raak;wk 29 20;35147;1.31;1.74;1.51;2.02;0;12;0
Plus;Raak;wk 30 20;112005;1;1.33;1.53;2.04;71;6;94
Plus;Raak;wk 31 20;18650;1.56;2.07;1.53;2.05;0;5;0
Plus;Raak;wk 32 20;25309;1.59;2.12;1.53;2.04;0;7;0
Plus;Raak;wk 33 20;31990;1.59;2.12;1.59;2.12;0;7;0
Plus;Raak;wk 34 20;26690;1.6;2.13;1.59;2.11;0;7;0
Plus;Raak;wk 35 20;22689;1.58;2.11;1.6;2.13;0;2;0
Plus;Raak;wk 36 20;22567;1.57;2.09;1.59;2.12;0;0;0
Plus;Raak;wk 37 20;23382;1.58;2.11;1.6;2.13;0;0;0
Plus;Raak;wk 38 20;24878;1.58;2.11;1.59;2.13;0;0;0
Plus;Raak;wk 39 20;24726;1.57;2.1;1.58;2.11;0;0;0
Plus;Raak;wk 40 20;32888;1.46;1.95;1.57;2.09;0;0;0
Plus;Raak;wk 41 20;85020;1.27;1.7;1.58;2.11;66;2;100
Plus;Raak;wk 42 20;17065;1.54;2.05;1.56;2.09;0;2;0
Plus;Raak;wk 43 20;18975;1.54;2.05;1.58;2.11;0;0;0
Plus;Raak;wk 44 20;21017;1.54;2.05;1.56;2.08;0;0;0
Plus;Raak;wk 45 20;22233;1.58;2.11;1.54;2.06;0;5;0
Plus;Raak;wk 46 20;22125;1.59;2.13;1.55;2.06;0;0;0
Plus;Raak;wk 47 20;22625;1.59;2.13;1.59;2.12;0;3;0
Plus;Raak;wk 48 20;23008;1.61;2.15;1.59;2.12;0;2;0
Plus;Raak;wk 49 20;22290;1.64;2.18;1.6;2.13;0;0;0
Plus;Raak;wk 50 20;22038;1.64;2.18;1.62;2.16;0;0;0
Plus;Raak;wk 51 20;23616;1.64;2.19;1.64;2.19;0;0;0
Plus;Raak;wk 52 20;18585;1.65;2.2;1.64;2.19;0;0;0
Plus;Slimpie;wk 01 17;5564;1.82;3.27;1.79;3.19;0;0;0
Plus;Slimpie;wk 02 17;6244;1.84;3.31;1.81;3.3;0;0;0
Plus;Slimpie;wk 03 17;5947;1.84;3.3;1.83;3.27;0;0;0
Plus;Slimpie;wk 04 17;6291;1.81;3.22;1.84;3.32;0;0;0
Plus;Slimpie;wk 05 17;6262;1.81;3.26;1.85;3.37;0;0;0
Plus;Slimpie;wk 06 17;6132;1.8;3.25;1.84;3.32;0;0;0
Plus;Slimpie;wk 07 17;6197;1.8;3.23;1.83;3.27;0;0;0
Plus;Slimpie;wk 08 17;6296;1.79;3.22;1.82;3.29;0;0;0
Plus;Slimpie;wk 09 17;5997;1.8;3.24;1.81;3.25;0;0;0
Plus;Slimpie;wk 10 17;6428;1.79;3.22;1.79;3.19;0;0;0
Plus;Slimpie;wk 11 17;9469;1.7;3.03;1.78;3.19;0;0;0
Plus;Slimpie;wk 12 17;30432;1.52;2.69;1.79;3.22;87;0;95
Plus;Slimpie;wk 13 17;5935;1.8;3.3;1.78;3.2;0;3;0
Plus;Slimpie;wk 14 17;6342;1.81;3.28;1.8;3.25;0;0;0
Plus;Slimpie;wk 15 17;6451;1.8;3.24;1.79;3.23;0;0;0
Plus;Slimpie;wk 16 17;6677;1.81;3.3;1.8;3.27;0;0;0
Plus;Slimpie;wk 17 17;7035;1.81;3.31;1.8;3.25;0;0;0
Plus;Slimpie;wk 18 17;7124;1.81;3.28;1.81;3.29;0;0;0
Plus;Slimpie;wk 19 17;7442;1.82;3.31;1.8;3.24;0;0;0
Plus;Slimpie;wk 20 17;8181;1.82;3.3;1.82;3.3;0;0;0
Plus;Slimpie;wk 21 17;9141;1.83;3.36;1.83;3.29;0;0;0
Plus;Slimpie;wk 22 17;9871;1.83;3.36;1.81;3.28;0;0;0
Plus;Slimpie;wk 23 17;7366;1.83;3.37;1.85;3.38;0;0;0
Plus;Slimpie;wk 24 17;7225;1.82;3.32;1.82;3.32;0;0;0
Plus;Slimpie;wk 25 17;9463;1.8;3.3;1.81;3.28;0;2;0
Plus;Slimpie;wk 26 17;6997;1.82;3.32;1.83;3.36;0;0;0
Plus;Slimpie;wk 27 17;7606;1.83;3.35;1.82;3.29;0;0;0
Plus;Slimpie;wk 28 17;7129;1.82;3.32;1.81;3.25;0;0;0
Plus;Slimpie;wk 29 17;7822;1.82;3.34;1.81;3.27;0;0;0
Plus;Slimpie;wk 30 17;6648;1.82;3.32;1.82;3.32;0;0;0
Plus;Slimpie;wk 31 17;6364;1.82;3.35;1.83;3.39;0;0;0
Plus;Slimpie;wk 32 17;6079;1.81;3.29;1.82;3.3;0;0;0
Plus;Slimpie;wk 33 17;6276;1.83;3.32;1.81;3.26;0;0;0
Plus;Slimpie;wk 34 17;7432;1.82;3.28;1.8;3.25;0;1;0
Plus;Slimpie;wk 35 17;7743;1.82;3.29;1.83;3.26;0;2;0
Plus;Slimpie;wk 36 17;9620;1.71;3.07;1.84;3.3;0;3;0
Plus;Slimpie;wk 37 17;28991;1.52;2.69;1.81;3.24;64;0;51
Plus;Slimpie;wk 38 17;5467;1.79;3.26;1.83;3.26;0;6;0
Plus;Slimpie;wk 39 17;5555;1.83;3.32;1.83;3.33;0;3;0
Plus;Slimpie;wk 40 17;5525;1.82;3.29;1.82;3.32;0;0;0
Plus;Slimpie;wk 41 17;5888;1.8;3.21;1.81;3.27;0;0;0
Plus;Slimpie;wk 42 17;6345;1.8;3.23;1.81;3.29;0;0;0
Plus;Slimpie;wk 43 17;14182;1.33;2.34;1.81;3.23;0;0;0
Plus;Slimpie;wk 44 17;63403;1.01;1.75;1.81;3.22;64;0;98
Plus;Slimpie;wk 45 17;4974;1.7;3.02;1.83;3.28;0;4;0
Plus;Slimpie;wk 46 17;4760;1.81;3.24;1.8;3.19;0;0;0
Plus;Slimpie;wk 47 17;5566;1.81;3.22;1.81;3.24;0;0;0
Plus;Slimpie;wk 48 17;5802;1.81;3.22;1.81;3.22;0;0;0
Plus;Slimpie;wk 49 17;5813;1.8;3.2;1.82;3.24;0;0;0
Plus;Slimpie;wk 50 17;5961;1.81;3.22;1.81;3.18;0;0;0
Plus;Slimpie;wk 51 17;7280;1.8;3.19;1.82;3.23;0;0;0
Plus;Slimpie;wk 52 17;4985;1.81;3.24;1.83;3.3;0;0;0
Plus;Slimpie;wk 01 18;6104;1.8;3.22;1.81;3.21;0;0;0
Plus;Slimpie;wk 02 18;6812;1.8;3.22;1.81;3.2;0;0;0
Plus;Slimpie;wk 03 18;6595;1.8;3.21;1.8;3.18;0;0;0
Plus;Slimpie;wk 04 18;6659;1.8;3.21;1.8;3.17;0;0;0
Plus;Slimpie;wk 05 18;6390;1.8;3.21;1.8;3.21;0;0;0
Plus;Slimpie;wk 06 18;6285;1.8;3.21;1.81;3.23;0;0;0
Plus;Slimpie;wk 07 18;6437;1.79;3.18;1.79;3.16;0;0;0
Plus;Slimpie;wk 08 18;6861;1.8;3.22;1.8;3.17;0;0;0
Plus;Slimpie;wk 09 18;6484;1.79;3.19;1.81;3.23;0;0;0
Plus;Slimpie;wk 10 18;6653;1.79;3.19;1.79;3.16;0;0;0
Plus;Slimpie;wk 11 18;6669;1.77;3.14;1.79;3.2;0;0;0
Plus;Slimpie;wk 12 18;6792;1.78;3.18;1.79;3.21;0;0;0
Plus;Slimpie;wk 13 18;7502;1.74;3.11;1.78;3.19;0;0;0
Plus;Slimpie;wk 14 18;32618;1.52;2.64;1.79;3.16;51;0;98
Plus;Slimpie;wk 15 18;6371;1.69;3.03;1.8;3.26;0;4;0
Plus;Slimpie;wk 16 18;7169;1.7;3.08;1.77;3.15;0;0;0
Plus;Slimpie;wk 17 18;6898;1.7;3.06;1.78;3.21;0;0;0
Plus;Slimpie;wk 18 18;6677;1.68;3.09;1.71;3.04;0;0;0
Plus;Slimpie;wk 19 18;8206;1.67;3.02;1.69;3.01;0;0;0
Plus;Slimpie;wk 20 18;7433;1.74;3.16;1.68;2.94;0;2;0
Plus;Slimpie;wk 21 18;8614;1.76;3.11;1.67;2.96;0;0;0
Plus;Slimpie;wk 22 18;9185;1.75;3.11;1.74;3.07;0;0;0
Plus;Slimpie;wk 23 18;7796;1.76;3.11;1.76;3.08;0;0;0
Plus;Slimpie;wk 24 18;7142;1.77;3.16;1.76;3.09;0;4;0
Plus;Slimpie;wk 25 18;6969;1.79;3.13;1.77;3.11;0;0;0
Plus;Slimpie;wk 26 18;7636;1.79;3.12;1.79;3.11;0;0;0
Plus;Slimpie;wk 27 18;9232;1.77;3.08;1.8;3.12;0;0;0
Plus;Slimpie;wk 28 18;11825;1.68;2.91;1.8;3.12;0;0;0
Plus;Slimpie;wk 29 18;37072;1.52;2.63;2.11;3.66;74;0;94
Plus;Slimpie;wk 30 18;10590;1.81;3.13;1.8;3.13;0;7;0
Plus;Slimpie;wk 31 18;9499;1.84;3.18;1.78;3.09;0;2;0
Plus;Slimpie;wk 32 18;8582;1.83;3.18;1.82;3.15;0;0;0
Plus;Slimpie;wk 33 18;7357;1.82;3.14;1.84;3.18;0;0;0
Plus;Slimpie;wk 34 18;7683;1.81;3.13;1.85;3.21;0;0;0
Plus;Slimpie;wk 35 18;6629;1.79;3.1;1.84;3.19;0;0;0
Plus;Slimpie;wk 36 18;6939;1.79;3.08;1.83;3.17;0;0;0
Plus;Slimpie;wk 37 18;6753;1.81;3.13;1.82;3.14;0;0;0
Plus;Slimpie;wk 38 18;7544;1.78;3.08;1.8;3.11;0;0;0
Plus;Slimpie;wk 39 18;6808;1.75;3.02;1.79;3.1;0;0;0
Plus;Slimpie;wk 40 18;6585;1.74;2.99;1.8;3.1;0;0;0
Plus;Slimpie;wk 41 18;7115;1.71;2.95;1.8;3.1;0;0;0
Plus;Slimpie;wk 42 18;7346;1.69;2.92;1.79;3.09;0;0;0
Plus;Slimpie;wk 43 18;11088;1.52;2.62;1.73;2.98;0;0;0
Plus;Slimpie;wk 44 18;35789;1.3;2.23;1.74;3.01;43;0;96
Plus;Slimpie;wk 45 18;6706;1.63;2.81;1.71;2.95;0;18;0
Plus;Slimpie;wk 46 18;6449;1.68;2.91;1.68;2.89;0;3;0
Plus;Slimpie;wk 47 18;6790;1.71;2.95;1.7;2.94;0;5;0
Plus;Slimpie;wk 48 18;7335;1.71;2.95;1.71;2.95;0;3;0
Plus;Slimpie;wk 49 18;6676;1.71;2.94;1.71;2.94;0;3;0
Plus;Slimpie;wk 50 18;6812;1.71;2.95;1.71;2.95;0;4;0
Plus;Slimpie;wk 51 18;7409;1.71;2.95;1.71;2.95;0;0;0
Plus;Slimpie;wk 52 18;5464;1.71;2.94;1.71;2.94;0;0;0
Plus;Slimpie;wk 01 19;6664;1.75;3.01;1.71;2.95;0;0;0
Plus;Slimpie;wk 02 19;7528;1.75;3.02;1.71;2.94;0;0;0
Plus;Slimpie;wk 03 19;7236;1.75;3.02;1.74;3;0;3;0
Plus;Slimpie;wk 04 19;7669;1.76;3.03;1.76;3.03;0;0;0
Plus;Slimpie;wk 05 19;7868;1.76;3.03;1.75;3.02;0;0;0
Plus;Slimpie;wk 06 19;7917;1.75;3.03;1.75;3.03;0;0;0
Plus;Slimpie;wk 07 19;7553;1.75;3.02;1.75;3.02;0;0;0
Plus;Slimpie;wk 08 19;7899;1.76;3.03;1.76;3.03;0;0;0
Plus;Slimpie;wk 09 19;8123;1.76;3.04;1.76;3.04;0;0;0
Plus;Slimpie;wk 10 19;7815;1.76;3.04;1.76;3.03;0;0;0
Plus;Slimpie;wk 11 19;12404;1.66;2.86;1.75;3.02;0;0;0
Plus;Slimpie;wk 12 19;39543;1.51;2.61;1.76;3.03;53;0;100
Plus;Slimpie;wk 13 19;6784;1.74;2.99;1.76;3.03;0;11;0
Plus;Slimpie;wk 14 19;6714;1.76;3.03;1.76;3.03;0;0;0
Plus;Slimpie;wk 15 19;7181;1.76;3.03;1.76;3.03;0;0;0
Plus;Slimpie;wk 16 19;7950;1.76;3.03;1.77;3.05;0;0;0
Plus;Slimpie;wk 17 19;8054;1.76;3.03;1.76;3.04;0;0;0
Plus;Slimpie;wk 18 19;7799;1.76;3.03;1.75;3.02;0;0;0
Plus;Slimpie;wk 19 19;7600;1.75;3.02;1.76;3.03;0;0;0
Plus;Slimpie;wk 20 19;8140;1.75;3.02;1.77;3.05;0;0;0
Plus;Slimpie;wk 21 19;8544;1.75;3.03;1.76;3.03;0;0;0
Plus;Slimpie;wk 22 19;8903;1.76;3.03;1.77;3.05;0;0;0
Plus;Slimpie;wk 23 19;9318;1.76;3.03;1.75;3.03;0;0;0
Plus;Slimpie;wk 24 19;7607;1.76;3.03;1.76;3.03;0;0;0
Plus;Slimpie;wk 25 19;10409;1.76;3.03;1.76;3.03;0;0;0
Plus;Slimpie;wk 26 19;12557;1.76;3.04;1.76;3.04;0;0;0
Plus;Slimpie;wk 27 19;9492;1.76;3.04;1.77;3.05;0;0;0
Plus;Slimpie;wk 28 19;8083;1.76;3.04;1.76;3.03;0;0;0
Plus;Slimpie;wk 29 19;8188;1.78;3.08;1.77;3.04;0;0;0
Plus;Slimpie;wk 30 19;12774;1.79;3.09;1.78;3.06;0;2;0
Plus;Slimpie;wk 31 19;8712;1.78;3.08;1.78;3.07;0;0;0
Plus;Slimpie;wk 32 19;8247;1.78;3.07;1.79;3.08;0;0;0
Plus;Slimpie;wk 33 19;7923;1.8;3.1;1.77;3.06;0;0;0
Plus;Slimpie;wk 34 19;8591;1.8;3.11;1.79;3.08;0;0;0
Plus;Slimpie;wk 35 19;10443;1.8;3.11;1.81;3.11;0;0;0
Plus;Slimpie;wk 36 19;11987;1.69;2.92;1.79;3.08;0;0;0
Plus;Slimpie;wk 37 19;33344;1.52;2.61;1.8;3.1;67;0;95
Plus;Slimpie;wk 38 19;6004;1.76;3.03;1.81;3.12;0;7;0
Plus;Slimpie;wk 39 19;6316;1.82;3.13;1.8;3.1;0;0;0
Plus;Slimpie;wk 40 19;5997;1.83;3.15;1.78;3.06;0;0;0
Plus;Slimpie;wk 41 19;6109;1.83;3.15;1.81;3.13;0;0;0
Plus;Slimpie;wk 42 19;6762;1.82;3.14;1.83;3.15;0;0;0
Plus;Slimpie;wk 43 19;7274;1.81;3.12;1.82;3.14;0;0;0
Plus;Slimpie;wk 44 19;7376;1.79;3.08;1.83;3.15;0;0;0
Plus;Slimpie;wk 45 19;7192;1.78;3.07;1.83;3.15;0;0;0
Plus;Slimpie;wk 46 19;7059;1.77;3.06;1.82;3.14;0;0;0
Plus;Slimpie;wk 47 19;12121;1.55;2.67;1.8;3.1;0;0;0
Plus;Slimpie;wk 48 19;40122;1.27;2.2;1.79;3.09;60;0;95
Plus;Slimpie;wk 49 19;6033;1.74;3;1.78;3.07;0;5;0
Plus;Slimpie;wk 50 19;6169;1.77;3.05;1.77;3.06;0;0;0
Plus;Slimpie;wk 51 19;7221;1.75;3.01;1.77;3.06;0;0;0
Plus;Slimpie;wk 52 19;5613;1.74;3.01;1.77;3.05;0;0;0
Plus;Slimpie;wk 01 20;6972;1.74;3.01;1.77;3.06;0;0;0
Plus;Slimpie;wk 02 20;7897;1.74;3.01;1.77;3.05;0;0;0
Plus;Slimpie;wk 03 20;7571;1.74;3;1.75;3.02;0;0;0
Plus;Slimpie;wk 04 20;7901;1.74;3.01;1.74;3;0;0;0
Plus;Slimpie;wk 05 20;7992;1.75;3.01;1.75;3.01;0;0;0
Plus;Slimpie;wk 06 20;8133;1.74;3.01;1.75;3.01;0;0;0
Plus;Slimpie;wk 07 20;7664;1.74;3.01;1.75;3.02;0;0;0
Plus;Slimpie;wk 08 20;7682;1.74;3.01;1.74;3;0;0;0
Plus;Slimpie;wk 09 20;8466;1.73;2.99;1.74;3;0;0;0
Plus;Slimpie;wk 10 20;8507;1.73;2.98;1.75;3.01;0;0;0
Plus;Slimpie;wk 11 20;12263;1.73;2.98;1.74;3;0;0;0
Plus;Slimpie;wk 12 20;11817;1.73;2.99;1.74;3;0;0;0
Plus;Slimpie;wk 13 20;9062;1.74;3;1.74;2.99;0;0;0
Plus;Slimpie;wk 14 20;8887;1.74;2.99;1.73;2.99;0;0;0
Plus;Slimpie;wk 15 20;10246;1.74;3;1.74;3;0;0;0
Plus;Slimpie;wk 16 20;9789;1.73;2.99;1.74;2.99;0;0;0
Plus;Slimpie;wk 17 20;16968;1.54;2.66;1.74;3;0;0;0
Plus;Slimpie;wk 18 20;46672;1.27;2.19;1.74;2.99;100;0;0
Plus;Slimpie;wk 19 20;8381;1.67;2.89;1.75;3.02;0;0;0
Plus;Slimpie;wk 20 20;8457;1.73;2.98;1.73;2.98;0;0;0
Plus;Slimpie;wk 21 20;9885;1.72;2.96;1.74;2.99;0;0;0
Plus;Slimpie;wk 22 20;11157;1.71;2.95;1.73;2.98;0;0;0
Plus;Slimpie;wk 23 20;10837;1.7;2.94;1.72;2.96;0;0;0
Plus;Slimpie;wk 24 20;16269;1.5;2.58;1.69;2.92;0;0;0
Plus;Slimpie;wk 25 20;53653;1.27;2.19;1.7;2.93;74;0;92
Plus;Slimpie;wk 26 20;11477;1.66;2.86;1.68;2.89;0;2;0
Plus;Slimpie;wk 27 20;9357;1.69;2.91;1.69;2.91;0;0;0
Plus;Slimpie;wk 28 20;8562;1.69;2.91;1.68;2.9;0;0;0
Plus;Slimpie;wk 29 20;8726;1.69;2.91;1.69;2.91;0;0;0
Plus;Slimpie;wk 30 20;8994;1.69;2.91;1.69;2.92;0;0;0
Plus;Slimpie;wk 31 20;9415;1.68;2.9;1.69;2.91;0;0;0
Plus;Slimpie;wk 32 20;12183;1.69;2.91;1.69;2.91;0;3;0
Plus;Slimpie;wk 33 20;14230;1.66;2.86;1.69;2.91;0;0;0
Plus;Slimpie;wk 34 20;11760;1.66;2.85;1.69;2.91;0;5;0
Plus;Slimpie;wk 35 20;9880;1.72;2.97;1.68;2.89;0;0;0
Plus;Slimpie;wk 36 20;9195;1.74;2.99;1.67;2.88;0;0;0
Plus;Slimpie;wk 37 20;9318;1.74;2.99;1.73;2.98;0;0;0
Plus;Slimpie;wk 38 20;13922;1.57;2.7;1.72;2.97;0;0;0
Plus;Slimpie;wk 39 20;37807;1.27;2.2;1.73;2.99;62;0;96
Plus;Slimpie;wk 40 20;7847;1.62;2.79;1.74;3;0;7;0
Plus;Slimpie;wk 41 20;7426;1.64;2.83;1.73;2.99;0;0;0
Plus;Slimpie;wk 42 20;7997;1.65;2.84;1.68;2.9;0;0;0
Plus;Slimpie;wk 43 20;8220;1.61;2.77;1.65;2.85;0;0;0
Plus;Slimpie;wk 44 20;8871;1.6;2.76;1.64;2.83;0;0;0
Plus;Slimpie;wk 45 20;8985;1.6;2.76;1.64;2.84;0;0;0
Plus;Slimpie;wk 46 20;8897;1.6;2.76;1.64;2.83;0;0;0
Plus;Slimpie;wk 47 20;8883;1.6;2.76;1.61;2.77;0;0;0
Plus;Slimpie;wk 48 20;9293;1.59;2.74;1.6;2.76;0;0;0
Plus;Slimpie;wk 49 20;8470;1.59;2.74;1.6;2.76;0;0;0
Plus;Slimpie;wk 50 20;8689;1.59;2.74;1.6;2.76;0;0;0
Plus;Slimpie;wk 51 20;9547;1.59;2.74;1.6;2.76;0;0;0
Plus;Slimpie;wk 52 20;7192;1.59;2.74;1.59;2.74;0;0;0
Plus;Teisseire;wk 01 17;1970;2.69;4.04;2.69;3.98;0;0;0
Plus;Teisseire;wk 02 17;2095;2.69;3.98;2.69;4.03;0;0;0
Plus;Teisseire;wk 03 17;2110;2.68;3.97;2.71;3.9;0;0;0
Plus;Teisseire;wk 04 17;2057;2.69;4.02;2.71;4.17;0;0;0
Plus;Teisseire;wk 05 17;2157;2.68;3.99;2.71;4.02;0;0;0
Plus;Teisseire;wk 06 17;2063;2.67;4.1;2.69;3.84;0;0;0
Plus;Teisseire;wk 07 17;2174;2.7;4.18;2.68;3.96;0;0;0
Plus;Teisseire;wk 08 17;2238;2.71;4.18;2.69;3.85;0;0;0
Plus;Teisseire;wk 09 17;2163;2.72;4.1;2.71;3.95;0;0;0
Plus;Teisseire;wk 10 17;2275;2.72;4.07;2.73;3.98;0;0;0
Plus;Teisseire;wk 11 17;2195;2.66;4.11;2.59;4.04;0;0;0
Plus;Teisseire;wk 12 17;2228;2.69;4.12;2.71;3.93;0;0;0
Plus;Teisseire;wk 13 17;2484;2.69;4.13;2.72;4.13;0;0;0
Plus;Teisseire;wk 14 17;2467;2.71;4.17;2.69;4.18;0;0;0
Plus;Teisseire;wk 15 17;1930;2.69;4.36;2.71;4.21;0;0;0
Plus;Teisseire;wk 16 17;2674;2.69;4.24;2.73;4.14;0;0;0
Plus;Teisseire;wk 17 17;2884;2.67;4.14;2.71;4.23;0;0;0
Plus;Teisseire;wk 18 17;2977;2.65;4.25;2.6;4.39;0;4;0
Plus;Teisseire;wk 19 17;2988;2.68;4.18;2.67;4.3;0;0;0
Plus;Teisseire;wk 20 17;3213;2.71;4.14;2.72;4.11;0;0;0
Plus;Teisseire;wk 21 17;4510;2.7;4.23;2.71;4.16;0;0;0
Plus;Teisseire;wk 22 17;3986;2.7;4.3;2.7;4.27;0;0;0
Plus;Teisseire;wk 23 17;3409;2.71;4.27;2.71;4.29;0;0;0
Plus;Teisseire;wk 24 17;3769;2.71;4.23;2.71;4.27;0;0;0
Plus;Teisseire;wk 25 17;4547;2.71;4.2;2.71;4.28;0;0;0
Plus;Teisseire;wk 26 17;3120;2.7;4.26;2.7;4.24;0;0;0
Plus;Teisseire;wk 27 17;3832;2.7;4.26;2.7;4.2;0;0;0
Plus;Teisseire;wk 28 17;3243;2.67;4.27;2.66;4.34;0;0;0
Plus;Teisseire;wk 29 17;3840;2.59;4.2;2.5;3.79;0;0;0
Plus;Teisseire;wk 30 17;3002;2.56;4.08;2.5;3.96;0;0;0
Plus;Teisseire;wk 31 17;2825;2.66;4.27;2.58;4.08;0;0;0
Plus;Teisseire;wk 32 17;2866;2.62;4.09;2.44;3.8;0;0;0
Plus;Teisseire;wk 33 17;2796;2.68;4.18;2.58;3.93;0;0;0
Plus;Teisseire;wk 34 17;3314;2.7;4.18;2.65;4.28;0;0;0
Plus;Teisseire;wk 35 17;3029;2.69;4.13;2.69;4.14;0;0;0
Plus;Teisseire;wk 36 17;2633;2.66;4.16;2.67;4.13;0;0;0
Plus;Teisseire;wk 37 17;2552;2.72;4.14;2.73;4.13;0;0;0
Plus;Teisseire;wk 38 17;2454;2.73;4.23;2.76;4.21;0;0;0
Plus;Teisseire;wk 39 17;2714;2.73;4.28;2.78;4.33;0;0;0
Plus;Teisseire;wk 40 17;2396;2.72;4.2;2.81;4.29;0;0;0
Plus;Teisseire;wk 41 17;2348;2.71;4.24;2.75;4.2;0;0;0
Plus;Teisseire;wk 42 17;2534;2.72;4.23;2.74;4.35;0;0;0
Plus;Teisseire;wk 43 17;2492;2.72;4.24;2.73;4.24;0;0;0
Plus;Teisseire;wk 44 17;2411;2.72;4.22;2.74;4.3;0;0;0
Plus;Teisseire;wk 45 17;3349;2.41;3.56;2.66;4.05;0;0;0
Plus;Teisseire;wk 46 17;12665;2;2.78;2.69;4.23;97;10;70
Plus;Teisseire;wk 47 17;2631;2.42;3.77;2.75;4.35;0;9;0
Plus;Teisseire;wk 48 17;2143;2.59;3.99;2.72;4.14;0;4;0
Plus;Teisseire;wk 49 17;2101;2.68;4.1;2.7;4.19;0;0;0
Plus;Teisseire;wk 50 17;2059;2.68;4.21;2.69;3.99;0;0;0
Plus;Teisseire;wk 51 17;2662;2.72;4.15;2.7;4.23;0;0;0
Plus;Teisseire;wk 52 17;1785;2.72;4.19;2.71;4.15;0;0;0
Plus;Teisseire;wk 01 18;2085;2.73;4.21;2.69;4.12;0;0;0
Plus;Teisseire;wk 02 18;2408;2.72;4.29;2.7;4.27;0;0;0
Plus;Teisseire;wk 03 18;2478;2.75;4.28;2.73;4.1;0;0;0
Plus;Teisseire;wk 04 18;2641;2.78;4.25;2.72;4.2;0;0;0
Plus;Teisseire;wk 05 18;2991;2.78;4.25;2.75;4.22;0;0;0
Plus;Teisseire;wk 06 18;2873;2.78;4.26;2.76;4.28;0;0;0
Plus;Teisseire;wk 07 18;2940;2.78;4.22;2.76;4.19;0;0;0
Plus;Teisseire;wk 08 18;3074;2.78;4.31;2.77;4.11;0;0;0
Plus;Teisseire;wk 09 18;2947;2.78;4.21;2.77;4.23;0;0;0
Plus;Teisseire;wk 10 18;3261;2.78;4.28;2.77;4.3;0;0;0
Plus;Teisseire;wk 11 18;3004;2.78;4.18;2.78;4.18;0;0;0
Plus;Teisseire;wk 12 18;2957;2.77;4.19;2.78;4.18;0;0;0
Plus;Teisseire;wk 13 18;3004;2.74;4.2;2.78;4.25;0;7;0
Plus;Teisseire;wk 14 18;3047;2.74;4.21;2.77;4.15;0;0;0
Plus;Teisseire;wk 15 18;3330;2.71;4.18;2.77;4.18;0;0;0
Plus;Teisseire;wk 16 18;4356;2.7;4.19;2.78;4.14;0;0;0
Plus;Teisseire;wk 17 18;3558;2.7;4.27;2.77;4.05;0;0;0
Plus;Teisseire;wk 18 18;3723;2.68;4.2;2.72;4.16;0;0;0
Plus;Teisseire;wk 19 18;4321;2.69;4.19;2.79;4.1;0;0;0
Plus;Teisseire;wk 20 18;4127;2.68;4.25;2.85;4.27;0;0;0
Plus;Teisseire;wk 21 18;5137;2.67;4.16;2.68;4.09;0;0;0
Plus;Teisseire;wk 22 18;5420;2.67;4.17;2.67;4.08;0;0;0
Plus;Teisseire;wk 23 18;4580;2.68;4.23;2.7;4.13;0;0;0
Plus;Teisseire;wk 24 18;3808;2.71;4.25;2.71;4.17;0;0;0
Plus;Teisseire;wk 25 18;3387;2.71;4.27;2.69;4.3;0;0;0
Plus;Teisseire;wk 26 18;6048;2.42;3.74;2.69;4.29;0;0;0
Plus;Teisseire;wk 27 18;21047;2;2.89;2.71;4.21;95;0;42
Plus;Teisseire;wk 28 18;4184;2.56;4.31;2.66;4.28;0;2;0
Plus;Teisseire;wk 29 18;4911;2.68;4.39;2.68;4.22;0;0;0
Plus;Teisseire;wk 30 18;6089;2.69;4.31;2.68;4.3;0;0;0
Plus;Teisseire;wk 31 18;5696;2.7;4.24;2.68;4.39;0;0;0
Plus;Teisseire;wk 32 18;6567;2.43;3.66;2.65;4.2;0;0;0
Plus;Teisseire;wk 33 18;18589;2.01;2.83;2.71;4.2;80;0;95
Plus;Teisseire;wk 34 18;3597;2.57;3.98;2.66;4.14;0;5;0
Plus;Teisseire;wk 35 18;2868;2.71;4.38;2.72;4.31;0;5;0
Plus;Teisseire;wk 36 18;2856;2.69;4.25;2.71;4.24;0;0;0
Plus;Teisseire;wk 37 18;2893;2.7;4.2;2.73;4.23;0;0;0
Plus;Teisseire;wk 38 18;3044;2.7;4.25;2.74;4.31;0;0;0
Plus;Teisseire;wk 39 18;6020;1.99;2.89;2.81;4.43;0;0;0
Plus;Teisseire;wk 40 18;26695;1.44;2.02;2.73;4.38;85;0;96
Plus;Teisseire;wk 41 18;3040;2.29;3.6;2.62;4.23;0;13;0
Plus;Teisseire;wk 42 18;2669;2.61;4.19;2.74;4.37;0;2;0
Plus;Teisseire;wk 43 18;2643;2.62;4.11;2.76;4.35;0;2;0
Plus;Teisseire;wk 44 18;2498;2.65;4.17;2.72;4.22;0;3;0
Plus;Teisseire;wk 45 18;2904;2.67;4.15;2.66;4.23;0;5;0
Plus;Teisseire;wk 46 18;2856;2.66;4.05;2.73;4.21;0;0;0
Plus;Teisseire;wk 47 18;2913;2.67;4.11;2.68;4.15;0;0;0
Plus;Teisseire;wk 48 18;2868;2.68;4.06;2.68;4.06;0;0;0
Plus;Teisseire;wk 49 18;2642;2.67;4.1;2.68;4.09;0;0;0
Plus;Teisseire;wk 50 18;2601;2.67;4.1;2.63;4.21;0;0;0
Plus;Teisseire;wk 51 18;2957;2.69;4.08;2.67;3.99;0;0;0
Plus;Teisseire;wk 52 18;2268;2.69;4.16;2.65;4.19;0;0;0
Plus;Teisseire;wk 01 19;2725;2.72;4.21;2.66;4.23;0;0;0
Plus;Teisseire;wk 02 19;2939;2.71;4.21;2.64;4.05;0;0;0
Plus;Teisseire;wk 03 19;3245;2.59;4.09;2.72;4.15;0;0;0
Plus;Teisseire;wk 04 19;6040;2.05;3.3;2.74;4.1;53;0;43
Plus;Teisseire;wk 05 19;3130;2.72;4.25;2.73;4.37;0;0;0
Plus;Teisseire;wk 06 19;2802;2.72;4.28;2.73;4.13;0;0;0
Plus;Teisseire;wk 07 19;2920;2.74;4.31;2.72;4.33;0;0;0
Plus;Teisseire;wk 08 19;3147;2.75;4.33;2.74;4.29;0;0;0
Plus;Teisseire;wk 09 19;3422;2.75;4.33;2.74;4.26;0;0;0
Plus;Teisseire;wk 10 19;3282;2.75;4.27;2.77;4.28;0;0;0
Plus;Teisseire;wk 11 19;3196;2.77;4.25;2.74;4.21;0;0;0
Plus;Teisseire;wk 12 19;3243;2.76;4.21;2.76;4.26;0;0;0
Plus;Teisseire;wk 13 19;3316;2.77;4.21;2.77;4.2;0;0;0
Plus;Teisseire;wk 14 19;3558;2.75;4.22;2.79;4.22;0;0;0
Plus;Teisseire;wk 15 19;3542;2.74;4.27;2.75;4.23;0;0;0
Plus;Teisseire;wk 16 19;4165;2.73;4.22;2.77;4.2;0;0;0
Plus;Teisseire;wk 17 19;3639;2.72;4.32;2.74;4.33;0;0;0
Plus;Teisseire;wk 18 19;3175;2.72;4.32;2.74;4.32;0;0;0
Plus;Teisseire;wk 19 19;8376;1.92;2.71;2.65;4.03;0;0;0
Plus;Teisseire;wk 20 19;44924;1.47;1.99;2.23;3.24;100;5;88
Plus;Teisseire;wk 21 19;4737;2.33;3.61;2.28;3.34;0;10;0
Plus;Teisseire;wk 22 19;4383;2.66;4.3;2.3;3.76;0;0;0
Plus;Teisseire;wk 23 19;4291;2.79;4.33;2.6;3.76;0;2;0
Plus;Teisseire;wk 24 19;3784;2.85;4.4;2.64;4.1;0;0;0
Plus;Teisseire;wk 25 19;5267;2.86;4.34;2.81;4.15;0;0;0
Plus;Teisseire;wk 26 19;6454;2.87;4.37;2.86;4.35;0;0;0
Plus;Teisseire;wk 27 19;4485;2.81;4.44;2.79;4.27;0;0;0
Plus;Teisseire;wk 28 19;5679;2.48;3.72;2.83;4.32;0;0;0
Plus;Teisseire;wk 29 19;20379;2;2.78;2.83;4.39;90;0;100
Plus;Teisseire;wk 30 19;8546;2.44;3.64;2.71;4.14;0;10;0
Plus;Teisseire;wk 31 19;4108;2.74;4.32;2.79;4.28;0;2;0
Plus;Teisseire;wk 32 19;3853;2.79;4.38;2.76;4.22;0;0;0
Plus;Teisseire;wk 33 19;8359;2;2.86;2.77;4.34;0;0;0
Plus;Teisseire;wk 34 19;38958;1.56;2.13;2.73;4.17;81;0;53
Plus;Teisseire;wk 35 19;5916;2.42;3.6;2.68;4.16;0;7;0
Plus;Teisseire;wk 36 19;3219;2.79;4.28;2.71;4.14;0;0;0
Plus;Teisseire;wk 37 19;3033;2.87;4.37;2.76;4.32;0;0;0
Plus;Teisseire;wk 38 19;4937;2.44;3.54;2.87;4.27;0;0;0
Plus;Teisseire;wk 39 19;19930;2;2.73;2.81;4.28;72;13;53
Plus;Teisseire;wk 40 19;3469;2.48;3.73;2.85;4.45;0;10;0
Plus;Teisseire;wk 41 19;2947;2.78;4.17;2.79;4.32;0;6;0
Plus;Teisseire;wk 42 19;2956;2.82;4.27;2.78;4.26;0;3;0
Plus;Teisseire;wk 43 19;3093;2.88;4.24;2.79;4.14;0;0;0
Plus;Teisseire;wk 44 19;3439;2.86;4.21;2.84;4.28;0;0;0
Plus;Teisseire;wk 45 19;3062;2.86;4.27;2.85;4.26;0;0;0
Plus;Teisseire;wk 46 19;3089;2.86;4.24;2.85;4.19;0;0;0
Plus;Teisseire;wk 47 19;3247;2.88;4.22;2.88;4.2;0;0;0
Plus;Teisseire;wk 48 19;3305;2.89;4.24;2.88;4.22;0;0;0
Plus;Teisseire;wk 49 19;3153;2.89;4.22;2.86;4.22;0;0;0
Plus;Teisseire;wk 50 19;2984;2.89;4.23;2.9;4.21;0;0;0
Plus;Teisseire;wk 51 19;3125;2.89;4.23;2.88;4.21;0;0;0
Plus;Teisseire;wk 52 19;2604;2.89;4.26;2.9;4.2;0;0;0
Plus;Teisseire;wk 01 20;3115;2.88;4.25;2.93;4.24;0;0;0
Plus;Teisseire;wk 02 20;11096;1.89;2.62;2.8;4.19;0;0;0
Plus;Teisseire;wk 03 20;54656;1.51;2.07;2.83;4.27;80;1;48
Plus;Teisseire;wk 04 20;4003;2.42;3.63;2.8;4.18;0;3;0
Plus;Teisseire;wk 05 20;3058;2.88;4.38;2.82;4.2;0;0;0
Plus;Teisseire;wk 06 20;2937;2.87;4.46;2.91;4.32;0;0;0
Plus;Teisseire;wk 07 20;2986;2.88;4.45;2.9;4.53;0;0;0
Plus;Teisseire;wk 08 20;3241;2.86;4.44;2.88;4.46;0;0;0
Plus;Teisseire;wk 09 20;3490;2.92;4.3;2.93;4.38;0;0;0
Plus;Teisseire;wk 10 20;3590;2.92;4.33;2.96;4.4;0;0;0
Plus;Teisseire;wk 11 20;5764;2.94;4.27;2.96;4.29;0;0;0
Plus;Teisseire;wk 12 20;7390;2.55;3.58;2.92;4.28;0;0;0
Plus;Teisseire;wk 13 20;21780;2;2.7;2.93;4.26;100;0;0
Plus;Teisseire;wk 14 20;3813;2.7;3.74;2.98;4.22;0;0;0
Plus;Teisseire;wk 15 20;4275;2.88;4.07;2.92;4.18;0;0;0
Plus;Teisseire;wk 16 20;4090;2.92;4.15;3;4.19;0;0;0
Plus;Teisseire;wk 17 20;4607;2.93;4.18;2.94;4.17;0;0;0
Plus;Teisseire;wk 18 20;3954;2.92;4.23;2.9;4.22;0;0;0
Plus;Teisseire;wk 19 20;4467;2.93;4.19;2.94;4.12;0;0;0
Plus;Teisseire;wk 20 20;4217;2.94;4.2;2.93;4.21;0;0;0
Plus;Teisseire;wk 21 20;4822;2.93;4.19;2.93;4.21;0;0;0
Plus;Teisseire;wk 22 20;5323;2.89;4.17;2.92;4.16;0;0;0
Plus;Teisseire;wk 23 20;5391;2.88;4.16;2.9;4.19;0;0;0
Plus;Teisseire;wk 24 20;5258;2.82;4.16;2.93;4.28;0;0;0
Plus;Teisseire;wk 25 20;9614;2.46;3.58;2.93;4.3;0;0;0
Plus;Teisseire;wk 26 20;38754;2;2.8;2.91;4.27;100;0;77
Plus;Teisseire;wk 27 20;3926;2.83;4.5;2.77;4.25;0;0;0
Plus;Teisseire;wk 28 20;4282;2.78;4.25;2.73;3.91;0;0;0
Plus;Teisseire;wk 29 20;4726;2.86;4.46;2.62;4.08;0;0;0
Plus;Teisseire;wk 30 20;4765;2.85;4.55;2.84;4.33;0;0;0
Plus;Teisseire;wk 31 20;7872;2.44;3.73;2.77;4.34;0;0;0
Plus;Teisseire;wk 32 20;28806;2.01;2.88;2.91;4.71;92;0;98
Plus;Teisseire;wk 33 20;8245;2.82;4.33;2.85;4.49;0;3;0
Plus;Teisseire;wk 34 20;6069;2.89;4.48;2.89;4.57;0;6;0
Plus;Teisseire;wk 35 20;4564;2.91;4.49;2.91;4.57;0;0;0
Plus;Teisseire;wk 36 20;4132;2.91;4.54;2.9;4.55;0;2;0
Plus;Teisseire;wk 37 20;12633;1.97;2.82;2.9;4.48;0;0;0
Plus;Teisseire;wk 38 20;49978;1.55;2.18;2.87;4.54;78;0;54
Plus;Teisseire;wk 39 20;3798;2.71;4.27;2.9;4.56;0;0;0
Plus;Teisseire;wk 40 20;3572;2.82;4.36;3;4.63;0;2;0
Plus;Teisseire;wk 41 20;3469;2.85;4.39;2.92;4.64;0;2;0
Plus;Teisseire;wk 42 20;3562;2.83;4.39;2.87;4.41;0;3;0
Plus;Teisseire;wk 43 20;3846;2.85;4.33;2.87;4.36;0;0;0
Plus;Teisseire;wk 44 20;4009;2.88;4.33;2.89;4.35;0;0;0
Plus;Teisseire;wk 45 20;3903;2.9;4.3;2.9;4.27;0;0;0
Plus;Teisseire;wk 46 20;3833;2.88;4.37;2.88;4.35;0;0;0
Plus;Teisseire;wk 47 20;3892;2.89;4.35;2.9;4.28;0;0;0
Plus;Teisseire;wk 48 20;12714;1.92;2.72;2.82;4.17;0;0;0
Plus;Teisseire;wk 49 20;59437;1.53;2.11;2.85;4.29;78;0;61
Plus;Teisseire;wk 50 20;3549;2.52;3.84;2.71;4.05;0;5;0
Plus;Teisseire;wk 51 20;3664;2.8;4.26;2.81;4.21;0;0;0
Plus;Teisseire;wk 52 20;2937;2.88;4.31;2.87;4.3;0;0;0
Coop;PrivateLabel;wk 01 17;9135;1.63;1.97;1.64;1.98;0;0;0
Coop;PrivateLabel;wk 02 17;9975;1.64;1.97;1.6;1.91;0;0;0
Coop;PrivateLabel;wk 03 17;10161;1.61;1.93;1.62;1.94;0;6;0
Coop;PrivateLabel;wk 04 17;10471;1.64;1.97;1.61;1.92;0;0;0
Coop;PrivateLabel;wk 05 17;10736;1.6;1.92;1.61;1.94;0;5;0
Coop;PrivateLabel;wk 06 17;9034;1.5;1.78;1.53;1.82;0;0;0
Coop;PrivateLabel;wk 07 17;10581;1.56;1.87;1.61;1.94;0;0;0
Coop;PrivateLabel;wk 08 17;19548;1.61;2.02;1.62;1.94;63;3;86
Coop;PrivateLabel;wk 09 17;9921;1.58;1.89;1.62;1.94;0;6;0
Coop;PrivateLabel;wk 10 17;10754;1.58;1.9;1.56;1.86;0;0;0
Coop;PrivateLabel;wk 11 17;21336;1.52;1.91;1.62;1.93;69;11;89
Coop;PrivateLabel;wk 12 17;10923;1.53;1.82;1.56;1.84;0;2;0
Coop;PrivateLabel;wk 13 17;9951;1.44;1.7;1.57;1.87;0;0;0
Coop;PrivateLabel;wk 14 17;11162;1.51;1.79;1.52;1.8;0;0;0
Coop;PrivateLabel;wk 15 17;10891;1.53;1.83;1.55;1.85;0;0;0
Coop;PrivateLabel;wk 16 17;18236;1.47;1.83;1.53;1.8;50;4;66
Coop;PrivateLabel;wk 17 17;9877;1.52;1.82;1.54;1.82;0;10;0
Coop;PrivateLabel;wk 18 17;10482;1.52;1.82;1.54;1.85;0;7;0
Coop;PrivateLabel;wk 19 17;11277;1.52;1.82;1.54;1.83;0;5;0
Coop;PrivateLabel;wk 20 17;12650;1.52;1.81;1.53;1.83;0;0;0
Coop;PrivateLabel;wk 21 17;15432;1.53;1.83;1.5;1.77;0;0;0
Coop;PrivateLabel;wk 22 17;15615;1.55;1.85;1.48;1.75;0;0;0
Coop;PrivateLabel;wk 23 17;12488;1.53;1.83;1.54;1.85;0;0;0
Coop;PrivateLabel;wk 24 17;13620;1.52;1.82;1.58;1.91;0;0;0
Coop;PrivateLabel;wk 25 17;16782;1.51;1.81;1.47;1.74;0;0;0
Coop;PrivateLabel;wk 26 17;12053;1.53;1.84;1.49;1.79;0;0;0
Coop;PrivateLabel;wk 27 17;11397;1.4;1.65;1.46;1.73;0;0;0
Coop;PrivateLabel;wk 28 17;12047;1.52;1.82;1.49;1.77;0;0;0
Coop;PrivateLabel;wk 29 17;13187;1.48;1.77;1.52;1.82;0;0;0
Coop;PrivateLabel;wk 30 17;10452;1.48;1.76;1.54;1.83;0;6;0
Coop;PrivateLabel;wk 31 17;10327;1.48;1.77;1.5;1.79;0;0;0
Coop;PrivateLabel;wk 32 17;12542;1.55;1.97;1.53;1.92;0;0;0
Coop;PrivateLabel;wk 33 17;11813;1.46;1.85;1.48;1.85;0;0;0
Coop;PrivateLabel;wk 34 17;14325;1.53;1.93;1.45;1.81;0;0;0
Coop;PrivateLabel;wk 35 17;15232;1.54;1.94;1.49;1.84;0;0;0
Coop;PrivateLabel;wk 36 17;13969;1.56;2;1.46;1.82;0;0;0
Coop;PrivateLabel;wk 37 17;13333;1.57;2.02;1.54;1.95;0;0;0
Coop;PrivateLabel;wk 38 17;19639;1.6;2.06;1.63;2.08;78;0;81
Coop;PrivateLabel;wk 39 17;12804;1.58;2.04;1.6;2.06;0;0;0
Coop;PrivateLabel;wk 40 17;11266;1.49;1.9;1.57;2.01;0;0;0
Coop;PrivateLabel;wk 41 17;12380;1.52;1.95;1.57;2;0;0;0
Coop;PrivateLabel;wk 42 17;11573;1.59;2.05;1.61;2.07;0;0;0
Coop;PrivateLabel;wk 43 17;12185;1.59;2.05;1.59;2.05;0;0;0
Coop;PrivateLabel;wk 44 17;14929;1.7;2.2;1.6;2.05;0;0;0
Coop;PrivateLabel;wk 45 17;12746;1.56;2;1.58;2.02;0;0;0
Coop;PrivateLabel;wk 46 17;13230;1.58;2.03;1.53;1.97;0;0;0
Coop;PrivateLabel;wk 47 17;22111;1.53;2;1.61;2.07;83;0;82
Coop;PrivateLabel;wk 48 17;12634;1.56;2.01;1.56;2.03;0;4;0
Coop;PrivateLabel;wk 49 17;12655;1.56;2.02;1.56;1.97;0;0;0
Coop;PrivateLabel;wk 50 17;14000;1.56;2.02;1.58;2.03;0;0;0
Coop;PrivateLabel;wk 51 17;13052;1.51;1.95;1.6;2.08;0;0;0
Coop;PrivateLabel;wk 52 17;8780;1.6;2.07;1.59;2.1;0;0;0
Coop;PrivateLabel;wk 01 18;10117;1.57;2.03;1.55;1.99;0;0;0
Coop;PrivateLabel;wk 02 18;12166;1.6;2.07;1.57;2.03;0;0;0
Coop;PrivateLabel;wk 03 18;12630;1.59;2.05;1.57;2.04;0;0;0
Coop;PrivateLabel;wk 04 18;11381;1.51;1.95;1.48;1.89;0;0;0
Coop;PrivateLabel;wk 05 18;12413;1.58;2.03;1.6;2.1;0;0;0
Coop;PrivateLabel;wk 06 18;12577;1.59;2.06;1.59;2.07;0;0;0
Coop;PrivateLabel;wk 07 18;12905;1.59;2.06;1.57;2.04;0;6;0
Coop;PrivateLabel;wk 08 18;30505;1.39;1.83;1.56;2.01;100;0;11
Coop;PrivateLabel;wk 09 18;12267;1.57;2.03;1.52;1.99;0;1;0
Coop;PrivateLabel;wk 10 18;13185;1.57;2.03;1.57;2.01;0;0;0
Coop;PrivateLabel;wk 11 18;13125;1.58;2.04;1.5;1.92;0;0;0
Coop;PrivateLabel;wk 12 18;13486;1.59;2.04;1.57;2.03;0;1;0
Coop;PrivateLabel;wk 13 18;13176;1.6;2.06;1.6;2.06;40;0;78
Coop;PrivateLabel;wk 14 18;12706;1.58;2.03;1.58;2.02;0;7;0
Coop;PrivateLabel;wk 15 18;12423;1.5;1.92;1.58;2.06;0;5;0
Coop;PrivateLabel;wk 16 18;16224;1.56;1.97;1.51;1.89;0;5;0
Coop;PrivateLabel;wk 17 18;13722;1.58;2.02;1.6;2.06;0;0;0
Coop;PrivateLabel;wk 18 18;12034;1.59;2.03;1.55;1.98;0;0;0
Coop;PrivateLabel;wk 19 18;15129;1.55;1.96;1.55;1.95;0;0;0
Coop;PrivateLabel;wk 20 18;15926;1.54;1.95;1.56;1.97;0;0;0
Coop;PrivateLabel;wk 21 18;15438;1.46;1.82;1.58;1.99;0;0;0
Coop;PrivateLabel;wk 22 18;18142;1.55;1.95;1.51;1.89;0;6;0
Coop;PrivateLabel;wk 23 18;17293;1.55;1.96;1.54;1.94;0;4;0
Coop;PrivateLabel;wk 24 18;15881;1.54;1.95;1.55;1.95;0;4;0
Coop;PrivateLabel;wk 25 18;14969;1.53;1.94;1.54;1.94;0;0;0
Coop;PrivateLabel;wk 26 18;17619;1.54;1.95;1.47;1.84;0;0;0
Coop;PrivateLabel;wk 27 18;17047;1.5;1.89;1.5;1.89;0;0;0
Coop;PrivateLabel;wk 28 18;15213;1.57;1.99;1.62;2.08;0;0;0
Coop;PrivateLabel;wk 29 18;19173;1.55;1.95;1.52;1.91;0;5;0
Coop;PrivateLabel;wk 30 18;34204;1.44;1.85;1.55;1.94;77;0;64
Coop;PrivateLabel;wk 31 18;19747;1.54;1.94;1.53;1.94;0;11;0
Coop;PrivateLabel;wk 32 18;17299;1.52;1.92;1.5;1.86;0;3;0
Coop;PrivateLabel;wk 33 18;17089;1.43;1.82;1.43;1.8;0;26;0
Coop;PrivateLabel;wk 34 18;14993;1.41;1.79;1.51;1.91;0;28;0
Coop;PrivateLabel;wk 35 18;14281;1.51;1.93;1.55;1.98;0;9;0
Coop;PrivateLabel;wk 36 18;15356;1.53;1.94;1.52;1.9;0;10;0
Coop;PrivateLabel;wk 37 18;14929;1.51;1.92;1.49;1.9;0;2;0
Coop;PrivateLabel;wk 38 18;15515;1.52;1.94;1.46;1.87;0;2;0
Coop;PrivateLabel;wk 39 18;14146;1.58;2.03;1.55;2.01;0;5;0
Coop;PrivateLabel;wk 40 18;13889;1.6;2.06;1.55;1.97;0;0;0
Coop;PrivateLabel;wk 41 18;14885;1.56;2.02;1.54;1.96;0;0;0
Coop;PrivateLabel;wk 42 18;13583;1.47;1.88;1.49;1.89;0;0;0
Coop;PrivateLabel;wk 43 18;13596;1.54;1.99;1.58;2.05;0;0;0
Coop;PrivateLabel;wk 44 18;14629;1.51;1.95;1.47;1.87;0;0;0
Coop;PrivateLabel;wk 45 18;17990;1.63;2.12;1.59;2.04;0;0;0
Coop;PrivateLabel;wk 46 18;15712;1.51;1.95;1.47;1.87;0;0;0
Coop;PrivateLabel;wk 47 18;16189;1.55;1.99;1.51;1.94;0;0;0
Coop;PrivateLabel;wk 48 18;14459;1.62;2.09;1.5;1.93;0;0;0
Coop;PrivateLabel;wk 49 18;26758;1.38;1.81;1.56;2.03;74;0;74
Coop;PrivateLabel;wk 50 18;12611;1.58;2.04;1.56;1.98;0;0;0
Coop;PrivateLabel;wk 51 18;14162;1.59;2.05;1.62;2.1;0;0;0
Coop;PrivateLabel;wk 52 18;9307;1.56;2.03;1.58;2.04;0;0;0
Coop;PrivateLabel;wk 01 19;11189;1.59;2.07;1.57;2.03;0;0;0
Coop;PrivateLabel;wk 02 19;19435;1.59;2.08;1.59;2.06;60;12;65
Coop;PrivateLabel;wk 03 19;13704;1.62;2.11;1.56;2;0;16;0
Coop;PrivateLabel;wk 04 19;13785;1.56;2.01;1.63;2.14;0;0;0
Coop;PrivateLabel;wk 05 19;13185;1.6;2.07;1.6;2.07;0;0;0
Coop;PrivateLabel;wk 06 19;14152;1.61;2.08;1.59;2.04;0;0;0
Coop;PrivateLabel;wk 07 19;14777;1.56;2.01;1.61;2.08;0;0;0
Coop;PrivateLabel;wk 08 19;26791;1.3;1.71;1.51;1.92;84;0;61
Coop;PrivateLabel;wk 09 19;15461;1.54;1.99;1.57;2.04;0;0;0
Coop;PrivateLabel;wk 10 19;14633;1.54;1.99;1.51;1.94;0;0;0
Coop;PrivateLabel;wk 11 19;14047;1.49;1.93;1.48;1.9;0;0;0
Coop;PrivateLabel;wk 12 19;14990;1.51;1.95;1.48;1.9;0;0;0
Coop;PrivateLabel;wk 13 19;15906;1.51;1.94;1.45;1.87;0;0;0
Coop;PrivateLabel;wk 14 19;15733;1.52;1.96;1.45;1.83;0;0;0
Coop;PrivateLabel;wk 15 19;16968;1.51;1.94;1.5;1.93;0;0;0
Coop;PrivateLabel;wk 16 19;17507;1.49;1.91;1.51;1.94;0;0;0
Coop;PrivateLabel;wk 17 19;16595;1.49;1.92;1.53;1.96;0;1;0
Coop;PrivateLabel;wk 18 19;14904;1.51;1.96;1.52;1.97;0;0;0
Coop;PrivateLabel;wk 19 19;15337;1.52;1.97;1.5;1.93;0;0;0
Coop;PrivateLabel;wk 20 19;15149;1.53;1.98;1.53;1.98;0;0;0
Coop;PrivateLabel;wk 21 19;16927;1.5;1.94;1.47;1.88;0;0;0
Coop;PrivateLabel;wk 22 19;16764;1.47;1.89;1.49;1.92;0;0;0
Coop;PrivateLabel;wk 23 19;18106;1.51;1.95;1.49;1.89;0;0;0
Coop;PrivateLabel;wk 24 19;16683;1.49;1.91;1.48;1.9;0;0;0
Coop;PrivateLabel;wk 25 19;20041;1.53;1.96;1.5;1.93;0;0;0
Coop;PrivateLabel;wk 26 19;23341;1.54;1.96;1.47;1.86;0;5;0
Coop;PrivateLabel;wk 27 19;18876;1.5;1.93;1.43;1.8;0;0;0
Coop;PrivateLabel;wk 28 19;15420;1.43;1.82;1.46;1.84;0;10;0
Coop;PrivateLabel;wk 29 19;16320;1.48;1.9;1.51;1.92;0;10;0
Coop;PrivateLabel;wk 30 19;25096;1.47;1.85;1.46;1.83;0;11;0
Coop;PrivateLabel;wk 31 19;17676;1.47;1.87;1.47;1.88;0;15;0
Coop;PrivateLabel;wk 32 19;16984;1.46;1.84;1.48;1.9;0;11;0
Coop;PrivateLabel;wk 33 19;14297;1.49;1.89;1.44;1.82;0;19;0
Coop;PrivateLabel;wk 34 19;17855;1.46;1.85;1.46;1.84;0;10;0
Coop;PrivateLabel;wk 35 19;20028;1.42;1.78;1.43;1.8;0;2;0
Coop;PrivateLabel;wk 36 19;15814;1.46;1.85;1.42;1.79;0;0;0
Coop;PrivateLabel;wk 37 19;15065;1.45;1.84;1.44;1.81;0;0;0
Coop;PrivateLabel;wk 38 19;14906;1.48;1.87;1.45;1.82;0;0;0
Coop;PrivateLabel;wk 39 19;15789;1.54;1.94;1.53;1.95;0;0;0
Coop;PrivateLabel;wk 40 19;13996;1.52;1.92;1.48;1.87;0;0;0
Coop;PrivateLabel;wk 41 19;14233;1.55;1.94;1.53;1.94;0;0;0
Coop;PrivateLabel;wk 42 19;15014;1.55;1.95;1.51;1.9;0;0;0
Coop;PrivateLabel;wk 43 19;14539;1.56;1.96;1.54;1.93;0;0;0
Coop;PrivateLabel;wk 44 19;14911;1.58;1.99;1.51;1.91;0;0;0
Coop;PrivateLabel;wk 45 19;17304;1.69;2.15;1.66;2.11;0;0;0
Coop;PrivateLabel;wk 46 19;13855;1.54;1.92;1.54;1.93;0;0;0
Coop;PrivateLabel;wk 47 19;14723;1.55;1.94;1.54;1.93;0;0;0
Coop;PrivateLabel;wk 48 19;14426;1.55;1.94;1.55;1.96;0;0;0
Coop;PrivateLabel;wk 49 19;19562;1.6;2.04;1.6;2.03;83;0;51
Coop;PrivateLabel;wk 50 19;13721;1.5;1.87;1.54;1.94;0;0;0
Coop;PrivateLabel;wk 51 19;14936;1.57;1.97;1.54;1.92;0;0;0
Coop;PrivateLabel;wk 52 19;10130;1.59;2.01;1.57;1.98;0;0;0
Coop;PrivateLabel;wk 01 20;12323;1.6;2.02;1.54;1.93;0;0;0
Coop;PrivateLabel;wk 02 20;13356;1.56;1.97;1.58;1.99;0;0;0
Coop;PrivateLabel;wk 03 20;13619;1.53;1.92;1.53;1.9;0;0;0
Coop;PrivateLabel;wk 04 20;13936;1.57;1.97;1.59;2.01;0;0;0
Coop;PrivateLabel;wk 05 20;13485;1.57;1.97;1.52;1.89;0;0;0
Coop;PrivateLabel;wk 06 20;13813;1.57;1.97;1.56;1.97;0;0;0
Coop;PrivateLabel;wk 07 20;13812;1.57;1.97;1.54;1.93;0;0;0
Coop;PrivateLabel;wk 08 20;13803;1.52;1.89;1.59;2;0;0;0
Coop;PrivateLabel;wk 09 20;14147;1.59;2;1.57;1.97;0;0;0
Coop;PrivateLabel;wk 10 20;13873;1.58;1.99;1.57;1.96;0;0;0
Coop;PrivateLabel;wk 11 20;21239;1.58;1.98;1.56;1.92;0;0;0
Coop;PrivateLabel;wk 12 20;19998;1.58;1.98;1.57;1.94;0;0;0
Coop;PrivateLabel;wk 13 20;18465;1.59;2.01;1.62;2.03;0;0;0
Coop;PrivateLabel;wk 14 20;14791;1.62;2.03;1.64;2.06;0;0;0
Coop;PrivateLabel;wk 15 20;16247;1.55;1.96;1.61;2;80;0;0
Coop;PrivateLabel;wk 16 20;14738;1.6;2;1.55;1.93;0;0;0
Coop;PrivateLabel;wk 17 20;15483;1.61;2.01;1.62;2.04;0;0;0
Coop;PrivateLabel;wk 18 20;13978;1.6;2.01;1.58;1.98;0;0;0
Coop;PrivateLabel;wk 19 20;15659;1.57;1.96;1.57;1.94;0;0;0
Coop;PrivateLabel;wk 20 20;14829;1.55;1.93;1.59;1.99;0;0;0
Coop;PrivateLabel;wk 21 20;16585;1.58;1.97;1.63;2.04;0;0;0
Coop;PrivateLabel;wk 22 20;17107;1.59;2;1.59;1.98;0;0;0
Coop;PrivateLabel;wk 23 20;16366;1.57;1.96;1.56;1.96;0;0;0
Coop;PrivateLabel;wk 24 20;15909;1.58;1.98;1.57;1.96;0;0;0
Coop;PrivateLabel;wk 25 20;15482;1.49;1.84;1.56;1.94;0;0;0
Coop;PrivateLabel;wk 26 20;21400;1.55;1.93;1.57;1.95;0;0;0
Coop;PrivateLabel;wk 27 20;16521;1.54;1.92;1.49;1.84;0;0;0
Coop;PrivateLabel;wk 28 20;13761;1.58;1.96;1.56;1.93;0;0;0
Coop;PrivateLabel;wk 29 20;15016;1.55;1.92;1.56;1.92;0;0;0
Coop;PrivateLabel;wk 30 20;13770;1.49;1.85;1.61;2.02;0;0;0
Coop;PrivateLabel;wk 31 20;25111;1.34;1.72;1.51;1.85;81;0;66
Coop;PrivateLabel;wk 32 20;19966;1.54;1.91;1.52;1.87;0;15;0
Coop;PrivateLabel;wk 33 20;24374;1.51;1.87;1.53;1.88;0;9;0
Coop;PrivateLabel;wk 34 20;19340;1.52;1.88;1.49;1.84;0;0;0
Coop;PrivateLabel;wk 35 20;14022;1.56;1.93;1.49;1.82;0;3;0
Coop;PrivateLabel;wk 36 20;15054;1.55;1.93;1.55;1.92;0;0;0
Coop;PrivateLabel;wk 37 20;15205;1.55;1.92;1.58;1.96;0;0;0
Coop;PrivateLabel;wk 38 20;16292;1.49;1.84;1.53;1.89;0;0;0
Coop;PrivateLabel;wk 39 20;15971;1.53;1.9;1.47;1.79;0;0;0
Coop;PrivateLabel;wk 40 20;14641;1.55;1.94;1.56;1.95;0;0;0
Coop;PrivateLabel;wk 41 20;13517;1.52;1.89;1.53;1.91;0;0;0
Coop;PrivateLabel;wk 42 20;13989;1.56;1.94;1.57;1.95;0;0;0
Coop;PrivateLabel;wk 43 20;14241;1.56;1.95;1.5;1.85;0;0;0
Coop;PrivateLabel;wk 44 20;14091;1.57;1.97;1.56;1.94;67;0;0
Coop;PrivateLabel;wk 45 20;13831;1.53;1.9;1.53;1.91;0;0;0
Coop;PrivateLabel;wk 46 20;13766;1.52;1.89;1.58;2.01;0;0;0
Coop;PrivateLabel;wk 47 20;14029;1.55;1.94;1.61;2.04;0;0;0
Coop;PrivateLabel;wk 48 20;13951;1.57;1.97;1.62;2.06;0;0;0
Coop;PrivateLabel;wk 49 20;11508;1.64;2.08;1.61;2.03;0;0;0
Coop;PrivateLabel;wk 50 20;12735;1.65;2.11;1.56;1.96;0;0;0
Coop;PrivateLabel;wk 51 20;13615;1.66;2.12;1.62;2.05;0;0;0
Coop;PrivateLabel;wk 52 20;10120;1.69;2.18;1.61;2.05;0;0;0
Coop;EuroShopper;wk 01 17;0;0;0;0;0;0;0;0
Coop;EuroShopper;wk 02 17;0;0;0;0;0;0;0;0
Coop;EuroShopper;wk 03 17;0;0;0;0;0;0;0;0
Coop;EuroShopper;wk 04 17;0;0;0;0;0;0;0;0
Coop;EuroShopper;wk 05 17;0;0;0;0;0;0;0;0
Coop;EuroShopper;wk 06 17;0;0;0;0;0;0;0;0
Coop;EuroShopper;wk 07 17;0;0;0;0;0;0;0;0
Coop;EuroShopper;wk 08 17;0;0;0;0;0;0;0;0
Coop;EuroShopper;wk 09 17;0;0;0;0;0;0;0;0
Coop;EuroShopper;wk 10 17;0;0;0;0;0;0;0;0
Coop;EuroShopper;wk 11 17;0;0;0;0;0;0;0;0
Coop;EuroShopper;wk 12 17;0;0;0;0;0;0;0;0
Coop;EuroShopper;wk 13 17;0;0;0;0;0;0;0;0
Coop;EuroShopper;wk 14 17;0;0;0;0;0;0;0;0
Coop;EuroShopper;wk 15 17;0;0;0;0;0;0;0;0
Coop;EuroShopper;wk 16 17;0;0;0;0;0;0;0;0
Coop;EuroShopper;wk 17 17;0;0;0;0;0;0;0;0
Coop;EuroShopper;wk 18 17;0;0;0;0;0;0;0;0
Coop;EuroShopper;wk 19 17;0;0;0;0;0;0;0;0
Coop;EuroShopper;wk 20 17;0;0;0;0;0;0;0;0
Coop;EuroShopper;wk 21 17;0;0;0;0;0;0;0;0
Coop;EuroShopper;wk 22 17;0;0;0;0;0;0;0;0
Coop;EuroShopper;wk 23 17;0;0;0;0;0;0;0;0
Coop;EuroShopper;wk 24 17;0;0;0;0;0;0;0;0
Coop;EuroShopper;wk 25 17;0;0;0;0;0;0;0;0
Coop;EuroShopper;wk 26 17;0;0;0;0;0;0;0;0
Coop;EuroShopper;wk 27 17;0;0;0;0;0;0;0;0
Coop;EuroShopper;wk 28 17;0;0;0;0;0;0;0;0
Coop;EuroShopper;wk 29 17;0;0;0;0;0;0;0;0
Coop;EuroShopper;wk 30 17;0;0;0;0;0;0;0;0
Coop;EuroShopper;wk 31 17;0;0;0;0;0;0;0;0
Coop;EuroShopper;wk 32 17;0;0;0;0;0;0;0;0
Coop;EuroShopper;wk 33 17;0;0;0;0;0;0;0;0
Coop;EuroShopper;wk 34 17;0;0;0;0;0;0;0;0
Coop;EuroShopper;wk 35 17;0;0;0;0;0;0;0;0
Coop;EuroShopper;wk 36 17;0;0;0;0;0;0;0;0
Coop;EuroShopper;wk 37 17;0;0;0;0;0;0;0;0
Coop;EuroShopper;wk 38 17;0;0;0;0;0;0;0;0
Coop;EuroShopper;wk 39 17;0;0;0;0;0;0;0;0
Coop;EuroShopper;wk 40 17;0;0;0;0;0;0;0;0
Coop;EuroShopper;wk 41 17;0;0;0;0;0;0;0;0
Coop;EuroShopper;wk 42 17;0;0;0;0;0;0;0;0
Coop;EuroShopper;wk 43 17;0;0;0;0;0;0;0;0
Coop;EuroShopper;wk 44 17;0;0;0;0;0;0;0;0
Coop;EuroShopper;wk 45 17;0;0;0;0;0;0;0;0
Coop;EuroShopper;wk 46 17;0;0;0;0;0;0;0;0
Coop;EuroShopper;wk 47 17;0;0;0;0;0;0;0;0
Coop;EuroShopper;wk 48 17;0;0;0;0;0;0;0;0
Coop;EuroShopper;wk 49 17;0;0;0;0;0;0;0;0
Coop;EuroShopper;wk 50 17;0;0;0;0;0;0;0;0
Coop;EuroShopper;wk 51 17;0;0;0;0;0;0;0;0
Coop;EuroShopper;wk 52 17;0;0;0;0;0;0;0;0
Coop;EuroShopper;wk 01 18;0;0;0;0;0;0;0;0
Coop;EuroShopper;wk 02 18;0;0;0;0;0;0;0;0
Coop;EuroShopper;wk 03 18;0;0;0;0;0;0;0;0
Coop;EuroShopper;wk 04 18;0;0;0;0;0;0;0;0
Coop;EuroShopper;wk 05 18;0;0;0;0;0;0;0;0
Coop;EuroShopper;wk 06 18;0;0;0;0;0;0;0;0
Coop;EuroShopper;wk 07 18;0;0;0;0;0;0;0;0
Coop;EuroShopper;wk 08 18;0;0;0;0;0;0;0;0
Coop;EuroShopper;wk 09 18;0;0;0;0;0;0;0;0
Coop;EuroShopper;wk 10 18;0;0;0;0;0;0;0;0
Coop;EuroShopper;wk 11 18;0;0;0;0;0;0;0;0
Coop;EuroShopper;wk 12 18;0;0;0;0;0;0;0;0
Coop;EuroShopper;wk 13 18;0;0;0;0;0;0;0;0
Coop;EuroShopper;wk 14 18;0;0;0;0;0;0;0;0
Coop;EuroShopper;wk 15 18;0;0;0;0;0;0;0;0
Coop;EuroShopper;wk 16 18;0;0;0;0;0;0;0;0
Coop;EuroShopper;wk 17 18;0;0;0;0;0;0;0;0
Coop;EuroShopper;wk 18 18;0;0;0;0;0;0;0;0
Coop;EuroShopper;wk 19 18;0;0;0;0;0;0;0;0
Coop;EuroShopper;wk 20 18;0;0;0;0;0;0;0;0
Coop;EuroShopper;wk 21 18;0;0;0;0;0;0;0;0
Coop;EuroShopper;wk 22 18;0;0;0;0;0;0;0;0
Coop;EuroShopper;wk 23 18;0;0;0;0;0;0;0;0
Coop;EuroShopper;wk 24 18;0;0;0;0;0;0;0;0
Coop;EuroShopper;wk 25 18;0;0;0;0;0;0;0;0
Coop;EuroShopper;wk 26 18;0;0;0;0;0;0;0;0
Coop;EuroShopper;wk 27 18;0;0;0;0;0;0;0;0
Coop;EuroShopper;wk 28 18;0;0;0;0;0;0;0;0
Coop;EuroShopper;wk 29 18;0;0;0;0;0;0;0;0
Coop;EuroShopper;wk 30 18;0;0;0;0;0;0;0;0
Coop;EuroShopper;wk 31 18;0;0;0;0;0;0;0;0
Coop;EuroShopper;wk 32 18;0;0;0;0;0;0;0;0
Coop;EuroShopper;wk 33 18;0;0;0;0;0;0;0;0
Coop;EuroShopper;wk 34 18;0;0;0;0;0;0;0;0
Coop;EuroShopper;wk 35 18;0;0;0;0;0;0;0;0
Coop;EuroShopper;wk 36 18;0;0;0;0;0;0;0;0
Coop;EuroShopper;wk 37 18;0;0;0;0;0;0;0;0
Coop;EuroShopper;wk 38 18;0;0;0;0;0;0;0;0
Coop;EuroShopper;wk 39 18;0;0;0;0;0;0;0;0
Coop;EuroShopper;wk 40 18;0;0;0;0;0;0;0;0
Coop;EuroShopper;wk 41 18;0;0;0;0;0;0;0;0
Coop;EuroShopper;wk 42 18;0;0;0;0;0;0;0;0
Coop;EuroShopper;wk 43 18;0;0;0;0;0;0;0;0
Coop;EuroShopper;wk 44 18;0;0;0;0;0;0;0;0
Coop;EuroShopper;wk 45 18;0;0;0;0;0;0;0;0
Coop;EuroShopper;wk 46 18;0;0;0;0;0;0;0;0
Coop;EuroShopper;wk 47 18;0;0;0;0;0;0;0;0
Coop;EuroShopper;wk 48 18;0;0;0;0;0;0;0;0
Coop;EuroShopper;wk 49 18;0;0;0;0;0;0;0;0
Coop;EuroShopper;wk 50 18;0;0;0;0;0;0;0;0
Coop;EuroShopper;wk 51 18;0;0;0;0;0;0;0;0
Coop;EuroShopper;wk 52 18;0;0;0;0;0;0;0;0
Coop;EuroShopper;wk 01 19;0;0;0;0;0;0;0;0
Coop;EuroShopper;wk 02 19;0;0;0;0;0;0;0;0
Coop;EuroShopper;wk 03 19;0;0;0;0;0;0;0;0
Coop;EuroShopper;wk 04 19;0;0;0;0;0;0;0;0
Coop;EuroShopper;wk 05 19;0;0;0;0;0;0;0;0
Coop;EuroShopper;wk 06 19;0;0;0;0;0;0;0;0
Coop;EuroShopper;wk 07 19;0;0;0;0;0;0;0;0
Coop;EuroShopper;wk 08 19;0;0;0;0;0;0;0;0
Coop;EuroShopper;wk 09 19;0;0;0;0;0;0;0;0
Coop;EuroShopper;wk 10 19;0;0;0;0;0;0;0;0
Coop;EuroShopper;wk 11 19;0;0;0;0;0;0;0;0
Coop;EuroShopper;wk 12 19;0;0;0;0;0;0;0;0
Coop;EuroShopper;wk 13 19;0;0;0;0;0;0;0;0
Coop;EuroShopper;wk 14 19;0;0;0;0;0;0;0;0
Coop;EuroShopper;wk 15 19;0;0;0;0;0;0;0;0
Coop;EuroShopper;wk 16 19;0;0;0;0;0;0;0;0
Coop;EuroShopper;wk 17 19;0;0;0;0;0;0;0;0
Coop;EuroShopper;wk 18 19;0;0;0;0;0;0;0;0
Coop;EuroShopper;wk 19 19;0;0;0;0;0;0;0;0
Coop;EuroShopper;wk 20 19;0;0;0;0;0;0;0;0
Coop;EuroShopper;wk 21 19;0;0;0;0;0;0;0;0
Coop;EuroShopper;wk 22 19;0;0;0;0;0;0;0;0
Coop;EuroShopper;wk 23 19;0;0;0;0;0;0;0;0
Coop;EuroShopper;wk 24 19;0;0;0;0;0;0;0;0
Coop;EuroShopper;wk 25 19;0;0;0;0;0;0;0;0
Coop;EuroShopper;wk 26 19;0;0;0;0;0;0;0;0
Coop;EuroShopper;wk 27 19;0;0;0;0;0;0;0;0
Coop;EuroShopper;wk 28 19;0;0;0;0;0;0;0;0
Coop;EuroShopper;wk 29 19;0;0;0;0;0;0;0;0
Coop;EuroShopper;wk 30 19;0;0;0;0;0;0;0;0
Coop;EuroShopper;wk 31 19;0;0;0;0;0;0;0;0
Coop;EuroShopper;wk 32 19;0;0;0;0;0;0;0;0
Coop;EuroShopper;wk 33 19;0;0;0;0;0;0;0;0
Coop;EuroShopper;wk 34 19;0;0;0;0;0;0;0;0
Coop;EuroShopper;wk 35 19;0;0;0;0;0;0;0;0
Coop;EuroShopper;wk 36 19;0;0;0;0;0;0;0;0
Coop;EuroShopper;wk 37 19;0;0;0;0;0;0;0;0
Coop;EuroShopper;wk 38 19;0;0;0;0;0;0;0;0
Coop;EuroShopper;wk 39 19;0;0;0;0;0;0;0;0
Coop;EuroShopper;wk 40 19;0;0;0;0;0;0;0;0
Coop;EuroShopper;wk 41 19;0;0;0;0;0;0;0;0
Coop;EuroShopper;wk 42 19;0;0;0;0;0;0;0;0
Coop;EuroShopper;wk 43 19;0;0;0;0;0;0;0;0
Coop;EuroShopper;wk 44 19;0;0;0;0;0;0;0;0
Coop;EuroShopper;wk 45 19;0;0;0;0;0;0;0;0
Coop;EuroShopper;wk 46 19;0;0;0;0;0;0;0;0
Coop;EuroShopper;wk 47 19;0;0;0;0;0;0;0;0
Coop;EuroShopper;wk 48 19;0;0;0;0;0;0;0;0
Coop;EuroShopper;wk 49 19;0;0;0;0;0;0;0;0
Coop;EuroShopper;wk 50 19;0;0;0;0;0;0;0;0
Coop;EuroShopper;wk 51 19;0;0;0;0;0;0;0;0
Coop;EuroShopper;wk 52 19;0;0;0;0;0;0;0;0
Coop;EuroShopper;wk 01 20;0;0;0;0;0;0;0;0
Coop;EuroShopper;wk 02 20;0;0;0;0;0;0;0;0
Coop;EuroShopper;wk 03 20;0;0;0;0;0;0;0;0
Coop;EuroShopper;wk 04 20;0;0;0;0;0;0;0;0
Coop;EuroShopper;wk 05 20;0;0;0;0;0;0;0;0
Coop;EuroShopper;wk 06 20;0;0;0;0;0;0;0;0
Coop;EuroShopper;wk 07 20;0;0;0;0;0;0;0;0
Coop;EuroShopper;wk 08 20;0;0;0;0;0;0;0;0
Coop;EuroShopper;wk 09 20;0;0;0;0;0;0;0;0
Coop;EuroShopper;wk 10 20;0;0;0;0;0;0;0;0
Coop;EuroShopper;wk 11 20;0;0;0;0;0;0;0;0
Coop;EuroShopper;wk 12 20;0;0;0;0;0;0;0;0
Coop;EuroShopper;wk 13 20;0;0;0;0;0;0;0;0
Coop;EuroShopper;wk 14 20;0;0;0;0;0;0;0;0
Coop;EuroShopper;wk 15 20;0;0;0;0;0;0;0;0
Coop;EuroShopper;wk 16 20;0;0;0;0;0;0;0;0
Coop;EuroShopper;wk 17 20;0;0;0;0;0;0;0;0
Coop;EuroShopper;wk 18 20;0;0;0;0;0;0;0;0
Coop;EuroShopper;wk 19 20;0;0;0;0;0;0;0;0
Coop;EuroShopper;wk 20 20;0;0;0;0;0;0;0;0
Coop;EuroShopper;wk 21 20;0;0;0;0;0;0;0;0
Coop;EuroShopper;wk 22 20;0;0;0;0;0;0;0;0
Coop;EuroShopper;wk 23 20;0;0;0;0;0;0;0;0
Coop;EuroShopper;wk 24 20;0;0;0;0;0;0;0;0
Coop;EuroShopper;wk 25 20;0;0;0;0;0;0;0;0
Coop;EuroShopper;wk 26 20;0;0;0;0;0;0;0;0
Coop;EuroShopper;wk 27 20;0;0;0;0;0;0;0;0
Coop;EuroShopper;wk 28 20;0;0;0;0;0;0;0;0
Coop;EuroShopper;wk 29 20;0;0;0;0;0;0;0;0
Coop;EuroShopper;wk 30 20;0;0;0;0;0;0;0;0
Coop;EuroShopper;wk 31 20;0;0;0;0;0;0;0;0
Coop;EuroShopper;wk 32 20;0;0;0;0;0;0;0;0
Coop;EuroShopper;wk 33 20;0;0;0;0;0;0;0;0
Coop;EuroShopper;wk 34 20;0;0;0;0;0;0;0;0
Coop;EuroShopper;wk 35 20;0;0;0;0;0;0;0;0
Coop;EuroShopper;wk 36 20;0;0;0;0;0;0;0;0
Coop;EuroShopper;wk 37 20;0;0;0;0;0;0;0;0
Coop;EuroShopper;wk 38 20;0;0;0;0;0;0;0;0
Coop;EuroShopper;wk 39 20;0;0;0;0;0;0;0;0
Coop;EuroShopper;wk 40 20;0;0;0;0;0;0;0;0
Coop;EuroShopper;wk 41 20;0;0;0;0;0;0;0;0
Coop;EuroShopper;wk 42 20;0;0;0;0;0;0;0;0
Coop;EuroShopper;wk 43 20;0;0;0;0;0;0;0;0
Coop;EuroShopper;wk 44 20;0;0;0;0;0;0;0;0
Coop;EuroShopper;wk 45 20;0;0;0;0;0;0;0;0
Coop;EuroShopper;wk 46 20;0;0;0;0;0;0;0;0
Coop;EuroShopper;wk 47 20;0;0;0;0;0;0;0;0
Coop;EuroShopper;wk 48 20;0;0;0;0;0;0;0;0
Coop;EuroShopper;wk 49 20;0;0;0;0;0;0;0;0
Coop;EuroShopper;wk 50 20;0;0;0;0;0;0;0;0
Coop;EuroShopper;wk 51 20;0;0;0;0;0;0;0;0
Coop;EuroShopper;wk 52 20;0;0;0;0;0;0;0;0
Coop;KarvanCevitam;wk 01 17;10109;2.98;4.13;2.96;4.1;0;0;0
Coop;KarvanCevitam;wk 02 17;10785;2.99;4.13;2.96;4.05;0;0;0
Coop;KarvanCevitam;wk 03 17;11920;2.98;4.12;2.99;4.08;0;14;0
Coop;KarvanCevitam;wk 04 17;11677;2.98;4.12;2.97;4.11;0;0;0
Coop;KarvanCevitam;wk 05 17;11427;2.97;4.12;2.97;4.19;0;0;0
Coop;KarvanCevitam;wk 06 17;24126;2.34;3.19;2.98;4.15;84;4;83
Coop;KarvanCevitam;wk 07 17;10099;2.95;4.13;3.08;4.33;0;2;0
Coop;KarvanCevitam;wk 08 17;10001;2.97;4.17;2.98;4.17;0;0;0
Coop;KarvanCevitam;wk 09 17;10715;2.97;4.12;2.97;4.16;0;0;0
Coop;KarvanCevitam;wk 10 17;11755;2.97;4.12;2.99;4.13;0;0;0
Coop;KarvanCevitam;wk 11 17;11384;2.97;4.12;2.97;4.12;0;0;0
Coop;KarvanCevitam;wk 12 17;12535;2.94;4.06;2.99;4.17;0;0;0
Coop;KarvanCevitam;wk 13 17;89848;2;2.72;2.97;4.11;98;0;90
Coop;KarvanCevitam;wk 14 17;10964;2.85;3.99;3;4.16;0;4;0
Coop;KarvanCevitam;wk 15 17;11950;2.94;4.1;2.95;4.12;0;3;0
Coop;KarvanCevitam;wk 16 17;9810;2.94;4.16;2.95;4.19;0;2;0
Coop;KarvanCevitam;wk 17 17;10935;2.92;4.1;2.91;4.1;0;0;0
Coop;KarvanCevitam;wk 18 17;11030;2.91;4.06;2.91;4.08;0;0;0
Coop;KarvanCevitam;wk 19 17;11771;2.95;4.15;2.95;4.1;0;3;0
Coop;KarvanCevitam;wk 20 17;13794;2.96;4.17;2.95;4.16;0;3;0
Coop;KarvanCevitam;wk 21 17;17434;2.95;4.21;2.96;4.18;0;0;0
Coop;KarvanCevitam;wk 22 17;16673;2.97;4.22;2.97;4.19;0;0;0
Coop;KarvanCevitam;wk 23 17;12843;2.96;4.16;2.97;4.18;0;3;0
Coop;KarvanCevitam;wk 24 17;13885;2.96;4.19;2.96;4.17;0;9;0
Coop;KarvanCevitam;wk 25 17;17829;2.96;4.22;2.96;4.15;0;6;0
Coop;KarvanCevitam;wk 26 17;13134;2.95;4.14;2.97;4.19;0;6;0
Coop;KarvanCevitam;wk 27 17;39106;2.29;3.16;2.98;4.19;100;2;95
Coop;KarvanCevitam;wk 28 17;12287;2.92;4.2;2.91;4.12;0;4;0
Coop;KarvanCevitam;wk 29 17;13689;2.96;4.29;2.97;4.23;0;3;0
Coop;KarvanCevitam;wk 30 17;11084;2.97;4.29;2.98;4.24;0;0;0
Coop;KarvanCevitam;wk 31 17;10790;2.97;4.27;2.98;4.24;0;6;0
Coop;KarvanCevitam;wk 32 17;10518;2.97;4.23;2.97;4.31;0;6;0
Coop;KarvanCevitam;wk 33 17;25095;2.29;3.17;2.97;4.19;71;6;37
Coop;KarvanCevitam;wk 34 17;11801;2.95;4.2;2.96;4.2;0;13;0
Coop;KarvanCevitam;wk 35 17;12952;2.97;4.2;2.96;4.24;0;0;0
Coop;KarvanCevitam;wk 36 17;11076;2.98;4.18;2.98;4.31;0;0;0
Coop;KarvanCevitam;wk 37 17;10147;2.98;4.16;2.97;4.18;0;0;0
Coop;KarvanCevitam;wk 38 17;10063;2.98;4.17;2.98;4.23;0;0;0
Coop;KarvanCevitam;wk 39 17;11021;2.96;4.11;2.96;4.12;0;0;0
Coop;KarvanCevitam;wk 40 17;74448;1.97;2.67;2.99;4.14;72;0;50
Coop;KarvanCevitam;wk 41 17;9319;2.87;4.02;3.03;4.29;0;4;0
Coop;KarvanCevitam;wk 42 17;9381;2.94;4.14;2.97;4.19;0;0;0
Coop;KarvanCevitam;wk 43 17;9932;2.96;4.13;2.98;4.19;0;0;0
Coop;KarvanCevitam;wk 44 17;10552;2.97;4.12;2.99;4.15;0;0;0
Coop;KarvanCevitam;wk 45 17;10412;2.97;4.1;2.98;4.11;0;0;0
Coop;KarvanCevitam;wk 46 17;10398;2.97;4.11;2.96;4.1;0;0;0
Coop;KarvanCevitam;wk 47 17;10408;2.97;4.11;2.96;4.07;0;0;0
Coop;KarvanCevitam;wk 48 17;9794;2.97;4.1;2.96;4.1;0;0;0
Coop;KarvanCevitam;wk 49 17;9697;2.96;4.1;2.96;4.14;0;0;0
Coop;KarvanCevitam;wk 50 17;11296;2.94;4.06;2.95;4.11;0;0;0
Coop;KarvanCevitam;wk 51 17;51800;2.1;2.84;2.98;4.08;70;0;57
Coop;KarvanCevitam;wk 52 17;8067;2.85;3.95;3.09;4.41;0;22;0
Coop;KarvanCevitam;wk 01 18;8745;2.93;4.1;2.95;4.07;0;4;0
Coop;KarvanCevitam;wk 02 18;10106;2.94;4.09;2.96;4.13;0;0;0
Coop;KarvanCevitam;wk 03 18;10989;2.92;4.04;2.93;4.09;0;0;0
Coop;KarvanCevitam;wk 04 18;50578;2.11;2.87;2.89;3.96;75;0;56
Coop;KarvanCevitam;wk 05 18;10012;2.94;4.12;2.93;4.06;0;0;0
Coop;KarvanCevitam;wk 06 18;11004;2.83;3.95;2.81;3.91;0;0;0
Coop;KarvanCevitam;wk 07 18;11047;2.92;4.07;2.91;4;0;0;0
Coop;KarvanCevitam;wk 08 18;11932;2.93;4.11;2.93;4.11;0;0;0
Coop;KarvanCevitam;wk 09 18;11725;2.95;4.1;2.96;4.11;0;0;0
Coop;KarvanCevitam;wk 10 18;12600;2.96;4.13;2.96;4.14;0;0;0
Coop;KarvanCevitam;wk 11 18;12272;2.95;4.09;2.95;4.11;0;0;0
Coop;KarvanCevitam;wk 12 18;12557;2.94;4.11;2.95;4.11;0;0;0
Coop;KarvanCevitam;wk 13 18;12467;2.94;4.1;2.95;4.14;0;0;0
Coop;KarvanCevitam;wk 14 18;11664;2.93;4.11;2.96;4.11;0;0;0
Coop;KarvanCevitam;wk 15 18;36722;2.3;3.15;2.95;4.12;68;5;95
Coop;KarvanCevitam;wk 16 18;14702;2.96;4.18;2.99;4.15;0;0;0
Coop;KarvanCevitam;wk 17 18;12843;2.96;4.2;2.91;4.08;0;5;0
Coop;KarvanCevitam;wk 18 18;12681;2.96;4.21;2.96;4.2;0;0;0
Coop;KarvanCevitam;wk 19 18;14716;2.96;4.22;2.97;4.21;0;0;0
Coop;KarvanCevitam;wk 20 18;13642;2.95;4.19;2.98;4.21;0;3;0
Coop;KarvanCevitam;wk 21 18;39583;2.29;3.16;2.99;4.22;79;3;43
Coop;KarvanCevitam;wk 22 18;16867;2.96;4.26;2.96;4.15;0;0;0
Coop;KarvanCevitam;wk 23 18;16062;2.96;4.22;2.96;4.21;0;0;0
Coop;KarvanCevitam;wk 24 18;13732;2.96;4.19;2.96;4.26;0;0;0
Coop;KarvanCevitam;wk 25 18;13349;2.96;4.21;2.97;4.24;0;0;0
Coop;KarvanCevitam;wk 26 18;17451;2.95;4.2;2.95;4.13;0;0;0
Coop;KarvanCevitam;wk 27 18;72246;2.32;3.2;2.96;4.18;80;13;61
Coop;KarvanCevitam;wk 28 18;13956;2.9;4.18;2.98;4.21;0;6;0
Coop;KarvanCevitam;wk 29 18;19878;2.76;3.96;2.9;4.12;0;4;0
Coop;KarvanCevitam;wk 30 18;22765;2.86;4.09;2.96;4.22;0;8;0
Coop;KarvanCevitam;wk 31 18;19770;2.91;4.12;2.93;4.18;0;2;0
Coop;KarvanCevitam;wk 32 18;16213;2.95;4.16;2.95;4.17;0;3;0
Coop;KarvanCevitam;wk 33 18;13378;2.94;4.14;2.95;4.17;0;4;0
Coop;KarvanCevitam;wk 34 18;56296;2.32;3.17;2.97;4.22;82;4;89
Coop;KarvanCevitam;wk 35 18;11671;2.87;4.04;2.97;4.16;0;15;0
Coop;KarvanCevitam;wk 36 18;11753;2.95;4.12;2.96;4.18;0;2;0
Coop;KarvanCevitam;wk 37 18;11519;2.96;4.13;2.96;4.2;0;3;0
Coop;KarvanCevitam;wk 38 18;12465;2.96;4.12;2.95;4.11;0;0;0
Coop;KarvanCevitam;wk 39 18;12507;2.95;4.09;2.96;4.12;0;0;0
Coop;KarvanCevitam;wk 40 18;12478;2.95;4.11;2.96;4.12;0;0;0
Coop;KarvanCevitam;wk 41 18;13228;2.94;4.09;2.95;4.12;0;0;0
Coop;KarvanCevitam;wk 42 18;41097;2.34;3.19;2.93;4.05;79;0;78
Coop;KarvanCevitam;wk 43 18;10184;2.94;4.11;2.97;4.23;0;2;0
Coop;KarvanCevitam;wk 44 18;10364;2.94;4.12;2.94;4.05;0;0;0
Coop;KarvanCevitam;wk 45 18;11027;2.94;4.08;2.94;4.09;0;0;0
Coop;KarvanCevitam;wk 46 18;11151;2.94;4.07;2.94;4.08;0;0;0
Coop;KarvanCevitam;wk 47 18;11600;2.96;4.1;2.95;4.09;0;3;0
Coop;KarvanCevitam;wk 48 18;11090;3.13;4.33;2.84;3.96;0;3;0
Coop;KarvanCevitam;wk 49 18;10727;2.98;4.13;2.93;4.03;0;0;0
Coop;KarvanCevitam;wk 50 18;11204;2.93;4.05;2.98;4.14;0;0;0
Coop;KarvanCevitam;wk 51 18;12359;2.93;4.06;2.99;4.14;0;0;0
Coop;KarvanCevitam;wk 52 18;61405;1.6;2.17;2.97;4.11;85;0;65
Coop;KarvanCevitam;wk 01 19;15560;2.23;3.06;2.84;3.94;0;1;0
Coop;KarvanCevitam;wk 02 19;9316;3.01;4.22;2.93;4.1;0;1;0
Coop;KarvanCevitam;wk 03 19;10428;3.01;4.17;2.93;4.06;0;0;0
Coop;KarvanCevitam;wk 04 19;40789;2.29;3.13;2.78;3.82;87;0;62
Coop;KarvanCevitam;wk 05 19;9360;3.02;4.21;3;4.13;0;0;0
Coop;KarvanCevitam;wk 06 19;10118;3.03;4.23;3.01;4.2;0;0;0
Coop;KarvanCevitam;wk 07 19;11168;3.01;4.21;3.02;4.19;0;0;0
Coop;KarvanCevitam;wk 08 19;11597;2.99;4.18;3.02;4.26;0;0;0
Coop;KarvanCevitam;wk 09 19;11881;2.99;4.21;3.03;4.22;0;0;0
Coop;KarvanCevitam;wk 10 19;11245;2.98;4.15;3.01;4.22;0;0;0
Coop;KarvanCevitam;wk 11 19;37355;2.45;3.34;2.98;4.11;86;2;48
Coop;KarvanCevitam;wk 12 19;10610;2.98;4.19;2.98;4.12;0;1;0
Coop;KarvanCevitam;wk 13 19;11883;2.99;4.19;2.99;4.19;0;0;0
Coop;KarvanCevitam;wk 14 19;12214;3;4.22;2.99;4.23;0;1;0
Coop;KarvanCevitam;wk 15 19;12950;2.98;4.17;2.99;4.29;0;0;0
Coop;KarvanCevitam;wk 16 19;39792;2.51;3.45;2.98;4.2;85;0;69
Coop;KarvanCevitam;wk 17 19;12512;2.97;4.22;2.98;4.19;0;1;0
Coop;KarvanCevitam;wk 18 19;11328;2.99;4.22;3.01;4.23;0;0;0
Coop;KarvanCevitam;wk 19 19;11361;3;4.21;2.99;4.18;0;0;0
Coop;KarvanCevitam;wk 20 19;12636;3;4.23;3;4.19;0;0;0
Coop;KarvanCevitam;wk 21 19;14052;2.98;4.21;2.99;4.16;0;0;0
Coop;KarvanCevitam;wk 22 19;46922;2.48;3.38;2.98;4.18;93;4;84
Coop;KarvanCevitam;wk 23 19;14200;2.99;4.18;3;4.2;0;0;0
Coop;KarvanCevitam;wk 24 19;12661;3.03;4.18;3.04;4.17;0;0;0
Coop;KarvanCevitam;wk 25 19;17063;3.05;4.21;3.04;4.22;0;0;0
Coop;KarvanCevitam;wk 26 19;21288;3.06;4.28;3.04;4.23;0;0;0
Coop;KarvanCevitam;wk 27 19;15567;3.04;4.26;3.04;4.18;0;0;0
Coop;KarvanCevitam;wk 28 19;64169;2.11;2.89;3.04;4.23;81;0;54
Coop;KarvanCevitam;wk 29 19;13947;2.84;4.07;3.12;4.47;0;18;0
Coop;KarvanCevitam;wk 30 19;20973;3.02;4.23;3.02;4.24;0;13;0
Coop;KarvanCevitam;wk 31 19;14047;3.03;4.22;3.03;4.2;0;15;0
Coop;KarvanCevitam;wk 32 19;12952;3.05;4.18;3.05;4.2;0;11;0
Coop;KarvanCevitam;wk 33 19;11707;3.05;4.2;3.06;4.26;0;4;0
Coop;KarvanCevitam;wk 34 19;14735;3.05;4.16;3.04;4.2;0;0;0
Coop;KarvanCevitam;wk 35 19;67230;2.36;3.22;3.04;4.15;86;0;79
Coop;KarvanCevitam;wk 36 19;11655;3.02;4.13;3.04;4.11;0;9;0
Coop;KarvanCevitam;wk 37 19;10928;3.05;4.15;3.05;4.16;0;0;0
Coop;KarvanCevitam;wk 38 19;11695;3.03;4.1;3.02;4.16;0;0;0
Coop;KarvanCevitam;wk 39 19;12430;3.05;4.12;3.03;4.1;0;0;0
Coop;KarvanCevitam;wk 40 19;41794;2.47;3.33;3.02;4.12;77;0;80
Coop;KarvanCevitam;wk 41 19;10756;3;4.12;2.99;4.15;0;0;0
Coop;KarvanCevitam;wk 42 19;10998;3.01;4.14;2.99;4.18;0;0;0
Coop;KarvanCevitam;wk 43 19;11655;3.05;4.11;3.04;4.16;0;4;0
Coop;KarvanCevitam;wk 44 19;11757;3.05;4.11;3.07;4.07;0;0;0
Coop;KarvanCevitam;wk 45 19;11831;3.05;4.07;3.04;4.1;0;0;0
Coop;KarvanCevitam;wk 46 19;37750;2.59;3.48;3.03;4.06;90;0;73
Coop;KarvanCevitam;wk 47 19;10563;3.04;4.1;3.04;4.08;0;0;0
Coop;KarvanCevitam;wk 48 19;10479;3.05;4.11;3.04;4.14;0;0;0
Coop;KarvanCevitam;wk 49 19;10545;3.03;4.09;3.03;4.03;0;0;0
Coop;KarvanCevitam;wk 50 19;39631;2.36;3.18;3.02;4.06;80;0;78
Coop;KarvanCevitam;wk 51 19;10177;3.04;4.11;3.04;4.19;0;0;0
Coop;KarvanCevitam;wk 52 19;8190;3.05;4.13;3.05;4.09;0;0;0
Coop;KarvanCevitam;wk 01 20;9993;3.05;4.12;3.06;4.17;0;0;0
Coop;KarvanCevitam;wk 02 20;11234;3.05;4.11;3.05;4.14;0;0;0
Coop;KarvanCevitam;wk 03 20;37868;2.58;3.48;3.05;4.08;90;0;44
Coop;KarvanCevitam;wk 04 20;10172;3.04;4.12;3.03;4.14;0;0;0
Coop;KarvanCevitam;wk 05 20;10592;3.04;4.12;3.04;4.1;0;0;0
Coop;KarvanCevitam;wk 06 20;12101;2.96;4;2.96;4.06;0;0;0
Coop;KarvanCevitam;wk 07 20;12716;2.96;3.99;2.98;4.04;0;0;0
Coop;KarvanCevitam;wk 08 20;38113;2.58;3.51;3.01;4.09;89;0;61
Coop;KarvanCevitam;wk 09 20;11379;2.99;4.04;2.99;4.05;0;0;0
Coop;KarvanCevitam;wk 10 20;11229;3.04;4.1;3.02;4.07;0;0;0
Coop;KarvanCevitam;wk 11 20;19014;3.05;4.07;3.03;4.04;0;0;0
Coop;KarvanCevitam;wk 12 20;19436;3.05;4.05;3.04;4.05;0;0;0
Coop;KarvanCevitam;wk 13 20;16271;3.05;4.06;3.05;4.05;0;0;0
Coop;KarvanCevitam;wk 14 20;14592;3.04;4.06;3.02;4.06;0;0;0
Coop;KarvanCevitam;wk 15 20;44801;2.61;3.51;3.03;4.03;80;0;0
Coop;KarvanCevitam;wk 16 20;13374;3.02;4.05;3.03;4.11;0;0;0
Coop;KarvanCevitam;wk 17 20;15354;3.03;4.1;3.02;4.08;0;0;0
Coop;KarvanCevitam;wk 18 20;13915;3.02;4.1;3.03;4.08;0;0;0
Coop;KarvanCevitam;wk 19 20;15788;3.03;4.07;3.03;4.06;0;0;0
Coop;KarvanCevitam;wk 20 20;49909;2.58;3.47;3.02;4.07;76;0;0
Coop;KarvanCevitam;wk 21 20;14582;3.02;4.09;3;4.01;0;0;0
Coop;KarvanCevitam;wk 22 20;15780;3.02;4.1;3.02;4.08;0;0;0
Coop;KarvanCevitam;wk 23 20;14765;3.03;4.11;3.03;4.11;0;1;0
Coop;KarvanCevitam;wk 24 20;14698;3.01;4.08;3.04;4.1;0;0;0
Coop;KarvanCevitam;wk 25 20;91796;2.08;2.82;3.04;4.14;91;0;54
Coop;KarvanCevitam;wk 26 20;18484;3.08;4.24;3.05;4.18;0;6;0
Coop;KarvanCevitam;wk 27 20;13209;3.18;4.33;3.03;4.13;0;0;0
Coop;KarvanCevitam;wk 28 20;12203;3.19;4.36;3.15;4.24;0;0;0
Coop;KarvanCevitam;wk 29 20;13671;3.15;4.34;3.17;4.29;0;0;0
Coop;KarvanCevitam;wk 30 20;81889;2.1;2.85;3.18;4.37;88;0;55
Coop;KarvanCevitam;wk 31 20;12094;3.1;4.37;3.16;4.34;0;0;0
Coop;KarvanCevitam;wk 32 20;17183;3.07;4.27;3.18;4.45;0;0;0
Coop;KarvanCevitam;wk 33 20;21636;3.08;4.24;3.18;4.4;0;0;0
Coop;KarvanCevitam;wk 34 20;38079;2.36;3.18;3.14;4.27;100;0;2
Coop;KarvanCevitam;wk 35 20;13402;3.06;4.16;3.08;4.25;0;0;0
Coop;KarvanCevitam;wk 36 20;12532;3.07;4.17;3.12;4.25;0;0;0
Coop;KarvanCevitam;wk 37 20;12764;3.07;4.13;3.11;4.19;0;5;0
Coop;KarvanCevitam;wk 38 20;43363;2.59;3.51;3.05;4.25;86;27;72
Coop;KarvanCevitam;wk 39 20;11852;3.04;4.12;3.06;4.14;0;5;0
Coop;KarvanCevitam;wk 40 20;11986;3.02;4.09;3.06;4.17;0;0;0
Coop;KarvanCevitam;wk 41 20;37534;2.58;3.48;3.04;4.16;89;0;47
Coop;KarvanCevitam;wk 42 20;11093;3.02;4.08;3.03;4.11;0;0;0
Coop;KarvanCevitam;wk 43 20;11825;3.02;4.08;3.04;4.18;0;4;0
Coop;KarvanCevitam;wk 44 20;12771;3.02;4.04;3.01;4.09;0;0;0
Coop;KarvanCevitam;wk 45 20;41334;2.58;3.48;3.02;4.06;88;0;41
Coop;KarvanCevitam;wk 46 20;10696;3.05;4.1;3.03;4.14;0;0;0
Coop;KarvanCevitam;wk 47 20;10848;3.07;4.15;3.02;4.05;0;0;0
Coop;KarvanCevitam;wk 48 20;11634;3.08;4.11;3.06;4.05;0;0;0
Coop;KarvanCevitam;wk 49 20;11932;3.07;4.12;3.07;4.11;0;0;0
Coop;KarvanCevitam;wk 50 20;12936;3.04;4.08;3.03;4.1;0;0;0
Coop;KarvanCevitam;wk 51 20;13956;3.07;4.11;3.07;4.11;0;0;0
Coop;KarvanCevitam;wk 52 20;11109;3.08;4.09;3.07;4.13;0;0;0
Coop;Raak;wk 01 17;10044;1.43;1.91;1.37;1.83;0;0;0
Coop;Raak;wk 02 17;11990;1.41;1.88;1.41;1.88;0;0;0
Coop;Raak;wk 03 17;12373;1.41;1.88;1.36;1.82;0;0;0
Coop;Raak;wk 04 17;12403;1.43;1.91;1.42;1.89;0;0;0
Coop;Raak;wk 05 17;12845;1.42;1.89;1.59;2.12;0;11;0
Coop;Raak;wk 06 17;12011;1.41;1.88;1.5;2;0;7;0
Coop;Raak;wk 07 17;12490;1.41;1.88;1.46;1.94;0;4;0
Coop;Raak;wk 08 17;11778;1.44;1.92;1.45;1.93;0;6;0
Coop;Raak;wk 09 17;11770;1.41;1.88;1.48;1.97;0;14;0
Coop;Raak;wk 10 17;12031;1.44;1.92;1.5;1.99;0;6;0
Coop;Raak;wk 11 17;12518;1.44;1.91;1.54;2.06;0;6;0
Coop;Raak;wk 12 17;12646;1.45;1.94;1.46;1.94;0;5;0
Coop;Raak;wk 13 17;12612;1.46;1.95;1.45;1.94;0;0;0
Coop;Raak;wk 14 17;13765;1.39;1.85;1.46;1.94;0;0;0
Coop;Raak;wk 15 17;13030;1.4;1.87;1.48;1.98;0;7;0
Coop;Raak;wk 16 17;10246;1.43;1.91;1.55;2.06;0;0;0
Coop;Raak;wk 17 17;9780;1.45;1.94;1.47;1.96;0;0;0
Coop;Raak;wk 18 17;11183;1.41;1.87;1.49;1.99;0;3;0
Coop;Raak;wk 19 17;12096;1.41;1.88;1.57;2.09;0;10;0
Coop;Raak;wk 20 17;34335;1.24;1.66;1.46;1.94;42;0;91
Coop;Raak;wk 21 17;15749;1.39;1.86;1.42;1.89;0;16;0
Coop;Raak;wk 22 17;15649;1.41;1.88;1.42;1.89;0;8;0
Coop;Raak;wk 23 17;11537;1.45;1.93;1.46;1.94;0;5;0
Coop;Raak;wk 24 17;13258;1.43;1.91;1.51;2.01;0;5;0
Coop;Raak;wk 25 17;16510;1.41;1.88;1.46;1.95;0;10;0
Coop;Raak;wk 26 17;13364;1.39;1.85;1.39;1.86;0;0;0
Coop;Raak;wk 27 17;12526;1.44;1.93;1.45;1.93;0;0;0
Coop;Raak;wk 28 17;12379;1.41;1.88;1.41;1.88;0;0;0
Coop;Raak;wk 29 17;13166;1.41;1.88;1.41;1.88;0;0;0
Coop;Raak;wk 30 17;11611;1.39;1.85;1.39;1.85;0;0;0
Coop;Raak;wk 31 17;10130;1.43;1.91;1.45;1.93;0;0;0
Coop;Raak;wk 32 17;9991;1.43;1.9;1.46;1.95;0;4;0
Coop;Raak;wk 33 17;10294;1.42;1.89;1.45;1.93;0;2;0
Coop;Raak;wk 34 17;12071;1.41;1.88;1.41;1.87;0;2;0
Coop;Raak;wk 35 17;11963;1.43;1.91;1.43;1.91;0;3;0
Coop;Raak;wk 36 17;11768;1.42;1.89;1.42;1.89;0;3;0
Coop;Raak;wk 37 17;10347;1.44;1.93;1.44;1.93;0;3;0
Coop;Raak;wk 38 17;10339;1.44;1.92;1.44;1.92;0;3;0
Coop;Raak;wk 39 17;10182;1.45;1.93;1.45;1.93;0;2;0
Coop;Raak;wk 40 17;9635;1.45;1.93;1.45;1.93;0;3;0
Coop;Raak;wk 41 17;10153;1.45;1.93;1.45;1.93;0;0;0
Coop;Raak;wk 42 17;27564;1.21;1.61;1.44;1.93;22;6;77
Coop;Raak;wk 43 17;9538;1.43;1.91;1.45;1.93;0;4;0
Coop;Raak;wk 44 17;10219;1.45;1.93;1.45;1.93;0;0;0
Coop;Raak;wk 45 17;10006;1.45;1.93;1.46;1.95;0;0;0
Coop;Raak;wk 46 17;10373;1.45;1.93;1.45;1.93;0;0;0
Coop;Raak;wk 47 17;10378;1.45;1.93;1.45;1.94;0;0;0
Coop;Raak;wk 48 17;10321;1.45;1.93;1.45;1.94;0;0;0
Coop;Raak;wk 49 17;10207;1.44;1.92;1.45;1.93;0;0;0
Coop;Raak;wk 50 17;10405;1.44;1.92;1.45;1.93;0;0;0
Coop;Raak;wk 51 17;11697;1.44;1.92;1.45;1.93;0;0;0
Coop;Raak;wk 52 17;7251;1.44;1.92;1.45;1.93;0;0;0
Coop;Raak;wk 01 18;8534;1.44;1.92;1.44;1.92;0;0;0
Coop;Raak;wk 02 18;10198;1.46;1.95;1.45;1.93;0;0;0
Coop;Raak;wk 03 18;10473;1.47;1.96;1.44;1.91;0;0;0
Coop;Raak;wk 04 18;10998;1.47;1.97;1.46;1.95;0;4;0
Coop;Raak;wk 05 18;10936;1.48;1.97;1.47;1.96;0;0;0
Coop;Raak;wk 06 18;10868;1.48;1.97;1.48;1.97;0;0;0
Coop;Raak;wk 07 18;11012;1.47;1.96;1.47;1.95;0;0;0
Coop;Raak;wk 08 18;10377;1.48;1.97;1.48;1.97;0;0;0
Coop;Raak;wk 09 18;10116;1.47;1.96;1.47;1.96;0;0;0
Coop;Raak;wk 10 18;13303;1.38;1.84;1.45;1.94;0;0;0
Coop;Raak;wk 11 18;12906;1.39;1.85;1.44;1.92;0;5;0
Coop;Raak;wk 12 18;13539;1.4;1.87;1.49;1.98;0;0;0
Coop;Raak;wk 13 18;13458;1.41;1.88;1.44;1.92;0;4;0
Coop;Raak;wk 14 18;12435;1.41;1.88;1.42;1.9;0;7;0
Coop;Raak;wk 15 18;12967;1.42;1.89;1.47;1.96;0;0;0
Coop;Raak;wk 16 18;16187;1.39;1.86;1.45;1.93;0;6;0
Coop;Raak;wk 17 18;13732;1.38;1.84;1.43;1.91;0;3;0
Coop;Raak;wk 18 18;40348;1.19;1.58;1.47;1.96;75;4;92
Coop;Raak;wk 19 18;14155;1.4;1.87;1.41;1.88;0;3;0
Coop;Raak;wk 20 18;13454;1.43;1.91;1.43;1.9;0;3;0
Coop;Raak;wk 21 18;14874;1.43;1.91;1.43;1.91;0;3;0
Coop;Raak;wk 22 18;16575;1.44;1.91;1.43;1.91;0;8;0
Coop;Raak;wk 23 18;14862;1.44;1.92;1.44;1.91;0;0;0
Coop;Raak;wk 24 18;13426;1.44;1.91;1.43;1.91;0;3;0
Coop;Raak;wk 25 18;13351;1.44;1.91;1.44;1.92;0;0;0
Coop;Raak;wk 26 18;15582;1.43;1.91;1.43;1.9;0;0;0
Coop;Raak;wk 27 18;16451;1.43;1.91;1.43;1.91;0;0;0
Coop;Raak;wk 28 18;46217;0.98;1.31;1.44;1.92;100;0;8
Coop;Raak;wk 29 18;17927;1.41;1.87;1.43;1.91;0;4;0
Coop;Raak;wk 30 18;19037;1.42;1.9;1.43;1.91;0;3;0
Coop;Raak;wk 31 18;17061;1.43;1.9;1.42;1.9;0;0;0
Coop;Raak;wk 32 18;13890;1.44;1.92;1.43;1.91;0;0;0
Coop;Raak;wk 33 18;11798;1.44;1.92;1.43;1.91;0;0;0
Coop;Raak;wk 34 18;12754;1.44;1.91;1.43;1.91;0;0;0
Coop;Raak;wk 35 18;11747;1.44;1.92;1.43;1.91;0;0;0
Coop;Raak;wk 36 18;12752;1.43;1.91;1.43;1.9;0;0;0
Coop;Raak;wk 37 18;12789;1.41;1.89;1.42;1.89;0;0;0
Coop;Raak;wk 38 18;13692;1.43;1.91;1.43;1.91;0;0;0
Coop;Raak;wk 39 18;13283;1.41;1.88;1.42;1.9;0;0;0
Coop;Raak;wk 40 18;12439;1.41;1.88;1.44;1.92;0;0;0
Coop;Raak;wk 41 18;13189;1.41;1.88;1.44;1.92;0;0;0
Coop;Raak;wk 42 18;13326;1.42;1.89;1.45;1.93;0;0;0
Coop;Raak;wk 43 18;11425;1.43;1.9;1.43;1.91;0;0;0
Coop;Raak;wk 44 18;9581;1.43;1.91;1.43;1.91;0;0;0
Coop;Raak;wk 45 18;8687;1.41;1.88;1.42;1.89;0;0;0
Coop;Raak;wk 46 18;8279;1.4;1.87;1.42;1.89;0;0;0
Coop;Raak;wk 47 18;8960;1.39;1.85;1.45;1.93;0;8;0
Coop;Raak;wk 48 18;11408;1.5;2;1.39;1.86;0;0;0
Coop;Raak;wk 49 18;12131;1.45;1.93;1.4;1.87;0;0;0
Coop;Raak;wk 50 18;42042;1.06;1.42;1.3;1.73;56;0;85
Coop;Raak;wk 51 18;11534;1.41;1.87;1.42;1.89;0;0;0
Coop;Raak;wk 52 18;8004;1.44;1.92;1.45;1.93;0;0;0
Coop;Raak;wk 01 19;9314;1.46;1.94;1.45;1.94;0;6;0
Coop;Raak;wk 02 19;10939;1.47;1.96;1.44;1.91;0;6;0
Coop;Raak;wk 03 19;11233;1.48;1.98;1.46;1.94;0;6;0
Coop;Raak;wk 04 19;12223;1.49;1.98;1.47;1.96;0;0;0
Coop;Raak;wk 05 19;12637;1.48;1.98;1.48;1.97;0;0;0
Coop;Raak;wk 06 19;12860;1.49;1.98;1.48;1.98;0;0;0
Coop;Raak;wk 07 19;13624;1.46;1.95;1.46;1.95;0;0;0
Coop;Raak;wk 08 19;12474;1.48;1.97;1.48;1.98;0;0;0
Coop;Raak;wk 09 19;12945;1.48;1.97;1.49;1.99;0;3;0
Coop;Raak;wk 10 19;12699;1.47;1.96;1.48;1.97;0;3;0
Coop;Raak;wk 11 19;13291;1.46;1.95;1.47;1.96;0;0;0
Coop;Raak;wk 12 19;13359;1.47;1.96;1.47;1.96;0;0;0
Coop;Raak;wk 13 19;15949;1.45;1.93;1.47;1.96;0;11;0
Coop;Raak;wk 14 19;15847;1.43;1.91;1.46;1.95;0;26;0
Coop;Raak;wk 15 19;15770;1.45;1.93;1.48;1.98;0;9;0
Coop;Raak;wk 16 19;16280;1.46;1.95;1.47;1.96;0;5;0
Coop;Raak;wk 17 19;14943;1.47;1.95;1.5;2;0;1;0
Coop;Raak;wk 18 19;13598;1.45;1.94;1.48;1.97;0;0;0
Coop;Raak;wk 19 19;13967;1.46;1.95;1.46;1.95;0;0;0
Coop;Raak;wk 20 19;44944;1.24;1.66;1.45;1.93;79;2;86
Coop;Raak;wk 21 19;14126;1.46;1.95;1.45;1.93;0;0;0
Coop;Raak;wk 22 19;14372;1.52;2.02;1.46;1.95;0;0;0
Coop;Raak;wk 23 19;15610;1.57;2.09;1.47;1.96;0;0;0
Coop;Raak;wk 24 19;14261;1.56;2.08;1.51;2.02;0;0;0
Coop;Raak;wk 25 19;56327;1.07;1.43;1.57;2.1;100;0;14
Coop;Raak;wk 26 19;21573;1.61;2.14;1.58;2.11;0;20;0
Coop;Raak;wk 27 19;16886;1.65;2.21;1.56;2.08;0;0;0
Coop;Raak;wk 28 19;14135;1.67;2.23;1.62;2.16;0;0;0
Coop;Raak;wk 29 19;14356;1.67;2.22;1.71;2.28;0;9;0
Coop;Raak;wk 30 19;21393;1.68;2.24;1.7;2.27;0;6;0
Coop;Raak;wk 31 19;14105;1.68;2.25;1.68;2.24;0;0;0
Coop;Raak;wk 32 19;13451;1.68;2.24;1.68;2.24;0;0;0
Coop;Raak;wk 33 19;41575;1.21;1.62;1.69;2.25;66;4;78
Coop;Raak;wk 34 19;15388;1.59;2.12;1.62;2.16;0;4;0
Coop;Raak;wk 35 19;18039;1.66;2.21;1.68;2.24;0;4;0
Coop;Raak;wk 36 19;14838;1.57;2.09;1.68;2.23;0;4;0
Coop;Raak;wk 37 19;15131;1.5;2;1.66;2.21;0;4;0
Coop;Raak;wk 38 19;14989;1.52;2.03;1.66;2.21;0;9;0
Coop;Raak;wk 39 19;14171;1.52;2.03;1.65;2.21;0;4;0
Coop;Raak;wk 40 19;13258;1.53;2.04;1.57;2.1;0;0;0
Coop;Raak;wk 41 19;13023;1.53;2.04;1.53;2.05;0;0;0
Coop;Raak;wk 42 19;13556;1.53;2.04;1.52;2.03;0;0;0
Coop;Raak;wk 43 19;13335;1.53;2.04;1.52;2.03;0;0;0
Coop;Raak;wk 44 19;13744;1.53;2.04;1.54;2.06;0;0;0
Coop;Raak;wk 45 19;13330;1.53;2.04;1.53;2.04;0;0;0
Coop;Raak;wk 46 19;13471;1.52;2.03;1.52;2.03;0;0;0
Coop;Raak;wk 47 19;13940;1.52;2.03;1.53;2.04;0;0;0
Coop;Raak;wk 48 19;13805;1.53;2.04;1.52;2.03;0;0;0
Coop;Raak;wk 49 19;13434;1.53;2.03;1.52;2.03;0;0;0
Coop;Raak;wk 50 19;13446;1.53;2.04;1.53;2.03;0;0;0
Coop;Raak;wk 51 19;13778;1.53;2.03;1.53;2.04;0;0;0
Coop;Raak;wk 52 19;10226;1.52;2.03;1.53;2.03;0;0;0
Coop;Raak;wk 01 20;11941;1.53;2.04;1.52;2.03;0;0;0
Coop;Raak;wk 02 20;13425;1.52;2.03;1.52;2.03;0;0;0
Coop;Raak;wk 03 20;13516;1.53;2.03;1.52;2.03;0;0;0
Coop;Raak;wk 04 20;14259;1.52;2.03;1.53;2.03;0;0;0
Coop;Raak;wk 05 20;13744;1.52;2.03;1.53;2.03;0;0;0
Coop;Raak;wk 06 20;47897;1.03;1.38;1.53;2.03;97;0;8
Coop;Raak;wk 07 20;13357;1.49;1.99;1.51;2.01;0;15;0
Coop;Raak;wk 08 20;13036;1.52;2.03;1.52;2.03;0;0;0
Coop;Raak;wk 09 20;13471;1.53;2.04;1.52;2.03;0;0;0
Coop;Raak;wk 10 20;13684;1.53;2.04;1.53;2.03;0;0;0
Coop;Raak;wk 11 20;20967;1.54;2.05;1.55;2.06;0;0;0
Coop;Raak;wk 12 20;20596;1.53;2.04;1.53;2.05;0;0;0
Coop;Raak;wk 13 20;17403;1.54;2.05;1.54;2.05;0;0;0
Coop;Raak;wk 14 20;20392;1.43;1.9;1.63;2.17;0;0;0
Coop;Raak;wk 15 20;19330;1.49;1.99;1.54;2.05;0;0;0
Coop;Raak;wk 16 20;17286;1.53;2.04;1.55;2.06;0;0;0
Coop;Raak;wk 17 20;53953;1.21;1.61;1.54;2.05;85;0;0
Coop;Raak;wk 18 20;15384;1.5;2;1.54;2.05;0;0;0
Coop;Raak;wk 19 20;16695;1.53;2.04;1.52;2.03;0;0;0
Coop;Raak;wk 20 20;16910;1.54;2.05;1.54;2.05;0;0;0
Coop;Raak;wk 21 20;18509;1.54;2.05;1.53;2.04;0;0;0
Coop;Raak;wk 22 20;19081;1.53;2.05;1.54;2.05;0;0;0
Coop;Raak;wk 23 20;18122;1.54;2.05;1.54;2.05;0;0;0
Coop;Raak;wk 24 20;17954;1.53;2.05;1.53;2.04;0;0;0
Coop;Raak;wk 25 20;19031;1.53;2.04;1.54;2.05;0;0;0
Coop;Raak;wk 26 20;23724;1.53;2.05;1.54;2.05;0;0;0
Coop;Raak;wk 27 20;18311;1.53;2.04;1.53;2.04;0;0;0
Coop;Raak;wk 28 20;58096;1.19;1.58;1.53;2.04;76;0;80
Coop;Raak;wk 29 20;14570;1.52;2.03;1.52;2.02;0;0;0
Coop;Raak;wk 30 20;15006;1.61;2.14;1.54;2.05;0;0;0
Coop;Raak;wk 31 20;15138;1.66;2.21;1.53;2.04;0;0;0
Coop;Raak;wk 32 20;20078;1.66;2.21;1.61;2.14;0;0;0
Coop;Raak;wk 33 20;24134;1.65;2.2;1.66;2.21;0;0;0
Coop;Raak;wk 34 20;20187;1.63;2.17;1.65;2.2;0;0;0
Coop;Raak;wk 35 20;65618;1.16;1.54;1.64;2.19;86;0;90
Coop;Raak;wk 36 20;13715;1.62;2.17;1.65;2.2;0;0;0
Coop;Raak;wk 37 20;14672;1.63;2.17;1.64;2.19;0;0;0
Coop;Raak;wk 38 20;16109;1.61;2.14;1.64;2.19;0;0;0
Coop;Raak;wk 39 20;16623;1.59;2.12;1.63;2.18;0;0;0
Coop;Raak;wk 40 20;16151;1.57;2.09;1.63;2.17;0;0;0
Coop;Raak;wk 41 20;15207;1.55;2.07;1.63;2.17;0;0;0
Coop;Raak;wk 42 20;15460;1.54;2.06;1.58;2.11;0;0;0
Coop;Raak;wk 43 20;15299;1.55;2.07;1.59;2.11;0;0;0
Coop;Raak;wk 44 20;15640;1.55;2.07;1.56;2.08;0;0;0
Coop;Raak;wk 45 20;15888;1.61;2.15;1.55;2.07;0;0;0
Coop;Raak;wk 46 20;15454;1.65;2.21;1.56;2.08;0;0;0
Coop;Raak;wk 47 20;15903;1.65;2.21;1.61;2.15;0;0;0
Coop;Raak;wk 48 20;16384;1.65;2.2;1.65;2.2;0;0;0
Coop;Raak;wk 49 20;64128;1.15;1.54;1.65;2.2;79;0;89
Coop;Raak;wk 50 20;12790;1.64;2.19;1.64;2.19;0;0;0
Coop;Raak;wk 51 20;15219;1.64;2.19;1.65;2.2;0;0;0
Coop;Raak;wk 52 20;12059;1.64;2.18;1.66;2.22;0;0;0
Coop;Slimpie;wk 01 17;3191;1.88;3.35;1.81;3.2;0;4;0
Coop;Slimpie;wk 02 17;3495;1.92;3.41;1.79;3.16;0;4;0
Coop;Slimpie;wk 03 17;3425;1.92;3.42;1.87;3.36;0;5;0
Coop;Slimpie;wk 04 17;3566;1.88;3.35;1.91;3.41;0;5;0
Coop;Slimpie;wk 05 17;3579;1.86;3.34;1.95;3.61;0;4;0
Coop;Slimpie;wk 06 17;3502;1.86;3.33;1.92;3.49;0;0;0
Coop;Slimpie;wk 07 17;3715;1.86;3.34;1.93;3.48;0;0;0
Coop;Slimpie;wk 08 17;3714;1.85;3.32;1.89;3.33;0;0;0
Coop;Slimpie;wk 09 17;3444;1.85;3.32;1.91;3.57;0;0;0
Coop;Slimpie;wk 10 17;3653;1.85;3.32;1.89;3.43;0;0;0
Coop;Slimpie;wk 11 17;3909;1.85;3.32;1.86;3.31;0;0;0
Coop;Slimpie;wk 12 17;3751;1.85;3.31;1.88;3.44;0;0;0
Coop;Slimpie;wk 13 17;3883;1.85;3.31;1.85;3.29;0;0;0
Coop;Slimpie;wk 14 17;3890;1.85;3.32;1.84;3.28;0;0;0
Coop;Slimpie;wk 15 17;13182;1.49;2.67;1.85;3.28;94;0;76
Coop;Slimpie;wk 16 17;3358;1.86;3.37;1.85;3.32;0;0;0
Coop;Slimpie;wk 17 17;3235;1.86;3.36;1.86;3.38;0;3;0
Coop;Slimpie;wk 18 17;3529;1.85;3.35;1.86;3.38;0;0;0
Coop;Slimpie;wk 19 17;3913;1.85;3.31;1.88;3.38;0;0;0
Coop;Slimpie;wk 20 17;4273;1.85;3.33;1.85;3.3;0;0;0
Coop;Slimpie;wk 21 17;4947;1.87;3.4;1.87;3.36;0;0;0
Coop;Slimpie;wk 22 17;5144;1.87;3.38;1.88;3.46;0;0;0
Coop;Slimpie;wk 23 17;4120;1.85;3.33;1.89;3.4;0;0;0
Coop;Slimpie;wk 24 17;13650;1.51;2.74;1.85;3.29;81;4;64
Coop;Slimpie;wk 25 17;4891;1.87;3.41;1.88;3.51;0;0;0
Coop;Slimpie;wk 26 17;3892;1.86;3.35;1.85;3.31;0;0;0
Coop;Slimpie;wk 27 17;4021;1.87;3.41;1.89;3.51;0;0;0
Coop;Slimpie;wk 28 17;3891;1.86;3.37;1.86;3.4;0;0;0
Coop;Slimpie;wk 29 17;5291;1.77;3.67;1.85;3.31;74;0;7
Coop;Slimpie;wk 30 17;3755;1.86;3.4;1.86;3.35;0;0;0
Coop;Slimpie;wk 31 17;3552;1.86;3.38;1.84;3.27;0;0;0
Coop;Slimpie;wk 32 17;3314;1.86;3.38;1.86;3.37;0;0;0
Coop;Slimpie;wk 33 17;3435;1.85;3.31;1.86;3.45;0;0;0
Coop;Slimpie;wk 34 17;3940;1.85;3.31;1.84;3.25;0;4;0
Coop;Slimpie;wk 35 17;4170;1.82;3.26;1.85;3.28;0;0;0
Coop;Slimpie;wk 36 17;3698;1.83;3.26;1.89;3.37;0;0;0
Coop;Slimpie;wk 37 17;9588;1.51;2.7;1.83;3.27;48;5;61
Coop;Slimpie;wk 38 17;2995;1.84;3.29;1.85;3.29;0;0;0
Coop;Slimpie;wk 39 17;3050;1.84;3.29;1.84;3.25;0;0;0
Coop;Slimpie;wk 40 17;3069;1.83;3.23;1.86;3.37;0;0;0
Coop;Slimpie;wk 41 17;3118;1.82;3.23;1.83;3.25;0;0;0
Coop;Slimpie;wk 42 17;3161;1.83;3.23;1.82;3.22;0;12;0
Coop;Slimpie;wk 43 17;3233;1.83;3.24;1.88;3.49;0;0;0
Coop;Slimpie;wk 44 17;3153;1.83;3.24;1.82;3.19;0;0;0
Coop;Slimpie;wk 45 17;10496;1.51;2.71;1.83;3.24;52;0;37
Coop;Slimpie;wk 46 17;2805;1.84;3.25;1.83;3.25;0;8;0
Coop;Slimpie;wk 47 17;3153;1.84;3.27;1.83;3.22;0;0;0
Coop;Slimpie;wk 48 17;3047;1.83;3.25;1.83;3.25;0;0;0
Coop;Slimpie;wk 49 17;3114;1.82;3.21;1.85;3.33;0;0;0
Coop;Slimpie;wk 50 17;3279;1.81;3.18;1.87;3.42;0;0;0
Coop;Slimpie;wk 51 17;3825;1.81;3.19;1.82;3.18;0;0;0
Coop;Slimpie;wk 52 17;2410;1.83;3.25;1.81;3.19;0;0;0
Coop;Slimpie;wk 01 18;2954;1.82;3.22;1.83;3.24;0;0;0
Coop;Slimpie;wk 02 18;3444;1.82;3.22;1.82;3.21;0;0;0
Coop;Slimpie;wk 03 18;3514;1.82;3.22;1.81;3.18;0;0;0
Coop;Slimpie;wk 04 18;3418;1.82;3.23;1.86;3.42;0;0;0
Coop;Slimpie;wk 05 18;3214;1.83;3.25;1.83;3.26;0;0;0
Coop;Slimpie;wk 06 18;3243;1.82;3.26;1.83;3.26;0;0;0
Coop;Slimpie;wk 07 18;3169;1.81;3.24;1.83;3.27;0;0;0
Coop;Slimpie;wk 08 18;3594;1.81;3.28;1.82;3.27;0;0;0
Coop;Slimpie;wk 09 18;3120;1.81;3.23;1.81;3.19;0;0;0
Coop;Slimpie;wk 10 18;3650;1.82;3.26;1.83;3.3;0;0;0
Coop;Slimpie;wk 11 18;3618;1.81;3.23;1.82;3.24;0;0;0
Coop;Slimpie;wk 12 18;3604;1.82;3.25;1.81;3.23;0;0;0
Coop;Slimpie;wk 13 18;3656;1.81;3.23;1.81;3.24;0;0;0
Coop;Slimpie;wk 14 18;11425;1.54;2.74;1.8;3.21;48;0;70
Coop;Slimpie;wk 15 18;3840;1.75;3.17;1.82;3.25;0;5;0
Coop;Slimpie;wk 16 18;4680;1.71;3.13;1.84;3.34;0;0;0
Coop;Slimpie;wk 17 18;4299;1.71;3.15;1.82;3.34;0;0;0
Coop;Slimpie;wk 18 18;4325;1.73;3.24;1.75;3.23;0;0;0
Coop;Slimpie;wk 19 18;4968;1.73;3.19;1.73;3.15;0;0;0
Coop;Slimpie;wk 20 18;4656;1.78;3.27;1.79;3.48;0;0;0
Coop;Slimpie;wk 21 18;5546;1.83;3.34;1.73;3.14;0;0;0
Coop;Slimpie;wk 22 18;6131;1.83;3.37;1.78;3.22;0;0;0
Coop;Slimpie;wk 23 18;15311;1.49;2.67;1.81;3.25;79;0;72
Coop;Slimpie;wk 24 18;4395;1.86;3.4;1.82;3.37;0;0;0
Coop;Slimpie;wk 25 18;4263;1.88;3.45;1.82;3.33;0;0;0
Coop;Slimpie;wk 26 18;5384;1.88;3.46;1.87;3.46;0;0;0
Coop;Slimpie;wk 27 18;5951;1.88;3.47;1.88;3.45;0;0;0
Coop;Slimpie;wk 28 18;5029;1.9;3.48;1.92;3.64;0;0;0
Coop;Slimpie;wk 29 18;6121;1.93;3.54;1.87;3.38;0;0;0
Coop;Slimpie;wk 30 18;7382;1.93;3.57;1.9;3.44;0;0;0
Coop;Slimpie;wk 31 18;18910;1.49;2.65;1.92;3.49;64;0;72
Coop;Slimpie;wk 32 18;5404;1.9;3.56;1.92;3.53;0;11;0
Coop;Slimpie;wk 33 18;8633;1.33;4.42;1.9;3.51;0;55;0
Coop;Slimpie;wk 34 18;6901;1.5;3.93;1.91;3.48;0;61;0
Coop;Slimpie;wk 35 18;5295;1.63;3.64;1.88;3.55;0;41;0
Coop;Slimpie;wk 36 18;4668;1.73;3.51;1.85;3.5;0;25;0
Coop;Slimpie;wk 37 18;4393;1.78;3.41;1.83;3.37;0;8;0
Coop;Slimpie;wk 38 18;4467;1.82;3.43;1.84;3.45;0;0;0
Coop;Slimpie;wk 39 18;4440;1.84;3.38;1.86;3.52;0;4;0
Coop;Slimpie;wk 40 18;13102;1.5;2.68;1.86;3.37;62;0;31
Coop;Slimpie;wk 41 18;4028;1.79;3.29;1.84;3.34;0;9;0
Coop;Slimpie;wk 42 18;4327;1.75;3.19;1.86;3.46;0;0;0
Coop;Slimpie;wk 43 18;4177;1.75;3.15;1.88;3.41;0;0;0
Coop;Slimpie;wk 44 18;4025;1.74;3.13;1.79;3.23;0;0;0
Coop;Slimpie;wk 45 18;11561;1.5;2.66;1.85;3.53;48;4;66
Coop;Slimpie;wk 46 18;3954;1.73;3.11;1.74;3.14;0;11;0
Coop;Slimpie;wk 47 18;4070;1.74;3.14;1.77;3.18;0;5;0
Coop;Slimpie;wk 48 18;3782;1.84;3.32;1.72;3.09;0;5;0
Coop;Slimpie;wk 49 18;3951;1.78;3.19;1.76;3.19;0;0;0
Coop;Slimpie;wk 50 18;3873;1.75;3.14;1.76;3.27;0;0;0
Coop;Slimpie;wk 51 18;4430;1.76;3.17;1.75;3.09;0;0;0
Coop;Slimpie;wk 52 18;3088;1.76;3.18;1.78;3.21;0;0;0
Coop;Slimpie;wk 01 19;3679;1.79;3.21;1.76;3.14;0;0;0
Coop;Slimpie;wk 02 19;4179;1.81;3.25;1.77;3.2;0;0;0
Coop;Slimpie;wk 03 19;4180;1.81;3.24;1.8;3.23;0;0;0
Coop;Slimpie;wk 04 19;4493;1.81;3.27;1.84;3.42;0;0;0
Coop;Slimpie;wk 05 19;4402;1.81;3.26;1.8;3.17;0;0;0
Coop;Slimpie;wk 06 19;4466;1.81;3.28;1.82;3.31;0;0;0
Coop;Slimpie;wk 07 19;4664;1.81;3.25;1.81;3.29;0;0;0
Coop;Slimpie;wk 08 19;4612;1.8;3.22;1.79;3.16;0;0;0
Coop;Slimpie;wk 09 19;4694;1.81;3.24;1.81;3.22;0;0;0
Coop;Slimpie;wk 10 19;4593;1.79;3.21;1.83;3.38;0;0;0
Coop;Slimpie;wk 11 19;4562;1.78;3.18;1.82;3.37;0;0;0
Coop;Slimpie;wk 12 19;4728;1.78;3.17;1.79;3.22;0;0;0
Coop;Slimpie;wk 13 19;4758;1.78;3.14;1.82;3.21;0;0;0
Coop;Slimpie;wk 14 19;16123;1.51;2.62;1.8;3.22;36;6;72
Coop;Slimpie;wk 15 19;4388;1.78;3.12;1.78;3.12;0;0;0
Coop;Slimpie;wk 16 19;5066;1.79;3.13;1.79;3.12;0;0;0
Coop;Slimpie;wk 17 19;4799;1.79;3.12;1.79;3.12;0;0;0
Coop;Slimpie;wk 18 19;4552;1.78;3.11;1.8;3.16;0;0;0
Coop;Slimpie;wk 19 19;4704;1.76;3.06;1.93;3.35;0;6;0
Coop;Slimpie;wk 20 19;4671;1.78;3.12;1.77;3.09;0;0;0
Coop;Slimpie;wk 21 19;5106;1.78;3.1;1.78;3.09;0;0;0
Coop;Slimpie;wk 22 19;5523;1.78;3.11;1.78;3.11;0;0;0
Coop;Slimpie;wk 23 19;16594;1.51;2.61;1.8;3.14;42;6;73
Coop;Slimpie;wk 24 19;4384;1.78;3.09;1.79;3.12;0;0;0
Coop;Slimpie;wk 25 19;6295;1.78;3.1;1.78;3.1;0;0;0
Coop;Slimpie;wk 26 19;7398;1.79;3.1;1.78;3.09;0;0;0
Coop;Slimpie;wk 27 19;5778;1.79;3.12;1.77;3.08;0;0;0
Coop;Slimpie;wk 28 19;5011;1.81;3.13;1.78;3.09;0;0;0
Coop;Slimpie;wk 29 19;4855;1.81;3.13;1.79;3.1;0;0;0
Coop;Slimpie;wk 30 19;8150;1.82;3.15;1.81;3.14;0;0;0
Coop;Slimpie;wk 31 19;19161;1.49;2.57;1.82;3.15;61;0;81
Coop;Slimpie;wk 32 19;4728;1.82;3.14;1.81;3.13;0;5;0
Coop;Slimpie;wk 33 19;4212;1.87;3.22;1.8;3.11;0;6;0
Coop;Slimpie;wk 34 19;4996;1.89;3.27;1.82;3.14;0;0;0
Coop;Slimpie;wk 35 19;6423;1.89;3.27;1.87;3.22;0;0;0
Coop;Slimpie;wk 36 19;4904;1.89;3.26;1.88;3.25;0;0;0
Coop;Slimpie;wk 37 19;4211;1.89;3.25;1.89;3.26;0;0;0
Coop;Slimpie;wk 38 19;4154;1.88;3.24;1.88;3.24;0;0;0
Coop;Slimpie;wk 39 19;14310;1.58;2.73;1.89;3.26;57;0;81
Coop;Slimpie;wk 40 19;3967;1.83;3.15;1.87;3.22;0;0;0
Coop;Slimpie;wk 41 19;3892;1.8;3.11;1.89;3.26;0;0;0
Coop;Slimpie;wk 42 19;4156;1.81;3.12;1.89;3.27;0;0;0
Coop;Slimpie;wk 43 19;13910;1.49;2.57;1.86;3.21;77;0;80
Coop;Slimpie;wk 44 19;4108;1.79;3.09;1.82;3.13;0;6;0
Coop;Slimpie;wk 45 19;3910;1.8;3.1;1.81;3.13;0;5;0
Coop;Slimpie;wk 46 19;4065;1.8;3.1;1.82;3.13;0;0;0
Coop;Slimpie;wk 47 19;4349;1.79;3.08;1.8;3.11;0;0;0
Coop;Slimpie;wk 48 19;4233;1.8;3.1;1.8;3.1;0;0;0
Coop;Slimpie;wk 49 19;3932;1.79;3.08;1.8;3.11;0;0;0
Coop;Slimpie;wk 50 19;4234;1.79;3.09;1.8;3.11;0;0;0
Coop;Slimpie;wk 51 19;4399;1.78;3.07;1.78;3.08;0;0;0
Coop;Slimpie;wk 52 19;3270;1.77;3.06;1.8;3.1;0;0;0
Coop;Slimpie;wk 01 20;3952;1.77;3.06;1.77;3.05;0;0;0
Coop;Slimpie;wk 02 20;4407;1.77;3.05;1.79;3.08;0;0;0
Coop;Slimpie;wk 03 20;4412;1.77;3.06;1.78;3.07;0;0;0
Coop;Slimpie;wk 04 20;4384;1.77;3.05;1.77;3.05;0;0;0
Coop;Slimpie;wk 05 20;4466;1.77;3.06;1.77;3.05;0;0;0
Coop;Slimpie;wk 06 20;4399;1.77;3.06;1.76;3.04;0;0;0
Coop;Slimpie;wk 07 20;4408;1.77;3.06;1.79;3.08;0;0;0
Coop;Slimpie;wk 08 20;4308;1.77;3.05;1.77;3.05;0;0;0
Coop;Slimpie;wk 09 20;4902;1.75;3.01;1.79;3.09;0;0;0
Coop;Slimpie;wk 10 20;31890;1.1;1.89;1.78;3.07;78;0;67
Coop;Slimpie;wk 11 20;6290;1.72;2.96;1.71;2.96;0;0;0
Coop;Slimpie;wk 12 20;6064;1.78;3.06;1.77;3.05;0;0;0
Coop;Slimpie;wk 13 20;5333;1.78;3.07;1.77;3.06;0;0;0
Coop;Slimpie;wk 14 20;4921;1.78;3.06;1.77;3.06;0;0;0
Coop;Slimpie;wk 15 20;5789;1.78;3.07;1.79;3.08;0;0;0
Coop;Slimpie;wk 16 20;5263;1.78;3.07;1.76;3.04;0;0;0
Coop;Slimpie;wk 17 20;5839;1.78;3.07;1.78;3.07;0;0;0
Coop;Slimpie;wk 18 20;5060;1.78;3.06;1.79;3.09;0;0;0
Coop;Slimpie;wk 19 20;5451;1.78;3.07;1.77;3.06;0;0;0
Coop;Slimpie;wk 20 20;5345;1.78;3.06;1.78;3.06;0;0;0
Coop;Slimpie;wk 21 20;5997;1.78;3.07;1.78;3.07;0;0;0
Coop;Slimpie;wk 22 20;6621;1.78;3.07;1.78;3.07;0;0;0
Coop;Slimpie;wk 23 20;18166;1.51;2.6;1.78;3.06;44;3;64
Coop;Slimpie;wk 24 20;5403;1.77;3.06;1.77;3.05;0;0;0
Coop;Slimpie;wk 25 20;5698;1.78;3.07;1.78;3.07;0;0;0
Coop;Slimpie;wk 26 20;7376;1.79;3.09;1.8;3.1;0;0;0
Coop;Slimpie;wk 27 20;5474;1.78;3.07;1.79;3.08;0;0;0
Coop;Slimpie;wk 28 20;4994;1.78;3.07;1.77;3.06;0;0;0
Coop;Slimpie;wk 29 20;5090;1.78;3.07;1.77;3.06;0;0;0
Coop;Slimpie;wk 30 20;5221;1.78;3.07;1.78;3.07;0;0;0
Coop;Slimpie;wk 31 20;5305;1.78;3.08;1.78;3.06;0;0;0
Coop;Slimpie;wk 32 20;7399;1.78;3.07;1.76;3.04;0;0;0
Coop;Slimpie;wk 33 20;46667;1.04;1.78;1.8;3.11;72;0;83
Coop;Slimpie;wk 34 20;5893;1.78;3.08;1.78;3.07;0;0;0
Coop;Slimpie;wk 35 20;4559;1.82;3.14;1.8;3.1;0;0;0
Coop;Slimpie;wk 36 20;4409;1.85;3.19;1.8;3.1;0;0;0
Coop;Slimpie;wk 37 20;4738;1.85;3.18;1.82;3.15;0;0;0
Coop;Slimpie;wk 38 20;5335;1.81;3.12;1.84;3.17;0;0;0
Coop;Slimpie;wk 39 20;5174;1.77;3.05;1.84;3.18;0;0;0
Coop;Slimpie;wk 40 20;4857;1.77;3.05;1.83;3.16;0;0;0
Coop;Slimpie;wk 41 20;4775;1.77;3.05;1.83;3.16;0;0;0
Coop;Slimpie;wk 42 20;4947;1.76;3.03;1.79;3.09;0;0;0
Coop;Slimpie;wk 43 20;32012;1.03;1.77;1.78;3.08;38;0;85
Coop;Slimpie;wk 44 20;4191;1.69;2.91;1.77;3.05;0;0;0
Coop;Slimpie;wk 45 20;4443;1.63;2.81;1.76;3.03;0;0;0
Coop;Slimpie;wk 46 20;4487;1.64;2.82;1.78;3.07;0;0;0
Coop;Slimpie;wk 47 20;4674;1.64;2.82;1.71;2.94;0;0;0
Coop;Slimpie;wk 48 20;4827;1.64;2.82;1.65;2.85;0;0;0
Coop;Slimpie;wk 49 20;4483;1.64;2.82;1.64;2.83;0;0;0
Coop;Slimpie;wk 50 20;4866;1.64;2.82;1.64;2.82;0;0;0
Coop;Slimpie;wk 51 20;5416;1.64;2.83;1.63;2.82;0;0;0
Coop;Slimpie;wk 52 20;4023;1.64;2.83;1.64;2.83;0;0;0
Coop;Teisseire;wk 01 17;799;2.76;3.68;2.75;3.66;0;0;0
Coop;Teisseire;wk 02 17;903;2.76;3.68;2.76;3.69;0;0;0
Coop;Teisseire;wk 03 17;939;2.76;3.68;2.75;3.67;0;0;0
Coop;Teisseire;wk 04 17;944;2.76;3.67;2.76;3.68;0;0;0
Coop;Teisseire;wk 05 17;981;2.76;3.67;2.75;3.66;0;0;0
Coop;Teisseire;wk 06 17;924;2.76;3.68;2.76;3.68;0;0;0
Coop;Teisseire;wk 07 17;930;2.77;3.69;2.77;3.69;0;0;0
Coop;Teisseire;wk 08 17;922;2.76;3.68;2.75;3.67;0;0;0
Coop;Teisseire;wk 09 17;885;2.76;3.68;2.75;3.67;0;0;0
Coop;Teisseire;wk 10 17;961;2.76;3.68;2.75;3.67;0;0;0
Coop;Teisseire;wk 11 17;985;2.75;3.67;2.76;3.68;0;0;0
Coop;Teisseire;wk 12 17;968;2.76;3.68;2.76;3.68;0;0;0
Coop;Teisseire;wk 13 17;973;2.77;3.69;2.77;3.69;0;0;0
Coop;Teisseire;wk 14 17;1061;2.75;3.66;2.75;3.67;0;0;0
Coop;Teisseire;wk 15 17;1065;2.76;3.68;2.76;3.68;0;0;0
Coop;Teisseire;wk 16 17;886;2.75;3.67;2.76;3.68;0;0;0
Coop;Teisseire;wk 17 17;1021;2.75;3.66;2.74;3.66;0;0;0
Coop;Teisseire;wk 18 17;997;2.75;3.67;2.76;3.68;0;0;0
Coop;Teisseire;wk 19 17;1172;2.76;3.68;2.74;3.66;0;0;0
Coop;Teisseire;wk 20 17;1185;2.76;3.68;2.76;3.68;0;0;0
Coop;Teisseire;wk 21 17;1411;2.74;3.66;2.74;3.65;0;0;0
Coop;Teisseire;wk 22 17;1340;2.76;3.68;2.75;3.67;0;0;0
Coop;Teisseire;wk 23 17;1179;2.76;3.67;2.75;3.67;0;0;0
Coop;Teisseire;wk 24 17;1271;2.76;3.68;2.74;3.66;0;0;0
Coop;Teisseire;wk 25 17;1463;2.76;3.68;2.75;3.67;0;0;0
Coop;Teisseire;wk 26 17;1138;2.75;3.67;2.76;3.68;0;0;0
Coop;Teisseire;wk 27 17;1216;2.76;3.68;2.75;3.67;0;0;0
Coop;Teisseire;wk 28 17;1044;2.76;3.68;2.75;3.66;0;0;0
Coop;Teisseire;wk 29 17;1150;2.75;3.67;2.76;3.68;0;0;0
Coop;Teisseire;wk 30 17;940;2.75;3.67;2.74;3.65;0;0;0
Coop;Teisseire;wk 31 17;889;2.76;3.68;2.74;3.65;0;0;0
Coop;Teisseire;wk 32 17;907;2.77;3.69;2.75;3.66;0;0;0
Coop;Teisseire;wk 33 17;826;2.78;3.7;2.76;3.68;0;0;0
Coop;Teisseire;wk 34 17;1053;2.77;3.7;2.78;3.7;0;0;0
Coop;Teisseire;wk 35 17;1045;2.78;3.7;2.77;3.69;0;0;0
Coop;Teisseire;wk 36 17;961;2.78;3.71;2.78;3.7;0;0;0
Coop;Teisseire;wk 37 17;1015;2.78;3.7;2.79;3.72;0;0;0
Coop;Teisseire;wk 38 17;945;2.77;3.69;2.78;3.7;0;0;0
Coop;Teisseire;wk 39 17;1534;2.35;3.13;2.86;3.82;77;5;17
Coop;Teisseire;wk 40 17;900;2.74;3.66;2.8;3.73;0;0;0
Coop;Teisseire;wk 41 17;851;2.76;3.68;2.76;3.68;0;0;0
Coop;Teisseire;wk 42 17;858;2.77;3.69;2.74;3.66;0;0;0
Coop;Teisseire;wk 43 17;930;2.78;3.7;2.78;3.71;0;0;0
Coop;Teisseire;wk 44 17;855;2.77;3.7;2.78;3.71;0;0;0
Coop;Teisseire;wk 45 17;880;2.78;3.71;2.78;3.71;0;0;0
Coop;Teisseire;wk 46 17;896;2.78;3.7;2.76;3.68;0;0;0
Coop;Teisseire;wk 47 17;869;2.78;3.7;2.78;3.71;0;0;0
Coop;Teisseire;wk 48 17;890;2.77;3.7;2.78;3.7;0;0;0
Coop;Teisseire;wk 49 17;854;2.77;3.7;2.77;3.69;0;0;0
Coop;Teisseire;wk 50 17;915;2.77;3.69;2.78;3.7;0;0;0
Coop;Teisseire;wk 51 17;954;2.77;3.7;2.77;3.7;0;0;0
Coop;Teisseire;wk 52 17;613;2.77;3.69;2.77;3.7;0;0;0
Coop;Teisseire;wk 01 18;755;2.77;3.69;2.76;3.68;0;0;0
Coop;Teisseire;wk 02 18;914;2.77;3.69;2.77;3.69;0;0;0
Coop;Teisseire;wk 03 18;996;2.77;3.69;2.79;3.72;0;0;0
Coop;Teisseire;wk 04 18;1015;2.77;3.7;2.76;3.68;0;0;0
Coop;Teisseire;wk 05 18;1083;2.77;3.69;2.77;3.69;0;0;0
Coop;Teisseire;wk 06 18;1003;2.78;3.7;2.77;3.69;0;0;0
Coop;Teisseire;wk 07 18;1025;2.78;3.7;2.77;3.69;0;0;0
Coop;Teisseire;wk 08 18;1044;2.77;3.7;2.78;3.7;0;0;0
Coop;Teisseire;wk 09 18;1050;2.77;3.7;2.78;3.71;0;0;0
Coop;Teisseire;wk 10 18;1177;2.77;3.7;2.77;3.69;0;0;0
Coop;Teisseire;wk 11 18;1124;2.78;3.7;2.78;3.7;0;0;0
Coop;Teisseire;wk 12 18;1127;2.77;3.7;2.77;3.69;0;0;0
Coop;Teisseire;wk 13 18;1120;2.78;3.7;2.78;3.71;0;0;0
Coop;Teisseire;wk 14 18;1115;2.77;3.7;2.77;3.69;0;0;0
Coop;Teisseire;wk 15 18;1212;2.77;3.69;2.77;3.69;0;0;0
Coop;Teisseire;wk 16 18;1343;2.77;3.7;2.76;3.68;0;0;0
Coop;Teisseire;wk 17 18;1096;2.77;3.69;2.76;3.68;0;0;0
Coop;Teisseire;wk 18 18;1084;2.77;3.7;2.77;3.69;0;0;0
Coop;Teisseire;wk 19 18;1236;2.78;3.7;2.77;3.7;0;0;0
Coop;Teisseire;wk 20 18;1244;2.77;3.7;2.77;3.7;0;0;0
Coop;Teisseire;wk 21 18;1254;2.77;3.7;2.77;3.69;0;0;0
Coop;Teisseire;wk 22 18;1431;2.78;3.7;2.77;3.7;0;0;0
Coop;Teisseire;wk 23 18;1181;2.78;3.71;2.76;3.68;0;0;0
Coop;Teisseire;wk 24 18;1096;2.78;3.7;2.78;3.71;0;0;0
Coop;Teisseire;wk 25 18;984;2.78;3.71;2.79;3.72;0;0;0
Coop;Teisseire;wk 26 18;1114;2.78;3.71;2.78;3.7;0;0;0
Coop;Teisseire;wk 27 18;1573;2.78;3.7;2.77;3.69;0;0;0
Coop;Teisseire;wk 28 18;1339;2.78;3.7;2.77;3.69;0;0;0
Coop;Teisseire;wk 29 18;4775;2.12;2.83;2.77;3.69;81;0;0
Coop;Teisseire;wk 30 18;2058;2.81;3.75;2.81;3.75;0;0;0
Coop;Teisseire;wk 31 18;1775;2.81;3.74;2.8;3.73;0;0;0
Coop;Teisseire;wk 32 18;2802;2.27;3.02;2.74;3.66;95;0;14
Coop;Teisseire;wk 33 18;1249;2.74;3.65;2.79;3.72;0;0;0
Coop;Teisseire;wk 34 18;1102;2.73;3.64;2.78;3.71;0;0;0
Coop;Teisseire;wk 35 18;1113;2.75;3.67;2.8;3.74;0;0;0
Coop;Teisseire;wk 36 18;2424;2.31;3.08;2.79;3.72;0;0;0
Coop;Teisseire;wk 37 18;1088;2.75;3.67;2.79;3.72;0;0;0
Coop;Teisseire;wk 38 18;1143;2.74;3.66;2.75;3.66;0;0;0
Coop;Teisseire;wk 39 18;1101;2.74;3.66;2.75;3.66;0;0;0
Coop;Teisseire;wk 40 18;1132;2.75;3.67;2.73;3.64;0;0;0
Coop;Teisseire;wk 41 18;1128;2.74;3.66;2.75;3.66;0;0;0
Coop;Teisseire;wk 42 18;1115;2.74;3.65;2.74;3.65;0;0;0
Coop;Teisseire;wk 43 18;1054;2.73;3.64;2.74;3.66;0;0;0
Coop;Teisseire;wk 44 18;1091;2.75;3.66;2.74;3.65;0;0;0
Coop;Teisseire;wk 45 18;1215;2.74;3.65;2.75;3.67;0;0;0
Coop;Teisseire;wk 46 18;1143;2.74;3.65;2.76;3.68;0;0;0
Coop;Teisseire;wk 47 18;1197;2.76;3.67;2.76;3.68;0;0;0
Coop;Teisseire;wk 48 18;1144;2.86;3.82;2.66;3.55;0;0;0
Coop;Teisseire;wk 49 18;1118;2.76;3.68;2.72;3.62;0;0;0
Coop;Teisseire;wk 50 18;1175;2.73;3.65;2.74;3.65;0;0;0
Coop;Teisseire;wk 51 18;1212;2.74;3.65;2.73;3.64;0;0;0
Coop;Teisseire;wk 52 18;887;2.74;3.66;2.77;3.69;0;0;0
Coop;Teisseire;wk 01 19;999;2.79;3.72;2.72;3.63;0;0;0
Coop;Teisseire;wk 02 19;1170;2.81;3.74;2.75;3.66;0;0;0
Coop;Teisseire;wk 03 19;1254;2.8;3.74;2.76;3.68;0;0;0
Coop;Teisseire;wk 04 19;1249;2.82;3.75;2.8;3.73;0;0;0
Coop;Teisseire;wk 05 19;1313;2.82;3.76;2.8;3.74;0;0;0
Coop;Teisseire;wk 06 19;4576;1.95;2.6;2.61;3.48;77;4;41
Coop;Teisseire;wk 07 19;1287;2.76;3.68;2.7;3.61;0;0;0
Coop;Teisseire;wk 08 19;1299;2.82;3.76;2.84;3.79;0;0;0
Coop;Teisseire;wk 09 19;1467;2.81;3.75;2.8;3.73;0;0;0
Coop;Teisseire;wk 10 19;1414;2.83;3.9;2.82;3.84;0;0;0
Coop;Teisseire;wk 11 19;1546;2.85;3.99;2.84;3.91;0;0;0
Coop;Teisseire;wk 12 19;1598;2.84;4.02;2.84;3.96;0;0;0
Coop;Teisseire;wk 13 19;1841;2.85;4.04;2.85;3.97;0;0;0
Coop;Teisseire;wk 14 19;1803;2.84;4.05;2.83;4.13;0;0;0
Coop;Teisseire;wk 15 19;2121;2.79;4.21;2.8;4.34;0;0;0
Coop;Teisseire;wk 16 19;2405;2.79;4.15;2.78;4.35;0;0;0
Coop;Teisseire;wk 17 19;2008;2.79;4.18;2.85;4.39;0;0;0
Coop;Teisseire;wk 18 19;4423;2.28;3.23;2.83;4.45;74;0;41
Coop;Teisseire;wk 19 19;1846;2.8;4.09;2.79;4.1;0;0;0
Coop;Teisseire;wk 20 19;2073;2.8;4.16;2.82;4.11;0;0;0
Coop;Teisseire;wk 21 19;2108;2.8;4.2;2.76;4.37;0;0;0
Coop;Teisseire;wk 22 19;2327;2.87;4.38;2.75;4.43;0;0;0
Coop;Teisseire;wk 23 19;2355;2.96;4.48;2.82;4.17;0;0;0
Coop;Teisseire;wk 24 19;2159;2.96;4.47;2.84;4.39;0;0;0
Coop;Teisseire;wk 25 19;2997;2.95;4.55;2.93;4.45;0;0;0
Coop;Teisseire;wk 26 19;3577;2.95;4.51;2.93;4.53;0;0;0
Coop;Teisseire;wk 27 19;2520;2.91;4.49;2.96;4.52;0;0;0
Coop;Teisseire;wk 28 19;2001;2.88;4.56;2.95;4.62;0;0;0
Coop;Teisseire;wk 29 19;2246;2.83;4.64;2.92;4.52;0;0;0
Coop;Teisseire;wk 30 19;26052;1.55;2.2;2.44;3.66;81;0;58
Coop;Teisseire;wk 31 19;2050;2.7;4.39;2.32;3.39;0;0;0
Coop;Teisseire;wk 32 19;2191;2.88;4.42;2.48;3.73;0;0;0
Coop;Teisseire;wk 33 19;1611;2.93;4.58;2.62;4.22;0;0;0
Coop;Teisseire;wk 34 19;2261;2.91;4.66;2.81;4.19;0;0;0
Coop;Teisseire;wk 35 19;2714;2.9;4.58;2.87;4.69;0;0;0
Coop;Teisseire;wk 36 19;1748;2.95;4.44;2.94;4.52;0;0;0
Coop;Teisseire;wk 37 19;8640;2.02;2.8;2.95;4.41;72;1;39
Coop;Teisseire;wk 38 19;1668;2.92;4.54;2.92;4.41;0;0;0
Coop;Teisseire;wk 39 19;1723;2.9;4.43;2.94;4.46;0;0;0
Coop;Teisseire;wk 40 19;1693;2.88;4.3;2.87;4.86;0;0;0
Coop;Teisseire;wk 41 19;1784;2.87;4.34;2.97;4.42;0;0;0
Coop;Teisseire;wk 42 19;1775;2.85;4.29;2.85;4.74;0;0;0
Coop;Teisseire;wk 43 19;1883;2.88;4.23;2.89;4.45;0;0;0
Coop;Teisseire;wk 44 19;1923;2.89;4.23;2.86;4.37;0;0;0
Coop;Teisseire;wk 45 19;1885;2.88;4.22;2.89;4.29;0;0;0
Coop;Teisseire;wk 46 19;1876;2.88;4.28;2.87;4.4;0;0;0
Coop;Teisseire;wk 47 19;1996;2.88;4.26;2.87;4.3;0;0;0
Coop;Teisseire;wk 48 19;1883;2.88;4.19;2.85;4.4;0;0;0
Coop;Teisseire;wk 49 19;1765;2.87;4.23;2.86;4.22;0;0;0
Coop;Teisseire;wk 50 19;1861;2.79;4.16;2.79;4.13;0;0;0
Coop;Teisseire;wk 51 19;1763;2.87;4.22;2.87;4.19;0;0;0
Coop;Teisseire;wk 52 19;12849;1.54;2.08;2.88;4.39;99;0;30
Coop;Teisseire;wk 01 20;2142;2.63;3.81;2.64;3.83;0;1;0
Coop;Teisseire;wk 02 20;2003;2.77;4.08;2.87;4.25;0;0;0
Coop;Teisseire;wk 03 20;1755;2.93;4.44;2.89;4.23;0;0;0
Coop;Teisseire;wk 04 20;1932;2.96;4.47;2.85;4.25;0;0;0
Coop;Teisseire;wk 05 20;1861;2.93;4.38;2.81;4.47;0;0;0
Coop;Teisseire;wk 06 20;1863;3;4.5;2.98;4.26;0;0;0
Coop;Teisseire;wk 07 20;1802;2.96;4.49;2.96;4.4;0;0;0
Coop;Teisseire;wk 08 20;1975;2.93;4.53;2.92;4.53;0;0;0
Coop;Teisseire;wk 09 20;1942;2.95;4.45;2.99;4.39;0;0;0
Coop;Teisseire;wk 10 20;1899;2.95;4.44;2.95;4.72;0;0;0
Coop;Teisseire;wk 11 20;3144;2.94;4.29;2.96;4.41;0;0;0
Coop;Teisseire;wk 12 20;24788;1.58;2.13;2.97;4.78;86;0;0
Coop;Teisseire;wk 13 20;2295;2.85;4.12;2.89;4.32;0;0;0
Coop;Teisseire;wk 14 20;2003;2.93;4.21;3.05;4.28;0;0;0
Coop;Teisseire;wk 15 20;2439;2.91;4.22;2.98;4.28;0;0;0
Coop;Teisseire;wk 16 20;2313;2.93;4.25;2.94;4.25;0;0;0
Coop;Teisseire;wk 17 20;2669;2.94;4.27;2.94;4.41;0;0;0
Coop;Teisseire;wk 18 20;10116;2.26;3.08;2.97;4.34;83;0;0
Coop;Teisseire;wk 19 20;2673;2.8;4.06;2.9;4.14;0;0;0
Coop;Teisseire;wk 20 20;2300;2.95;4.42;2.88;4.17;0;0;0
Coop;Teisseire;wk 21 20;2569;2.95;4.37;3.07;4.68;0;0;0
Coop;Teisseire;wk 22 20;3790;2.63;3.92;2.94;4.54;0;0;0
Coop;Teisseire;wk 23 20;3293;2.82;4.22;2.92;4.47;0;0;0
Coop;Teisseire;wk 24 20;3121;2.88;4.41;2.92;4.35;0;0;0
Coop;Teisseire;wk 25 20;3206;2.91;4.53;2.92;4.61;0;0;0
Coop;Teisseire;wk 26 20;4514;2.88;4.52;2.88;4.54;0;0;0
Coop;Teisseire;wk 27 20;26981;1.58;2.18;2.97;4.63;99;6;48
Coop;Teisseire;wk 28 20;2433;2.8;4.57;2.89;4.5;0;0;0
Coop;Teisseire;wk 29 20;2529;2.9;4.75;2.93;4.72;0;0;0
Coop;Teisseire;wk 30 20;2402;2.92;4.87;2.9;4.94;0;0;0
Coop;Teisseire;wk 31 20;2768;2.93;4.83;2.94;4.63;0;0;0
Coop;Teisseire;wk 32 20;3931;2.94;4.76;2.93;4.81;0;0;0
Coop;Teisseire;wk 33 20;4623;2.95;4.69;3.02;4.78;0;0;0
Coop;Teisseire;wk 34 20;3325;2.95;4.74;2.96;4.72;0;0;0
Coop;Teisseire;wk 35 20;2552;2.97;4.67;2.96;4.7;0;0;0
Coop;Teisseire;wk 36 20;2460;2.96;4.65;2.93;4.9;0;0;0
Coop;Teisseire;wk 37 20;10111;2.36;3.34;3.02;4.51;98;0;52
Coop;Teisseire;wk 38 20;2197;2.92;4.65;2.98;4.86;0;3;0
Coop;Teisseire;wk 39 20;2120;2.92;4.67;2.94;4.7;0;0;0
Coop;Teisseire;wk 40 20;2112;2.92;4.65;2.97;4.61;0;0;0
Coop;Teisseire;wk 41 20;1892;2.92;4.49;2.92;4.8;0;0;0
Coop;Teisseire;wk 42 20;2093;2.92;4.49;2.96;4.63;0;0;0
Coop;Teisseire;wk 43 20;2167;2.91;4.49;2.97;4.44;0;0;0
Coop;Teisseire;wk 44 20;2288;2.91;4.49;2.96;4.49;0;0;0
Coop;Teisseire;wk 45 20;2095;2.92;4.45;2.93;4.61;0;0;0
Coop;Teisseire;wk 46 20;2066;2.91;4.53;2.93;4.45;0;0;0
Coop;Teisseire;wk 47 20;2118;2.92;4.47;2.96;4.38;0;0;0
Coop;Teisseire;wk 48 20;2160;2.92;4.43;2.95;4.58;0;0;0
Coop;Teisseire;wk 49 20;2002;2.93;4.39;2.91;4.52;0;0;0
Coop;Teisseire;wk 50 20;2006;2.92;4.4;2.93;4.51;0;0;0
Coop;Teisseire;wk 51 20;2324;2.93;4.38;2.92;4.42;0;0;0
Coop;Teisseire;wk 52 20;1938;2.96;4.38;2.89;4.4;0;0;0
Deen;PrivateLabel;wk 01 17;10019;1.47;1.95;1.44;1.91;0;0;0
Deen;PrivateLabel;wk 02 17;9781;1.45;1.93;1.44;1.92;0;0;0
Deen;PrivateLabel;wk 03 17;10216;1.45;1.93;1.42;1.89;0;0;0
Deen;PrivateLabel;wk 04 17;12019;1.44;1.92;1.47;1.95;0;0;0
Deen;PrivateLabel;wk 05 17;21575;1.39;1.85;1.5;1.99;100;0;0
Deen;PrivateLabel;wk 06 17;9597;1.4;1.87;1.48;1.97;0;0;0
Deen;PrivateLabel;wk 07 17;8039;1.32;1.76;1.47;1.95;0;0;0
Deen;PrivateLabel;wk 08 17;9931;1.39;1.86;1.42;1.9;0;0;0
Deen;PrivateLabel;wk 09 17;11751;1.42;1.89;1.42;1.9;0;0;0
Deen;PrivateLabel;wk 10 17;20454;1.37;1.83;1.42;1.9;100;0;0
Deen;PrivateLabel;wk 11 17;9498;1.42;1.89;1.42;1.89;0;0;0
Deen;PrivateLabel;wk 12 17;10975;1.42;1.9;1.42;1.89;0;0;0
Deen;PrivateLabel;wk 13 17;11271;1.43;1.9;1.48;1.98;0;0;0
Deen;PrivateLabel;wk 14 17;9164;1.32;1.76;1.45;1.94;0;0;0
Deen;PrivateLabel;wk 15 17;10309;1.39;1.85;1.41;1.88;0;0;0
Deen;PrivateLabel;wk 16 17;10334;1.4;1.87;1.37;1.83;0;0;0
Deen;PrivateLabel;wk 17 17;9463;1.43;1.91;1.4;1.86;0;0;0
Deen;PrivateLabel;wk 18 17;8795;1.34;1.79;1.38;1.84;0;0;0
Deen;PrivateLabel;wk 19 17;8672;1.3;1.74;1.39;1.86;0;0;0
Deen;PrivateLabel;wk 20 17;11542;1.4;1.86;1.35;1.8;0;0;0
Deen;PrivateLabel;wk 21 17;14040;1.42;1.89;1.37;1.83;0;0;0
Deen;PrivateLabel;wk 22 17;14226;1.39;1.86;1.37;1.82;0;0;0
Deen;PrivateLabel;wk 23 17;11593;1.41;1.87;1.39;1.85;0;0;0
Deen;PrivateLabel;wk 24 17;11902;1.4;1.86;1.37;1.83;0;0;0
Deen;PrivateLabel;wk 25 17;11154;1.3;1.73;1.39;1.85;0;0;0
Deen;PrivateLabel;wk 26 17;11189;1.38;1.83;1.38;1.84;0;0;0
Deen;PrivateLabel;wk 27 17;12272;1.38;1.84;1.37;1.83;0;0;0
Deen;PrivateLabel;wk 28 17;11090;1.32;1.76;1.34;1.79;0;0;0
Deen;PrivateLabel;wk 29 17;21369;1.35;1.8;1.38;1.84;100;0;0
Deen;PrivateLabel;wk 30 17;9680;1.35;1.8;1.37;1.83;0;0;0
Deen;PrivateLabel;wk 31 17;9178;1.36;1.82;1.38;1.84;0;0;0
Deen;PrivateLabel;wk 32 17;9851;1.45;2.02;1.51;2.11;0;0;0
Deen;PrivateLabel;wk 33 17;15815;1.39;1.9;1.48;2.07;100;0;0
Deen;PrivateLabel;wk 34 17;10700;1.43;2;1.48;2.05;0;0;0
Deen;PrivateLabel;wk 35 17;10168;1.37;1.92;1.46;2.02;0;0;0
Deen;PrivateLabel;wk 36 17;11936;1.43;2;1.44;2.01;0;0;0
Deen;PrivateLabel;wk 37 17;10866;1.45;2.03;1.5;2.11;0;0;0
Deen;PrivateLabel;wk 38 17;11559;1.46;2.05;1.46;2.05;0;0;0
Deen;PrivateLabel;wk 39 17;11582;1.47;2.07;1.47;2.07;0;0;0
Deen;PrivateLabel;wk 40 17;9494;1.39;1.97;1.44;2.01;0;0;0
Deen;PrivateLabel;wk 41 17;10891;1.44;2.02;1.46;2.05;0;0;0
Deen;PrivateLabel;wk 42 17;11805;1.46;2.06;1.44;2.02;0;0;0
Deen;PrivateLabel;wk 43 17;12274;1.49;2.16;1.43;2;100;0;0
Deen;PrivateLabel;wk 44 17;11934;1.46;2.05;1.44;2;0;0;0
Deen;PrivateLabel;wk 45 17;11631;1.46;2.04;1.43;2;0;0;0
Deen;PrivateLabel;wk 46 17;11289;1.46;2.04;1.46;2.06;0;0;0
Deen;PrivateLabel;wk 47 17;12146;1.47;2.05;1.44;2.01;0;0;0
Deen;PrivateLabel;wk 48 17;11675;1.47;2.06;1.5;2.1;0;0;0
Deen;PrivateLabel;wk 49 17;11184;1.46;2.05;1.47;2.05;0;0;0
Deen;PrivateLabel;wk 50 17;9838;1.37;1.93;1.47;2.05;0;0;0
Deen;PrivateLabel;wk 51 17;13059;1.47;2.06;1.46;2.05;0;0;0
Deen;PrivateLabel;wk 52 17;8363;1.49;2.09;1.52;2.15;0;0;0
Deen;PrivateLabel;wk 01 18;8854;1.5;2.11;1.5;2.11;0;0;0
Deen;PrivateLabel;wk 02 18;10646;1.47;2.07;1.52;2.14;0;0;0
Deen;PrivateLabel;wk 03 18;10884;1.46;2.05;1.44;2.01;0;0;0
Deen;PrivateLabel;wk 04 18;10307;1.44;2.02;1.46;2.05;0;0;0
Deen;PrivateLabel;wk 05 18;10886;1.47;2.06;1.48;2.08;0;0;0
Deen;PrivateLabel;wk 06 18;12014;1.47;2.11;1.46;2.05;0;0;0
Deen;PrivateLabel;wk 07 18;13350;1.49;2.34;1.48;2.07;100;0;0
Deen;PrivateLabel;wk 08 18;11102;1.49;2.09;1.43;1.99;0;0;0
Deen;PrivateLabel;wk 09 18;10143;1.47;2.05;1.49;2.09;0;0;0
Deen;PrivateLabel;wk 10 18;10558;1.43;2;1.48;2.07;0;0;0
Deen;PrivateLabel;wk 11 18;11072;1.44;2.02;1.47;2.06;0;0;0
Deen;PrivateLabel;wk 12 18;12022;1.43;2;1.43;1.99;0;0;0
Deen;PrivateLabel;wk 13 18;11568;1.43;2;1.41;1.97;0;0;0
Deen;PrivateLabel;wk 14 18;10844;1.49;2.08;1.45;2.04;0;0;0
Deen;PrivateLabel;wk 15 18;16666;1.56;2.15;1.46;2.03;0;0;0
Deen;PrivateLabel;wk 16 18;18486;1.59;2.17;1.49;2.04;0;0;0
Deen;PrivateLabel;wk 17 18;13850;1.56;2.16;1.51;2.09;0;0;0
Deen;PrivateLabel;wk 18 18;13819;1.57;2.17;1.52;2.11;0;0;0
Deen;PrivateLabel;wk 19 18;15706;1.57;2.16;1.54;2.13;0;0;0
Deen;PrivateLabel;wk 20 18;14790;1.54;2.12;1.58;2.18;0;0;0
Deen;PrivateLabel;wk 21 18;17692;1.56;2.15;1.57;2.17;0;0;0
Deen;PrivateLabel;wk 22 18;18905;1.55;2.2;1.57;2.15;100;0;0
Deen;PrivateLabel;wk 23 18;15783;1.54;2.12;1.57;2.16;0;0;0
Deen;PrivateLabel;wk 24 18;14175;1.52;2.1;1.57;2.16;0;0;0
Deen;PrivateLabel;wk 25 18;14289;1.53;2.11;1.54;2.12;0;0;0
Deen;PrivateLabel;wk 26 18;14303;1.52;2.09;1.54;2.11;0;0;0
Deen;PrivateLabel;wk 27 18;13670;1.49;2.06;1.51;2.09;0;0;0
Deen;PrivateLabel;wk 28 18;12304;1.5;2.08;1.52;2.11;0;0;0
Deen;PrivateLabel;wk 29 18;13959;1.51;2.09;1.51;2.09;0;0;0
Deen;PrivateLabel;wk 30 18;14230;1.51;2.11;1.51;2.09;0;0;0
Deen;PrivateLabel;wk 31 18;13019;1.53;2.12;1.52;2.1;0;0;0
Deen;PrivateLabel;wk 32 18;18873;1.6;2.18;1.55;2.15;99;0;0
Deen;PrivateLabel;wk 33 18;8716;1.46;2.03;1.58;2.2;0;0;0
Deen;PrivateLabel;wk 34 18;9331;1.5;2.09;1.53;2.12;0;0;0
Deen;PrivateLabel;wk 35 18;8582;1.54;2.16;1.51;2.1;0;0;0
Deen;PrivateLabel;wk 36 18;10213;1.51;2.11;1.56;2.18;0;0;0
Deen;PrivateLabel;wk 37 18;11298;1.49;2.07;1.54;2.16;0;0;0
Deen;PrivateLabel;wk 38 18;18804;1.47;2.01;1.55;2.16;100;0;0
Deen;PrivateLabel;wk 39 18;7590;1.61;2.29;1.64;2.31;0;0;0
Deen;PrivateLabel;wk 40 18;9128;1.57;2.22;1.6;2.25;0;0;0
Deen;PrivateLabel;wk 41 18;10311;1.6;2.24;1.62;2.28;0;0;0
Deen;PrivateLabel;wk 42 18;9455;1.56;2.19;1.59;2.24;0;0;0
Deen;PrivateLabel;wk 43 18;9396;1.57;2.22;1.65;2.32;0;0;0
Deen;PrivateLabel;wk 44 18;10166;1.58;2.31;1.59;2.23;100;0;0
Deen;PrivateLabel;wk 45 18;10417;1.56;2.17;1.55;2.16;0;0;0
Deen;PrivateLabel;wk 46 18;9736;1.54;2.15;1.56;2.18;0;0;0
Deen;PrivateLabel;wk 47 18;11108;1.54;2.14;1.51;2.12;0;0;0
Deen;PrivateLabel;wk 48 18;10311;1.52;2.12;1.56;2.18;0;0;0
Deen;PrivateLabel;wk 49 18;9346;1.58;2.21;1.57;2.2;0;0;0
Deen;PrivateLabel;wk 50 18;10632;1.54;2.15;1.57;2.2;0;0;0
Deen;PrivateLabel;wk 51 18;16989;1.45;1.99;1.61;2.23;100;0;0
Deen;PrivateLabel;wk 52 18;7462;1.52;2.13;1.61;2.27;97;0;0
Deen;PrivateLabel;wk 01 19;7767;1.57;2.21;1.61;2.24;0;0;0
Deen;PrivateLabel;wk 02 19;9046;1.59;2.23;1.63;2.3;0;0;0
Deen;PrivateLabel;wk 03 19;9572;1.6;2.24;1.6;2.24;0;0;0
Deen;PrivateLabel;wk 04 19;9781;1.57;2.21;1.58;2.2;0;0;0
Deen;PrivateLabel;wk 05 19;9984;1.59;2.23;1.59;2.23;0;0;0
Deen;PrivateLabel;wk 06 19;10321;1.6;2.26;1.6;2.26;0;0;0
Deen;PrivateLabel;wk 07 19;11316;1.63;2.41;1.59;2.23;100;0;0
Deen;PrivateLabel;wk 08 19;9732;1.58;2.21;1.54;2.15;0;0;0
Deen;PrivateLabel;wk 09 19;10357;1.6;2.22;1.6;2.26;0;0;0
Deen;PrivateLabel;wk 10 19;8869;1.58;2.22;1.63;2.3;0;0;0
Deen;PrivateLabel;wk 11 19;8456;1.61;2.26;1.62;2.27;0;0;0
Deen;PrivateLabel;wk 12 19;8987;1.6;2.25;1.58;2.21;0;0;0
Deen;PrivateLabel;wk 13 19;9037;1.58;2.22;1.6;2.24;0;0;0
Deen;PrivateLabel;wk 14 19;9461;1.59;2.22;1.59;2.22;0;0;0
Deen;PrivateLabel;wk 15 19;9510;1.59;2.23;1.59;2.22;0;0;0
Deen;PrivateLabel;wk 16 19;10433;1.58;2.2;1.58;2.2;0;0;0
Deen;PrivateLabel;wk 17 19;17115;1.48;2.02;1.65;2.31;99;0;0
Deen;PrivateLabel;wk 18 19;9728;1.58;2.21;1.62;2.26;0;0;0
Deen;PrivateLabel;wk 19 19;10091;1.59;2.24;1.63;2.28;0;0;0
Deen;PrivateLabel;wk 20 19;11426;1.64;2.4;1.63;2.29;100;0;0
Deen;PrivateLabel;wk 21 19;10738;1.58;2.2;1.59;2.22;0;0;0
Deen;PrivateLabel;wk 22 19;9253;1.57;2.18;1.6;2.23;0;0;0
Deen;PrivateLabel;wk 23 19;10172;1.59;2.23;1.59;2.23;0;0;0
Deen;PrivateLabel;wk 24 19;9138;1.6;2.23;1.56;2.17;0;0;0
Deen;PrivateLabel;wk 25 19;9703;1.61;2.25;1.55;2.17;0;0;0
Deen;PrivateLabel;wk 26 19;9749;1.6;2.25;1.6;2.21;0;0;0
Deen;PrivateLabel;wk 27 19;10962;1.62;2.26;1.67;2.35;0;0;0
Deen;PrivateLabel;wk 28 19;13600;1.63;2.26;1.62;2.27;0;0;0
Deen;PrivateLabel;wk 29 19;12115;1.63;2.26;1.68;2.39;0;0;0
Deen;PrivateLabel;wk 30 19;15690;1.63;2.24;1.68;2.32;0;0;0
Deen;PrivateLabel;wk 31 19;10404;1.61;2.23;1.62;2.28;0;0;0
Deen;PrivateLabel;wk 32 19;10234;1.64;2.28;1.59;2.23;0;0;0
Deen;PrivateLabel;wk 33 19;8186;1.63;2.28;1.6;2.23;0;0;0
Deen;PrivateLabel;wk 34 19;9547;1.67;2.32;1.63;2.28;0;0;0
Deen;PrivateLabel;wk 35 19;10270;1.68;2.33;1.64;2.27;0;0;0
Deen;PrivateLabel;wk 36 19;8886;1.67;2.33;1.72;2.41;0;0;0
Deen;PrivateLabel;wk 37 19;8141;1.67;2.33;1.7;2.36;0;0;0
Deen;PrivateLabel;wk 38 19;8138;1.65;2.3;1.69;2.35;0;0;0
Deen;PrivateLabel;wk 39 19;8395;1.69;2.33;1.64;2.29;0;0;0
Deen;PrivateLabel;wk 40 19;8136;1.72;2.36;1.66;2.29;0;0;0
Deen;PrivateLabel;wk 41 19;8380;1.7;2.32;1.65;2.27;0;0;0
Deen;PrivateLabel;wk 42 19;7616;1.72;2.37;1.68;2.3;0;0;0
Deen;PrivateLabel;wk 43 19;7907;1.7;2.33;1.71;2.35;0;0;0
Deen;PrivateLabel;wk 44 19;7822;1.7;2.33;1.7;2.32;0;0;0
Deen;PrivateLabel;wk 45 19;8208;1.7;2.33;1.72;2.35;0;0;0
Deen;PrivateLabel;wk 46 19;7603;1.68;2.3;1.71;2.35;0;0;0
Deen;PrivateLabel;wk 47 19;8084;1.69;2.31;1.71;2.35;0;0;0
Deen;PrivateLabel;wk 48 19;8009;1.68;2.29;1.66;2.26;0;0;0
Deen;PrivateLabel;wk 49 19;8144;1.69;2.31;1.71;2.33;0;0;0
Deen;PrivateLabel;wk 50 19;7431;1.66;2.28;1.65;2.25;0;0;0
Deen;PrivateLabel;wk 51 19;8228;1.69;2.31;1.66;2.26;0;0;0
Deen;PrivateLabel;wk 52 19;6468;1.71;2.36;1.76;2.43;0;0;0
Deen;PrivateLabel;wk 01 20;6717;1.69;2.32;1.67;2.29;0;0;0
Deen;PrivateLabel;wk 02 20;7440;1.72;2.36;1.66;2.27;0;0;0
Deen;PrivateLabel;wk 03 20;7913;1.71;2.34;1.75;2.41;0;0;0
Deen;PrivateLabel;wk 04 20;8656;1.7;2.31;1.7;2.32;0;0;0
Deen;PrivateLabel;wk 05 20;11765;1.68;2.28;1.76;2.46;0;0;0
Deen;PrivateLabel;wk 06 20;7136;1.68;2.31;1.72;2.34;0;0;0
Deen;PrivateLabel;wk 07 20;8456;1.66;2.27;1.73;2.37;0;0;0
Deen;PrivateLabel;wk 08 20;13518;1.55;2.09;1.75;2.38;99;0;0
Deen;PrivateLabel;wk 09 20;8017;1.71;2.33;1.69;2.31;0;0;0
Deen;PrivateLabel;wk 10 20;7382;1.77;2.43;1.8;2.48;0;0;0
Deen;PrivateLabel;wk 11 20;14019;1.67;2.28;1.84;2.5;0;0;0
Deen;PrivateLabel;wk 12 20;20653;1.55;2.09;1.83;2.52;100;0;0
Deen;PrivateLabel;wk 13 20;7612;1.75;2.4;1.83;2.52;0;0;0
Deen;PrivateLabel;wk 14 20;8008;1.75;2.39;1.77;2.42;0;0;0
Deen;PrivateLabel;wk 15 20;9828;1.74;2.37;1.8;2.46;0;0;0
Deen;PrivateLabel;wk 16 20;11908;1.71;2.32;1.78;2.45;0;0;0
Deen;PrivateLabel;wk 17 20;14474;1.7;2.3;1.83;2.51;0;0;0
Deen;PrivateLabel;wk 18 20;12377;1.7;2.3;1.84;2.52;0;0;0
Deen;PrivateLabel;wk 19 20;12670;1.71;2.32;1.77;2.43;0;0;0
Deen;PrivateLabel;wk 20 20;9152;1.7;2.32;1.7;2.34;0;0;0
Deen;PrivateLabel;wk 21 20;8455;1.72;2.36;1.71;2.35;0;0;0
Deen;PrivateLabel;wk 22 20;7872;1.78;2.44;1.7;2.32;0;0;0
Deen;PrivateLabel;wk 23 20;7252;1.76;2.41;1.79;2.46;0;0;0
Deen;PrivateLabel;wk 24 20;7555;1.76;2.41;1.83;2.51;0;0;0
Deen;PrivateLabel;wk 25 20;8617;1.76;2.41;1.77;2.42;0;0;0
Deen;PrivateLabel;wk 26 20;10599;1.75;2.38;1.73;2.36;0;0;0
Deen;PrivateLabel;wk 27 20;8540;1.77;2.42;1.77;2.41;0;0;0
Deen;PrivateLabel;wk 28 20;7083;1.78;2.44;1.79;2.45;0;0;0
Deen;PrivateLabel;wk 29 20;6973;1.76;2.4;1.79;2.44;0;0;0
Deen;PrivateLabel;wk 30 20;7313;1.72;2.35;1.77;2.44;0;0;0
Deen;PrivateLabel;wk 31 20;11840;1.72;2.33;1.78;2.43;0;0;0
Deen;PrivateLabel;wk 32 20;13710;1.71;2.32;1.8;2.45;0;0;0
Deen;PrivateLabel;wk 33 20;17950;1.7;2.3;1.83;2.5;0;0;0
Deen;PrivateLabel;wk 34 20;15220;1.71;2.32;1.79;2.44;0;0;0
Deen;PrivateLabel;wk 35 20;10272;1.7;2.31;1.7;2.34;0;0;0
Deen;PrivateLabel;wk 36 20;7332;1.72;2.36;1.72;2.35;0;0;0
Deen;PrivateLabel;wk 37 20;7346;1.76;2.4;1.69;2.3;0;0;0
Deen;PrivateLabel;wk 38 20;7932;1.76;2.41;1.83;2.5;0;0;0
Deen;PrivateLabel;wk 39 20;7243;1.74;2.39;1.77;2.42;0;0;0
Deen;PrivateLabel;wk 40 20;7073;1.77;2.42;1.78;2.45;0;0;0
Deen;PrivateLabel;wk 41 20;6644;1.78;2.44;1.75;2.4;0;0;0
Deen;PrivateLabel;wk 42 20;6546;1.76;2.42;1.77;2.43;0;0;0
Deen;PrivateLabel;wk 43 20;7198;1.77;2.43;1.75;2.39;0;0;0
Deen;PrivateLabel;wk 44 20;7102;1.77;2.42;1.81;2.51;0;0;0
Deen;PrivateLabel;wk 45 20;7028;1.77;2.42;1.77;2.42;0;0;0
Deen;PrivateLabel;wk 46 20;6899;1.8;2.46;1.76;2.4;0;0;0
Deen;PrivateLabel;wk 47 20;7156;1.79;2.46;1.8;2.46;0;0;0
Deen;PrivateLabel;wk 48 20;7458;1.8;2.47;1.78;2.44;0;0;0
Deen;PrivateLabel;wk 49 20;6030;1.74;2.39;1.79;2.49;0;0;0
Deen;PrivateLabel;wk 50 20;6593;1.79;2.45;1.76;2.41;0;0;0
Deen;PrivateLabel;wk 51 20;7590;1.8;2.46;1.76;2.39;0;0;0
Deen;PrivateLabel;wk 52 20;5178;1.79;2.46;1.84;2.56;0;0;0
Deen;EuroShopper;wk 01 17;0;0;0;0;0;0;0;0
Deen;EuroShopper;wk 02 17;0;0;0;0;0;0;0;0
Deen;EuroShopper;wk 03 17;0;0;0;0;0;0;0;0
Deen;EuroShopper;wk 04 17;0;0;0;0;0;0;0;0
Deen;EuroShopper;wk 05 17;0;0;0;0;0;0;0;0
Deen;EuroShopper;wk 06 17;0;0;0;0;0;0;0;0
Deen;EuroShopper;wk 07 17;0;0;0;0;0;0;0;0
Deen;EuroShopper;wk 08 17;0;0;0;0;0;0;0;0
Deen;EuroShopper;wk 09 17;0;0;0;0;0;0;0;0
Deen;EuroShopper;wk 10 17;0;0;0;0;0;0;0;0
Deen;EuroShopper;wk 11 17;0;0;0;0;0;0;0;0
Deen;EuroShopper;wk 12 17;0;0;0;0;0;0;0;0
Deen;EuroShopper;wk 13 17;0;0;0;0;0;0;0;0
Deen;EuroShopper;wk 14 17;0;0;0;0;0;0;0;0
Deen;EuroShopper;wk 15 17;0;0;0;0;0;0;0;0
Deen;EuroShopper;wk 16 17;0;0;0;0;0;0;0;0
Deen;EuroShopper;wk 17 17;0;0;0;0;0;0;0;0
Deen;EuroShopper;wk 18 17;0;0;0;0;0;0;0;0
Deen;EuroShopper;wk 19 17;0;0;0;0;0;0;0;0
Deen;EuroShopper;wk 20 17;0;0;0;0;0;0;0;0
Deen;EuroShopper;wk 21 17;0;0;0;0;0;0;0;0
Deen;EuroShopper;wk 22 17;0;0;0;0;0;0;0;0
Deen;EuroShopper;wk 23 17;0;0;0;0;0;0;0;0
Deen;EuroShopper;wk 24 17;0;0;0;0;0;0;0;0
Deen;EuroShopper;wk 25 17;0;0;0;0;0;0;0;0
Deen;EuroShopper;wk 26 17;0;0;0;0;0;0;0;0
Deen;EuroShopper;wk 27 17;0;0;0;0;0;0;0;0
Deen;EuroShopper;wk 28 17;0;0;0;0;0;0;0;0
Deen;EuroShopper;wk 29 17;0;0;0;0;0;0;0;0
Deen;EuroShopper;wk 30 17;0;0;0;0;0;0;0;0
Deen;EuroShopper;wk 31 17;0;0;0;0;0;0;0;0
Deen;EuroShopper;wk 32 17;0;0;0;0;0;0;0;0
Deen;EuroShopper;wk 33 17;0;0;0;0;0;0;0;0
Deen;EuroShopper;wk 34 17;0;0;0;0;0;0;0;0
Deen;EuroShopper;wk 35 17;0;0;0;0;0;0;0;0
Deen;EuroShopper;wk 36 17;0;0;0;0;0;0;0;0
Deen;EuroShopper;wk 37 17;0;0;0;0;0;0;0;0
Deen;EuroShopper;wk 38 17;0;0;0;0;0;0;0;0
Deen;EuroShopper;wk 39 17;0;0;0;0;0;0;0;0
Deen;EuroShopper;wk 40 17;0;0;0;0;0;0;0;0
Deen;EuroShopper;wk 41 17;0;0;0;0;0;0;0;0
Deen;EuroShopper;wk 42 17;0;0;0;0;0;0;0;0
Deen;EuroShopper;wk 43 17;0;0;0;0;0;0;0;0
Deen;EuroShopper;wk 44 17;0;0;0;0;0;0;0;0
Deen;EuroShopper;wk 45 17;0;0;0;0;0;0;0;0
Deen;EuroShopper;wk 46 17;0;0;0;0;0;0;0;0
Deen;EuroShopper;wk 47 17;0;0;0;0;0;0;0;0
Deen;EuroShopper;wk 48 17;0;0;0;0;0;0;0;0
Deen;EuroShopper;wk 49 17;0;0;0;0;0;0;0;0
Deen;EuroShopper;wk 50 17;0;0;0;0;0;0;0;0
Deen;EuroShopper;wk 51 17;0;0;0;0;0;0;0;0
Deen;EuroShopper;wk 52 17;0;0;0;0;0;0;0;0
Deen;EuroShopper;wk 01 18;0;0;0;0;0;0;0;0
Deen;EuroShopper;wk 02 18;0;0;0;0;0;0;0;0
Deen;EuroShopper;wk 03 18;0;0;0;0;0;0;0;0
Deen;EuroShopper;wk 04 18;0;0;0;0;0;0;0;0
Deen;EuroShopper;wk 05 18;0;0;0;0;0;0;0;0
Deen;EuroShopper;wk 06 18;0;0;0;0;0;0;0;0
Deen;EuroShopper;wk 07 18;0;0;0;0;0;0;0;0
Deen;EuroShopper;wk 08 18;0;0;0;0;0;0;0;0
Deen;EuroShopper;wk 09 18;0;0;0;0;0;0;0;0
Deen;EuroShopper;wk 10 18;0;0;0;0;0;0;0;0
Deen;EuroShopper;wk 11 18;0;0;0;0;0;0;0;0
Deen;EuroShopper;wk 12 18;0;0;0;0;0;0;0;0
Deen;EuroShopper;wk 13 18;0;0;0;0;0;0;0;0
Deen;EuroShopper;wk 14 18;0;0;0;0;0;0;0;0
Deen;EuroShopper;wk 15 18;0;0;0;0;0;0;0;0
Deen;EuroShopper;wk 16 18;0;0;0;0;0;0;0;0
Deen;EuroShopper;wk 17 18;0;0;0;0;0;0;0;0
Deen;EuroShopper;wk 18 18;0;0;0;0;0;0;0;0
Deen;EuroShopper;wk 19 18;0;0;0;0;0;0;0;0
Deen;EuroShopper;wk 20 18;0;0;0;0;0;0;0;0
Deen;EuroShopper;wk 21 18;0;0;0;0;0;0;0;0
Deen;EuroShopper;wk 22 18;0;0;0;0;0;0;0;0
Deen;EuroShopper;wk 23 18;0;0;0;0;0;0;0;0
Deen;EuroShopper;wk 24 18;0;0;0;0;0;0;0;0
Deen;EuroShopper;wk 25 18;0;0;0;0;0;0;0;0
Deen;EuroShopper;wk 26 18;0;0;0;0;0;0;0;0
Deen;EuroShopper;wk 27 18;0;0;0;0;0;0;0;0
Deen;EuroShopper;wk 28 18;0;0;0;0;0;0;0;0
Deen;EuroShopper;wk 29 18;0;0;0;0;0;0;0;0
Deen;EuroShopper;wk 30 18;0;0;0;0;0;0;0;0
Deen;EuroShopper;wk 31 18;0;0;0;0;0;0;0;0
Deen;EuroShopper;wk 32 18;0;0;0;0;0;0;0;0
Deen;EuroShopper;wk 33 18;0;0;0;0;0;0;0;0
Deen;EuroShopper;wk 34 18;0;0;0;0;0;0;0;0
Deen;EuroShopper;wk 35 18;0;0;0;0;0;0;0;0
Deen;EuroShopper;wk 36 18;0;0;0;0;0;0;0;0
Deen;EuroShopper;wk 37 18;0;0;0;0;0;0;0;0
Deen;EuroShopper;wk 38 18;0;0;0;0;0;0;0;0
Deen;EuroShopper;wk 39 18;0;0;0;0;0;0;0;0
Deen;EuroShopper;wk 40 18;0;0;0;0;0;0;0;0
Deen;EuroShopper;wk 41 18;0;0;0;0;0;0;0;0
Deen;EuroShopper;wk 42 18;0;0;0;0;0;0;0;0
Deen;EuroShopper;wk 43 18;0;0;0;0;0;0;0;0
Deen;EuroShopper;wk 44 18;0;0;0;0;0;0;0;0
Deen;EuroShopper;wk 45 18;0;0;0;0;0;0;0;0
Deen;EuroShopper;wk 46 18;0;0;0;0;0;0;0;0
Deen;EuroShopper;wk 47 18;0;0;0;0;0;0;0;0
Deen;EuroShopper;wk 48 18;0;0;0;0;0;0;0;0
Deen;EuroShopper;wk 49 18;0;0;0;0;0;0;0;0
Deen;EuroShopper;wk 50 18;0;0;0;0;0;0;0;0
Deen;EuroShopper;wk 51 18;0;0;0;0;0;0;0;0
Deen;EuroShopper;wk 52 18;0;0;0;0;0;0;0;0
Deen;EuroShopper;wk 01 19;0;0;0;0;0;0;0;0
Deen;EuroShopper;wk 02 19;0;0;0;0;0;0;0;0
Deen;EuroShopper;wk 03 19;0;0;0;0;0;0;0;0
Deen;EuroShopper;wk 04 19;0;0;0;0;0;0;0;0
Deen;EuroShopper;wk 05 19;0;0;0;0;0;0;0;0
Deen;EuroShopper;wk 06 19;0;0;0;0;0;0;0;0
Deen;EuroShopper;wk 07 19;0;0;0;0;0;0;0;0
Deen;EuroShopper;wk 08 19;0;0;0;0;0;0;0;0
Deen;EuroShopper;wk 09 19;0;0;0;0;0;0;0;0
Deen;EuroShopper;wk 10 19;0;0;0;0;0;0;0;0
Deen;EuroShopper;wk 11 19;0;0;0;0;0;0;0;0
Deen;EuroShopper;wk 12 19;0;0;0;0;0;0;0;0
Deen;EuroShopper;wk 13 19;0;0;0;0;0;0;0;0
Deen;EuroShopper;wk 14 19;0;0;0;0;0;0;0;0
Deen;EuroShopper;wk 15 19;0;0;0;0;0;0;0;0
Deen;EuroShopper;wk 16 19;0;0;0;0;0;0;0;0
Deen;EuroShopper;wk 17 19;0;0;0;0;0;0;0;0
Deen;EuroShopper;wk 18 19;0;0;0;0;0;0;0;0
Deen;EuroShopper;wk 19 19;0;0;0;0;0;0;0;0
Deen;EuroShopper;wk 20 19;0;0;0;0;0;0;0;0
Deen;EuroShopper;wk 21 19;0;0;0;0;0;0;0;0
Deen;EuroShopper;wk 22 19;0;0;0;0;0;0;0;0
Deen;EuroShopper;wk 23 19;0;0;0;0;0;0;0;0
Deen;EuroShopper;wk 24 19;0;0;0;0;0;0;0;0
Deen;EuroShopper;wk 25 19;0;0;0;0;0;0;0;0
Deen;EuroShopper;wk 26 19;0;0;0;0;0;0;0;0
Deen;EuroShopper;wk 27 19;0;0;0;0;0;0;0;0
Deen;EuroShopper;wk 28 19;0;0;0;0;0;0;0;0
Deen;EuroShopper;wk 29 19;0;0;0;0;0;0;0;0
Deen;EuroShopper;wk 30 19;0;0;0;0;0;0;0;0
Deen;EuroShopper;wk 31 19;0;0;0;0;0;0;0;0
Deen;EuroShopper;wk 32 19;0;0;0;0;0;0;0;0
Deen;EuroShopper;wk 33 19;0;0;0;0;0;0;0;0
Deen;EuroShopper;wk 34 19;0;0;0;0;0;0;0;0
Deen;EuroShopper;wk 35 19;0;0;0;0;0;0;0;0
Deen;EuroShopper;wk 36 19;0;0;0;0;0;0;0;0
Deen;EuroShopper;wk 37 19;0;0;0;0;0;0;0;0
Deen;EuroShopper;wk 38 19;0;0;0;0;0;0;0;0
Deen;EuroShopper;wk 39 19;0;0;0;0;0;0;0;0
Deen;EuroShopper;wk 40 19;0;0;0;0;0;0;0;0
Deen;EuroShopper;wk 41 19;0;0;0;0;0;0;0;0
Deen;EuroShopper;wk 42 19;0;0;0;0;0;0;0;0
Deen;EuroShopper;wk 43 19;0;0;0;0;0;0;0;0
Deen;EuroShopper;wk 44 19;0;0;0;0;0;0;0;0
Deen;EuroShopper;wk 45 19;0;0;0;0;0;0;0;0
Deen;EuroShopper;wk 46 19;0;0;0;0;0;0;0;0
Deen;EuroShopper;wk 47 19;0;0;0;0;0;0;0;0
Deen;EuroShopper;wk 48 19;0;0;0;0;0;0;0;0
Deen;EuroShopper;wk 49 19;0;0;0;0;0;0;0;0
Deen;EuroShopper;wk 50 19;0;0;0;0;0;0;0;0
Deen;EuroShopper;wk 51 19;0;0;0;0;0;0;0;0
Deen;EuroShopper;wk 52 19;0;0;0;0;0;0;0;0
Deen;EuroShopper;wk 01 20;0;0;0;0;0;0;0;0
Deen;EuroShopper;wk 02 20;0;0;0;0;0;0;0;0
Deen;EuroShopper;wk 03 20;0;0;0;0;0;0;0;0
Deen;EuroShopper;wk 04 20;0;0;0;0;0;0;0;0
Deen;EuroShopper;wk 05 20;0;0;0;0;0;0;0;0
Deen;EuroShopper;wk 06 20;0;0;0;0;0;0;0;0
Deen;EuroShopper;wk 07 20;0;0;0;0;0;0;0;0
Deen;EuroShopper;wk 08 20;0;0;0;0;0;0;0;0
Deen;EuroShopper;wk 09 20;0;0;0;0;0;0;0;0
Deen;EuroShopper;wk 10 20;0;0;0;0;0;0;0;0
Deen;EuroShopper;wk 11 20;0;0;0;0;0;0;0;0
Deen;EuroShopper;wk 12 20;0;0;0;0;0;0;0;0
Deen;EuroShopper;wk 13 20;0;0;0;0;0;0;0;0
Deen;EuroShopper;wk 14 20;0;0;0;0;0;0;0;0
Deen;EuroShopper;wk 15 20;0;0;0;0;0;0;0;0
Deen;EuroShopper;wk 16 20;0;0;0;0;0;0;0;0
Deen;EuroShopper;wk 17 20;0;0;0;0;0;0;0;0
Deen;EuroShopper;wk 18 20;0;0;0;0;0;0;0;0
Deen;EuroShopper;wk 19 20;0;0;0;0;0;0;0;0
Deen;EuroShopper;wk 20 20;0;0;0;0;0;0;0;0
Deen;EuroShopper;wk 21 20;0;0;0;0;0;0;0;0
Deen;EuroShopper;wk 22 20;0;0;0;0;0;0;0;0
Deen;EuroShopper;wk 23 20;0;0;0;0;0;0;0;0
Deen;EuroShopper;wk 24 20;0;0;0;0;0;0;0;0
Deen;EuroShopper;wk 25 20;0;0;0;0;0;0;0;0
Deen;EuroShopper;wk 26 20;0;0;0;0;0;0;0;0
Deen;EuroShopper;wk 27 20;0;0;0;0;0;0;0;0
Deen;EuroShopper;wk 28 20;0;0;0;0;0;0;0;0
Deen;EuroShopper;wk 29 20;0;0;0;0;0;0;0;0
Deen;EuroShopper;wk 30 20;0;0;0;0;0;0;0;0
Deen;EuroShopper;wk 31 20;0;0;0;0;0;0;0;0
Deen;EuroShopper;wk 32 20;0;0;0;0;0;0;0;0
Deen;EuroShopper;wk 33 20;0;0;0;0;0;0;0;0
Deen;EuroShopper;wk 34 20;0;0;0;0;0;0;0;0
Deen;EuroShopper;wk 35 20;0;0;0;0;0;0;0;0
Deen;EuroShopper;wk 36 20;0;0;0;0;0;0;0;0
Deen;EuroShopper;wk 37 20;0;0;0;0;0;0;0;0
Deen;EuroShopper;wk 38 20;0;0;0;0;0;0;0;0
Deen;EuroShopper;wk 39 20;0;0;0;0;0;0;0;0
Deen;EuroShopper;wk 40 20;0;0;0;0;0;0;0;0
Deen;EuroShopper;wk 41 20;0;0;0;0;0;0;0;0
Deen;EuroShopper;wk 42 20;0;0;0;0;0;0;0;0
Deen;EuroShopper;wk 43 20;0;0;0;0;0;0;0;0
Deen;EuroShopper;wk 44 20;0;0;0;0;0;0;0;0
Deen;EuroShopper;wk 45 20;0;0;0;0;0;0;0;0
Deen;EuroShopper;wk 46 20;0;0;0;0;0;0;0;0
Deen;EuroShopper;wk 47 20;0;0;0;0;0;0;0;0
Deen;EuroShopper;wk 48 20;0;0;0;0;0;0;0;0
Deen;EuroShopper;wk 49 20;0;0;0;0;0;0;0;0
Deen;EuroShopper;wk 50 20;0;0;0;0;0;0;0;0
Deen;EuroShopper;wk 51 20;0;0;0;0;0;0;0;0
Deen;EuroShopper;wk 52 20;0;0;0;0;0;0;0;0
Deen;KarvanCevitam;wk 01 17;6691;2.89;3.92;2.89;3.94;0;0;0
Deen;KarvanCevitam;wk 02 17;7114;2.89;3.93;2.89;3.91;0;0;0
Deen;KarvanCevitam;wk 03 17;7351;2.89;3.91;2.89;3.93;0;0;0
Deen;KarvanCevitam;wk 04 17;7560;2.89;3.92;2.89;3.89;0;0;0
Deen;KarvanCevitam;wk 05 17;7125;2.9;3.93;2.89;3.92;0;0;0
Deen;KarvanCevitam;wk 06 17;11110;2.53;3.42;2.92;3.99;0;0;0
Deen;KarvanCevitam;wk 07 17;38767;2.01;2.69;2.89;3.97;100;0;0
Deen;KarvanCevitam;wk 08 17;5157;2.88;3.94;2.9;3.93;0;0;0
Deen;KarvanCevitam;wk 09 17;6278;2.89;3.94;2.89;3.94;0;0;0
Deen;KarvanCevitam;wk 10 17;6384;2.9;3.95;2.9;3.91;0;0;0
Deen;KarvanCevitam;wk 11 17;7180;2.9;3.92;2.9;3.94;0;0;0
Deen;KarvanCevitam;wk 12 17;7676;2.9;3.93;2.9;3.93;0;0;0
Deen;KarvanCevitam;wk 13 17;16716;2.41;3.24;2.91;3.93;0;0;0
Deen;KarvanCevitam;wk 14 17;65426;2.03;2.72;2.89;3.91;100;0;0
Deen;KarvanCevitam;wk 15 17;5427;2.9;3.95;2.9;3.91;0;0;0
Deen;KarvanCevitam;wk 16 17;6108;2.87;4;2.87;3.98;0;0;0
Deen;KarvanCevitam;wk 17 17;9798;2.36;3.42;2.48;3.69;0;0;0
Deen;KarvanCevitam;wk 18 17;24322;2;2.68;2.87;3.93;0;0;0
Deen;KarvanCevitam;wk 19 17;26684;2;2.71;2.77;3.98;100;0;0
Deen;KarvanCevitam;wk 20 17;6439;2.84;3.97;2.86;3.93;0;0;0
Deen;KarvanCevitam;wk 21 17;8614;2.89;3.98;2.89;3.96;0;0;0
Deen;KarvanCevitam;wk 22 17;9063;2.9;3.96;2.89;3.96;0;0;0
Deen;KarvanCevitam;wk 23 17;11652;2.45;3.3;2.88;3.9;100;0;0
Deen;KarvanCevitam;wk 24 17;13508;2.43;3.27;2.82;3.85;0;0;0
Deen;KarvanCevitam;wk 25 17;44518;2.01;2.7;2.9;3.95;100;0;0
Deen;KarvanCevitam;wk 26 17;6084;2.89;3.93;2.92;3.95;0;0;0
Deen;KarvanCevitam;wk 27 17;11596;2.52;3.41;2.94;4;0;0;0
Deen;KarvanCevitam;wk 28 17;38159;2.06;2.76;2.86;3.91;100;0;0
Deen;KarvanCevitam;wk 29 17;5689;2.89;4.01;2.56;3.48;0;0;0
Deen;KarvanCevitam;wk 30 17;5910;2.88;3.95;2.85;3.94;0;0;0
Deen;KarvanCevitam;wk 31 17;6521;2.68;3.67;2.69;3.72;0;0;0
Deen;KarvanCevitam;wk 32 17;5202;2.9;3.97;2.9;3.95;0;0;0
Deen;KarvanCevitam;wk 33 17;5102;2.9;3.95;2.9;3.93;0;0;0
Deen;KarvanCevitam;wk 34 17;10860;2.45;3.32;2.86;3.9;0;0;0
Deen;KarvanCevitam;wk 35 17;39793;2.01;2.69;2.8;3.8;84;0;0
Deen;KarvanCevitam;wk 36 17;5390;2.9;3.95;2.84;3.86;0;0;0
Deen;KarvanCevitam;wk 37 17;5731;2.9;3.93;2.84;3.86;0;0;0
Deen;KarvanCevitam;wk 38 17;6597;2.9;3.93;2.89;3.9;0;0;0
Deen;KarvanCevitam;wk 39 17;9804;2.56;3.44;2.96;3.99;0;0;0
Deen;KarvanCevitam;wk 40 17;28484;2.01;2.69;2.89;3.93;100;0;0
Deen;KarvanCevitam;wk 41 17;5028;2.89;3.9;2.89;3.91;0;0;0
Deen;KarvanCevitam;wk 42 17;6296;2.88;3.89;2.89;3.94;0;0;0
Deen;KarvanCevitam;wk 43 17;6474;2.87;3.87;2.9;3.9;0;0;0
Deen;KarvanCevitam;wk 44 17;6892;2.87;3.86;2.88;3.89;0;0;0
Deen;KarvanCevitam;wk 45 17;6991;2.87;3.86;2.88;3.88;0;0;0
Deen;KarvanCevitam;wk 46 17;7067;2.87;3.85;2.88;3.87;0;0;0
Deen;KarvanCevitam;wk 47 17;7549;2.87;3.86;2.87;3.85;0;0;0
Deen;KarvanCevitam;wk 48 17;7364;2.87;3.85;2.87;3.84;0;0;0
Deen;KarvanCevitam;wk 49 17;10269;2.54;3.4;2.91;3.94;0;0;0
Deen;KarvanCevitam;wk 50 17;34063;2.01;2.69;2.87;3.85;77;0;0
Deen;KarvanCevitam;wk 51 17;8319;2.62;3.53;2.64;3.55;0;0;0
Deen;KarvanCevitam;wk 52 17;5140;2.87;3.86;2.87;3.87;0;0;0
Deen;KarvanCevitam;wk 01 18;5814;2.87;3.87;2.86;3.87;0;0;0
Deen;KarvanCevitam;wk 02 18;6925;2.87;3.84;2.87;3.85;0;0;0
Deen;KarvanCevitam;wk 03 18;10005;2.66;3.57;2.89;3.88;0;0;0
Deen;KarvanCevitam;wk 04 18;26326;2.26;3.02;2.86;3.84;98;0;0
Deen;KarvanCevitam;wk 05 18;6111;2.87;3.85;2.86;3.83;0;0;0
Deen;KarvanCevitam;wk 06 18;6894;2.84;3.82;2.85;3.83;0;0;0
Deen;KarvanCevitam;wk 07 18;7683;2.72;3.66;2.79;3.8;0;0;0
Deen;KarvanCevitam;wk 08 18;8361;2.77;3.74;2.8;3.75;0;0;0
Deen;KarvanCevitam;wk 09 18;12758;2.58;3.45;2.89;3.91;0;0;0
Deen;KarvanCevitam;wk 10 18;36124;2.3;3.07;2.87;3.88;96;0;0
Deen;KarvanCevitam;wk 11 18;6231;2.81;3.8;2.8;3.76;0;0;0
Deen;KarvanCevitam;wk 12 18;7180;2.8;3.78;2.8;3.78;0;0;0
Deen;KarvanCevitam;wk 13 18;7674;2.8;3.77;2.81;3.78;0;0;0
Deen;KarvanCevitam;wk 14 18;7684;2.81;3.78;2.8;3.77;0;0;0
Deen;KarvanCevitam;wk 15 18;8086;2.81;3.78;2.81;3.77;0;0;0
Deen;KarvanCevitam;wk 16 18;12650;2.61;3.5;2.83;3.85;0;0;0
Deen;KarvanCevitam;wk 17 18;32639;2.3;3.07;2.81;3.81;87;0;0
Deen;KarvanCevitam;wk 18 18;5411;2.8;3.76;2.8;3.79;0;0;0
Deen;KarvanCevitam;wk 19 18;7028;2.72;3.63;2.8;3.74;0;0;0
Deen;KarvanCevitam;wk 20 18;23375;1.91;2.54;2.8;3.73;100;0;0
Deen;KarvanCevitam;wk 21 18;9247;2.71;3.61;2.76;3.68;0;0;0
Deen;KarvanCevitam;wk 22 18;14250;2.62;3.49;2.76;3.68;0;0;0
Deen;KarvanCevitam;wk 23 18;36317;2.3;3.07;2.73;3.64;100;0;0
Deen;KarvanCevitam;wk 24 18;5860;2.81;3.75;2.78;3.7;0;0;0
Deen;KarvanCevitam;wk 25 18;6395;2.81;3.74;2.79;3.72;0;0;0
Deen;KarvanCevitam;wk 26 18;11591;2.44;4.43;2.8;3.74;99;0;0
Deen;KarvanCevitam;wk 27 18;10318;2.72;4.04;2.67;3.93;0;0;0
Deen;KarvanCevitam;wk 28 18;9320;2.76;3.88;2.73;3.9;0;0;0
Deen;KarvanCevitam;wk 29 18;10952;2.75;3.93;2.69;4.04;0;0;0
Deen;KarvanCevitam;wk 30 18;12848;2.75;3.96;2.74;3.96;0;0;0
Deen;KarvanCevitam;wk 31 18;10433;2.74;3.89;2.75;3.93;0;0;0
Deen;KarvanCevitam;wk 32 18;11394;2.58;3.59;2.77;3.94;0;0;0
Deen;KarvanCevitam;wk 33 18;28413;2.3;3.11;2.77;3.84;99;0;0
Deen;KarvanCevitam;wk 34 18;6323;2.75;3.84;2.78;3.82;0;0;0
Deen;KarvanCevitam;wk 35 18;6752;2.75;3.8;2.76;3.83;0;0;0
Deen;KarvanCevitam;wk 36 18;7641;2.77;3.77;2.75;3.81;0;0;0
Deen;KarvanCevitam;wk 37 18;7177;2.76;3.77;2.76;3.78;0;0;0
Deen;KarvanCevitam;wk 38 18;10966;2.58;3.5;2.76;3.89;0;0;0
Deen;KarvanCevitam;wk 39 18;30375;2.29;3.08;2.76;3.75;98;0;0
Deen;KarvanCevitam;wk 40 18;5807;2.76;3.78;2.74;3.83;0;0;0
Deen;KarvanCevitam;wk 41 18;6619;2.89;3.96;2.74;3.82;0;0;0
Deen;KarvanCevitam;wk 42 18;55551;1.57;2.1;2.76;3.73;100;0;0
Deen;KarvanCevitam;wk 43 18;5676;2.86;3.9;2.79;3.82;0;0;0
Deen;KarvanCevitam;wk 44 18;5904;2.84;3.85;2.82;3.86;0;0;0
Deen;KarvanCevitam;wk 45 18;10417;2.49;3.35;2.86;3.85;100;0;0
Deen;KarvanCevitam;wk 46 18;17081;2.12;2.85;2.87;3.89;100;0;0
Deen;KarvanCevitam;wk 47 18;9442;2.66;3.57;2.9;3.92;0;0;0
Deen;KarvanCevitam;wk 48 18;25134;2.31;3.09;2.89;3.9;100;0;0
Deen;KarvanCevitam;wk 49 18;5247;2.88;3.89;2.85;3.84;0;0;0
Deen;KarvanCevitam;wk 50 18;5750;2.91;3.95;2.87;3.89;0;0;0
Deen;KarvanCevitam;wk 51 18;6624;2.9;3.95;2.9;3.93;0;0;0
Deen;KarvanCevitam;wk 52 18;14695;2.43;3.26;2.88;3.91;100;0;0
Deen;KarvanCevitam;wk 01 19;14547;2.37;3.18;2.9;3.92;100;0;0
Deen;KarvanCevitam;wk 02 19;5426;2.91;3.95;2.89;3.99;0;0;0
Deen;KarvanCevitam;wk 03 19;9645;2.7;3.64;2.9;3.92;0;0;0
Deen;KarvanCevitam;wk 04 19;28278;2.42;3.24;2.91;3.93;100;0;0
Deen;KarvanCevitam;wk 05 19;5479;2.91;3.97;2.71;3.68;0;0;0
Deen;KarvanCevitam;wk 06 19;6003;2.91;3.95;2.91;3.94;0;0;0
Deen;KarvanCevitam;wk 07 19;6803;2.91;3.96;2.91;3.95;0;0;0
Deen;KarvanCevitam;wk 08 19;6368;2.93;3.97;2.91;3.95;0;0;0
Deen;KarvanCevitam;wk 09 19;16597;2.32;3.11;2.9;3.94;0;0;0
Deen;KarvanCevitam;wk 10 19;39546;1.61;2.15;2.87;3.89;100;0;0
Deen;KarvanCevitam;wk 11 19;5766;2.7;3.68;2.79;3.77;0;0;0
Deen;KarvanCevitam;wk 12 19;9115;2.68;3.62;2.98;4.04;0;0;0
Deen;KarvanCevitam;wk 13 19;25523;2.42;3.25;2.9;3.93;100;0;0
Deen;KarvanCevitam;wk 14 19;5002;2.91;3.98;2.82;3.84;0;0;0
Deen;KarvanCevitam;wk 15 19;12774;2.33;3.15;2.88;3.9;100;0;0
Deen;KarvanCevitam;wk 16 19;6727;2.9;3.98;2.93;3.99;0;0;0
Deen;KarvanCevitam;wk 17 19;6190;2.91;3.97;2.92;3.99;0;0;0
Deen;KarvanCevitam;wk 18 19;6147;2.91;3.97;2.93;3.96;0;0;0
Deen;KarvanCevitam;wk 19 19;6343;2.92;3.95;2.92;3.97;0;0;0
Deen;KarvanCevitam;wk 20 19;7037;2.94;3.94;2.93;3.96;0;0;0
Deen;KarvanCevitam;wk 21 19;12440;2.62;3.5;2.93;3.93;0;0;0
Deen;KarvanCevitam;wk 22 19;36188;2.31;3.07;2.94;3.92;100;0;0
Deen;KarvanCevitam;wk 23 19;5661;2.96;3.92;2.97;3.92;0;0;0
Deen;KarvanCevitam;wk 24 19;5848;2.97;3.92;2.96;3.92;0;0;0
Deen;KarvanCevitam;wk 25 19;13498;2.49;3.3;2.98;3.94;0;0;0
Deen;KarvanCevitam;wk 26 19;49245;2.07;2.76;2.96;3.91;100;0;0
Deen;KarvanCevitam;wk 27 19;5534;2.97;3.91;2.98;3.9;0;0;0
Deen;KarvanCevitam;wk 28 19;5324;2.96;3.89;2.95;3.88;0;0;0
Deen;KarvanCevitam;wk 29 19;5424;2.95;3.89;2.94;3.87;0;0;0
Deen;KarvanCevitam;wk 30 19;10627;2.81;3.71;2.95;3.91;0;0;0
Deen;KarvanCevitam;wk 31 19;19991;2.46;3.27;2.95;3.9;100;0;0
Deen;KarvanCevitam;wk 32 19;4737;2.96;3.92;2.96;3.93;0;0;0
Deen;KarvanCevitam;wk 33 19;5470;2.96;3.92;2.96;3.92;0;0;0
Deen;KarvanCevitam;wk 34 19;6863;2.97;3.92;2.97;3.94;0;0;0
Deen;KarvanCevitam;wk 35 19;8875;2.97;3.91;2.99;3.93;0;0;0
Deen;KarvanCevitam;wk 36 19;7001;2.97;3.91;2.96;3.92;0;0;0
Deen;KarvanCevitam;wk 37 19;9852;2.71;3.58;3;3.96;0;0;0
Deen;KarvanCevitam;wk 38 19;25774;2.32;3.09;2.97;3.92;99;0;0
Deen;KarvanCevitam;wk 39 19;5403;2.96;3.92;2.96;3.92;0;0;0
Deen;KarvanCevitam;wk 40 19;17099;1.68;3.11;2.94;3.93;0;0;0
Deen;KarvanCevitam;wk 41 19;5995;2.92;3.94;2.93;3.94;0;0;0
Deen;KarvanCevitam;wk 42 19;5895;2.92;3.94;2.92;3.94;0;0;0
Deen;KarvanCevitam;wk 43 19;12613;2.56;3.4;2.94;3.91;0;0;0
Deen;KarvanCevitam;wk 44 19;24996;2.43;3.24;2.96;3.9;100;0;0
Deen;KarvanCevitam;wk 45 19;4746;2.96;3.92;2.97;3.92;0;0;0
Deen;KarvanCevitam;wk 46 19;31220;1.84;2.45;2.92;3.87;100;0;0
Deen;KarvanCevitam;wk 47 19;5023;2.91;3.85;2.95;3.89;0;0;0
Deen;KarvanCevitam;wk 48 19;5408;2.94;3.88;2.93;3.86;0;0;0
Deen;KarvanCevitam;wk 49 19;10213;2.5;3.31;2.99;3.94;0;0;0
Deen;KarvanCevitam;wk 50 19;33258;2.06;2.75;2.92;3.92;99;0;0
Deen;KarvanCevitam;wk 51 19;5070;2.94;3.9;2.95;3.9;0;0;0
Deen;KarvanCevitam;wk 52 19;5883;2.77;3.68;2.95;3.91;0;0;0
Deen;KarvanCevitam;wk 01 20;13998;2.4;3.2;2.95;3.91;99;0;0
Deen;KarvanCevitam;wk 02 20;5209;2.96;3.91;2.8;3.7;0;0;0
Deen;KarvanCevitam;wk 03 20;5935;2.97;3.91;2.96;3.9;0;0;0
Deen;KarvanCevitam;wk 04 20;22575;1.55;2.97;2.93;3.93;0;0;0
Deen;KarvanCevitam;wk 05 20;10221;2.65;3.5;2.99;3.95;0;0;0
Deen;KarvanCevitam;wk 06 20;30638;2.3;3.07;2.96;3.91;99;0;0
Deen;KarvanCevitam;wk 07 20;4562;2.96;3.91;2.95;3.92;0;0;0
Deen;KarvanCevitam;wk 08 20;4667;2.96;3.91;2.95;3.92;0;0;0
Deen;KarvanCevitam;wk 09 20;6330;2.98;3.91;2.97;3.91;0;0;0
Deen;KarvanCevitam;wk 10 20;11264;2.56;3.46;2.82;3.84;0;0;0
Deen;KarvanCevitam;wk 11 20;39556;2.32;3.09;2.97;3.9;100;0;0
Deen;KarvanCevitam;wk 12 20;7190;2.97;3.9;2.99;3.9;0;0;0
Deen;KarvanCevitam;wk 13 20;7014;2.98;3.91;2.98;3.91;0;0;0
Deen;KarvanCevitam;wk 14 20;6966;2.98;3.91;2.97;3.91;0;0;0
Deen;KarvanCevitam;wk 15 20;9981;2.8;3.69;2.99;3.94;0;0;0
Deen;KarvanCevitam;wk 16 20;31623;2.32;3.08;2.98;3.92;99;0;0
Deen;KarvanCevitam;wk 17 20;6252;2.97;3.91;2.97;3.91;0;0;0
Deen;KarvanCevitam;wk 18 20;6062;2.97;3.91;2.96;3.91;0;0;0
Deen;KarvanCevitam;wk 19 20;14438;2.42;3.21;2.99;3.94;0;0;0
Deen;KarvanCevitam;wk 20 20;53604;2.04;2.72;2.97;3.91;100;0;0
Deen;KarvanCevitam;wk 21 20;5852;2.94;3.89;3;3.95;0;0;0
Deen;KarvanCevitam;wk 22 20;10456;2.68;3.55;2.98;3.91;0;0;0
Deen;KarvanCevitam;wk 23 20;32693;2.31;3.07;2.99;3.89;100;0;0
Deen;KarvanCevitam;wk 24 20;5190;2.96;3.91;2.72;3.58;0;0;0
Deen;KarvanCevitam;wk 25 20;7052;2.97;3.91;2.95;3.86;0;0;0
Deen;KarvanCevitam;wk 26 20;9412;2.97;3.91;2.98;3.9;0;0;0
Deen;KarvanCevitam;wk 27 20;7963;2.97;3.91;2.98;3.9;0;0;0
Deen;KarvanCevitam;wk 28 20;6674;2.96;3.91;2.98;3.89;0;0;0
Deen;KarvanCevitam;wk 29 20;11880;2.63;3.49;2.98;3.9;0;0;0
Deen;KarvanCevitam;wk 30 20;35271;2.3;3.07;2.98;3.89;100;0;0
Deen;KarvanCevitam;wk 31 20;5109;2.96;3.91;2.98;3.91;0;0;0
Deen;KarvanCevitam;wk 32 20;7234;2.97;3.91;2.95;3.92;0;0;0
Deen;KarvanCevitam;wk 33 20;9659;2.92;3.87;2.88;3.87;0;0;0
Deen;KarvanCevitam;wk 34 20;10745;2.79;3.67;2.99;3.92;0;0;0
Deen;KarvanCevitam;wk 35 20;21056;2.4;3.19;2.97;3.9;100;0;0
Deen;KarvanCevitam;wk 36 20;5785;2.99;3.9;2.99;3.9;0;0;0
Deen;KarvanCevitam;wk 37 20;5926;2.99;3.9;2.99;3.9;0;0;0
Deen;KarvanCevitam;wk 38 20;13316;2.5;3.3;2.99;3.91;0;0;0
Deen;KarvanCevitam;wk 39 20;49305;2.09;2.78;2.97;3.9;100;0;0
Deen;KarvanCevitam;wk 40 20;5587;2.9;3.8;2.96;3.88;0;0;0
Deen;KarvanCevitam;wk 41 20;9548;2.67;3.52;2.96;3.87;0;0;0
Deen;KarvanCevitam;wk 42 20;11474;2.61;3.44;2.93;3.83;0;0;0
Deen;KarvanCevitam;wk 43 20;11994;2.61;3.44;2.76;3.6;0;0;0
Deen;KarvanCevitam;wk 44 20;12044;2.61;3.44;2.71;3.57;0;0;0
Deen;KarvanCevitam;wk 45 20;11183;2.62;3.46;2.7;3.56;0;0;0
Deen;KarvanCevitam;wk 46 20;5758;2.82;3.66;2.66;3.5;0;0;0
Deen;KarvanCevitam;wk 47 20;5895;2.9;3.78;2.67;3.5;0;0;0
Deen;KarvanCevitam;wk 48 20;11503;2.49;3.28;2.86;3.73;0;0;0
Deen;KarvanCevitam;wk 49 20;36823;2.04;2.71;2.82;3.68;100;0;0
Deen;KarvanCevitam;wk 50 20;5111;2.93;3.83;2.8;3.69;0;0;0
Deen;KarvanCevitam;wk 51 20;10167;2.55;3.36;2.86;3.73;0;0;0
Deen;KarvanCevitam;wk 52 20;26881;2.08;2.77;2.87;3.77;100;0;0
Deen;Raak;wk 01 17;2238;1.44;1.92;1.45;1.93;0;0;0
Deen;Raak;wk 02 17;2289;1.44;1.92;1.45;1.93;0;0;0
Deen;Raak;wk 03 17;2316;1.44;1.92;1.44;1.92;0;0;0
Deen;Raak;wk 04 17;2192;1.45;1.93;1.45;1.93;0;0;0
Deen;Raak;wk 05 17;2301;1.45;1.93;1.44;1.93;0;0;0
Deen;Raak;wk 06 17;2234;1.45;1.93;1.45;1.93;0;0;0
Deen;Raak;wk 07 17;2071;1.45;1.93;1.45;1.93;0;0;0
Deen;Raak;wk 08 17;2275;1.45;1.93;1.45;1.94;0;0;0
Deen;Raak;wk 09 17;2392;1.45;1.93;1.45;1.93;0;0;0
Deen;Raak;wk 10 17;4321;1.21;1.61;1.41;1.88;0;0;0
Deen;Raak;wk 11 17;18093;1.01;1.34;1.44;1.92;99;0;0
Deen;Raak;wk 12 17;2328;1.42;1.89;1.45;1.94;0;0;0
Deen;Raak;wk 13 17;2703;1.42;1.89;1.43;1.91;0;0;0
Deen;Raak;wk 14 17;2598;1.42;1.89;1.42;1.89;0;0;0
Deen;Raak;wk 15 17;2686;1.42;1.9;1.42;1.89;0;0;0
Deen;Raak;wk 16 17;2488;1.42;1.9;1.41;1.88;0;0;0
Deen;Raak;wk 17 17;2414;1.42;1.9;1.42;1.9;0;0;0
Deen;Raak;wk 18 17;2479;1.42;1.9;1.42;1.89;0;0;0
Deen;Raak;wk 19 17;2630;1.42;1.9;1.43;1.9;0;0;0
Deen;Raak;wk 20 17;3079;1.42;1.9;1.42;1.89;0;0;0
Deen;Raak;wk 21 17;3668;1.42;1.89;1.42;1.89;0;0;0
Deen;Raak;wk 22 17;3733;1.42;1.89;1.42;1.89;0;0;0
Deen;Raak;wk 23 17;2929;1.42;1.89;1.43;1.9;0;0;0
Deen;Raak;wk 24 17;3063;1.41;1.89;1.42;1.9;0;0;0
Deen;Raak;wk 25 17;3435;1.42;1.89;1.42;1.9;0;0;0
Deen;Raak;wk 26 17;3039;1.42;1.89;1.42;1.89;0;0;0
Deen;Raak;wk 27 17;3270;1.42;1.89;1.42;1.89;0;0;0
Deen;Raak;wk 28 17;2995;1.43;1.91;1.41;1.88;0;0;0
Deen;Raak;wk 29 17;2974;1.43;1.91;1.42;1.9;0;0;0
Deen;Raak;wk 30 17;2649;1.43;1.91;1.44;1.91;0;0;0
Deen;Raak;wk 31 17;4695;1.22;1.62;1.47;1.96;0;0;0
Deen;Raak;wk 32 17;16184;1.01;1.34;1.42;1.9;99;0;0
Deen;Raak;wk 33 17;1842;1.43;1.91;1.43;1.91;0;0;0
Deen;Raak;wk 34 17;2265;1.43;1.91;1.42;1.89;0;0;0
Deen;Raak;wk 35 17;2516;1.43;1.91;1.43;1.91;0;0;0
Deen;Raak;wk 36 17;4824;1.21;1.61;1.37;1.83;0;0;0
Deen;Raak;wk 37 17;18099;1.02;1.36;1.4;1.86;100;0;0
Deen;Raak;wk 38 17;2285;1.42;1.89;1.39;1.85;0;0;0
Deen;Raak;wk 39 17;2388;1.42;1.89;1.38;1.84;0;0;0
Deen;Raak;wk 40 17;2371;1.42;1.9;1.42;1.89;0;0;0
Deen;Raak;wk 41 17;2524;1.42;1.89;1.42;1.89;0;0;0
Deen;Raak;wk 42 17;2721;1.42;1.9;1.42;1.9;0;0;0
Deen;Raak;wk 43 17;2697;1.42;1.89;1.42;1.9;0;0;0
Deen;Raak;wk 44 17;2895;1.42;1.9;1.42;1.89;0;0;0
Deen;Raak;wk 45 17;2831;1.43;1.9;1.42;1.9;0;0;0
Deen;Raak;wk 46 17;2735;1.42;1.89;1.42;1.9;0;0;0
Deen;Raak;wk 47 17;2910;1.42;1.9;1.42;1.89;0;0;0
Deen;Raak;wk 48 17;2973;1.42;1.9;1.42;1.9;0;0;0
Deen;Raak;wk 49 17;2901;1.42;1.9;1.42;1.9;0;0;0
Deen;Raak;wk 50 17;2677;1.42;1.9;1.42;1.9;0;0;0
Deen;Raak;wk 51 17;3412;1.42;1.9;1.42;1.89;0;0;0
Deen;Raak;wk 52 17;2413;1.42;1.9;1.42;1.89;0;0;0
Deen;Raak;wk 01 18;10369;1.03;1.37;1.42;1.9;100;0;0
Deen;Raak;wk 02 18;2706;1.43;1.9;1.42;1.9;0;0;0
Deen;Raak;wk 03 18;2859;1.42;1.9;1.42;1.89;0;0;0
Deen;Raak;wk 04 18;2907;1.42;1.9;1.42;1.9;0;0;0
Deen;Raak;wk 05 18;2943;1.42;1.89;1.43;1.9;0;0;0
Deen;Raak;wk 06 18;5037;1.24;1.66;1.41;1.88;0;0;0
Deen;Raak;wk 07 18;16692;1.01;1.34;1.42;1.9;100;0;0
Deen;Raak;wk 08 18;3058;1.43;1.91;1.42;1.89;0;0;0
Deen;Raak;wk 09 18;2950;1.43;1.91;1.42;1.9;0;0;0
Deen;Raak;wk 10 18;3251;1.43;1.91;1.44;1.91;0;0;0
Deen;Raak;wk 11 18;3376;1.43;1.91;1.43;1.91;0;0;0
Deen;Raak;wk 12 18;3787;1.43;1.91;1.43;1.9;0;0;0
Deen;Raak;wk 13 18;3720;1.43;1.91;1.43;1.9;0;0;0
Deen;Raak;wk 14 18;3479;1.45;1.93;1.44;1.92;0;0;0
Deen;Raak;wk 15 18;8049;1.02;1.36;1.41;1.88;0;0;0
Deen;Raak;wk 16 18;38353;0.74;0.99;1.42;1.9;100;0;0
Deen;Raak;wk 17 18;2940;1.45;1.93;1.43;1.9;0;0;0
Deen;Raak;wk 18 18;2954;1.45;1.93;1.45;1.93;0;0;0
Deen;Raak;wk 19 18;3604;1.44;1.92;1.44;1.92;0;0;0
Deen;Raak;wk 20 18;3698;1.44;1.91;1.44;1.92;0;0;0
Deen;Raak;wk 21 18;3975;1.44;1.91;1.44;1.92;0;0;0
Deen;Raak;wk 22 18;4495;1.43;1.91;1.43;1.91;0;0;0
Deen;Raak;wk 23 18;3975;1.44;1.92;1.43;1.91;0;0;0
Deen;Raak;wk 24 18;3832;1.43;1.91;1.44;1.92;0;0;0
Deen;Raak;wk 25 18;3717;1.44;1.91;1.43;1.91;0;0;0
Deen;Raak;wk 26 18;4302;1.43;1.91;1.44;1.92;0;0;0
Deen;Raak;wk 27 18;4523;1.44;1.91;1.44;1.92;0;0;0
Deen;Raak;wk 28 18;4338;1.44;1.91;1.44;1.91;0;0;0
Deen;Raak;wk 29 18;4773;1.44;1.91;1.44;1.91;0;0;0
Deen;Raak;wk 30 18;4986;1.43;1.91;1.44;1.91;0;0;0
Deen;Raak;wk 31 18;4174;1.43;1.91;1.44;1.91;0;0;0
Deen;Raak;wk 32 18;3780;1.43;1.91;1.44;1.91;0;0;0
Deen;Raak;wk 33 18;3270;1.43;1.91;1.43;1.91;0;0;0
Deen;Raak;wk 34 18;8211;0.99;1.32;1.45;1.94;0;0;0
Deen;Raak;wk 35 18;32455;0.74;0.98;1.43;1.91;100;0;0
Deen;Raak;wk 36 18;2788;1.43;1.91;1.43;1.9;0;0;0
Deen;Raak;wk 37 18;2941;1.43;1.91;1.43;1.9;0;0;0
Deen;Raak;wk 38 18;3168;1.43;1.91;1.42;1.89;0;0;0
Deen;Raak;wk 39 18;3440;1.43;1.91;1.43;1.9;0;0;0
Deen;Raak;wk 40 18;3316;1.43;1.91;1.43;1.91;0;0;0
Deen;Raak;wk 41 18;3561;1.48;1.98;1.43;1.91;0;0;0
Deen;Raak;wk 42 18;3158;1.48;1.97;1.43;1.91;0;0;0
Deen;Raak;wk 43 18;2713;1.48;1.97;1.48;1.97;0;0;0
Deen;Raak;wk 44 18;2536;1.48;1.97;1.49;1.98;0;0;0
Deen;Raak;wk 45 18;2307;1.47;1.96;1.47;1.96;0;0;0
Deen;Raak;wk 46 18;1752;1.48;1.97;1.47;1.96;0;0;0
Deen;Raak;wk 47 18;1235;1.43;1.9;1.47;1.96;0;0;0
Deen;Raak;wk 48 18;1203;1.43;1.9;1.47;1.97;0;0;0
Deen;Raak;wk 49 18;3234;1.43;1.91;1.47;1.95;0;0;0
Deen;Raak;wk 50 18;2851;1.43;1.91;1.47;1.96;0;0;0
Deen;Raak;wk 51 18;3037;1.43;1.91;1.45;1.93;0;0;0
Deen;Raak;wk 52 18;2114;1.44;1.91;1.44;1.92;0;0;0
Deen;Raak;wk 01 19;2253;1.44;1.92;1.43;1.91;0;0;0
Deen;Raak;wk 02 19;2549;1.44;1.93;1.44;1.92;0;0;0
Deen;Raak;wk 03 19;2681;1.45;1.93;1.45;1.93;0;0;0
Deen;Raak;wk 04 19;2979;1.45;1.93;1.45;1.94;0;0;0
Deen;Raak;wk 05 19;3056;1.44;1.93;1.46;1.94;0;0;0
Deen;Raak;wk 06 19;3093;1.44;1.92;1.44;1.92;0;0;0
Deen;Raak;wk 07 19;2953;1.45;1.93;1.44;1.92;0;0;0
Deen;Raak;wk 08 19;3035;1.48;1.97;1.44;1.92;0;0;0
Deen;Raak;wk 09 19;3071;1.48;1.97;1.44;1.92;0;0;0
Deen;Raak;wk 10 19;5636;1.11;1.48;1.32;1.76;0;0;0
Deen;Raak;wk 11 19;21539;0.83;1.11;1.34;1.78;90;0;0
Deen;Raak;wk 12 19;2588;1.5;1.99;1.38;1.84;0;0;0
Deen;Raak;wk 13 19;2921;1.49;1.99;1.34;1.78;0;0;0
Deen;Raak;wk 14 19;3034;1.5;2;1.48;1.97;0;0;0
Deen;Raak;wk 15 19;3187;1.49;1.99;1.49;1.99;0;0;0
Deen;Raak;wk 16 19;3434;1.5;2;1.49;1.99;0;0;0
Deen;Raak;wk 17 19;3369;1.49;1.99;1.5;2;0;0;0
Deen;Raak;wk 18 19;3019;1.49;1.99;1.5;1.99;0;0;0
Deen;Raak;wk 19 19;4248;1.36;1.82;1.49;1.99;0;0;0
Deen;Raak;wk 20 19;11608;1.12;1.5;1.5;2;100;0;0
Deen;Raak;wk 21 19;3286;1.49;1.99;1.47;1.96;0;0;0
Deen;Raak;wk 22 19;3416;1.49;1.99;1.49;1.99;0;0;0
Deen;Raak;wk 23 19;3694;1.49;1.99;1.49;1.99;0;0;0
Deen;Raak;wk 24 19;3513;1.49;1.99;1.49;1.99;0;0;0
Deen;Raak;wk 25 19;4452;1.49;1.99;1.49;1.99;0;0;0
Deen;Raak;wk 26 19;5119;1.49;1.99;1.49;1.99;0;0;0
Deen;Raak;wk 27 19;4247;1.49;1.99;1.49;1.99;0;0;0
Deen;Raak;wk 28 19;3639;1.49;1.99;1.49;1.99;0;0;0
Deen;Raak;wk 29 19;3379;1.49;1.99;1.49;1.99;0;0;0
Deen;Raak;wk 30 19;4952;1.49;1.99;1.49;1.99;0;0;0
Deen;Raak;wk 31 19;3740;1.49;1.99;1.48;1.98;0;0;0
Deen;Raak;wk 32 19;3307;1.55;2.06;1.49;1.99;0;0;0
Deen;Raak;wk 33 19;3341;1.55;2.06;1.49;1.99;0;0;0
Deen;Raak;wk 34 19;3951;1.55;2.07;1.55;2.06;0;0;0
Deen;Raak;wk 35 19;4520;1.55;2.07;1.55;2.06;0;0;0
Deen;Raak;wk 36 19;3796;1.55;2.06;1.55;2.07;0;0;0
Deen;Raak;wk 37 19;3693;1.55;2.07;1.55;2.07;0;0;0
Deen;Raak;wk 38 19;3789;1.55;2.06;1.55;2.07;0;0;0
Deen;Raak;wk 39 19;7653;1.31;1.75;1.55;2.07;0;0;0
Deen;Raak;wk 40 19;3427;1.54;2.06;1.55;2.06;0;0;0
Deen;Raak;wk 41 19;5050;1.43;1.91;1.55;2.07;0;0;0
Deen;Raak;wk 42 19;13913;1.27;1.7;1.54;2.06;100;0;0
Deen;Raak;wk 43 19;3260;1.55;2.06;1.54;2.06;0;0;0
Deen;Raak;wk 44 19;3195;1.55;2.06;1.54;2.05;0;0;0
Deen;Raak;wk 45 19;3428;1.55;2.06;1.55;2.07;0;0;0
Deen;Raak;wk 46 19;3084;1.55;2.06;1.55;2.06;0;0;0
Deen;Raak;wk 47 19;3345;1.55;2.06;1.55;2.07;0;0;0
Deen;Raak;wk 48 19;3473;1.55;2.07;1.55;2.06;0;0;0
Deen;Raak;wk 49 19;3422;1.55;2.06;1.55;2.07;0;0;0
Deen;Raak;wk 50 19;3447;1.53;2.04;1.55;2.06;0;0;0
Deen;Raak;wk 51 19;3714;1.53;2.04;1.55;2.07;0;0;0
Deen;Raak;wk 52 19;2907;1.53;2.04;1.55;2.07;0;0;0
Deen;Raak;wk 01 20;6667;1.15;1.54;1.53;2.04;0;0;0
Deen;Raak;wk 02 20;21629;0.88;1.18;1.47;1.96;100;0;0
Deen;Raak;wk 03 20;3138;1.52;2.02;1.51;2.01;0;0;0
Deen;Raak;wk 04 20;3593;1.51;2.01;1.53;2.04;0;0;0
Deen;Raak;wk 05 20;3488;1.53;2.03;1.52;2.03;0;0;0
Deen;Raak;wk 06 20;3517;1.52;2.03;1.52;2.03;0;0;0
Deen;Raak;wk 07 20;3701;1.53;2.04;1.52;2.02;0;0;0
Deen;Raak;wk 08 20;3612;1.52;2.03;1.52;2.02;0;0;0
Deen;Raak;wk 09 20;4101;1.52;2.03;1.53;2.04;0;0;0
Deen;Raak;wk 10 20;4245;1.52;2.02;1.53;2.05;0;0;0
Deen;Raak;wk 11 20;6376;1.52;2.03;1.53;2.04;0;0;0
Deen;Raak;wk 12 20;8528;1.41;1.88;1.53;2.04;0;0;0
Deen;Raak;wk 13 20;20834;1.27;1.69;1.52;2.03;0;0;0
Deen;Raak;wk 14 20;3678;1.51;2.02;1.53;2.04;0;0;0
Deen;Raak;wk 15 20;4561;1.51;2.02;1.51;2.02;0;0;0
Deen;Raak;wk 16 20;4198;1.52;2.02;1.51;2.02;0;0;0
Deen;Raak;wk 17 20;4629;1.51;2.02;1.52;2.03;0;0;0
Deen;Raak;wk 18 20;4200;1.51;2.02;1.52;2.02;0;0;0
Deen;Raak;wk 19 20;4335;1.51;2.02;1.51;2.02;0;0;0
Deen;Raak;wk 20 20;4268;1.52;2.02;1.52;2.02;0;0;0
Deen;Raak;wk 21 20;9144;1.14;1.52;1.52;2.02;0;0;0
Deen;Raak;wk 22 20;32126;0.81;1.08;1.52;2.03;100;0;0
Deen;Raak;wk 23 20;3719;1.44;1.91;1.5;2;0;0;0
Deen;Raak;wk 24 20;3955;1.5;2;1.51;2.01;0;0;0
Deen;Raak;wk 25 20;5021;1.5;2;1.5;2;0;0;0
Deen;Raak;wk 26 20;6755;1.51;2.01;1.51;2.01;0;0;0
Deen;Raak;wk 27 20;7723;1.49;1.99;1.52;2.02;100;0;0
Deen;Raak;wk 28 20;4644;1.53;2.03;1.51;2.02;0;0;0
Deen;Raak;wk 29 20;4377;1.53;2.04;1.52;2.03;0;0;0
Deen;Raak;wk 30 20;4451;1.52;2.03;1.53;2.05;0;0;0
Deen;Raak;wk 31 20;4535;1.52;2.03;1.53;2.03;0;0;0
Deen;Raak;wk 32 20;5606;1.53;2.04;1.53;2.04;0;0;0
Deen;Raak;wk 33 20;7264;1.52;2.03;1.54;2.06;0;0;0
Deen;Raak;wk 34 20;5860;1.52;2.02;1.55;2.07;0;0;0
Deen;Raak;wk 35 20;4947;1.51;2.02;1.53;2.04;0;0;0
Deen;Raak;wk 36 20;4872;1.51;2.02;1.53;2.04;0;0;0
Deen;Raak;wk 37 20;4781;1.51;2.01;1.51;2.02;0;0;0
Deen;Raak;wk 38 20;5225;1.51;2.01;1.51;2.01;0;0;0
Deen;Raak;wk 39 20;5294;1.51;2.01;1.5;2;0;0;0
Deen;Raak;wk 40 20;5127;1.51;2.01;1.51;2.01;0;0;0
Deen;Raak;wk 41 20;13086;1.32;1.76;1.51;2.01;100;0;0
Deen;Raak;wk 42 20;4490;1.49;1.99;1.53;2.05;0;0;0
Deen;Raak;wk 43 20;4939;1.51;2.02;1.54;2.05;0;0;0
Deen;Raak;wk 44 20;5038;1.51;2.01;1.51;2.02;0;0;0
Deen;Raak;wk 45 20;5204;1.5;2;1.52;2.02;0;0;0
Deen;Raak;wk 46 20;4825;1.52;2.03;1.52;2.03;0;0;0
Deen;Raak;wk 47 20;5042;1.52;2.02;1.5;2;0;0;0
Deen;Raak;wk 48 20;5425;1.52;2.03;1.52;2.02;0;0;0
Deen;Raak;wk 49 20;4813;1.52;2.02;1.52;2.02;0;0;0
Deen;Raak;wk 50 20;5009;1.52;2.02;1.52;2.02;0;0;0
Deen;Raak;wk 51 20;5821;1.52;2.03;1.51;2.02;0;0;0
Deen;Raak;wk 52 20;4355;1.52;2.03;1.52;2.02;0;0;0
Deen;Slimpie;wk 01 17;1759;1.74;3.07;1.73;3.08;0;0;0
Deen;Slimpie;wk 02 17;1691;1.75;3.06;1.75;3.05;0;0;0
Deen;Slimpie;wk 03 17;2458;1.54;2.67;1.74;3.02;0;0;0
Deen;Slimpie;wk 04 17;9448;1.26;2.17;1.75;3.03;100;0;0
Deen;Slimpie;wk 05 17;1355;1.74;3.08;1.75;3.03;0;0;0
Deen;Slimpie;wk 06 17;1523;1.74;3.08;1.73;3.05;0;0;0
Deen;Slimpie;wk 07 17;1453;1.75;3.05;1.74;3.04;0;0;0
Deen;Slimpie;wk 08 17;1676;1.75;3.05;1.75;3.05;0;0;0
Deen;Slimpie;wk 09 17;1714;1.75;3.03;1.75;3.03;0;0;0
Deen;Slimpie;wk 10 17;1744;1.75;3.05;1.75;3.05;0;0;0
Deen;Slimpie;wk 11 17;1786;1.7;2.95;1.75;3.03;0;0;0
Deen;Slimpie;wk 12 17;1795;1.7;2.95;1.75;3.03;0;0;0
Deen;Slimpie;wk 13 17;1973;1.7;2.95;1.75;3.04;0;0;0
Deen;Slimpie;wk 14 17;1941;1.7;2.95;1.75;3.03;0;0;0
Deen;Slimpie;wk 15 17;1983;1.7;2.94;1.7;2.94;0;0;0
Deen;Slimpie;wk 16 17;1791;1.7;2.94;1.7;2.94;0;0;0
Deen;Slimpie;wk 17 17;1771;1.7;2.94;1.7;2.94;0;0;0
Deen;Slimpie;wk 18 17;1862;1.7;2.95;1.7;2.95;0;0;0
Deen;Slimpie;wk 19 17;1847;1.7;2.94;1.7;2.94;0;0;0
Deen;Slimpie;wk 20 17;1980;1.7;2.94;1.7;2.94;0;0;0
Deen;Slimpie;wk 21 17;2309;1.7;2.94;1.7;2.94;0;0;0
Deen;Slimpie;wk 22 17;2241;1.7;2.94;1.7;2.94;0;0;0
Deen;Slimpie;wk 23 17;3478;1.47;2.53;1.72;2.97;0;0;0
Deen;Slimpie;wk 24 17;13152;1.26;2.16;1.7;2.93;100;0;0
Deen;Slimpie;wk 25 17;1964;1.7;2.93;1.7;2.93;0;0;0
Deen;Slimpie;wk 26 17;1823;1.7;2.93;1.7;2.93;0;0;0
Deen;Slimpie;wk 27 17;1986;1.7;2.93;1.7;2.93;0;0;0
Deen;Slimpie;wk 28 17;1762;1.7;2.93;1.7;2.93;0;0;0
Deen;Slimpie;wk 29 17;1910;1.7;2.93;1.7;2.93;0;0;0
Deen;Slimpie;wk 30 17;1718;1.7;2.93;1.7;2.93;0;0;0
Deen;Slimpie;wk 31 17;1620;1.7;2.93;1.7;2.93;0;0;0
Deen;Slimpie;wk 32 17;1421;1.7;2.93;1.7;2.93;0;0;0
Deen;Slimpie;wk 33 17;1452;1.7;2.93;1.7;2.93;0;0;0
Deen;Slimpie;wk 34 17;1628;1.7;2.93;1.7;2.93;0;0;0
Deen;Slimpie;wk 35 17;1687;1.7;2.93;1.7;2.93;0;0;0
Deen;Slimpie;wk 36 17;1626;1.7;2.93;1.7;2.93;0;0;0
Deen;Slimpie;wk 37 17;1453;1.7;2.93;1.7;2.93;0;0;0
Deen;Slimpie;wk 38 17;2852;1.48;2.56;1.71;2.94;0;0;0
Deen;Slimpie;wk 39 17;9233;1.27;2.2;1.69;2.91;100;0;0
Deen;Slimpie;wk 40 17;1162;1.7;2.93;1.7;2.93;0;0;0
Deen;Slimpie;wk 41 17;1254;1.7;2.93;1.7;2.93;0;0;0
Deen;Slimpie;wk 42 17;1627;1.68;2.89;1.7;2.93;0;0;0
Deen;Slimpie;wk 43 17;2243;1.51;2.61;1.7;2.93;0;0;0
Deen;Slimpie;wk 44 17;1542;1.7;2.93;1.7;2.93;0;0;0
Deen;Slimpie;wk 45 17;2505;1.52;2.63;1.72;2.97;0;0;0
Deen;Slimpie;wk 46 17;8515;1.27;2.2;1.69;2.92;100;0;0
Deen;Slimpie;wk 47 17;1296;1.7;2.93;1.68;2.89;0;0;0
Deen;Slimpie;wk 48 17;1404;1.7;2.93;1.7;2.93;0;0;0
Deen;Slimpie;wk 49 17;1456;1.7;2.93;1.7;2.93;0;0;0
Deen;Slimpie;wk 50 17;1463;1.7;2.93;1.7;2.93;0;0;0
Deen;Slimpie;wk 51 17;1884;1.7;2.93;1.7;2.93;0;0;0
Deen;Slimpie;wk 52 17;1342;1.7;2.93;1.7;2.93;0;0;0
Deen;Slimpie;wk 01 18;1473;1.7;2.93;1.7;2.93;0;0;0
Deen;Slimpie;wk 02 18;1659;1.7;2.93;1.7;2.93;0;0;0
Deen;Slimpie;wk 03 18;1710;1.7;2.93;1.7;2.93;0;0;0
Deen;Slimpie;wk 04 18;2931;1.48;2.56;1.7;2.92;0;0;0
Deen;Slimpie;wk 05 18;9831;1.26;2.17;1.7;2.93;100;0;0
Deen;Slimpie;wk 06 18;1304;1.7;2.93;1.7;2.93;0;0;0
Deen;Slimpie;wk 07 18;1271;1.7;2.93;1.7;2.93;0;0;0
Deen;Slimpie;wk 08 18;1583;1.7;2.93;1.7;2.93;0;0;0
Deen;Slimpie;wk 09 18;1415;1.7;2.93;1.7;2.93;0;0;0
Deen;Slimpie;wk 10 18;1618;1.7;2.93;1.7;2.93;0;0;0
Deen;Slimpie;wk 11 18;1597;1.7;2.93;1.7;2.93;0;0;0
Deen;Slimpie;wk 12 18;1892;1.7;2.94;1.7;2.93;0;0;0
Deen;Slimpie;wk 13 18;1907;1.71;2.94;1.7;2.93;0;0;0
Deen;Slimpie;wk 14 18;1789;1.71;2.94;1.7;2.94;0;0;0
Deen;Slimpie;wk 15 18;2016;1.7;2.94;1.71;2.94;0;0;0
Deen;Slimpie;wk 16 18;2225;1.66;2.86;1.7;2.94;0;0;0
Deen;Slimpie;wk 17 18;1954;1.71;2.95;1.71;2.94;0;0;0
Deen;Slimpie;wk 18 18;1828;1.71;2.95;1.71;2.94;0;0;0
Deen;Slimpie;wk 19 18;2185;1.71;2.95;1.71;2.95;0;0;0
Deen;Slimpie;wk 20 18;2147;1.71;2.95;1.71;2.95;0;0;0
Deen;Slimpie;wk 21 18;2399;1.71;2.95;1.71;2.94;0;0;0
Deen;Slimpie;wk 22 18;2616;1.71;2.95;1.71;2.95;0;0;0
Deen;Slimpie;wk 23 18;2275;1.71;2.95;1.71;2.95;0;0;0
Deen;Slimpie;wk 24 18;3581;1.5;2.58;1.71;2.95;0;0;0
Deen;Slimpie;wk 25 18;11389;1.26;2.17;1.71;2.95;100;0;0
Deen;Slimpie;wk 26 18;1850;1.71;2.95;1.71;2.95;0;0;0
Deen;Slimpie;wk 27 18;2209;1.71;2.95;1.71;2.95;0;0;0
Deen;Slimpie;wk 28 18;2081;1.71;2.95;1.71;2.94;0;0;0
Deen;Slimpie;wk 29 18;5799;1.31;2.25;1.67;2.89;0;0;0
Deen;Slimpie;wk 30 18;27039;1;1.72;1.7;2.93;100;0;0
Deen;Slimpie;wk 31 18;10769;1.02;1.75;1.7;2.93;0;0;0
Deen;Slimpie;wk 32 18;2073;1.71;2.95;1.71;2.94;0;0;0
Deen;Slimpie;wk 33 18;1779;1.71;2.95;1.71;2.95;0;0;0
Deen;Slimpie;wk 34 18;1879;1.71;2.95;1.71;2.95;0;0;0
Deen;Slimpie;wk 35 18;1704;1.71;2.95;1.71;2.95;0;0;0
Deen;Slimpie;wk 36 18;1814;1.71;2.95;1.71;2.95;0;0;0
Deen;Slimpie;wk 37 18;1779;1.71;2.95;1.71;2.95;0;0;0
Deen;Slimpie;wk 38 18;1818;1.71;2.95;1.71;2.95;0;0;0
Deen;Slimpie;wk 39 18;2928;1.51;2.61;1.68;2.9;0;0;0
Deen;Slimpie;wk 40 18;8551;1.26;2.17;1.69;2.92;100;0;0
Deen;Slimpie;wk 41 18;1668;1.77;3.05;1.7;2.94;0;0;0
Deen;Slimpie;wk 42 18;1678;1.77;3.06;1.71;2.94;0;0;0
Deen;Slimpie;wk 43 18;1762;1.77;3.06;1.77;3.05;0;0;0
Deen;Slimpie;wk 44 18;1786;1.77;3.06;1.77;3.05;0;0;0
Deen;Slimpie;wk 45 18;1874;1.77;3.05;1.77;3.05;0;0;0
Deen;Slimpie;wk 46 18;1748;1.77;3.06;1.78;3.06;0;0;0
Deen;Slimpie;wk 47 18;1851;1.7;2.94;1.78;3.06;0;0;0
Deen;Slimpie;wk 48 18;1991;1.7;2.94;1.77;3.05;0;0;0
Deen;Slimpie;wk 49 18;1840;1.7;2.93;1.77;3.05;0;0;0
Deen;Slimpie;wk 50 18;1828;1.7;2.94;1.77;3.06;0;0;0
Deen;Slimpie;wk 51 18;2170;1.7;2.94;1.71;2.95;0;0;0
Deen;Slimpie;wk 52 18;1553;1.71;2.94;1.71;2.94;0;0;0
Deen;Slimpie;wk 01 19;1751;1.7;2.94;1.7;2.93;0;0;0
Deen;Slimpie;wk 02 19;1968;1.71;2.94;1.71;2.95;0;0;0
Deen;Slimpie;wk 03 19;1934;1.7;2.94;1.71;2.95;0;0;0
Deen;Slimpie;wk 04 19;2131;1.7;2.93;1.69;2.92;0;0;0
Deen;Slimpie;wk 05 19;2185;1.7;2.94;1.7;2.93;0;0;0
Deen;Slimpie;wk 06 19;2094;1.7;2.93;1.71;2.95;0;0;0
Deen;Slimpie;wk 07 19;3766;1.48;2.55;1.69;2.92;0;0;0
Deen;Slimpie;wk 08 19;12076;1.26;2.17;1.71;2.94;100;0;0
Deen;Slimpie;wk 09 19;1823;1.71;2.94;1.71;2.95;0;0;0
Deen;Slimpie;wk 10 19;1744;1.71;2.94;1.72;2.97;0;0;0
Deen;Slimpie;wk 11 19;1743;1.69;2.92;1.72;2.96;0;0;0
Deen;Slimpie;wk 12 19;1936;1.7;2.93;1.72;2.97;0;0;0
Deen;Slimpie;wk 13 19;2136;1.67;2.88;1.72;2.96;0;0;0
Deen;Slimpie;wk 14 19;3940;1.51;2.6;1.71;2.94;0;0;0
Deen;Slimpie;wk 15 19;1799;1.69;2.92;1.69;2.92;0;0;0
Deen;Slimpie;wk 16 19;2042;1.7;2.93;1.7;2.93;0;0;0
Deen;Slimpie;wk 17 19;2124;1.7;2.94;1.71;2.94;0;0;0
Deen;Slimpie;wk 18 19;3239;1.49;2.58;1.69;2.92;0;0;0
Deen;Slimpie;wk 19 19;11288;1.26;2.16;1.69;2.91;100;0;0
Deen;Slimpie;wk 20 19;1752;1.7;2.93;1.68;2.9;0;0;0
Deen;Slimpie;wk 21 19;1867;1.71;2.94;1.71;2.94;0;0;0
Deen;Slimpie;wk 22 19;1996;1.71;2.94;1.7;2.93;0;0;0
Deen;Slimpie;wk 23 19;2008;1.7;2.93;1.71;2.94;0;0;0
Deen;Slimpie;wk 24 19;1979;1.7;2.93;1.7;2.92;0;0;0
Deen;Slimpie;wk 25 19;2371;1.7;2.94;1.7;2.94;0;0;0
Deen;Slimpie;wk 26 19;2707;1.71;2.95;1.71;2.95;0;0;0
Deen;Slimpie;wk 27 19;3803;1.42;2.45;1.7;2.93;0;0;0
Deen;Slimpie;wk 28 19;13764;1;1.72;1.69;2.92;0;0;0
Deen;Slimpie;wk 29 19;8269;1.02;1.75;1.69;2.91;0;0;0
Deen;Slimpie;wk 30 19;2632;1.71;2.95;1.72;2.96;0;0;0
Deen;Slimpie;wk 31 19;1996;1.71;2.94;1.7;2.93;0;0;0
Deen;Slimpie;wk 32 19;1858;1.68;2.9;1.69;2.92;0;0;0
Deen;Slimpie;wk 33 19;3385;1.42;2.44;1.72;2.96;0;0;0
Deen;Slimpie;wk 34 19;13874;1;1.72;1.72;2.96;0;0;0
Deen;Slimpie;wk 35 19;11033;1.01;1.75;1.68;2.89;0;0;0
Deen;Slimpie;wk 36 19;1795;1.66;2.87;1.65;2.84;0;0;0
Deen;Slimpie;wk 37 19;1683;1.67;2.88;1.64;2.83;0;0;0
Deen;Slimpie;wk 38 19;1776;1.68;2.89;1.66;2.86;0;0;0
Deen;Slimpie;wk 39 19;1876;1.68;2.89;1.68;2.89;0;0;0
Deen;Slimpie;wk 40 19;1895;1.68;2.89;1.67;2.89;0;0;0
Deen;Slimpie;wk 41 19;1867;1.67;2.88;1.68;2.89;0;0;0
Deen;Slimpie;wk 42 19;1792;1.67;2.88;1.67;2.88;0;0;0
Deen;Slimpie;wk 43 19;1911;1.67;2.88;1.67;2.88;0;0;0
Deen;Slimpie;wk 44 19;1979;1.67;2.87;1.67;2.88;0;0;0
Deen;Slimpie;wk 45 19;2589;1.61;2.78;1.67;2.87;0;0;0
Deen;Slimpie;wk 46 19;5931;1.51;2.6;1.66;2.87;100;0;0
Deen;Slimpie;wk 47 19;1667;1.67;2.88;1.67;2.88;0;0;0
Deen;Slimpie;wk 48 19;1738;1.67;2.88;1.67;2.88;0;0;0
Deen;Slimpie;wk 49 19;1773;1.66;2.87;1.67;2.88;0;0;0
Deen;Slimpie;wk 50 19;1726;1.67;2.88;1.66;2.87;0;0;0
Deen;Slimpie;wk 51 19;2063;1.67;2.88;1.66;2.87;0;0;0
Deen;Slimpie;wk 52 19;1589;1.67;2.87;1.69;2.91;0;0;0
Deen;Slimpie;wk 01 20;1731;1.67;2.88;1.66;2.86;0;0;0
Deen;Slimpie;wk 02 20;1889;1.67;2.88;1.67;2.87;0;0;0
Deen;Slimpie;wk 03 20;1911;1.67;2.88;1.66;2.87;0;0;0
Deen;Slimpie;wk 04 20;1882;1.67;2.88;1.68;2.9;0;0;0
Deen;Slimpie;wk 05 20;1922;1.67;2.88;1.66;2.87;0;0;0
Deen;Slimpie;wk 06 20;1969;1.67;2.87;1.67;2.88;0;0;0
Deen;Slimpie;wk 07 20;2029;1.67;2.88;1.67;2.88;0;0;0
Deen;Slimpie;wk 08 20;3232;1.48;2.55;1.67;2.89;0;0;0
Deen;Slimpie;wk 09 20;11195;1.26;2.17;1.66;2.85;100;0;0
Deen;Slimpie;wk 10 20;1760;1.68;2.89;1.66;2.87;0;0;0
Deen;Slimpie;wk 11 20;2871;1.68;2.89;1.67;2.88;0;0;0
Deen;Slimpie;wk 12 20;2659;1.68;2.9;1.69;2.91;0;0;0
Deen;Slimpie;wk 13 20;2334;1.69;2.91;1.68;2.9;0;0;0
Deen;Slimpie;wk 14 20;2301;1.68;2.9;1.69;2.92;0;0;0
Deen;Slimpie;wk 15 20;2621;1.69;2.91;1.68;2.9;0;0;0
Deen;Slimpie;wk 16 20;2389;1.69;2.91;1.69;2.91;0;0;0
Deen;Slimpie;wk 17 20;2757;1.69;2.91;1.68;2.9;0;0;0
Deen;Slimpie;wk 18 20;2366;1.69;2.91;1.7;2.93;0;0;0
Deen;Slimpie;wk 19 20;2482;1.69;2.91;1.71;2.94;0;0;0
Deen;Slimpie;wk 20 20;4097;1.48;2.56;1.68;2.89;0;0;0
Deen;Slimpie;wk 21 20;12388;1.26;2.17;1.68;2.9;100;0;0
Deen;Slimpie;wk 22 20;2199;1.69;2.91;1.67;2.89;0;0;0
Deen;Slimpie;wk 23 20;2366;1.69;2.91;1.69;2.91;0;0;0
Deen;Slimpie;wk 24 20;2291;1.69;2.91;1.68;2.9;0;0;0
Deen;Slimpie;wk 25 20;2741;1.69;2.92;1.7;2.93;0;0;0
Deen;Slimpie;wk 26 20;3414;1.7;2.94;1.7;2.93;0;0;0
Deen;Slimpie;wk 27 20;4043;1.52;2.62;1.69;2.92;0;0;0
Deen;Slimpie;wk 28 20;9209;1.28;2.2;1.68;2.89;100;0;0
Deen;Slimpie;wk 29 20;6334;1.29;2.23;1.69;2.92;0;0;0
Deen;Slimpie;wk 30 20;2004;1.7;2.93;1.69;2.91;0;0;0
Deen;Slimpie;wk 31 20;2261;1.7;2.93;1.69;2.92;0;0;0
Deen;Slimpie;wk 32 20;2982;1.71;2.94;1.7;2.93;0;0;0
Deen;Slimpie;wk 33 20;4780;1.56;2.68;1.67;2.88;0;0;0
Deen;Slimpie;wk 34 20;8982;1.28;2.21;1.7;2.93;0;0;0
Deen;Slimpie;wk 35 20;5041;1.31;2.26;1.72;2.96;0;0;0
Deen;Slimpie;wk 36 20;1984;1.57;2.71;1.7;2.94;0;0;0
Deen;Slimpie;wk 37 20;2093;1.69;2.91;1.65;2.84;0;0;0
Deen;Slimpie;wk 38 20;2446;1.69;2.91;1.63;2.81;0;0;0
Deen;Slimpie;wk 39 20;2352;1.69;2.92;1.69;2.91;0;0;0
Deen;Slimpie;wk 40 20;2334;1.69;2.91;1.69;2.91;0;0;0
Deen;Slimpie;wk 41 20;2167;1.69;2.91;1.7;2.93;0;0;0
Deen;Slimpie;wk 42 20;2144;1.68;2.9;1.68;2.9;0;0;0
Deen;Slimpie;wk 43 20;2495;1.68;2.9;1.68;2.89;0;0;0
Deen;Slimpie;wk 44 20;2452;1.69;2.91;1.69;2.92;0;0;0
Deen;Slimpie;wk 45 20;2480;1.69;2.91;1.69;2.91;0;0;0
Deen;Slimpie;wk 46 20;2391;1.62;2.79;1.68;2.9;0;0;0
Deen;Slimpie;wk 47 20;2437;1.62;2.79;1.68;2.89;0;0;0
Deen;Slimpie;wk 48 20;2626;1.62;2.79;1.69;2.91;0;0;0
Deen;Slimpie;wk 49 20;3321;1.47;2.54;1.71;2.95;0;0;0
Deen;Slimpie;wk 50 20;10004;1.27;2.19;1.62;2.8;100;0;0
Deen;Slimpie;wk 51 20;2090;1.62;2.79;1.62;2.79;0;0;0
Deen;Slimpie;wk 52 20;1770;1.62;2.78;1.62;2.79;0;0;0
Deen;Teisseire;wk 01 17;766;2.69;3.59;2.69;3.59;0;0;0
Deen;Teisseire;wk 02 17;924;2.14;2.86;2.45;3.27;0;0;0
Deen;Teisseire;wk 03 17;745;2.59;3.46;2.48;3.31;0;0;0
Deen;Teisseire;wk 04 17;742;2.63;3.51;2.62;3.49;0;0;0
Deen;Teisseire;wk 05 17;726;2.69;3.58;2.68;3.57;0;0;0
Deen;Teisseire;wk 06 17;730;2.7;3.6;2.7;3.6;0;0;0
Deen;Teisseire;wk 07 17;730;2.7;3.6;2.7;3.6;0;0;0
Deen;Teisseire;wk 08 17;677;2.7;3.6;2.7;3.6;0;0;0
Deen;Teisseire;wk 09 17;761;2.7;3.6;2.7;3.6;0;0;0
Deen;Teisseire;wk 10 17;693;2.7;3.6;2.7;3.6;0;0;0
Deen;Teisseire;wk 11 17;758;2.74;3.65;2.7;3.6;0;0;0
Deen;Teisseire;wk 12 17;794;2.74;3.65;2.7;3.6;0;0;0
Deen;Teisseire;wk 13 17;833;2.74;3.65;2.74;3.65;0;0;0
Deen;Teisseire;wk 14 17;918;2.74;3.65;2.74;3.65;0;0;0
Deen;Teisseire;wk 15 17;928;2.74;3.66;2.74;3.65;0;0;0
Deen;Teisseire;wk 16 17;822;2.74;3.66;2.74;3.66;0;0;0
Deen;Teisseire;wk 17 17;821;2.74;3.66;2.74;3.66;0;0;0
Deen;Teisseire;wk 18 17;859;2.74;3.66;2.74;3.65;0;0;0
Deen;Teisseire;wk 19 17;855;2.74;3.66;2.74;3.66;0;0;0
Deen;Teisseire;wk 20 17;946;2.74;3.66;2.74;3.65;0;0;0
Deen;Teisseire;wk 21 17;1231;2.74;3.66;2.74;3.66;0;0;0
Deen;Teisseire;wk 22 17;1158;2.74;3.66;2.74;3.66;0;0;0
Deen;Teisseire;wk 23 17;987;2.74;3.66;2.74;3.66;0;0;0
Deen;Teisseire;wk 24 17;961;2.74;3.66;2.74;3.65;0;0;0
Deen;Teisseire;wk 25 17;1177;2.74;3.66;2.74;3.66;0;0;0
Deen;Teisseire;wk 26 17;1363;2.45;3.26;2.83;3.77;0;0;0
Deen;Teisseire;wk 27 17;4738;2.01;2.68;2.74;3.65;100;0;0
Deen;Teisseire;wk 28 17;776;2.75;3.67;2.74;3.66;0;0;0
Deen;Teisseire;wk 29 17;924;2.75;3.67;2.74;3.65;0;0;0
Deen;Teisseire;wk 30 17;811;2.75;3.67;2.75;3.66;0;0;0
Deen;Teisseire;wk 31 17;789;2.75;3.67;2.74;3.66;0;0;0
Deen;Teisseire;wk 32 17;656;2.75;3.67;2.75;3.67;0;0;0
Deen;Teisseire;wk 33 17;658;2.75;3.67;2.75;3.67;0;0;0
Deen;Teisseire;wk 34 17;732;2.75;3.67;2.75;3.67;0;0;0
Deen;Teisseire;wk 35 17;1203;2.41;3.22;2.64;3.52;0;0;0
Deen;Teisseire;wk 36 17;3671;2.06;2.74;2.75;3.67;100;0;0
Deen;Teisseire;wk 37 17;611;2.75;3.67;2.73;3.63;0;0;0
Deen;Teisseire;wk 38 17;642;2.75;3.67;2.74;3.66;0;0;0
Deen;Teisseire;wk 39 17;738;2.75;3.67;2.74;3.66;0;0;0
Deen;Teisseire;wk 40 17;602;2.75;3.67;2.74;3.66;0;0;0
Deen;Teisseire;wk 41 17;672;2.75;3.67;2.74;3.66;0;0;0
Deen;Teisseire;wk 42 17;672;2.75;3.67;2.74;3.66;0;0;0
Deen;Teisseire;wk 43 17;659;2.75;3.67;2.75;3.67;0;0;0
Deen;Teisseire;wk 44 17;717;2.75;3.67;2.75;3.67;0;0;0
Deen;Teisseire;wk 45 17;789;2.75;3.67;2.75;3.67;0;0;0
Deen;Teisseire;wk 46 17;609;2.75;3.67;2.75;3.67;0;0;0
Deen;Teisseire;wk 47 17;711;2.75;3.67;2.75;3.67;0;0;0
Deen;Teisseire;wk 48 17;677;2.75;3.67;2.75;3.67;0;0;0
Deen;Teisseire;wk 49 17;645;2.75;3.67;2.75;3.67;0;0;0
Deen;Teisseire;wk 50 17;637;2.75;3.67;2.75;3.67;0;0;0
Deen;Teisseire;wk 51 17;766;2.75;3.67;2.75;3.67;0;0;0
Deen;Teisseire;wk 52 17;516;2.75;3.67;2.75;3.67;0;0;0
Deen;Teisseire;wk 01 18;585;2.75;3.67;2.75;3.67;0;0;0
Deen;Teisseire;wk 02 18;719;2.74;3.65;2.74;3.65;0;0;0
Deen;Teisseire;wk 03 18;685;2.72;3.63;2.73;3.64;0;0;0
Deen;Teisseire;wk 04 18;713;2.74;3.65;2.73;3.65;0;0;0
Deen;Teisseire;wk 05 18;744;2.74;3.66;2.74;3.66;0;0;0
Deen;Teisseire;wk 06 18;727;2.75;3.67;2.75;3.67;0;0;0
Deen;Teisseire;wk 07 18;775;2.75;3.67;2.75;3.67;0;0;0
Deen;Teisseire;wk 08 18;761;2.75;3.67;2.75;3.67;0;0;0
Deen;Teisseire;wk 09 18;760;2.75;3.67;2.75;3.67;0;0;0
Deen;Teisseire;wk 10 18;764;2.75;3.67;2.75;3.67;0;0;0
Deen;Teisseire;wk 11 18;768;2.75;3.67;2.75;3.67;0;0;0
Deen;Teisseire;wk 12 18;851;2.75;3.67;2.75;3.67;0;0;0
Deen;Teisseire;wk 13 18;833;2.75;3.67;2.75;3.67;0;0;0
Deen;Teisseire;wk 14 18;812;2.75;3.67;2.75;3.67;0;0;0
Deen;Teisseire;wk 15 18;920;2.75;3.67;2.75;3.67;0;0;0
Deen;Teisseire;wk 16 18;948;2.75;3.67;2.75;3.67;0;0;0
Deen;Teisseire;wk 17 18;1246;2.49;3.36;2.72;3.65;0;0;0
Deen;Teisseire;wk 18 18;4037;2;2.72;2.64;3.63;0;0;0
Deen;Teisseire;wk 19 18;4685;2.01;2.74;2.6;3.61;100;0;0
Deen;Teisseire;wk 20 18;895;2.65;3.63;2.62;3.62;0;0;0
Deen;Teisseire;wk 21 18;962;2.65;3.63;2.53;3.56;0;0;0
Deen;Teisseire;wk 22 18;1125;2.67;3.64;2.61;3.61;0;0;0
Deen;Teisseire;wk 23 18;1001;2.68;3.64;2.57;3.6;0;0;0
Deen;Teisseire;wk 24 18;886;2.66;3.64;2.6;3.61;0;0;0
Deen;Teisseire;wk 25 18;1521;2.33;3.17;2.69;3.69;0;0;0
Deen;Teisseire;wk 26 18;5286;2.01;2.74;2.66;3.62;100;0;0
Deen;Teisseire;wk 27 18;1153;2.68;3.64;2.64;3.62;0;0;0
Deen;Teisseire;wk 28 18;848;2.67;3.64;2.63;3.62;0;0;0
Deen;Teisseire;wk 29 18;1128;2.67;3.64;2.62;3.61;0;0;0
Deen;Teisseire;wk 30 18;1257;2.68;3.64;2.69;3.64;0;0;0
Deen;Teisseire;wk 31 18;1038;2.68;3.64;2.65;3.63;0;0;0
Deen;Teisseire;wk 32 18;835;2.67;3.64;2.68;3.64;0;0;0
Deen;Teisseire;wk 33 18;660;2.68;3.64;2.6;3.61;0;0;0
Deen;Teisseire;wk 34 18;665;2.67;3.64;2.6;3.61;0;0;0
Deen;Teisseire;wk 35 18;1008;2.43;3.35;2.66;3.65;0;0;0
Deen;Teisseire;wk 36 18;2882;2;2.79;2.63;3.62;0;0;0
Deen;Teisseire;wk 37 18;1969;2.02;2.83;2.53;3.56;0;0;0
Deen;Teisseire;wk 38 18;720;2.62;3.62;2.52;3.58;0;0;0
Deen;Teisseire;wk 39 18;676;2.64;3.63;2.55;3.59;0;0;0
Deen;Teisseire;wk 40 18;671;2.64;3.63;2.5;3.57;0;0;0
Deen;Teisseire;wk 41 18;706;2.68;3.67;2.57;3.6;0;0;0
Deen;Teisseire;wk 42 18;655;2.68;3.66;2.65;3.63;0;0;0
Deen;Teisseire;wk 43 18;644;2.67;3.66;2.61;3.67;0;0;0
Deen;Teisseire;wk 44 18;623;2.69;3.67;2.73;3.72;0;0;0
Deen;Teisseire;wk 45 18;668;2.69;3.68;2.7;3.69;0;0;0
Deen;Teisseire;wk 46 18;630;2.71;3.69;2.71;3.69;0;0;0
Deen;Teisseire;wk 47 18;739;2.59;3.54;2.72;3.69;0;0;0
Deen;Teisseire;wk 48 18;920;2.19;3.14;2.57;3.57;0;0;0
Deen;Teisseire;wk 49 18;1597;1.6;2.44;2.74;3.72;0;0;0
Deen;Teisseire;wk 50 18;1001;1.96;2.85;2.65;3.68;0;0;0
Deen;Teisseire;wk 51 18;814;2.3;3.22;2.6;3.56;0;0;0
Deen;Teisseire;wk 52 18;571;2.35;3.26;2.68;3.64;0;0;0
Deen;Teisseire;wk 01 19;642;2.5;3.46;2.57;3.49;0;0;0
Deen;Teisseire;wk 02 19;665;2.62;3.56;2.56;3.49;0;0;0
Deen;Teisseire;wk 03 19;704;2.62;3.55;2.62;3.55;0;0;0
Deen;Teisseire;wk 04 19;709;2.6;3.53;2.61;3.53;0;0;0
Deen;Teisseire;wk 05 19;729;2.63;3.56;2.56;3.51;0;0;0
Deen;Teisseire;wk 06 19;743;2.63;3.54;2.61;3.52;0;0;0
Deen;Teisseire;wk 07 19;771;2.62;3.55;2.61;3.54;0;0;0
Deen;Teisseire;wk 08 19;668;2.67;3.61;2.61;3.54;0;0;0
Deen;Teisseire;wk 09 19;795;2.67;3.59;2.58;3.53;0;0;0
Deen;Teisseire;wk 10 19;671;2.67;3.6;2.7;3.64;0;0;0
Deen;Teisseire;wk 11 19;664;2.69;3.61;2.67;3.6;0;0;0
Deen;Teisseire;wk 12 19;711;2.67;3.6;2.64;3.58;0;0;0
Deen;Teisseire;wk 13 19;718;2.66;3.58;2.66;3.6;0;0;0
Deen;Teisseire;wk 14 19;826;2.68;3.59;2.68;3.6;0;0;0
Deen;Teisseire;wk 15 19;1311;2.42;3.3;2.61;3.51;0;0;0
Deen;Teisseire;wk 16 19;1111;2.32;3.25;2.59;3.47;0;0;0
Deen;Teisseire;wk 17 19;1092;2.38;3.21;2.38;3.26;0;0;0
Deen;Teisseire;wk 18 19;2933;2.06;2.76;2.55;3.46;0;0;0
Deen;Teisseire;wk 19 19;2628;2.01;2.73;2.57;3.45;0;0;0
Deen;Teisseire;wk 20 19;844;2.66;3.58;2.6;3.47;0;0;0
Deen;Teisseire;wk 21 19;904;2.67;3.6;2.58;3.47;0;0;0
Deen;Teisseire;wk 22 19;804;2.81;3.75;2.67;3.57;0;0;0
Deen;Teisseire;wk 23 19;1530;2.49;3.32;2.75;3.68;0;0;0
Deen;Teisseire;wk 24 19;5646;2;2.67;2.75;3.68;100;0;0
Deen;Teisseire;wk 25 19;2175;2.05;2.73;2.73;3.65;0;0;0
Deen;Teisseire;wk 26 19;1006;2.86;3.83;2.72;3.64;0;0;0
Deen;Teisseire;wk 27 19;858;2.89;3.85;2.82;3.77;0;0;0
Deen;Teisseire;wk 28 19;697;2.88;3.85;2.88;3.86;0;0;0
Deen;Teisseire;wk 29 19;747;2.9;3.87;2.89;3.86;0;0;0
Deen;Teisseire;wk 30 19;1196;2.86;3.83;2.88;3.84;0;0;0
Deen;Teisseire;wk 31 19;820;2.85;3.82;2.85;3.82;0;0;0
Deen;Teisseire;wk 32 19;791;2.81;3.77;2.83;3.8;0;0;0
Deen;Teisseire;wk 33 19;707;2.84;3.8;2.83;3.8;0;0;0
Deen;Teisseire;wk 34 19;861;2.85;3.81;2.85;3.81;0;0;0
Deen;Teisseire;wk 35 19;1646;2.65;3.54;2.86;3.82;0;0;0
Deen;Teisseire;wk 36 19;3083;2.18;2.91;2.78;3.71;0;0;0
Deen;Teisseire;wk 37 19;2298;2.2;2.94;2.71;3.62;0;0;0
Deen;Teisseire;wk 38 19;599;2.87;3.83;2.77;3.7;0;0;0
Deen;Teisseire;wk 39 19;715;2.89;3.85;2.8;3.74;0;0;0
Deen;Teisseire;wk 40 19;792;2.88;3.85;2.84;3.79;0;0;0
Deen;Teisseire;wk 41 19;706;2.91;3.88;2.88;3.84;0;0;0
Deen;Teisseire;wk 42 19;682;2.9;3.87;2.89;3.86;0;0;0
Deen;Teisseire;wk 43 19;703;2.9;3.87;2.86;3.82;0;0;0
Deen;Teisseire;wk 44 19;751;2.91;3.88;2.91;3.89;0;0;0
Deen;Teisseire;wk 45 19;1946;1.95;2.6;2.92;3.9;0;0;0
Deen;Teisseire;wk 46 19;6876;1.49;1.99;2.76;3.68;100;0;0
Deen;Teisseire;wk 47 19;729;2.75;3.67;2.75;3.67;0;0;0
Deen;Teisseire;wk 48 19;655;2.82;3.77;3.02;4.03;0;0;0
Deen;Teisseire;wk 49 19;620;2.86;3.82;2.86;3.82;0;0;0
Deen;Teisseire;wk 50 19;604;2.82;3.76;2.86;3.81;0;0;0
Deen;Teisseire;wk 51 19;649;2.86;3.82;2.91;3.88;0;0;0
Deen;Teisseire;wk 52 19;594;2.86;3.81;2.9;3.87;0;0;0
Deen;Teisseire;wk 01 20;591;2.85;3.81;2.88;3.84;0;0;0
Deen;Teisseire;wk 02 20;745;2.86;3.81;2.85;3.8;0;0;0
Deen;Teisseire;wk 03 20;788;2.86;3.81;2.84;3.78;0;0;0
Deen;Teisseire;wk 04 20;791;2.86;3.81;2.85;3.8;0;0;0
Deen;Teisseire;wk 05 20;822;2.86;3.81;2.86;3.82;0;0;0
Deen;Teisseire;wk 06 20;1340;2.42;3.23;2.89;3.85;0;0;0
Deen;Teisseire;wk 07 20;5116;2.04;2.72;2.8;3.74;100;0;0
Deen;Teisseire;wk 08 20;608;2.94;3.91;2.92;3.89;0;0;0
Deen;Teisseire;wk 09 20;765;2.95;3.94;2.84;3.79;0;0;0
Deen;Teisseire;wk 10 20;745;2.95;3.94;2.96;3.94;0;0;0
Deen;Teisseire;wk 11 20;1210;2.96;3.94;2.95;3.93;0;0;0
Deen;Teisseire;wk 12 20;1123;2.96;3.94;2.96;3.95;0;0;0
Deen;Teisseire;wk 13 20;952;2.96;3.94;2.95;3.93;0;0;0
Deen;Teisseire;wk 14 20;972;2.95;3.93;2.96;3.94;0;0;0
Deen;Teisseire;wk 15 20;1054;2.94;3.93;2.93;3.91;0;0;0
Deen;Teisseire;wk 16 20;953;2.94;3.92;2.95;3.93;0;0;0
Deen;Teisseire;wk 17 20;1485;2.87;3.82;2.98;3.98;0;0;0
Deen;Teisseire;wk 18 20;2886;2.51;3.34;2.86;3.82;0;0;0
Deen;Teisseire;wk 19 20;2845;2.24;2.99;2.81;3.75;0;0;0
Deen;Teisseire;wk 20 20;757;2.93;3.91;2.96;3.95;0;0;0
Deen;Teisseire;wk 21 20;911;2.93;3.9;2.94;3.92;0;0;0
Deen;Teisseire;wk 22 20;1227;2.87;3.95;2.87;3.95;0;0;0
Deen;Teisseire;wk 23 20;2339;2.37;3.26;2.81;3.97;0;0;0
Deen;Teisseire;wk 24 20;7546;2.04;2.79;2.77;3.91;100;0;0
Deen;Teisseire;wk 25 20;1167;2.81;3.94;2.85;3.92;0;0;0
Deen;Teisseire;wk 26 20;1754;2.83;3.96;2.8;3.93;0;0;0
Deen;Teisseire;wk 27 20;1193;2.85;3.95;2.83;3.97;0;0;0
Deen;Teisseire;wk 28 20;960;2.85;3.97;2.87;3.98;0;0;0
Deen;Teisseire;wk 29 20;1003;2.86;3.96;2.85;3.96;0;0;0
Deen;Teisseire;wk 30 20;997;2.84;3.97;2.84;3.96;0;0;0
Deen;Teisseire;wk 31 20;1191;2.85;3.96;2.85;3.97;0;0;0
Deen;Teisseire;wk 32 20;1467;2.84;3.96;2.82;3.97;0;0;0
Deen;Teisseire;wk 33 20;1971;2.83;3.95;2.82;3.94;0;0;0
Deen;Teisseire;wk 34 20;1478;2.85;3.96;2.85;3.96;0;0;0
Deen;Teisseire;wk 35 20;2018;2.51;3.49;2.85;3.97;0;0;0
Deen;Teisseire;wk 36 20;5155;2.04;2.83;2.84;3.96;0;0;0
Deen;Teisseire;wk 37 20;3632;2.09;2.89;2.9;4.01;0;0;0
Deen;Teisseire;wk 38 20;870;2.85;3.98;2.84;3.97;0;0;0
Deen;Teisseire;wk 39 20;761;2.86;3.97;2.86;3.94;0;0;0
Deen;Teisseire;wk 40 20;882;2.88;3.97;2.87;3.99;0;0;0
Deen;Teisseire;wk 41 20;845;2.89;3.97;2.89;3.97;0;0;0
Deen;Teisseire;wk 42 20;888;2.89;3.97;2.86;3.99;0;0;0
Deen;Teisseire;wk 43 20;905;2.89;3.96;2.88;3.96;0;0;0
Deen;Teisseire;wk 44 20;906;2.9;3.97;2.9;3.97;0;0;0
Deen;Teisseire;wk 45 20;1893;2.41;3.29;2.88;3.93;0;0;0
Deen;Teisseire;wk 46 20;6366;2.04;2.77;2.87;3.96;100;0;0
Deen;Teisseire;wk 47 20;803;2.9;3.97;2.89;3.9;0;0;0
Deen;Teisseire;wk 48 20;790;2.92;4.01;2.9;3.94;0;0;0
Deen;Teisseire;wk 49 20;762;2.93;4.02;2.89;3.99;0;0;0
Deen;Teisseire;wk 50 20;741;2.94;4;2.88;4.01;0;0;0
Deen;Teisseire;wk 51 20;999;2.94;3.99;2.92;3.98;0;0;0
Deen;Teisseire;wk 52 20;831;2.94;4.01;2.93;4.01;0;0;0
Hoogvliet;PrivateLabel;wk 01 17;6739;1.46;1.95;1.44;1.92;0;0;0
Hoogvliet;PrivateLabel;wk 02 17;6875;1.47;1.96;1.47;1.96;0;0;0
Hoogvliet;PrivateLabel;wk 03 17;5925;1.36;1.82;1.45;1.93;0;0;0
Hoogvliet;PrivateLabel;wk 04 17;6370;1.39;1.85;1.43;1.9;0;0;0
Hoogvliet;PrivateLabel;wk 05 17;6723;1.4;1.87;1.41;1.88;0;0;0
Hoogvliet;PrivateLabel;wk 06 17;6743;1.42;1.89;1.39;1.86;0;0;0
Hoogvliet;PrivateLabel;wk 07 17;6305;1.45;1.94;1.4;1.87;0;0;0
Hoogvliet;PrivateLabel;wk 08 17;6764;1.44;1.92;1.43;1.91;0;0;0
Hoogvliet;PrivateLabel;wk 09 17;13524;1.39;1.85;1.31;1.74;71;0;69
Hoogvliet;PrivateLabel;wk 10 17;8223;1.54;2.06;1.45;1.93;0;0;0
Hoogvliet;PrivateLabel;wk 11 17;7369;1.42;1.89;1.52;2.03;0;0;0
Hoogvliet;PrivateLabel;wk 12 17;7766;1.42;1.9;1.46;1.95;0;0;0
Hoogvliet;PrivateLabel;wk 13 17;6864;1.36;1.81;1.45;1.94;0;0;0
Hoogvliet;PrivateLabel;wk 14 17;7124;1.4;1.87;1.42;1.9;0;0;0
Hoogvliet;PrivateLabel;wk 15 17;7606;1.43;1.9;1.44;1.92;0;0;0
Hoogvliet;PrivateLabel;wk 16 17;6092;1.49;1.98;1.41;1.89;0;0;0
Hoogvliet;PrivateLabel;wk 17 17;5922;1.45;1.93;1.43;1.91;0;0;0
Hoogvliet;PrivateLabel;wk 18 17;6322;1.45;1.93;1.45;1.94;0;0;0
Hoogvliet;PrivateLabel;wk 19 17;7106;1.46;1.94;1.47;1.96;0;0;0
Hoogvliet;PrivateLabel;wk 20 17;8125;1.46;1.95;1.44;1.92;0;0;0
Hoogvliet;PrivateLabel;wk 21 17;9219;1.46;1.95;1.46;1.94;0;0;0
Hoogvliet;PrivateLabel;wk 22 17;9107;1.5;2;1.45;1.94;0;0;0
Hoogvliet;PrivateLabel;wk 23 17;6786;1.39;1.86;1.46;1.95;0;0;0
Hoogvliet;PrivateLabel;wk 24 17;7595;1.41;1.88;1.42;1.89;0;0;0
Hoogvliet;PrivateLabel;wk 25 17;9675;1.44;1.92;1.47;1.96;0;0;0
Hoogvliet;PrivateLabel;wk 26 17;7655;1.46;1.94;1.45;1.93;0;0;0
Hoogvliet;PrivateLabel;wk 27 17;8106;1.44;1.92;1.42;1.9;0;0;0
Hoogvliet;PrivateLabel;wk 28 17;5841;1.37;1.82;1.44;1.92;0;0;0
Hoogvliet;PrivateLabel;wk 29 17;6110;1.37;1.83;1.47;1.96;0;0;0
Hoogvliet;PrivateLabel;wk 30 17;5840;1.41;1.88;1.46;1.94;0;0;0
Hoogvliet;PrivateLabel;wk 31 17;5502;1.42;1.89;1.46;1.94;0;0;0
Hoogvliet;PrivateLabel;wk 32 17;13276;1.4;1.95;1.35;1.92;61;0;58
Hoogvliet;PrivateLabel;wk 33 17;10089;1.58;2.25;1.5;2.17;0;10;0
Hoogvliet;PrivateLabel;wk 34 17;9768;1.49;2.13;1.52;2.16;0;0;0
Hoogvliet;PrivateLabel;wk 35 17;8761;1.46;2.1;1.49;2.13;0;0;0
Hoogvliet;PrivateLabel;wk 36 17;8583;1.48;2.13;1.53;2.19;0;0;0
Hoogvliet;PrivateLabel;wk 37 17;7781;1.52;2.2;1.53;2.19;0;0;0
Hoogvliet;PrivateLabel;wk 38 17;8272;1.52;2.18;1.51;2.16;0;0;0
Hoogvliet;PrivateLabel;wk 39 17;8439;1.54;2.22;1.48;2.12;0;0;0
Hoogvliet;PrivateLabel;wk 40 17;8465;1.52;2.19;1.52;2.19;0;0;0
Hoogvliet;PrivateLabel;wk 41 17;15132;1.44;1.99;1.4;2.02;86;0;49
Hoogvliet;PrivateLabel;wk 42 17;9595;1.62;2.3;1.51;2.16;0;0;0
Hoogvliet;PrivateLabel;wk 43 17;7833;1.47;2.13;1.57;2.25;0;0;0
Hoogvliet;PrivateLabel;wk 44 17;8668;1.54;2.21;1.59;2.26;0;0;0
Hoogvliet;PrivateLabel;wk 45 17;8434;1.5;2.16;1.55;2.23;0;0;0
Hoogvliet;PrivateLabel;wk 46 17;7704;1.49;2.16;1.51;2.18;0;0;0
Hoogvliet;PrivateLabel;wk 47 17;7497;1.55;2.25;1.52;2.2;0;0;0
Hoogvliet;PrivateLabel;wk 48 17;7550;1.54;2.23;1.52;2.19;0;0;0
Hoogvliet;PrivateLabel;wk 49 17;7991;1.56;2.24;1.54;2.22;0;0;0
Hoogvliet;PrivateLabel;wk 50 17;7680;1.51;2.21;1.54;2.23;0;0;0
Hoogvliet;PrivateLabel;wk 51 17;8627;1.54;2.23;1.56;2.29;0;0;0
Hoogvliet;PrivateLabel;wk 52 17;5300;1.62;2.36;1.62;2.35;0;0;0
Hoogvliet;PrivateLabel;wk 01 18;6631;1.58;2.3;1.56;2.27;0;0;0
Hoogvliet;PrivateLabel;wk 02 18;6413;1.65;2.43;1.56;2.26;0;0;0
Hoogvliet;PrivateLabel;wk 03 18;7011;1.64;2.38;1.6;2.33;0;0;0
Hoogvliet;PrivateLabel;wk 04 18;7844;1.63;2.36;1.59;2.3;0;0;0
Hoogvliet;PrivateLabel;wk 05 18;7830;1.63;2.36;1.6;2.35;0;0;0
Hoogvliet;PrivateLabel;wk 06 18;16435;1.35;1.89;1.66;2.45;15;30;87
Hoogvliet;PrivateLabel;wk 07 18;12981;1.41;2;1.58;2.29;0;32;0
Hoogvliet;PrivateLabel;wk 08 18;8400;1.51;2.18;1.53;2.23;0;0;0
Hoogvliet;PrivateLabel;wk 09 18;7644;1.57;2.26;1.55;2.25;0;0;0
Hoogvliet;PrivateLabel;wk 10 18;27279;1.1;1.51;1.32;1.89;100;0;100
Hoogvliet;PrivateLabel;wk 11 18;12087;1.77;2.48;1.65;2.37;0;0;0
Hoogvliet;PrivateLabel;wk 12 18;7445;1.63;2.37;1.66;2.35;0;12;0
Hoogvliet;PrivateLabel;wk 13 18;7840;1.62;2.35;1.68;2.41;0;0;0
Hoogvliet;PrivateLabel;wk 14 18;7340;1.57;2.28;1.63;2.33;0;0;0
Hoogvliet;PrivateLabel;wk 15 18;8026;1.59;2.3;1.64;2.37;0;0;0
Hoogvliet;PrivateLabel;wk 16 18;9639;1.61;2.29;1.6;2.28;0;0;0
Hoogvliet;PrivateLabel;wk 17 18;8889;1.57;2.25;1.6;2.3;0;0;0
Hoogvliet;PrivateLabel;wk 18 18;7815;1.58;2.26;1.58;2.24;0;0;0
Hoogvliet;PrivateLabel;wk 19 18;7310;1.63;2.34;1.57;2.22;0;0;0
Hoogvliet;PrivateLabel;wk 20 18;7474;1.6;2.32;1.58;2.28;0;0;0
Hoogvliet;PrivateLabel;wk 21 18;9373;1.58;2.26;1.6;2.3;0;0;0
Hoogvliet;PrivateLabel;wk 22 18;9405;1.54;2.2;1.58;2.25;0;0;0
Hoogvliet;PrivateLabel;wk 23 18;8778;1.56;2.23;1.58;2.27;0;0;0
Hoogvliet;PrivateLabel;wk 24 18;8523;1.57;2.25;1.58;2.25;0;0;0
Hoogvliet;PrivateLabel;wk 25 18;8651;1.55;2.22;1.56;2.23;0;0;0
Hoogvliet;PrivateLabel;wk 26 18;9592;1.57;2.23;1.53;2.18;0;0;0
Hoogvliet;PrivateLabel;wk 27 18;9756;1.53;2.17;1.54;2.19;0;0;0
Hoogvliet;PrivateLabel;wk 28 18;8103;1.53;2.19;1.52;2.16;0;0;0
Hoogvliet;PrivateLabel;wk 29 18;7978;1.55;2.21;1.52;2.16;0;0;0
Hoogvliet;PrivateLabel;wk 30 18;9240;1.53;2.16;1.56;2.22;0;0;0
Hoogvliet;PrivateLabel;wk 31 18;8032;1.54;2.19;1.57;2.24;0;0;0
Hoogvliet;PrivateLabel;wk 32 18;6613;1.59;2.28;1.56;2.2;0;0;0
Hoogvliet;PrivateLabel;wk 33 18;6595;1.56;2.24;1.56;2.23;0;0;0
Hoogvliet;PrivateLabel;wk 34 18;7182;1.54;2.22;1.56;2.23;0;0;0
Hoogvliet;PrivateLabel;wk 35 18;7139;1.57;2.26;1.56;2.25;0;0;0
Hoogvliet;PrivateLabel;wk 36 18;7153;1.57;2.26;1.57;2.27;0;0;0
Hoogvliet;PrivateLabel;wk 37 18;7081;1.56;2.25;1.56;2.24;0;0;0
Hoogvliet;PrivateLabel;wk 38 18;7328;1.55;2.24;1.59;2.29;0;0;0
Hoogvliet;PrivateLabel;wk 39 18;6576;1.61;2.33;1.6;2.3;0;0;0
Hoogvliet;PrivateLabel;wk 40 18;6541;1.64;2.38;1.63;2.37;0;0;0
Hoogvliet;PrivateLabel;wk 41 18;7720;1.56;2.24;1.58;2.27;0;0;0
Hoogvliet;PrivateLabel;wk 42 18;7374;1.54;2.21;1.56;2.25;0;0;0
Hoogvliet;PrivateLabel;wk 43 18;6701;1.56;2.25;1.54;2.2;0;0;0
Hoogvliet;PrivateLabel;wk 44 18;6371;1.51;2.19;1.56;2.25;0;0;0
Hoogvliet;PrivateLabel;wk 45 18;7296;1.58;2.26;1.59;2.25;0;0;0
Hoogvliet;PrivateLabel;wk 46 18;7883;1.51;2.15;1.51;2.17;0;0;0
Hoogvliet;PrivateLabel;wk 47 18;8878;1.49;2.11;1.5;2.15;0;0;0
Hoogvliet;PrivateLabel;wk 48 18;8282;1.57;2.23;1.54;2.2;0;0;0
Hoogvliet;PrivateLabel;wk 49 18;5961;1.64;2.38;1.56;2.25;0;7;0
Hoogvliet;PrivateLabel;wk 50 18;5688;1.69;2.47;1.66;2.43;0;0;0
Hoogvliet;PrivateLabel;wk 51 18;6959;1.65;2.4;1.63;2.36;0;0;0
Hoogvliet;PrivateLabel;wk 52 18;5252;1.67;2.43;1.65;2.4;0;0;0
Hoogvliet;PrivateLabel;wk 01 19;6254;1.69;2.44;1.63;2.38;0;0;0
Hoogvliet;PrivateLabel;wk 02 19;6073;1.68;2.46;1.64;2.38;0;0;0
Hoogvliet;PrivateLabel;wk 03 19;6294;1.7;2.47;1.69;2.46;0;0;0
Hoogvliet;PrivateLabel;wk 04 19;6822;1.66;2.4;1.67;2.42;0;0;0
Hoogvliet;PrivateLabel;wk 05 19;6533;1.68;2.43;1.7;2.45;0;0;0
Hoogvliet;PrivateLabel;wk 06 19;7095;1.66;2.39;1.65;2.37;0;0;0
Hoogvliet;PrivateLabel;wk 07 19;6762;1.64;2.37;1.64;2.37;0;0;0
Hoogvliet;PrivateLabel;wk 08 19;6859;1.62;2.33;1.68;2.44;0;0;0
Hoogvliet;PrivateLabel;wk 09 19;6795;1.6;2.3;1.71;2.5;0;0;0
Hoogvliet;PrivateLabel;wk 10 19;6329;1.63;2.36;1.63;2.33;0;0;0
Hoogvliet;PrivateLabel;wk 11 19;6339;1.64;2.38;1.65;2.4;0;0;0
Hoogvliet;PrivateLabel;wk 12 19;7000;1.62;2.33;1.64;2.4;0;0;0
Hoogvliet;PrivateLabel;wk 13 19;7255;1.62;2.33;1.63;2.35;0;0;0
Hoogvliet;PrivateLabel;wk 14 19;6953;1.61;2.33;1.66;2.4;0;0;0
Hoogvliet;PrivateLabel;wk 15 19;7426;1.58;2.26;1.64;2.35;0;0;0
Hoogvliet;PrivateLabel;wk 16 19;7617;1.56;2.23;1.58;2.27;0;0;0
Hoogvliet;PrivateLabel;wk 17 19;6614;1.6;2.3;1.6;2.3;0;0;0
Hoogvliet;PrivateLabel;wk 18 19;7011;1.63;2.34;1.61;2.3;0;0;0
Hoogvliet;PrivateLabel;wk 19 19;7518;1.63;2.33;1.64;2.35;0;14;0
Hoogvliet;PrivateLabel;wk 20 19;7363;1.6;2.29;1.6;2.3;0;5;0
Hoogvliet;PrivateLabel;wk 21 19;7591;1.59;2.27;1.55;2.19;0;0;0
Hoogvliet;PrivateLabel;wk 22 19;7373;1.61;2.3;1.6;2.28;0;0;0
Hoogvliet;PrivateLabel;wk 23 19;7062;1.58;2.27;1.58;2.25;0;0;0
Hoogvliet;PrivateLabel;wk 24 19;6833;1.6;2.3;1.59;2.26;0;0;0
Hoogvliet;PrivateLabel;wk 25 19;7521;1.64;2.36;1.65;2.36;0;0;0
Hoogvliet;PrivateLabel;wk 26 19;7783;1.63;2.35;1.68;2.42;0;0;0
Hoogvliet;PrivateLabel;wk 27 19;7481;1.6;2.3;1.63;2.35;0;0;0
Hoogvliet;PrivateLabel;wk 28 19;7090;1.61;2.31;1.61;2.33;0;0;0
Hoogvliet;PrivateLabel;wk 29 19;6444;1.7;2.46;1.59;2.28;0;0;0
Hoogvliet;PrivateLabel;wk 30 19;8212;1.68;2.37;1.6;2.25;0;0;0
Hoogvliet;PrivateLabel;wk 31 19;5987;1.68;2.4;1.7;2.41;0;0;0
Hoogvliet;PrivateLabel;wk 32 19;5665;1.64;2.34;1.66;2.35;0;0;0
Hoogvliet;PrivateLabel;wk 33 19;5453;1.61;2.31;1.68;2.39;0;0;0
Hoogvliet;PrivateLabel;wk 34 19;5955;1.56;2.22;1.66;2.35;0;0;0
Hoogvliet;PrivateLabel;wk 35 19;6723;1.55;2.22;1.66;2.34;0;0;0
Hoogvliet;PrivateLabel;wk 36 19;5796;1.52;2.18;1.58;2.25;0;0;0
Hoogvliet;PrivateLabel;wk 37 19;4804;1.53;2.21;1.51;2.12;0;0;0
Hoogvliet;PrivateLabel;wk 38 19;5492;1.55;2.19;1.55;2.17;0;0;0
Hoogvliet;PrivateLabel;wk 39 19;5693;1.6;2.23;1.52;2.12;0;0;0
Hoogvliet;PrivateLabel;wk 40 19;5684;1.62;2.25;1.59;2.2;0;0;0
Hoogvliet;PrivateLabel;wk 41 19;5677;1.62;2.24;1.57;2.16;0;0;0
Hoogvliet;PrivateLabel;wk 42 19;5462;1.61;2.23;1.59;2.2;0;18;0
Hoogvliet;PrivateLabel;wk 43 19;5790;1.64;2.25;1.59;2.19;0;0;0
Hoogvliet;PrivateLabel;wk 44 19;6136;1.66;2.28;1.64;2.25;0;12;0
Hoogvliet;PrivateLabel;wk 45 19;6536;1.63;2.24;1.6;2.19;0;0;0
Hoogvliet;PrivateLabel;wk 46 19;5504;1.63;2.25;1.62;2.23;0;0;0
Hoogvliet;PrivateLabel;wk 47 19;5812;1.64;2.26;1.61;2.21;0;0;0
Hoogvliet;PrivateLabel;wk 48 19;5491;1.64;2.25;1.63;2.24;0;0;0
Hoogvliet;PrivateLabel;wk 49 19;5171;1.65;2.26;1.64;2.27;0;0;0
Hoogvliet;PrivateLabel;wk 50 19;5351;1.67;2.29;1.65;2.26;0;0;0
Hoogvliet;PrivateLabel;wk 51 19;5801;1.64;2.26;1.61;2.21;0;0;0
Hoogvliet;PrivateLabel;wk 52 19;4349;1.67;2.31;1.63;2.25;0;0;0
Hoogvliet;PrivateLabel;wk 01 20;4913;1.65;2.27;1.67;2.29;0;0;0
Hoogvliet;PrivateLabel;wk 02 20;5391;1.67;2.31;1.67;2.3;0;0;0
Hoogvliet;PrivateLabel;wk 03 20;5297;1.66;2.28;1.67;2.31;0;0;0
Hoogvliet;PrivateLabel;wk 04 20;8440;1.64;2.24;1.65;2.27;100;0;14
Hoogvliet;PrivateLabel;wk 05 20;6076;1.65;2.27;1.66;2.29;0;0;0
Hoogvliet;PrivateLabel;wk 06 20;5651;1.63;2.24;1.64;2.25;0;0;0
Hoogvliet;PrivateLabel;wk 07 20;5681;1.58;2.17;1.64;2.25;0;0;0
Hoogvliet;PrivateLabel;wk 08 20;5405;1.61;2.22;1.63;2.24;0;0;0
Hoogvliet;PrivateLabel;wk 09 20;5764;1.6;2.2;1.66;2.3;0;0;0
Hoogvliet;PrivateLabel;wk 10 20;5894;1.63;2.25;1.63;2.24;0;0;0
Hoogvliet;PrivateLabel;wk 11 20;10412;1.63;2.23;1.63;2.24;0;0;0
Hoogvliet;PrivateLabel;wk 12 20;9939;1.62;2.22;1.66;2.28;0;0;0
Hoogvliet;PrivateLabel;wk 13 20;7443;1.59;2.17;1.61;2.19;0;0;0
Hoogvliet;PrivateLabel;wk 14 20;6236;1.61;2.19;1.64;2.25;0;0;0
Hoogvliet;PrivateLabel;wk 15 20;5984;1.64;2.25;1.67;2.29;0;0;0
Hoogvliet;PrivateLabel;wk 16 20;6085;1.64;2.26;1.69;2.31;0;0;0
Hoogvliet;PrivateLabel;wk 17 20;7101;1.64;2.24;1.65;2.28;0;0;0
Hoogvliet;PrivateLabel;wk 18 20;6100;1.67;2.29;1.62;2.22;0;0;0
Hoogvliet;PrivateLabel;wk 19 20;6362;1.71;2.35;1.65;2.27;0;0;0
Hoogvliet;PrivateLabel;wk 20 20;6530;1.71;2.33;1.65;2.25;0;0;0
Hoogvliet;PrivateLabel;wk 21 20;6664;1.73;2.37;1.71;2.35;0;0;0
Hoogvliet;PrivateLabel;wk 22 20;7400;1.76;2.4;1.74;2.39;0;11;0
Hoogvliet;PrivateLabel;wk 23 20;7475;1.74;2.39;1.72;2.34;0;15;0
Hoogvliet;PrivateLabel;wk 24 20;6247;1.68;2.3;1.74;2.38;0;0;0
Hoogvliet;PrivateLabel;wk 25 20;6441;1.69;2.32;1.7;2.32;0;0;0
Hoogvliet;PrivateLabel;wk 26 20;7411;1.65;2.26;1.69;2.3;0;0;0
Hoogvliet;PrivateLabel;wk 27 20;6009;1.67;2.3;1.68;2.3;0;0;0
Hoogvliet;PrivateLabel;wk 28 20;5001;1.7;2.35;1.72;2.37;0;0;0
Hoogvliet;PrivateLabel;wk 29 20;5356;1.68;2.31;1.68;2.3;0;0;0
Hoogvliet;PrivateLabel;wk 30 20;5204;1.67;2.29;1.72;2.38;0;0;0
Hoogvliet;PrivateLabel;wk 31 20;5184;1.67;2.3;1.65;2.25;0;0;0
Hoogvliet;PrivateLabel;wk 32 20;6075;1.64;2.25;1.66;2.27;0;0;0
Hoogvliet;PrivateLabel;wk 33 20;6263;1.69;2.32;1.66;2.27;0;0;0
Hoogvliet;PrivateLabel;wk 34 20;5174;1.69;2.32;1.63;2.24;0;0;0
Hoogvliet;PrivateLabel;wk 35 20;5027;1.71;2.37;1.66;2.29;0;0;0
Hoogvliet;PrivateLabel;wk 36 20;5151;1.75;2.42;1.72;2.39;0;0;0
Hoogvliet;PrivateLabel;wk 37 20;5191;1.73;2.39;1.69;2.35;0;0;0
Hoogvliet;PrivateLabel;wk 38 20;4631;1.78;2.47;1.68;2.3;0;0;0
Hoogvliet;PrivateLabel;wk 39 20;5090;1.75;2.42;1.71;2.36;0;0;0
Hoogvliet;PrivateLabel;wk 40 20;5093;1.73;2.4;1.69;2.33;0;0;0
Hoogvliet;PrivateLabel;wk 41 20;4666;1.73;2.4;1.74;2.4;0;0;0
Hoogvliet;PrivateLabel;wk 42 20;4798;1.75;2.42;1.69;2.33;0;0;0
Hoogvliet;PrivateLabel;wk 43 20;4876;1.72;2.38;1.74;2.41;0;0;0
Hoogvliet;PrivateLabel;wk 44 20;4647;1.8;2.51;1.72;2.37;0;0;0
Hoogvliet;PrivateLabel;wk 45 20;4661;1.78;2.47;1.74;2.41;0;0;0
Hoogvliet;PrivateLabel;wk 46 20;4661;1.75;2.41;1.7;2.33;0;0;0
Hoogvliet;PrivateLabel;wk 47 20;4579;1.74;2.4;1.74;2.42;0;0;0
Hoogvliet;PrivateLabel;wk 48 20;4839;1.76;2.44;1.78;2.44;0;0;0
Hoogvliet;PrivateLabel;wk 49 20;4764;1.74;2.4;1.71;2.36;0;0;0
Hoogvliet;PrivateLabel;wk 50 20;4330;1.72;2.38;1.76;2.42;0;0;0
Hoogvliet;PrivateLabel;wk 51 20;4639;1.76;2.42;1.76;2.43;0;0;0
Hoogvliet;PrivateLabel;wk 52 20;3525;1.8;2.52;1.75;2.44;0;0;0
Hoogvliet;EuroShopper;wk 01 17;0;0;0;0;0;0;0;0
Hoogvliet;EuroShopper;wk 02 17;0;0;0;0;0;0;0;0
Hoogvliet;EuroShopper;wk 03 17;0;0;0;0;0;0;0;0
Hoogvliet;EuroShopper;wk 04 17;0;0;0;0;0;0;0;0
Hoogvliet;EuroShopper;wk 05 17;0;0;0;0;0;0;0;0
Hoogvliet;EuroShopper;wk 06 17;0;0;0;0;0;0;0;0
Hoogvliet;EuroShopper;wk 07 17;0;0;0;0;0;0;0;0
Hoogvliet;EuroShopper;wk 08 17;0;0;0;0;0;0;0;0
Hoogvliet;EuroShopper;wk 09 17;0;0;0;0;0;0;0;0
Hoogvliet;EuroShopper;wk 10 17;0;0;0;0;0;0;0;0
Hoogvliet;EuroShopper;wk 11 17;0;0;0;0;0;0;0;0
Hoogvliet;EuroShopper;wk 12 17;0;0;0;0;0;0;0;0
Hoogvliet;EuroShopper;wk 13 17;0;0;0;0;0;0;0;0
Hoogvliet;EuroShopper;wk 14 17;0;0;0;0;0;0;0;0
Hoogvliet;EuroShopper;wk 15 17;0;0;0;0;0;0;0;0
Hoogvliet;EuroShopper;wk 16 17;0;0;0;0;0;0;0;0
Hoogvliet;EuroShopper;wk 17 17;0;0;0;0;0;0;0;0
Hoogvliet;EuroShopper;wk 18 17;0;0;0;0;0;0;0;0
Hoogvliet;EuroShopper;wk 19 17;0;0;0;0;0;0;0;0
Hoogvliet;EuroShopper;wk 20 17;0;0;0;0;0;0;0;0
Hoogvliet;EuroShopper;wk 21 17;0;0;0;0;0;0;0;0
Hoogvliet;EuroShopper;wk 22 17;0;0;0;0;0;0;0;0
Hoogvliet;EuroShopper;wk 23 17;0;0;0;0;0;0;0;0
Hoogvliet;EuroShopper;wk 24 17;0;0;0;0;0;0;0;0
Hoogvliet;EuroShopper;wk 25 17;0;0;0;0;0;0;0;0
Hoogvliet;EuroShopper;wk 26 17;0;0;0;0;0;0;0;0
Hoogvliet;EuroShopper;wk 27 17;0;0;0;0;0;0;0;0
Hoogvliet;EuroShopper;wk 28 17;0;0;0;0;0;0;0;0
Hoogvliet;EuroShopper;wk 29 17;0;0;0;0;0;0;0;0
Hoogvliet;EuroShopper;wk 30 17;0;0;0;0;0;0;0;0
Hoogvliet;EuroShopper;wk 31 17;0;0;0;0;0;0;0;0
Hoogvliet;EuroShopper;wk 32 17;0;0;0;0;0;0;0;0
Hoogvliet;EuroShopper;wk 33 17;0;0;0;0;0;0;0;0
Hoogvliet;EuroShopper;wk 34 17;0;0;0;0;0;0;0;0
Hoogvliet;EuroShopper;wk 35 17;0;0;0;0;0;0;0;0
Hoogvliet;EuroShopper;wk 36 17;0;0;0;0;0;0;0;0
Hoogvliet;EuroShopper;wk 37 17;0;0;0;0;0;0;0;0
Hoogvliet;EuroShopper;wk 38 17;0;0;0;0;0;0;0;0
Hoogvliet;EuroShopper;wk 39 17;0;0;0;0;0;0;0;0
Hoogvliet;EuroShopper;wk 40 17;0;0;0;0;0;0;0;0
Hoogvliet;EuroShopper;wk 41 17;0;0;0;0;0;0;0;0
Hoogvliet;EuroShopper;wk 42 17;0;0;0;0;0;0;0;0
Hoogvliet;EuroShopper;wk 43 17;0;0;0;0;0;0;0;0
Hoogvliet;EuroShopper;wk 44 17;0;0;0;0;0;0;0;0
Hoogvliet;EuroShopper;wk 45 17;0;0;0;0;0;0;0;0
Hoogvliet;EuroShopper;wk 46 17;0;0;0;0;0;0;0;0
Hoogvliet;EuroShopper;wk 47 17;0;0;0;0;0;0;0;0
Hoogvliet;EuroShopper;wk 48 17;0;0;0;0;0;0;0;0
Hoogvliet;EuroShopper;wk 49 17;0;0;0;0;0;0;0;0
Hoogvliet;EuroShopper;wk 50 17;0;0;0;0;0;0;0;0
Hoogvliet;EuroShopper;wk 51 17;0;0;0;0;0;0;0;0
Hoogvliet;EuroShopper;wk 52 17;0;0;0;0;0;0;0;0
Hoogvliet;EuroShopper;wk 01 18;0;0;0;0;0;0;0;0
Hoogvliet;EuroShopper;wk 02 18;0;0;0;0;0;0;0;0
Hoogvliet;EuroShopper;wk 03 18;0;0;0;0;0;0;0;0
Hoogvliet;EuroShopper;wk 04 18;0;0;0;0;0;0;0;0
Hoogvliet;EuroShopper;wk 05 18;0;0;0;0;0;0;0;0
Hoogvliet;EuroShopper;wk 06 18;0;0;0;0;0;0;0;0
Hoogvliet;EuroShopper;wk 07 18;0;0;0;0;0;0;0;0
Hoogvliet;EuroShopper;wk 08 18;0;0;0;0;0;0;0;0
Hoogvliet;EuroShopper;wk 09 18;0;0;0;0;0;0;0;0
Hoogvliet;EuroShopper;wk 10 18;0;0;0;0;0;0;0;0
Hoogvliet;EuroShopper;wk 11 18;0;0;0;0;0;0;0;0
Hoogvliet;EuroShopper;wk 12 18;0;0;0;0;0;0;0;0
Hoogvliet;EuroShopper;wk 13 18;0;0;0;0;0;0;0;0
Hoogvliet;EuroShopper;wk 14 18;0;0;0;0;0;0;0;0
Hoogvliet;EuroShopper;wk 15 18;0;0;0;0;0;0;0;0
Hoogvliet;EuroShopper;wk 16 18;0;0;0;0;0;0;0;0
Hoogvliet;EuroShopper;wk 17 18;0;0;0;0;0;0;0;0
Hoogvliet;EuroShopper;wk 18 18;0;0;0;0;0;0;0;0
Hoogvliet;EuroShopper;wk 19 18;0;0;0;0;0;0;0;0
Hoogvliet;EuroShopper;wk 20 18;0;0;0;0;0;0;0;0
Hoogvliet;EuroShopper;wk 21 18;0;0;0;0;0;0;0;0
Hoogvliet;EuroShopper;wk 22 18;0;0;0;0;0;0;0;0
Hoogvliet;EuroShopper;wk 23 18;0;0;0;0;0;0;0;0
Hoogvliet;EuroShopper;wk 24 18;0;0;0;0;0;0;0;0
Hoogvliet;EuroShopper;wk 25 18;0;0;0;0;0;0;0;0
Hoogvliet;EuroShopper;wk 26 18;0;0;0;0;0;0;0;0
Hoogvliet;EuroShopper;wk 27 18;0;0;0;0;0;0;0;0
Hoogvliet;EuroShopper;wk 28 18;0;0;0;0;0;0;0;0
Hoogvliet;EuroShopper;wk 29 18;0;0;0;0;0;0;0;0
Hoogvliet;EuroShopper;wk 30 18;0;0;0;0;0;0;0;0
Hoogvliet;EuroShopper;wk 31 18;0;0;0;0;0;0;0;0
Hoogvliet;EuroShopper;wk 32 18;0;0;0;0;0;0;0;0
Hoogvliet;EuroShopper;wk 33 18;0;0;0;0;0;0;0;0
Hoogvliet;EuroShopper;wk 34 18;0;0;0;0;0;0;0;0
Hoogvliet;EuroShopper;wk 35 18;0;0;0;0;0;0;0;0
Hoogvliet;EuroShopper;wk 36 18;0;0;0;0;0;0;0;0
Hoogvliet;EuroShopper;wk 37 18;0;0;0;0;0;0;0;0
Hoogvliet;EuroShopper;wk 38 18;0;0;0;0;0;0;0;0
Hoogvliet;EuroShopper;wk 39 18;0;0;0;0;0;0;0;0
Hoogvliet;EuroShopper;wk 40 18;0;0;0;0;0;0;0;0
Hoogvliet;EuroShopper;wk 41 18;0;0;0;0;0;0;0;0
Hoogvliet;EuroShopper;wk 42 18;0;0;0;0;0;0;0;0
Hoogvliet;EuroShopper;wk 43 18;0;0;0;0;0;0;0;0
Hoogvliet;EuroShopper;wk 44 18;0;0;0;0;0;0;0;0
Hoogvliet;EuroShopper;wk 45 18;0;0;0;0;0;0;0;0
Hoogvliet;EuroShopper;wk 46 18;0;0;0;0;0;0;0;0
Hoogvliet;EuroShopper;wk 47 18;0;0;0;0;0;0;0;0
Hoogvliet;EuroShopper;wk 48 18;0;0;0;0;0;0;0;0
Hoogvliet;EuroShopper;wk 49 18;0;0;0;0;0;0;0;0
Hoogvliet;EuroShopper;wk 50 18;0;0;0;0;0;0;0;0
Hoogvliet;EuroShopper;wk 51 18;0;0;0;0;0;0;0;0
Hoogvliet;EuroShopper;wk 52 18;0;0;0;0;0;0;0;0
Hoogvliet;EuroShopper;wk 01 19;0;0;0;0;0;0;0;0
Hoogvliet;EuroShopper;wk 02 19;0;0;0;0;0;0;0;0
Hoogvliet;EuroShopper;wk 03 19;0;0;0;0;0;0;0;0
Hoogvliet;EuroShopper;wk 04 19;0;0;0;0;0;0;0;0
Hoogvliet;EuroShopper;wk 05 19;0;0;0;0;0;0;0;0
Hoogvliet;EuroShopper;wk 06 19;0;0;0;0;0;0;0;0
Hoogvliet;EuroShopper;wk 07 19;0;0;0;0;0;0;0;0
Hoogvliet;EuroShopper;wk 08 19;0;0;0;0;0;0;0;0
Hoogvliet;EuroShopper;wk 09 19;0;0;0;0;0;0;0;0
Hoogvliet;EuroShopper;wk 10 19;0;0;0;0;0;0;0;0
Hoogvliet;EuroShopper;wk 11 19;0;0;0;0;0;0;0;0
Hoogvliet;EuroShopper;wk 12 19;0;0;0;0;0;0;0;0
Hoogvliet;EuroShopper;wk 13 19;0;0;0;0;0;0;0;0
Hoogvliet;EuroShopper;wk 14 19;0;0;0;0;0;0;0;0
Hoogvliet;EuroShopper;wk 15 19;0;0;0;0;0;0;0;0
Hoogvliet;EuroShopper;wk 16 19;0;0;0;0;0;0;0;0
Hoogvliet;EuroShopper;wk 17 19;0;0;0;0;0;0;0;0
Hoogvliet;EuroShopper;wk 18 19;0;0;0;0;0;0;0;0
Hoogvliet;EuroShopper;wk 19 19;0;0;0;0;0;0;0;0
Hoogvliet;EuroShopper;wk 20 19;0;0;0;0;0;0;0;0
Hoogvliet;EuroShopper;wk 21 19;0;0;0;0;0;0;0;0
Hoogvliet;EuroShopper;wk 22 19;0;0;0;0;0;0;0;0
Hoogvliet;EuroShopper;wk 23 19;0;0;0;0;0;0;0;0
Hoogvliet;EuroShopper;wk 24 19;0;0;0;0;0;0;0;0
Hoogvliet;EuroShopper;wk 25 19;0;0;0;0;0;0;0;0
Hoogvliet;EuroShopper;wk 26 19;0;0;0;0;0;0;0;0
Hoogvliet;EuroShopper;wk 27 19;0;0;0;0;0;0;0;0
Hoogvliet;EuroShopper;wk 28 19;0;0;0;0;0;0;0;0
Hoogvliet;EuroShopper;wk 29 19;0;0;0;0;0;0;0;0
Hoogvliet;EuroShopper;wk 30 19;0;0;0;0;0;0;0;0
Hoogvliet;EuroShopper;wk 31 19;0;0;0;0;0;0;0;0
Hoogvliet;EuroShopper;wk 32 19;0;0;0;0;0;0;0;0
Hoogvliet;EuroShopper;wk 33 19;0;0;0;0;0;0;0;0
Hoogvliet;EuroShopper;wk 34 19;0;0;0;0;0;0;0;0
Hoogvliet;EuroShopper;wk 35 19;0;0;0;0;0;0;0;0
Hoogvliet;EuroShopper;wk 36 19;0;0;0;0;0;0;0;0
Hoogvliet;EuroShopper;wk 37 19;0;0;0;0;0;0;0;0
Hoogvliet;EuroShopper;wk 38 19;0;0;0;0;0;0;0;0
Hoogvliet;EuroShopper;wk 39 19;0;0;0;0;0;0;0;0
Hoogvliet;EuroShopper;wk 40 19;0;0;0;0;0;0;0;0
Hoogvliet;EuroShopper;wk 41 19;0;0;0;0;0;0;0;0
Hoogvliet;EuroShopper;wk 42 19;0;0;0;0;0;0;0;0
Hoogvliet;EuroShopper;wk 43 19;0;0;0;0;0;0;0;0
Hoogvliet;EuroShopper;wk 44 19;0;0;0;0;0;0;0;0
Hoogvliet;EuroShopper;wk 45 19;0;0;0;0;0;0;0;0
Hoogvliet;EuroShopper;wk 46 19;0;0;0;0;0;0;0;0
Hoogvliet;EuroShopper;wk 47 19;0;0;0;0;0;0;0;0
Hoogvliet;EuroShopper;wk 48 19;0;0;0;0;0;0;0;0
Hoogvliet;EuroShopper;wk 49 19;0;0;0;0;0;0;0;0
Hoogvliet;EuroShopper;wk 50 19;0;0;0;0;0;0;0;0
Hoogvliet;EuroShopper;wk 51 19;0;0;0;0;0;0;0;0
Hoogvliet;EuroShopper;wk 52 19;0;0;0;0;0;0;0;0
Hoogvliet;EuroShopper;wk 01 20;0;0;0;0;0;0;0;0
Hoogvliet;EuroShopper;wk 02 20;0;0;0;0;0;0;0;0
Hoogvliet;EuroShopper;wk 03 20;0;0;0;0;0;0;0;0
Hoogvliet;EuroShopper;wk 04 20;0;0;0;0;0;0;0;0
Hoogvliet;EuroShopper;wk 05 20;0;0;0;0;0;0;0;0
Hoogvliet;EuroShopper;wk 06 20;0;0;0;0;0;0;0;0
Hoogvliet;EuroShopper;wk 07 20;0;0;0;0;0;0;0;0
Hoogvliet;EuroShopper;wk 08 20;0;0;0;0;0;0;0;0
Hoogvliet;EuroShopper;wk 09 20;0;0;0;0;0;0;0;0
Hoogvliet;EuroShopper;wk 10 20;0;0;0;0;0;0;0;0
Hoogvliet;EuroShopper;wk 11 20;0;0;0;0;0;0;0;0
Hoogvliet;EuroShopper;wk 12 20;0;0;0;0;0;0;0;0
Hoogvliet;EuroShopper;wk 13 20;0;0;0;0;0;0;0;0
Hoogvliet;EuroShopper;wk 14 20;0;0;0;0;0;0;0;0
Hoogvliet;EuroShopper;wk 15 20;0;0;0;0;0;0;0;0
Hoogvliet;EuroShopper;wk 16 20;0;0;0;0;0;0;0;0
Hoogvliet;EuroShopper;wk 17 20;0;0;0;0;0;0;0;0
Hoogvliet;EuroShopper;wk 18 20;0;0;0;0;0;0;0;0
Hoogvliet;EuroShopper;wk 19 20;0;0;0;0;0;0;0;0
Hoogvliet;EuroShopper;wk 20 20;0;0;0;0;0;0;0;0
Hoogvliet;EuroShopper;wk 21 20;0;0;0;0;0;0;0;0
Hoogvliet;EuroShopper;wk 22 20;0;0;0;0;0;0;0;0
Hoogvliet;EuroShopper;wk 23 20;0;0;0;0;0;0;0;0
Hoogvliet;EuroShopper;wk 24 20;0;0;0;0;0;0;0;0
Hoogvliet;EuroShopper;wk 25 20;0;0;0;0;0;0;0;0
Hoogvliet;EuroShopper;wk 26 20;0;0;0;0;0;0;0;0
Hoogvliet;EuroShopper;wk 27 20;0;0;0;0;0;0;0;0
Hoogvliet;EuroShopper;wk 28 20;0;0;0;0;0;0;0;0
Hoogvliet;EuroShopper;wk 29 20;0;0;0;0;0;0;0;0
Hoogvliet;EuroShopper;wk 30 20;0;0;0;0;0;0;0;0
Hoogvliet;EuroShopper;wk 31 20;0;0;0;0;0;0;0;0
Hoogvliet;EuroShopper;wk 32 20;0;0;0;0;0;0;0;0
Hoogvliet;EuroShopper;wk 33 20;0;0;0;0;0;0;0;0
Hoogvliet;EuroShopper;wk 34 20;0;0;0;0;0;0;0;0
Hoogvliet;EuroShopper;wk 35 20;0;0;0;0;0;0;0;0
Hoogvliet;EuroShopper;wk 36 20;0;0;0;0;0;0;0;0
Hoogvliet;EuroShopper;wk 37 20;0;0;0;0;0;0;0;0
Hoogvliet;EuroShopper;wk 38 20;0;0;0;0;0;0;0;0
Hoogvliet;EuroShopper;wk 39 20;0;0;0;0;0;0;0;0
Hoogvliet;EuroShopper;wk 40 20;0;0;0;0;0;0;0;0
Hoogvliet;EuroShopper;wk 41 20;0;0;0;0;0;0;0;0
Hoogvliet;EuroShopper;wk 42 20;0;0;0;0;0;0;0;0
Hoogvliet;EuroShopper;wk 43 20;0;0;0;0;0;0;0;0
Hoogvliet;EuroShopper;wk 44 20;0;0;0;0;0;0;0;0
Hoogvliet;EuroShopper;wk 45 20;0;0;0;0;0;0;0;0
Hoogvliet;EuroShopper;wk 46 20;0;0;0;0;0;0;0;0
Hoogvliet;EuroShopper;wk 47 20;0;0;0;0;0;0;0;0
Hoogvliet;EuroShopper;wk 48 20;0;0;0;0;0;0;0;0
Hoogvliet;EuroShopper;wk 49 20;0;0;0;0;0;0;0;0
Hoogvliet;EuroShopper;wk 50 20;0;0;0;0;0;0;0;0
Hoogvliet;EuroShopper;wk 51 20;0;0;0;0;0;0;0;0
Hoogvliet;EuroShopper;wk 52 20;0;0;0;0;0;0;0;0
Hoogvliet;KarvanCevitam;wk 01 17;8237;2.76;3.74;2.73;3.72;0;0;0
Hoogvliet;KarvanCevitam;wk 02 17;9250;2.77;4.13;2.74;3.79;0;0;0
Hoogvliet;KarvanCevitam;wk 03 17;76197;1.68;2.24;2.07;2.86;100;0;100
Hoogvliet;KarvanCevitam;wk 04 17;20431;2.77;3.71;2.77;3.74;0;0;0
Hoogvliet;KarvanCevitam;wk 05 17;6501;2.76;3.72;2.77;3.72;0;0;0
Hoogvliet;KarvanCevitam;wk 06 17;6647;2.76;3.71;2.77;3.71;0;0;0
Hoogvliet;KarvanCevitam;wk 07 17;7774;2.76;3.71;2.76;3.71;0;0;0
Hoogvliet;KarvanCevitam;wk 08 17;8379;2.76;3.71;2.76;3.71;0;0;0
Hoogvliet;KarvanCevitam;wk 09 17;7752;2.76;3.71;2.76;3.71;0;0;0
Hoogvliet;KarvanCevitam;wk 10 17;8538;2.75;3.69;2.77;3.71;0;0;0
Hoogvliet;KarvanCevitam;wk 11 17;9130;2.75;3.68;2.77;3.71;0;0;0
Hoogvliet;KarvanCevitam;wk 12 17;9522;2.75;3.69;2.77;3.72;0;0;0
Hoogvliet;KarvanCevitam;wk 13 17;51369;2.04;2.73;2.32;3.11;100;34;100
Hoogvliet;KarvanCevitam;wk 14 17;16009;2.76;3.69;2.76;3.7;0;0;0
Hoogvliet;KarvanCevitam;wk 15 17;7522;2.76;3.69;2.78;3.72;0;0;0
Hoogvliet;KarvanCevitam;wk 16 17;7443;2.75;3.7;2.76;3.7;0;0;0
Hoogvliet;KarvanCevitam;wk 17 17;7833;2.76;3.81;2.76;3.75;0;0;0
Hoogvliet;KarvanCevitam;wk 18 17;7681;2.76;3.81;2.76;3.75;0;0;0
Hoogvliet;KarvanCevitam;wk 19 17;8625;2.76;3.86;2.76;3.86;0;0;0
Hoogvliet;KarvanCevitam;wk 20 17;10397;2.76;3.98;2.76;3.86;0;13;0
Hoogvliet;KarvanCevitam;wk 21 17;12305;2.76;3.97;2.76;3.86;0;0;0
Hoogvliet;KarvanCevitam;wk 22 17;11773;2.76;3.89;2.76;3.91;0;0;0
Hoogvliet;KarvanCevitam;wk 23 17;53566;2.02;2.72;2.29;3.2;100;0;95
Hoogvliet;KarvanCevitam;wk 24 17;16229;2.76;3.81;2.76;3.83;0;0;0
Hoogvliet;KarvanCevitam;wk 25 17;10967;2.76;3.89;2.76;3.87;0;0;0
Hoogvliet;KarvanCevitam;wk 26 17;8797;2.75;3.85;2.76;3.8;0;0;0
Hoogvliet;KarvanCevitam;wk 27 17;9886;2.76;3.94;2.76;3.88;0;0;0
Hoogvliet;KarvanCevitam;wk 28 17;36320;2.03;2.75;2.29;3.24;100;3;100
Hoogvliet;KarvanCevitam;wk 29 17;12063;2.76;3.83;2.76;3.92;0;10;0
Hoogvliet;KarvanCevitam;wk 30 17;6191;2.76;3.96;2.76;3.84;0;0;0
Hoogvliet;KarvanCevitam;wk 31 17;13505;2.69;3.69;2.76;3.95;28;6;95
Hoogvliet;KarvanCevitam;wk 32 17;8115;2.74;3.81;2.76;3.83;0;0;0
Hoogvliet;KarvanCevitam;wk 33 17;7945;2.75;3.86;2.75;3.83;0;0;0
Hoogvliet;KarvanCevitam;wk 34 17;9316;2.76;3.85;2.75;3.83;0;0;0
Hoogvliet;KarvanCevitam;wk 35 17;40459;2.02;2.72;2.29;3.2;85;0;82
Hoogvliet;KarvanCevitam;wk 36 17;12821;2.76;3.77;2.75;3.87;0;0;0
Hoogvliet;KarvanCevitam;wk 37 17;6712;2.75;3.81;2.76;3.8;0;0;0
Hoogvliet;KarvanCevitam;wk 38 17;7512;2.76;3.79;2.75;3.78;0;0;0
Hoogvliet;KarvanCevitam;wk 39 17;7859;2.76;3.8;2.76;3.75;0;0;0
Hoogvliet;KarvanCevitam;wk 40 17;11814;2.73;3.75;2.79;4.14;84;0;47
Hoogvliet;KarvanCevitam;wk 41 17;7916;2.75;3.75;2.75;3.78;0;0;0
Hoogvliet;KarvanCevitam;wk 42 17;8143;2.74;4.11;2.75;3.81;0;19;0
Hoogvliet;KarvanCevitam;wk 43 17;37441;2.03;2.73;2.31;3.37;86;0;59
Hoogvliet;KarvanCevitam;wk 44 17;12146;2.75;3.71;2.75;3.79;0;0;0
Hoogvliet;KarvanCevitam;wk 45 17;6754;2.74;3.71;2.76;3.73;0;0;0
Hoogvliet;KarvanCevitam;wk 46 17;44633;2.76;3.69;2.75;3.7;0;0;0
Hoogvliet;KarvanCevitam;wk 47 17;7668;2.74;3.69;2.75;3.69;0;25;0
Hoogvliet;KarvanCevitam;wk 48 17;6359;2.74;3.7;2.75;3.69;0;11;0
Hoogvliet;KarvanCevitam;wk 49 17;6995;2.74;3.68;2.75;3.69;0;0;0
Hoogvliet;KarvanCevitam;wk 50 17;32721;2.02;2.7;2.29;3.07;95;0;63
Hoogvliet;KarvanCevitam;wk 51 17;12716;2.74;3.68;2.75;3.69;0;0;0
Hoogvliet;KarvanCevitam;wk 52 17;5532;2.76;3.7;2.75;3.68;0;0;0
Hoogvliet;KarvanCevitam;wk 01 18;6493;2.76;3.71;2.75;3.68;0;0;0
Hoogvliet;KarvanCevitam;wk 02 18;7304;2.78;3.73;2.76;3.71;0;0;0
Hoogvliet;KarvanCevitam;wk 03 18;7878;2.78;3.73;2.77;3.71;0;0;0
Hoogvliet;KarvanCevitam;wk 04 18;8735;2.78;3.73;2.78;3.73;0;0;0
Hoogvliet;KarvanCevitam;wk 05 18;8477;2.78;3.73;2.78;3.73;0;0;0
Hoogvliet;KarvanCevitam;wk 06 18;8066;2.78;3.73;2.78;3.73;0;0;0
Hoogvliet;KarvanCevitam;wk 07 18;8612;2.78;3.72;2.77;3.73;0;0;0
Hoogvliet;KarvanCevitam;wk 08 18;30245;2.26;3.02;2.45;3.29;88;0;80
Hoogvliet;KarvanCevitam;wk 09 18;10913;2.79;3.73;2.79;3.74;0;0;0
Hoogvliet;KarvanCevitam;wk 10 18;7303;2.77;3.72;2.78;3.72;0;13;0
Hoogvliet;KarvanCevitam;wk 11 18;8099;2.74;3.68;2.78;3.73;0;0;0
Hoogvliet;KarvanCevitam;wk 12 18;9750;2.74;3.68;2.81;3.77;0;0;0
Hoogvliet;KarvanCevitam;wk 13 18;8824;2.75;3.69;2.77;3.71;0;22;0
Hoogvliet;KarvanCevitam;wk 14 18;38925;2.3;3.08;2.46;3.3;93;66;82
Hoogvliet;KarvanCevitam;wk 15 18;12474;2.8;3.75;2.78;3.72;0;11;0
Hoogvliet;KarvanCevitam;wk 16 18;8580;2.78;3.72;2.78;3.72;0;0;0
Hoogvliet;KarvanCevitam;wk 17 18;8517;2.76;3.7;2.78;3.72;0;0;0
Hoogvliet;KarvanCevitam;wk 18 18;7586;2.77;3.71;2.77;3.71;0;0;0
Hoogvliet;KarvanCevitam;wk 19 18;8594;2.77;3.71;2.78;3.72;0;0;0
Hoogvliet;KarvanCevitam;wk 20 18;7904;2.77;3.71;2.76;3.7;0;0;0
Hoogvliet;KarvanCevitam;wk 21 18;9507;2.78;3.72;2.78;3.72;0;0;0
Hoogvliet;KarvanCevitam;wk 22 18;40087;2.28;3.04;2.47;3.31;95;26;72
Hoogvliet;KarvanCevitam;wk 23 18;13771;2.78;3.71;2.79;3.74;0;0;0
Hoogvliet;KarvanCevitam;wk 24 18;7631;2.77;3.71;2.78;3.72;0;0;0
Hoogvliet;KarvanCevitam;wk 25 18;8111;2.77;3.71;2.77;3.71;0;0;0
Hoogvliet;KarvanCevitam;wk 26 18;9694;2.78;3.72;2.78;3.71;0;0;0
Hoogvliet;KarvanCevitam;wk 27 18;35614;2.27;3.02;2.47;3.3;75;0;94
Hoogvliet;KarvanCevitam;wk 28 18;12030;2.78;3.72;2.78;3.72;0;0;0
Hoogvliet;KarvanCevitam;wk 29 18;7862;2.77;3.72;2.78;3.71;0;0;0
Hoogvliet;KarvanCevitam;wk 30 18;10012;2.78;3.72;2.78;3.73;0;0;0
Hoogvliet;KarvanCevitam;wk 31 18;34327;1.48;1.98;1.86;2.49;100;0;12
Hoogvliet;KarvanCevitam;wk 32 18;11363;2.8;3.74;2.78;3.72;0;7;0
Hoogvliet;KarvanCevitam;wk 33 18;7492;2.77;3.71;2.79;3.73;0;9;0
Hoogvliet;KarvanCevitam;wk 34 18;48970;1.71;2.28;2.06;2.76;87;0;13
Hoogvliet;KarvanCevitam;wk 35 18;9272;2.77;3.71;2.79;3.73;0;16;0
Hoogvliet;KarvanCevitam;wk 36 18;7659;2.75;3.68;2.78;3.73;0;0;0
Hoogvliet;KarvanCevitam;wk 37 18;7129;2.72;3.65;2.78;3.72;0;0;0
Hoogvliet;KarvanCevitam;wk 38 18;25395;2.27;3.03;2.47;3.31;91;0;95
Hoogvliet;KarvanCevitam;wk 39 18;10451;2.74;3.66;2.76;3.7;0;8;0
Hoogvliet;KarvanCevitam;wk 40 18;7105;2.73;3.65;2.76;3.69;0;0;0
Hoogvliet;KarvanCevitam;wk 41 18;7642;2.73;3.66;2.74;3.67;0;0;0
Hoogvliet;KarvanCevitam;wk 42 18;26808;2.26;3.02;2.44;3.27;94;0;95
Hoogvliet;KarvanCevitam;wk 43 18;12614;2.77;3.7;2.75;3.68;0;0;0
Hoogvliet;KarvanCevitam;wk 44 18;9023;2.77;3.71;2.76;3.69;0;13;0
Hoogvliet;KarvanCevitam;wk 45 18;8500;2.76;3.69;2.76;3.69;0;11;0
Hoogvliet;KarvanCevitam;wk 46 18;7642;2.74;3.67;2.76;3.69;0;0;0
Hoogvliet;KarvanCevitam;wk 47 18;52707;1.52;2.03;2.17;2.91;100;0;13
Hoogvliet;KarvanCevitam;wk 48 18;9329;2.73;3.65;2.76;3.69;0;19;0
Hoogvliet;KarvanCevitam;wk 49 18;18398;2.26;3.02;2.47;3.3;73;0;94
Hoogvliet;KarvanCevitam;wk 50 18;8458;2.72;3.64;2.74;3.66;0;0;0
Hoogvliet;KarvanCevitam;wk 51 18;7018;2.73;3.65;2.73;3.66;0;0;0
Hoogvliet;KarvanCevitam;wk 52 18;5572;2.75;3.69;2.73;3.65;0;0;0
Hoogvliet;KarvanCevitam;wk 01 19;6430;2.82;3.78;2.73;3.66;0;0;0
Hoogvliet;KarvanCevitam;wk 02 19;6820;2.83;3.78;2.75;3.69;0;0;0
Hoogvliet;KarvanCevitam;wk 03 19;7054;2.83;3.79;2.83;3.78;0;0;0
Hoogvliet;KarvanCevitam;wk 04 19;25678;2.51;3.35;2.59;3.47;92;0;66
Hoogvliet;KarvanCevitam;wk 05 19;9019;2.83;3.79;2.84;3.8;0;0;0
Hoogvliet;KarvanCevitam;wk 06 19;6459;2.8;3.75;2.82;3.78;0;0;0
Hoogvliet;KarvanCevitam;wk 07 19;24274;2.28;3.04;2.52;3.38;90;0;83
Hoogvliet;KarvanCevitam;wk 08 19;9231;2.76;3.69;2.84;3.79;0;0;0
Hoogvliet;KarvanCevitam;wk 09 19;5972;2.79;3.73;2.83;3.79;0;0;0
Hoogvliet;KarvanCevitam;wk 10 19;6097;2.8;3.75;2.81;3.76;0;0;0
Hoogvliet;KarvanCevitam;wk 11 19;6342;2.82;3.77;2.8;3.75;0;0;0
Hoogvliet;KarvanCevitam;wk 12 19;24158;2.27;3.03;2.45;3.29;100;0;78
Hoogvliet;KarvanCevitam;wk 13 19;9662;2.76;3.69;2.82;3.78;0;0;0
Hoogvliet;KarvanCevitam;wk 14 19;6387;2.74;3.67;2.83;3.78;0;0;0
Hoogvliet;KarvanCevitam;wk 15 19;7410;2.72;3.65;2.81;3.77;0;0;0
Hoogvliet;KarvanCevitam;wk 16 19;8618;2.71;3.62;2.82;3.78;0;0;0
Hoogvliet;KarvanCevitam;wk 17 19;8027;2.72;3.64;2.75;3.69;0;0;0
Hoogvliet;KarvanCevitam;wk 18 19;14886;2.71;3.62;2.74;3.67;0;28;0
Hoogvliet;KarvanCevitam;wk 19 19;8479;2.7;3.62;2.74;3.67;0;0;0
Hoogvliet;KarvanCevitam;wk 20 19;50851;2.47;3.29;2.58;3.45;90;0;69
Hoogvliet;KarvanCevitam;wk 21 19;9952;2.72;3.64;2.72;3.64;0;0;0
Hoogvliet;KarvanCevitam;wk 22 19;8232;2.71;3.63;2.73;3.66;0;0;0
Hoogvliet;KarvanCevitam;wk 23 19;23124;2.72;3.64;2.74;3.67;79;25;45
Hoogvliet;KarvanCevitam;wk 24 19;10419;2.7;3.64;2.71;3.66;0;0;0
Hoogvliet;KarvanCevitam;wk 25 19;8854;2.73;3.71;2.71;3.66;0;0;0
Hoogvliet;KarvanCevitam;wk 26 19;30663;2.27;3.05;2.45;3.3;92;0;71
Hoogvliet;KarvanCevitam;wk 27 19;10646;2.69;3.66;2.72;3.7;0;0;0
Hoogvliet;KarvanCevitam;wk 28 19;12245;2.69;3.65;2.73;3.69;0;20;0
Hoogvliet;KarvanCevitam;wk 29 19;8290;2.67;3.67;2.72;3.7;0;0;0
Hoogvliet;KarvanCevitam;wk 30 19;10526;2.67;3.66;2.7;3.72;0;0;0
Hoogvliet;KarvanCevitam;wk 31 19;7275;2.7;3.7;2.68;3.68;0;0;0
Hoogvliet;KarvanCevitam;wk 32 19;7893;2.71;3.71;2.67;3.7;0;9;0
Hoogvliet;KarvanCevitam;wk 33 19;6929;2.71;3.71;2.72;3.72;0;0;0
Hoogvliet;KarvanCevitam;wk 34 19;23312;2.47;3.32;2.57;3.5;100;43;65
Hoogvliet;KarvanCevitam;wk 35 19;13178;2.69;3.66;2.73;3.71;0;0;0
Hoogvliet;KarvanCevitam;wk 36 19;7828;2.66;3.65;2.71;3.68;0;0;0
Hoogvliet;KarvanCevitam;wk 37 19;7565;2.67;3.66;2.72;3.69;0;0;0
Hoogvliet;KarvanCevitam;wk 38 19;21730;2.49;3.35;2.57;3.51;88;0;59
Hoogvliet;KarvanCevitam;wk 39 19;10251;2.7;3.67;2.69;3.67;0;0;0
Hoogvliet;KarvanCevitam;wk 40 19;7058;2.69;3.67;2.69;3.68;0;0;0
Hoogvliet;KarvanCevitam;wk 41 19;7390;2.71;3.71;2.7;3.67;0;0;0
Hoogvliet;KarvanCevitam;wk 42 19;33763;1.71;2.3;2.01;2.73;100;0;83
Hoogvliet;KarvanCevitam;wk 43 19;10988;2.72;3.7;2.72;3.7;0;0;0
Hoogvliet;KarvanCevitam;wk 44 19;6585;2.69;3.68;2.72;3.7;0;0;0
Hoogvliet;KarvanCevitam;wk 45 19;7118;2.69;3.68;2.71;3.7;0;0;0
Hoogvliet;KarvanCevitam;wk 46 19;7994;2.62;3.71;2.7;3.7;0;0;0
Hoogvliet;KarvanCevitam;wk 47 19;7759;2.67;3.67;2.7;3.7;0;0;0
Hoogvliet;KarvanCevitam;wk 48 19;55728;1.73;2.31;2.04;2.82;91;0;72
Hoogvliet;KarvanCevitam;wk 49 19;9531;2.68;3.64;2.69;3.68;0;15;0
Hoogvliet;KarvanCevitam;wk 50 19;6874;2.66;3.63;2.69;3.68;0;0;0
Hoogvliet;KarvanCevitam;wk 51 19;7360;2.65;3.63;2.69;3.66;0;0;0
Hoogvliet;KarvanCevitam;wk 52 19;5711;2.64;3.64;2.66;3.66;0;0;0
Hoogvliet;KarvanCevitam;wk 01 20;20415;2.27;3.05;2.42;3.33;95;0;81
Hoogvliet;KarvanCevitam;wk 02 20;9461;2.67;3.63;2.65;3.63;0;0;0
Hoogvliet;KarvanCevitam;wk 03 20;6719;2.66;3.63;2.67;3.63;0;0;0
Hoogvliet;KarvanCevitam;wk 04 20;6991;2.66;3.63;2.67;3.64;0;0;0
Hoogvliet;KarvanCevitam;wk 05 20;7270;2.66;3.63;2.67;3.63;0;0;0
Hoogvliet;KarvanCevitam;wk 06 20;7997;2.66;3.63;2.66;3.63;0;0;0
Hoogvliet;KarvanCevitam;wk 07 20;29917;2.27;3.04;2.41;3.32;92;0;84
Hoogvliet;KarvanCevitam;wk 08 20;10341;2.66;3.61;2.65;3.61;0;0;0
Hoogvliet;KarvanCevitam;wk 09 20;6605;2.67;3.63;2.68;3.62;0;16;0
Hoogvliet;KarvanCevitam;wk 10 20;7076;2.68;3.62;2.67;3.61;0;0;0
Hoogvliet;KarvanCevitam;wk 11 20;12190;2.76;3.71;2.69;3.62;0;0;0
Hoogvliet;KarvanCevitam;wk 12 20;12179;2.77;3.71;2.68;3.63;0;0;0
Hoogvliet;KarvanCevitam;wk 13 20;10391;2.77;3.71;2.76;3.71;0;0;0
Hoogvliet;KarvanCevitam;wk 14 20;28165;2.24;3;2.79;3.73;100;0;0
Hoogvliet;KarvanCevitam;wk 15 20;10986;2.77;3.71;2.77;3.72;0;0;0
Hoogvliet;KarvanCevitam;wk 16 20;7814;2.77;3.71;2.77;3.71;0;0;0
Hoogvliet;KarvanCevitam;wk 17 20;9510;2.69;3.61;2.77;3.71;0;0;0
Hoogvliet;KarvanCevitam;wk 18 20;8830;2.68;3.59;2.78;3.71;0;0;0
Hoogvliet;KarvanCevitam;wk 19 20;8854;2.68;3.59;2.77;3.71;0;0;0
Hoogvliet;KarvanCevitam;wk 20 20;9012;2.68;3.59;2.77;3.71;0;0;0
Hoogvliet;KarvanCevitam;wk 21 20;10192;2.68;3.59;2.69;3.61;0;0;0
Hoogvliet;KarvanCevitam;wk 22 20;10130;2.68;3.59;2.68;3.59;0;0;0
Hoogvliet;KarvanCevitam;wk 23 20;34411;2.28;3.04;2.45;3.27;84;0;75
Hoogvliet;KarvanCevitam;wk 24 20;11063;2.75;3.65;2.7;3.59;0;3;0
Hoogvliet;KarvanCevitam;wk 25 20;8042;2.94;3.87;2.71;3.58;0;0;0
Hoogvliet;KarvanCevitam;wk 26 20;33989;2.34;3.11;2.45;3.24;96;0;66
Hoogvliet;KarvanCevitam;wk 27 20;12023;2.77;3.66;2.9;3.83;0;0;0
Hoogvliet;KarvanCevitam;wk 28 20;7144;2.78;3.65;2.91;3.83;0;0;0
Hoogvliet;KarvanCevitam;wk 29 20;7836;2.71;3.55;2.89;3.8;0;0;0
Hoogvliet;KarvanCevitam;wk 30 20;7655;2.69;3.53;2.86;3.78;0;0;0
Hoogvliet;KarvanCevitam;wk 31 20;7989;2.7;3.53;2.75;3.62;0;0;0
Hoogvliet;KarvanCevitam;wk 32 20;9641;2.69;3.52;2.75;3.62;0;0;0
Hoogvliet;KarvanCevitam;wk 33 20;11197;2.76;3.61;2.7;3.55;0;0;0
Hoogvliet;KarvanCevitam;wk 34 20;28783;2.35;3.13;2.47;3.23;97;0;60
Hoogvliet;KarvanCevitam;wk 35 20;11016;2.73;3.6;2.77;3.63;0;0;0
Hoogvliet;KarvanCevitam;wk 36 20;7150;2.7;3.53;2.76;3.62;0;0;0
Hoogvliet;KarvanCevitam;wk 37 20;7397;2.7;3.53;2.76;3.63;0;0;0
Hoogvliet;KarvanCevitam;wk 38 20;8141;2.7;3.53;2.76;3.63;0;0;0
Hoogvliet;KarvanCevitam;wk 39 20;8451;2.69;3.51;2.73;3.58;0;0;0
Hoogvliet;KarvanCevitam;wk 40 20;8148;2.69;3.51;2.7;3.53;0;0;0
Hoogvliet;KarvanCevitam;wk 41 20;41101;2.06;2.74;2.36;3.08;84;0;79
Hoogvliet;KarvanCevitam;wk 42 20;12065;2.67;3.52;2.7;3.53;0;0;0
Hoogvliet;KarvanCevitam;wk 43 20;6512;2.67;3.51;2.69;3.52;0;0;0
Hoogvliet;KarvanCevitam;wk 44 20;7045;2.68;3.5;2.68;3.51;0;0;0
Hoogvliet;KarvanCevitam;wk 45 20;7511;2.74;3.57;2.68;3.51;0;0;0
Hoogvliet;KarvanCevitam;wk 46 20;25996;2.32;3.08;2.19;2.87;91;0;72
Hoogvliet;KarvanCevitam;wk 47 20;8554;2.93;3.87;2.73;3.58;0;0;0
Hoogvliet;KarvanCevitam;wk 48 20;6246;2.96;3.87;2.9;3.81;0;6;0
Hoogvliet;KarvanCevitam;wk 49 20;7082;2.88;3.75;2.95;3.86;0;6;0
Hoogvliet;KarvanCevitam;wk 50 20;54336;1.77;2.36;1.95;2.57;69;0;81
Hoogvliet;KarvanCevitam;wk 51 20;15766;2.85;3.77;2.97;3.89;0;0;0
Hoogvliet;KarvanCevitam;wk 52 20;5317;2.86;3.74;2.95;3.87;0;0;0
Hoogvliet;Raak;wk 01 17;7410;1.33;1.77;1.29;1.72;0;0;0
Hoogvliet;Raak;wk 02 17;7161;1.34;1.79;1.29;1.72;0;0;0
Hoogvliet;Raak;wk 03 17;7258;1.34;1.79;1.32;1.76;0;0;0
Hoogvliet;Raak;wk 04 17;7543;1.33;1.78;1.33;1.78;0;0;0
Hoogvliet;Raak;wk 05 17;7569;1.33;1.78;1.34;1.78;0;0;0
Hoogvliet;Raak;wk 06 17;7133;1.33;1.78;1.34;1.79;0;0;0
Hoogvliet;Raak;wk 07 17;27180;1;1.34;1.14;1.51;55;0;73
Hoogvliet;Raak;wk 08 17;11350;1.34;1.78;1.33;1.78;0;0;0
Hoogvliet;Raak;wk 09 17;5880;1.33;1.78;1.34;1.79;0;0;0
Hoogvliet;Raak;wk 10 17;6680;1.33;1.78;1.34;1.78;0;0;0
Hoogvliet;Raak;wk 11 17;7567;1.33;1.78;1.33;1.78;0;0;0
Hoogvliet;Raak;wk 12 17;8150;1.33;1.78;1.33;1.78;0;0;0
Hoogvliet;Raak;wk 13 17;8035;1.33;1.78;1.34;1.78;0;0;0
Hoogvliet;Raak;wk 14 17;7935;1.34;1.78;1.33;1.78;0;0;0
Hoogvliet;Raak;wk 15 17;8098;1.32;1.77;1.34;1.78;0;0;0
Hoogvliet;Raak;wk 16 17;27924;1;1.34;1.14;1.52;43;0;100
Hoogvliet;Raak;wk 17 17;9809;1.32;1.76;1.34;1.78;0;0;0
Hoogvliet;Raak;wk 18 17;6154;1.31;1.75;1.34;1.78;0;0;0
Hoogvliet;Raak;wk 19 17;7175;1.31;1.75;1.33;1.77;0;0;0
Hoogvliet;Raak;wk 20 17;8192;1.31;1.75;1.32;1.76;0;0;0
Hoogvliet;Raak;wk 21 17;9487;1.31;1.75;1.31;1.75;0;0;0
Hoogvliet;Raak;wk 22 17;9407;1.31;1.75;1.31;1.75;0;0;0
Hoogvliet;Raak;wk 23 17;8036;1.32;1.75;1.31;1.75;0;0;0
Hoogvliet;Raak;wk 24 17;8586;1.31;1.75;1.32;1.75;0;0;0
Hoogvliet;Raak;wk 25 17;10571;1.31;1.75;1.32;1.76;0;0;0
Hoogvliet;Raak;wk 26 17;8707;1.31;1.75;1.31;1.75;0;0;0
Hoogvliet;Raak;wk 27 17;9102;1.31;1.75;1.31;1.75;0;0;0
Hoogvliet;Raak;wk 28 17;7302;1.31;1.75;1.31;1.75;0;0;0
Hoogvliet;Raak;wk 29 17;7235;1.31;1.75;1.31;1.75;0;0;0
Hoogvliet;Raak;wk 30 17;6731;1.31;1.75;1.31;1.75;0;0;0
Hoogvliet;Raak;wk 31 17;6177;1.31;1.75;1.31;1.75;0;0;0
Hoogvliet;Raak;wk 32 17;6258;1.31;1.75;1.31;1.75;0;0;0
Hoogvliet;Raak;wk 33 17;7368;1.31;1.75;1.31;1.75;0;0;0
Hoogvliet;Raak;wk 34 17;8449;1.31;1.75;1.31;1.75;0;0;0
Hoogvliet;Raak;wk 35 17;8158;1.31;1.75;1.31;1.75;0;0;0
Hoogvliet;Raak;wk 36 17;7674;1.31;1.75;1.31;1.75;0;0;0
Hoogvliet;Raak;wk 37 17;28358;1.01;1.35;1.13;1.51;32;0;91
Hoogvliet;Raak;wk 38 17;10586;1.32;1.76;1.31;1.75;0;0;0
Hoogvliet;Raak;wk 39 17;6220;1.31;1.75;1.32;1.76;0;0;0
Hoogvliet;Raak;wk 40 17;6515;1.31;1.75;1.31;1.75;0;0;0
Hoogvliet;Raak;wk 41 17;6601;1.31;1.75;1.31;1.75;0;0;0
Hoogvliet;Raak;wk 42 17;7120;1.31;1.75;1.32;1.76;0;0;0
Hoogvliet;Raak;wk 43 17;7607;1.31;1.75;1.32;1.76;0;0;0
Hoogvliet;Raak;wk 44 17;7356;1.31;1.75;1.31;1.75;0;0;0
Hoogvliet;Raak;wk 45 17;7313;1.3;1.73;1.31;1.74;0;0;0
Hoogvliet;Raak;wk 46 17;6945;1.29;1.72;1.32;1.75;0;0;0
Hoogvliet;Raak;wk 47 17;28085;1.01;1.35;1.13;1.51;50;0;77
Hoogvliet;Raak;wk 48 17;10506;1.29;1.72;1.32;1.75;0;0;0
Hoogvliet;Raak;wk 49 17;6308;1.29;1.72;1.3;1.73;0;0;0
Hoogvliet;Raak;wk 50 17;7302;1.29;1.72;1.29;1.72;0;0;0
Hoogvliet;Raak;wk 51 17;8436;1.28;1.71;1.3;1.73;0;0;0
Hoogvliet;Raak;wk 52 17;23135;1.01;1.35;1.12;1.49;45;0;56
Hoogvliet;Raak;wk 01 18;5586;1.3;1.73;1.3;1.73;0;12;0
Hoogvliet;Raak;wk 02 18;40814;0.7;0.93;0.85;1.14;35;0;87
Hoogvliet;Raak;wk 03 18;13255;1.35;1.79;1.3;1.74;0;0;0
Hoogvliet;Raak;wk 04 18;6491;1.37;1.82;1.34;1.79;0;0;0
Hoogvliet;Raak;wk 05 18;6906;1.36;1.81;1.35;1.8;0;0;0
Hoogvliet;Raak;wk 06 18;6783;1.35;1.8;1.36;1.82;0;0;0
Hoogvliet;Raak;wk 07 18;7080;1.35;1.8;1.36;1.82;0;0;0
Hoogvliet;Raak;wk 08 18;7031;1.36;1.81;1.36;1.81;0;0;0
Hoogvliet;Raak;wk 09 18;6899;1.35;1.81;1.36;1.82;0;0;0
Hoogvliet;Raak;wk 10 18;7152;1.35;1.81;1.36;1.81;0;0;0
Hoogvliet;Raak;wk 11 18;7699;1.36;1.81;1.36;1.82;0;0;0
Hoogvliet;Raak;wk 12 18;36757;1.02;1.35;1.14;1.52;48;0;81
Hoogvliet;Raak;wk 13 18;12421;1.04;1.39;1.17;1.57;50;0;76
Hoogvliet;Raak;wk 14 18;6934;1.35;1.8;1.37;1.82;0;0;0
Hoogvliet;Raak;wk 15 18;7589;1.35;1.8;1.37;1.83;0;0;0
Hoogvliet;Raak;wk 16 18;9081;1.35;1.8;1.36;1.81;0;0;0
Hoogvliet;Raak;wk 17 18;8534;1.35;1.8;1.36;1.81;0;0;0
Hoogvliet;Raak;wk 18 18;7844;1.35;1.8;1.35;1.8;0;0;0
Hoogvliet;Raak;wk 19 18;35818;1.36;1.81;1.35;1.8;47;0;93
Hoogvliet;Raak;wk 20 18;13718;1.36;1.81;1.35;1.8;0;0;0
Hoogvliet;Raak;wk 21 18;8791;1.35;1.8;1.35;1.8;0;0;0
Hoogvliet;Raak;wk 22 18;9956;1.35;1.8;1.35;1.81;0;0;0
Hoogvliet;Raak;wk 23 18;9210;1.35;1.8;1.35;1.8;0;0;0
Hoogvliet;Raak;wk 24 18;8790;1.35;1.8;1.35;1.8;0;0;0
Hoogvliet;Raak;wk 25 18;9268;1.35;1.8;1.35;1.8;0;0;0
Hoogvliet;Raak;wk 26 18;9786;1.35;1.8;1.35;1.8;0;0;0
Hoogvliet;Raak;wk 27 18;10779;1.35;1.8;1.35;1.8;0;0;0
Hoogvliet;Raak;wk 28 18;9442;1.35;1.8;1.35;1.79;0;0;0
Hoogvliet;Raak;wk 29 18;9278;1.35;1.8;1.35;1.8;0;0;0
Hoogvliet;Raak;wk 30 18;9874;1.35;1.8;1.35;1.8;0;0;0
Hoogvliet;Raak;wk 31 18;8786;1.35;1.8;1.35;1.8;0;0;0
Hoogvliet;Raak;wk 32 18;32145;1.01;1.35;1.16;1.54;38;0;96
Hoogvliet;Raak;wk 33 18;12051;1.35;1.8;1.35;1.8;0;0;0
Hoogvliet;Raak;wk 34 18;7472;1.35;1.8;1.35;1.8;0;0;0
Hoogvliet;Raak;wk 35 18;7732;1.35;1.8;1.35;1.8;0;0;0
Hoogvliet;Raak;wk 36 18;7745;1.31;1.75;1.35;1.8;0;0;0
Hoogvliet;Raak;wk 37 18;8070;1.31;1.75;1.36;1.81;0;0;0
Hoogvliet;Raak;wk 38 18;8653;1.31;1.74;1.35;1.8;0;0;0
Hoogvliet;Raak;wk 39 18;8520;1.31;1.74;1.35;1.8;0;0;0
Hoogvliet;Raak;wk 40 18;8932;1.31;1.74;1.31;1.74;0;0;0
Hoogvliet;Raak;wk 41 18;8829;1.31;1.74;1.31;1.74;0;0;0
Hoogvliet;Raak;wk 42 18;8763;1.31;1.74;1.31;1.75;0;0;0
Hoogvliet;Raak;wk 43 18;7903;1.3;1.74;1.31;1.75;0;0;0
Hoogvliet;Raak;wk 44 18;7792;1.31;1.75;1.32;1.76;0;0;0
Hoogvliet;Raak;wk 45 18;8031;1.31;1.74;1.31;1.75;0;0;0
Hoogvliet;Raak;wk 46 18;6077;1.32;1.75;1.3;1.73;0;0;0
Hoogvliet;Raak;wk 47 18;3544;1.34;1.78;1.33;1.78;0;0;0
Hoogvliet;Raak;wk 48 18;4565;1.33;1.77;1.32;1.76;0;0;0
Hoogvliet;Raak;wk 49 18;9096;1.31;1.75;1.32;1.76;0;0;0
Hoogvliet;Raak;wk 50 18;8611;1.33;1.77;1.32;1.75;0;0;0
Hoogvliet;Raak;wk 51 18;9481;1.32;1.76;1.32;1.76;0;0;0
Hoogvliet;Raak;wk 52 18;6867;1.32;1.76;1.32;1.76;0;0;0
Hoogvliet;Raak;wk 01 19;7428;1.35;1.81;1.32;1.76;0;0;0
Hoogvliet;Raak;wk 02 19;20741;0.95;1.26;1.23;1.63;24;0;100
Hoogvliet;Raak;wk 03 19;9806;1.38;1.84;1.36;1.82;0;0;0
Hoogvliet;Raak;wk 04 19;7897;1.37;1.83;1.37;1.83;0;0;0
Hoogvliet;Raak;wk 05 19;7739;1.37;1.83;1.38;1.84;0;0;0
Hoogvliet;Raak;wk 06 19;8192;1.36;1.82;1.37;1.83;0;0;0
Hoogvliet;Raak;wk 07 19;8487;1.36;1.82;1.37;1.83;0;0;0
Hoogvliet;Raak;wk 08 19;8254;1.33;1.78;1.37;1.83;0;0;0
Hoogvliet;Raak;wk 09 19;8294;1.33;1.77;1.37;1.83;0;0;0
Hoogvliet;Raak;wk 10 19;20001;0.92;1.23;1.26;1.68;22;10;100
Hoogvliet;Raak;wk 11 19;9631;1.33;1.78;1.36;1.81;0;0;0
Hoogvliet;Raak;wk 12 19;7842;1.32;1.76;1.34;1.78;0;0;0
Hoogvliet;Raak;wk 13 19;8110;1.33;1.77;1.33;1.78;0;0;0
Hoogvliet;Raak;wk 14 19;8177;1.33;1.77;1.33;1.77;0;0;0
Hoogvliet;Raak;wk 15 19;8289;1.34;1.78;1.34;1.78;0;0;0
Hoogvliet;Raak;wk 16 19;8916;1.34;1.79;1.34;1.78;0;0;0
Hoogvliet;Raak;wk 17 19;25577;1.14;1.52;1.21;1.62;73;31;72
Hoogvliet;Raak;wk 18 19;10406;1.34;1.79;1.35;1.8;0;6;0
Hoogvliet;Raak;wk 19 19;7168;1.34;1.78;1.34;1.79;0;0;0
Hoogvliet;Raak;wk 20 19;8182;1.38;1.84;1.34;1.79;0;0;0
Hoogvliet;Raak;wk 21 19;8470;1.37;1.83;1.34;1.79;0;0;0
Hoogvliet;Raak;wk 22 19;8909;1.41;1.87;1.37;1.83;0;0;0
Hoogvliet;Raak;wk 23 19;8363;1.43;1.91;1.38;1.84;0;0;0
Hoogvliet;Raak;wk 24 19;7881;1.51;2.01;1.4;1.86;0;0;0
Hoogvliet;Raak;wk 25 19;9770;1.52;2.03;1.43;1.9;0;0;0
Hoogvliet;Raak;wk 26 19;11374;1.52;2.03;1.51;2.01;0;0;0
Hoogvliet;Raak;wk 27 19;9318;1.48;1.98;1.52;2.02;0;0;0
Hoogvliet;Raak;wk 28 19;8430;1.49;1.99;1.52;2.02;0;0;0
Hoogvliet;Raak;wk 29 19;22897;1.1;1.47;1.38;1.85;37;28;81
Hoogvliet;Raak;wk 30 19;13705;1.52;2.02;1.53;2.04;0;0;0
Hoogvliet;Raak;wk 31 19;7487;1.51;2.01;1.52;2.03;0;0;0
Hoogvliet;Raak;wk 32 19;7698;1.45;1.93;1.52;2.03;0;0;0
Hoogvliet;Raak;wk 33 19;7358;1.39;1.85;1.52;2.02;0;0;0
Hoogvliet;Raak;wk 34 19;8336;1.38;1.84;1.51;2.02;0;0;0
Hoogvliet;Raak;wk 35 19;9447;1.38;1.84;1.51;2.01;0;0;0
Hoogvliet;Raak;wk 36 19;8250;1.4;1.86;1.45;1.93;0;0;0
Hoogvliet;Raak;wk 37 19;19082;1.08;1.44;1.19;1.58;67;26;82
Hoogvliet;Raak;wk 38 19;9724;1.39;1.86;1.4;1.87;0;0;0
Hoogvliet;Raak;wk 39 19;7574;1.38;1.84;1.39;1.85;0;0;0
Hoogvliet;Raak;wk 40 19;7357;1.38;1.84;1.39;1.86;0;0;0
Hoogvliet;Raak;wk 41 19;7978;1.39;1.85;1.39;1.86;0;0;0
Hoogvliet;Raak;wk 42 19;8135;1.39;1.85;1.39;1.85;0;0;0
Hoogvliet;Raak;wk 43 19;7935;1.38;1.84;1.39;1.86;0;0;0
Hoogvliet;Raak;wk 44 19;8034;1.38;1.84;1.37;1.83;0;0;0
Hoogvliet;Raak;wk 45 19;7427;1.38;1.83;1.38;1.84;0;0;0
Hoogvliet;Raak;wk 46 19;7677;1.38;1.83;1.37;1.83;0;0;0
Hoogvliet;Raak;wk 47 19;8097;1.38;1.84;1.39;1.85;0;0;0
Hoogvliet;Raak;wk 48 19;8122;1.38;1.84;1.38;1.84;0;0;0
Hoogvliet;Raak;wk 49 19;7734;1.38;1.84;1.38;1.84;0;0;0
Hoogvliet;Raak;wk 50 19;8111;1.38;1.84;1.37;1.83;0;0;0
Hoogvliet;Raak;wk 51 19;8768;1.38;1.84;1.37;1.83;0;0;0
Hoogvliet;Raak;wk 52 19;6794;1.38;1.83;1.38;1.84;0;0;0
Hoogvliet;Raak;wk 01 20;8061;1.38;1.84;1.38;1.84;0;0;0
Hoogvliet;Raak;wk 02 20;8278;1.38;1.84;1.38;1.84;0;0;0
Hoogvliet;Raak;wk 03 20;8406;1.38;1.84;1.38;1.84;0;0;0
Hoogvliet;Raak;wk 04 20;8562;1.38;1.84;1.38;1.84;100;0;0
Hoogvliet;Raak;wk 05 20;8312;1.38;1.83;1.39;1.85;0;0;0
Hoogvliet;Raak;wk 06 20;8630;1.38;1.83;1.38;1.84;0;0;0
Hoogvliet;Raak;wk 07 20;8858;1.37;1.83;1.38;1.83;0;0;0
Hoogvliet;Raak;wk 08 20;20576;1.06;1.41;1.16;1.54;77;0;71
Hoogvliet;Raak;wk 09 20;10407;1.4;1.86;1.37;1.83;0;0;0
Hoogvliet;Raak;wk 10 20;7840;1.4;1.86;1.39;1.85;0;0;0
Hoogvliet;Raak;wk 11 20;12740;1.39;1.85;1.4;1.87;0;0;0
Hoogvliet;Raak;wk 12 20;11911;1.39;1.86;1.4;1.87;0;0;0
Hoogvliet;Raak;wk 13 20;10656;1.38;1.85;1.4;1.87;0;0;0
Hoogvliet;Raak;wk 14 20;9412;1.38;1.85;1.4;1.86;0;0;0
Hoogvliet;Raak;wk 15 20;22953;1.06;1.41;1.39;1.85;100;0;0
Hoogvliet;Raak;wk 16 20;10368;1.38;1.85;1.39;1.86;0;0;0
Hoogvliet;Raak;wk 17 20;9822;1.39;1.85;1.39;1.85;0;0;0
Hoogvliet;Raak;wk 18 20;8679;1.38;1.85;1.38;1.84;0;0;0
Hoogvliet;Raak;wk 19 20;9417;1.38;1.85;1.38;1.84;0;0;0
Hoogvliet;Raak;wk 20 20;10023;1.38;1.84;1.39;1.85;0;0;0
Hoogvliet;Raak;wk 21 20;24277;1.04;1.39;1.39;1.85;100;0;0
Hoogvliet;Raak;wk 22 20;13068;1.4;1.86;1.38;1.84;0;11;0
Hoogvliet;Raak;wk 23 20;9637;1.38;1.84;1.38;1.85;0;0;0
Hoogvliet;Raak;wk 24 20;9433;1.37;1.83;1.37;1.83;0;0;0
Hoogvliet;Raak;wk 25 20;10320;1.39;1.86;1.37;1.83;0;0;0
Hoogvliet;Raak;wk 26 20;13200;1.4;1.86;1.38;1.84;0;0;0
Hoogvliet;Raak;wk 27 20;10654;1.39;1.86;1.38;1.84;0;0;0
Hoogvliet;Raak;wk 28 20;23237;1.06;1.41;1.21;1.61;83;0;81
Hoogvliet;Raak;wk 29 20;10858;1.39;1.85;1.38;1.84;0;0;0
Hoogvliet;Raak;wk 30 20;8383;1.53;2.05;1.39;1.86;0;0;0
Hoogvliet;Raak;wk 31 20;8726;1.52;2.02;1.39;1.86;0;0;0
Hoogvliet;Raak;wk 32 20;10496;1.48;1.97;1.51;2.01;0;0;0
Hoogvliet;Raak;wk 33 20;45989;1.04;1.38;1.27;1.69;93;0;80
Hoogvliet;Raak;wk 34 20;16295;1.42;1.9;1.51;2.02;0;0;0
Hoogvliet;Raak;wk 35 20;8729;1.41;1.88;1.52;2.02;0;0;0
Hoogvliet;Raak;wk 36 20;8958;1.41;1.88;1.47;1.96;0;0;0
Hoogvliet;Raak;wk 37 20;9055;1.41;1.88;1.44;1.92;0;0;0
Hoogvliet;Raak;wk 38 20;36581;1.41;1.88;1.43;1.91;77;0;79
Hoogvliet;Raak;wk 39 20;16034;1.43;1.9;1.44;1.92;0;15;0
Hoogvliet;Raak;wk 40 20;8898;1.41;1.88;1.42;1.89;0;9;0
Hoogvliet;Raak;wk 41 20;8830;1.4;1.87;1.41;1.89;0;0;0
Hoogvliet;Raak;wk 42 20;8726;1.41;1.88;1.42;1.89;0;0;0
Hoogvliet;Raak;wk 43 20;9052;1.41;1.87;1.4;1.87;0;0;0
Hoogvliet;Raak;wk 44 20;23497;1.07;1.43;1.08;1.44;96;0;76
Hoogvliet;Raak;wk 45 20;10920;1.46;1.95;1.41;1.89;0;0;0
Hoogvliet;Raak;wk 46 20;8112;1.47;1.96;1.41;1.89;0;0;0
Hoogvliet;Raak;wk 47 20;8492;1.46;1.95;1.47;1.95;0;0;0
Hoogvliet;Raak;wk 48 20;9294;1.47;1.96;1.48;1.97;0;0;0
Hoogvliet;Raak;wk 49 20;9154;1.47;1.96;1.48;1.98;0;0;0
Hoogvliet;Raak;wk 50 20;9100;1.47;1.96;1.49;1.98;0;0;0
Hoogvliet;Raak;wk 51 20;19707;1.1;1.47;1.11;1.48;92;0;29
Hoogvliet;Raak;wk 52 20;13582;1.11;1.48;1.11;1.48;91;0;40
Hoogvliet;Slimpie;wk 01 17;3034;1.71;3.05;1.68;3.03;0;0;0
Hoogvliet;Slimpie;wk 02 17;3129;1.67;2.97;1.67;3.08;0;0;0
Hoogvliet;Slimpie;wk 03 17;3114;1.66;2.98;1.69;3.01;0;0;0
Hoogvliet;Slimpie;wk 04 17;3093;1.65;2.93;1.66;3.03;0;0;0
Hoogvliet;Slimpie;wk 05 17;12195;1.26;2.18;1.42;2.48;50;0;82
Hoogvliet;Slimpie;wk 06 17;4083;1.65;2.88;1.65;2.89;0;0;0
Hoogvliet;Slimpie;wk 07 17;2596;1.65;2.89;1.65;2.88;0;0;0
Hoogvliet;Slimpie;wk 08 17;2742;1.65;2.88;1.66;2.89;0;0;0
Hoogvliet;Slimpie;wk 09 17;2829;1.64;2.83;1.65;2.85;0;0;0
Hoogvliet;Slimpie;wk 10 17;3098;1.65;2.86;1.66;2.88;0;0;0
Hoogvliet;Slimpie;wk 11 17;3254;1.65;2.87;1.66;2.88;0;0;0
Hoogvliet;Slimpie;wk 12 17;3184;1.65;2.88;1.65;2.86;0;0;0
Hoogvliet;Slimpie;wk 13 17;3410;1.65;2.85;1.65;2.85;0;0;0
Hoogvliet;Slimpie;wk 14 17;3307;1.65;2.85;1.66;2.89;0;0;0
Hoogvliet;Slimpie;wk 15 17;3479;1.65;2.85;1.65;2.85;0;0;0
Hoogvliet;Slimpie;wk 16 17;3011;1.65;2.85;1.65;2.85;0;0;0
Hoogvliet;Slimpie;wk 17 17;3151;1.72;3.16;1.7;3.08;0;0;0
Hoogvliet;Slimpie;wk 18 17;9969;1.64;3.03;1.66;2.96;79;0;91
Hoogvliet;Slimpie;wk 19 17;4540;1.74;3.27;1.77;3.44;0;0;0
Hoogvliet;Slimpie;wk 20 17;3253;1.74;3.27;1.73;3.22;0;0;0
Hoogvliet;Slimpie;wk 21 17;4088;1.75;3.34;1.77;3.4;0;0;0
Hoogvliet;Slimpie;wk 22 17;4362;1.74;3.28;1.75;3.31;0;0;0
Hoogvliet;Slimpie;wk 23 17;3495;1.73;3.22;1.72;3.17;0;0;0
Hoogvliet;Slimpie;wk 24 17;9079;2.3;9.36;1.72;3.18;54;0;68
Hoogvliet;Slimpie;wk 25 17;5739;1.95;4.58;1.78;3.48;0;0;0
Hoogvliet;Slimpie;wk 26 17;3628;1.72;3.2;1.81;3.63;0;0;0
Hoogvliet;Slimpie;wk 27 17;8852;1.63;3.15;1.72;3.67;100;0;49
Hoogvliet;Slimpie;wk 28 17;3975;1.77;3.41;1.83;3.77;0;0;0
Hoogvliet;Slimpie;wk 29 17;3073;1.75;3.31;1.81;3.62;0;0;0
Hoogvliet;Slimpie;wk 30 17;2803;1.73;3.22;1.76;3.39;0;0;0
Hoogvliet;Slimpie;wk 31 17;2668;1.73;3.21;1.77;3.43;0;0;0
Hoogvliet;Slimpie;wk 32 17;2761;1.72;3.16;1.73;3.23;0;0;0
Hoogvliet;Slimpie;wk 33 17;5408;2.12;6.26;1.72;3.17;58;0;53
Hoogvliet;Slimpie;wk 34 17;4040;1.86;3.93;1.73;3.25;0;0;0
Hoogvliet;Slimpie;wk 35 17;3388;1.73;3.21;1.78;3.48;0;0;0
Hoogvliet;Slimpie;wk 36 17;3047;1.72;3.17;1.75;3.32;0;0;0
Hoogvliet;Slimpie;wk 37 17;2790;1.72;3.17;1.76;3.37;0;0;0
Hoogvliet;Slimpie;wk 38 17;8930;1.65;2.91;1.69;3.13;83;0;70
Hoogvliet;Slimpie;wk 39 17;3716;1.7;3.09;1.72;3.18;0;0;0
Hoogvliet;Slimpie;wk 40 17;2490;1.71;3.28;1.7;3.18;0;0;0
Hoogvliet;Slimpie;wk 41 17;2593;1.7;3.18;1.73;3.47;0;0;0
Hoogvliet;Slimpie;wk 42 17;3458;1.94;4.6;1.76;3.38;0;16;0
Hoogvliet;Slimpie;wk 43 17;3531;1.93;4.5;1.78;3.48;0;9;0
Hoogvliet;Slimpie;wk 44 17;2939;1.84;3.87;1.84;3.79;0;0;0
Hoogvliet;Slimpie;wk 45 17;2934;1.77;3.48;1.82;3.58;0;0;0
Hoogvliet;Slimpie;wk 46 17;4581;1.7;3.08;1.74;3.23;100;0;69
Hoogvliet;Slimpie;wk 47 17;2922;1.71;3.1;1.72;3.19;0;12;0
Hoogvliet;Slimpie;wk 48 17;2740;1.69;3.03;1.72;3.16;0;0;0
Hoogvliet;Slimpie;wk 49 17;2585;1.69;3.04;1.69;3.04;0;0;0
Hoogvliet;Slimpie;wk 50 17;2656;1.67;2.96;1.68;3.02;0;0;0
Hoogvliet;Slimpie;wk 51 17;8595;1.27;2.21;1.45;2.55;90;0;52
Hoogvliet;Slimpie;wk 52 17;1828;1.67;2.94;1.67;2.94;0;0;0
Hoogvliet;Slimpie;wk 01 18;2178;1.67;2.96;1.7;3.11;0;0;0
Hoogvliet;Slimpie;wk 02 18;2336;1.66;2.91;1.66;2.9;0;0;0
Hoogvliet;Slimpie;wk 03 18;2503;1.66;2.88;1.66;2.88;0;0;0
Hoogvliet;Slimpie;wk 04 18;9786;1.27;2.19;1.43;2.48;68;0;87
Hoogvliet;Slimpie;wk 05 18;3514;1.65;2.87;1.66;2.88;0;0;0
Hoogvliet;Slimpie;wk 06 18;2026;1.65;2.87;1.66;2.88;0;0;0
Hoogvliet;Slimpie;wk 07 18;2164;1.65;2.87;1.66;2.89;0;0;0
Hoogvliet;Slimpie;wk 08 18;2454;1.65;2.85;1.65;2.86;0;6;0
Hoogvliet;Slimpie;wk 09 18;2288;1.65;2.85;1.65;2.86;0;0;0
Hoogvliet;Slimpie;wk 10 18;2498;1.65;2.85;1.65;2.85;0;0;0
Hoogvliet;Slimpie;wk 11 18;2649;1.63;2.82;1.65;2.85;0;0;0
Hoogvliet;Slimpie;wk 12 18;3098;1.59;2.74;1.65;2.85;0;0;0
Hoogvliet;Slimpie;wk 13 18;2850;1.54;2.65;1.64;2.84;0;9;0
Hoogvliet;Slimpie;wk 14 18;3104;1.54;2.65;1.65;2.84;0;0;0
Hoogvliet;Slimpie;wk 15 18;3131;1.53;2.64;1.64;2.84;98;0;0
Hoogvliet;Slimpie;wk 16 18;3462;1.53;2.64;1.61;2.77;0;0;0
Hoogvliet;Slimpie;wk 17 18;12868;1.28;2.2;1.4;2.42;84;0;97
Hoogvliet;Slimpie;wk 18 18;4167;1.52;2.62;1.54;2.66;0;0;0
Hoogvliet;Slimpie;wk 19 18;2787;1.67;2.88;1.53;2.64;0;0;0
Hoogvliet;Slimpie;wk 20 18;2960;1.65;2.85;1.55;2.67;0;0;0
Hoogvliet;Slimpie;wk 21 18;3503;1.63;2.81;1.6;2.76;0;0;0
Hoogvliet;Slimpie;wk 22 18;3872;1.62;2.8;1.65;2.85;0;0;0
Hoogvliet;Slimpie;wk 23 18;3335;1.62;2.79;1.65;2.85;0;0;0
Hoogvliet;Slimpie;wk 24 18;3143;1.63;2.8;1.65;2.85;0;0;0
Hoogvliet;Slimpie;wk 25 18;14500;1.27;2.18;1.43;2.48;54;0;91
Hoogvliet;Slimpie;wk 26 18;5268;1.63;2.8;1.63;2.81;0;0;0
Hoogvliet;Slimpie;wk 27 18;3261;1.62;2.8;1.62;2.8;0;0;0
Hoogvliet;Slimpie;wk 28 18;3022;1.63;2.82;1.64;2.82;0;0;0
Hoogvliet;Slimpie;wk 29 18;3277;1.63;2.82;1.64;2.82;0;0;0
Hoogvliet;Slimpie;wk 30 18;4001;1.61;2.77;1.64;2.82;0;0;0
Hoogvliet;Slimpie;wk 31 18;3728;1.6;2.76;1.63;2.8;0;0;0
Hoogvliet;Slimpie;wk 32 18;3200;1.6;2.76;1.63;2.81;0;0;0
Hoogvliet;Slimpie;wk 33 18;2759;1.6;2.76;1.62;2.79;0;0;0
Hoogvliet;Slimpie;wk 34 18;3040;1.6;2.76;1.61;2.77;0;0;0
Hoogvliet;Slimpie;wk 35 18;2781;1.6;2.76;1.6;2.76;0;0;0
Hoogvliet;Slimpie;wk 36 18;15853;1.56;2.68;1.61;2.77;67;0;100
Hoogvliet;Slimpie;wk 37 18;4921;1.55;2.68;1.6;2.76;0;0;0
Hoogvliet;Slimpie;wk 38 18;2424;1.55;2.67;1.6;2.76;0;0;0
Hoogvliet;Slimpie;wk 39 18;2587;1.55;2.67;1.6;2.76;0;0;0
Hoogvliet;Slimpie;wk 40 18;2609;1.55;2.67;1.56;2.68;0;0;0
Hoogvliet;Slimpie;wk 41 18;2812;1.55;2.67;1.55;2.67;0;0;0
Hoogvliet;Slimpie;wk 42 18;2894;1.55;2.67;1.55;2.68;0;0;0
Hoogvliet;Slimpie;wk 43 18;2724;1.54;2.66;1.55;2.68;0;0;0
Hoogvliet;Slimpie;wk 44 18;2512;1.55;2.68;1.55;2.67;0;0;0
Hoogvliet;Slimpie;wk 45 18;9308;1.27;2.18;1.37;2.37;73;0;75
Hoogvliet;Slimpie;wk 46 18;3497;1.55;2.68;1.54;2.66;0;0;0
Hoogvliet;Slimpie;wk 47 18;2289;1.55;2.67;1.55;2.67;0;0;0
Hoogvliet;Slimpie;wk 48 18;2453;1.55;2.67;1.55;2.68;0;0;0
Hoogvliet;Slimpie;wk 49 18;2436;1.55;2.67;1.55;2.67;0;0;0
Hoogvliet;Slimpie;wk 50 18;2606;1.55;2.67;1.55;2.67;0;0;0
Hoogvliet;Slimpie;wk 51 18;2856;1.55;2.66;1.55;2.67;0;0;0
Hoogvliet;Slimpie;wk 52 18;2108;1.55;2.67;1.55;2.67;0;0;0
Hoogvliet;Slimpie;wk 01 19;2699;1.59;2.74;1.55;2.67;0;0;0
Hoogvliet;Slimpie;wk 02 19;2628;1.61;2.78;1.56;2.68;0;0;0
Hoogvliet;Slimpie;wk 03 19;2713;1.61;2.78;1.6;2.76;0;0;0
Hoogvliet;Slimpie;wk 04 19;2847;1.61;2.78;1.61;2.77;0;0;0
Hoogvliet;Slimpie;wk 05 19;2840;1.61;2.78;1.61;2.78;0;0;0
Hoogvliet;Slimpie;wk 06 19;3030;1.62;2.78;1.61;2.78;0;0;0
Hoogvliet;Slimpie;wk 07 19;2971;1.61;2.78;1.61;2.77;0;0;0
Hoogvliet;Slimpie;wk 08 19;2926;1.58;2.73;1.61;2.77;0;0;0
Hoogvliet;Slimpie;wk 09 19;2759;1.59;2.74;1.62;2.79;0;0;0
Hoogvliet;Slimpie;wk 10 19;2697;1.58;2.73;1.61;2.78;0;0;0
Hoogvliet;Slimpie;wk 11 19;2742;1.58;2.72;1.62;2.8;0;0;0
Hoogvliet;Slimpie;wk 12 19;2893;1.57;2.72;1.6;2.76;0;0;0
Hoogvliet;Slimpie;wk 13 19;2964;1.57;2.71;1.58;2.72;0;0;0
Hoogvliet;Slimpie;wk 14 19;13763;1.02;1.77;1.23;2.12;68;0;81
Hoogvliet;Slimpie;wk 15 19;5082;1.56;2.69;1.58;2.72;0;0;0
Hoogvliet;Slimpie;wk 16 19;2670;1.52;2.61;1.57;2.7;0;0;0
Hoogvliet;Slimpie;wk 17 19;2741;1.52;2.62;1.57;2.71;0;0;0
Hoogvliet;Slimpie;wk 18 19;2510;1.51;2.61;1.57;2.71;0;0;0
Hoogvliet;Slimpie;wk 19 19;2472;1.51;2.61;1.56;2.69;0;0;0
Hoogvliet;Slimpie;wk 20 19;2769;1.51;2.6;1.53;2.63;0;0;0
Hoogvliet;Slimpie;wk 21 19;3078;1.51;2.6;1.52;2.63;0;0;0
Hoogvliet;Slimpie;wk 22 19;2938;1.51;2.6;1.52;2.61;0;0;0
Hoogvliet;Slimpie;wk 23 19;2924;1.51;2.6;1.51;2.6;0;0;0
Hoogvliet;Slimpie;wk 24 19;13330;1.08;1.87;1.27;2.2;40;32;85
Hoogvliet;Slimpie;wk 25 19;5207;1.51;2.6;1.51;2.61;0;0;0
Hoogvliet;Slimpie;wk 26 19;3524;1.52;2.62;1.51;2.6;0;0;0
Hoogvliet;Slimpie;wk 27 19;2992;1.52;2.62;1.51;2.6;0;0;0
Hoogvliet;Slimpie;wk 28 19;2777;1.51;2.61;1.52;2.62;0;0;0
Hoogvliet;Slimpie;wk 29 19;2810;1.52;2.61;1.52;2.63;0;0;0
Hoogvliet;Slimpie;wk 30 19;4264;1.53;2.63;1.53;2.63;0;3;0
Hoogvliet;Slimpie;wk 31 19;3035;1.53;2.63;1.52;2.63;0;0;0
Hoogvliet;Slimpie;wk 32 19;2922;1.52;2.61;1.53;2.64;0;0;0
Hoogvliet;Slimpie;wk 33 19;2590;1.55;2.67;1.53;2.64;0;0;0
Hoogvliet;Slimpie;wk 34 19;2840;1.55;2.67;1.54;2.65;0;0;0
Hoogvliet;Slimpie;wk 35 19;14102;1.08;1.87;1.29;2.23;63;26;82
Hoogvliet;Slimpie;wk 36 19;4628;1.55;2.67;1.57;2.7;0;0;0
Hoogvliet;Slimpie;wk 37 19;2155;1.55;2.67;1.55;2.68;0;0;0
Hoogvliet;Slimpie;wk 38 19;2246;1.52;2.62;1.56;2.69;0;0;0
Hoogvliet;Slimpie;wk 39 19;2523;1.56;2.68;1.56;2.68;0;0;0
Hoogvliet;Slimpie;wk 40 19;2412;1.56;2.7;1.56;2.69;0;0;0
Hoogvliet;Slimpie;wk 41 19;2433;1.56;2.7;1.6;2.76;0;0;0
Hoogvliet;Slimpie;wk 42 19;2495;1.56;2.69;1.59;2.75;0;0;0
Hoogvliet;Slimpie;wk 43 19;2471;1.56;2.69;1.57;2.71;0;0;0
Hoogvliet;Slimpie;wk 44 19;2604;1.56;2.69;1.56;2.7;0;0;0
Hoogvliet;Slimpie;wk 45 19;9282;1.3;2.24;1.44;2.48;46;12;74
Hoogvliet;Slimpie;wk 46 19;3302;1.58;2.72;1.58;2.72;0;0;0
Hoogvliet;Slimpie;wk 47 19;2135;1.56;2.69;1.56;2.7;0;0;0
Hoogvliet;Slimpie;wk 48 19;2295;1.56;2.69;1.56;2.68;0;0;0
Hoogvliet;Slimpie;wk 49 19;2253;1.56;2.69;1.57;2.7;0;0;0
Hoogvliet;Slimpie;wk 50 19;2407;1.55;2.68;1.56;2.69;0;0;0
Hoogvliet;Slimpie;wk 51 19;2528;1.56;2.68;1.57;2.7;0;0;0
Hoogvliet;Slimpie;wk 52 19;2117;1.55;2.68;1.55;2.67;0;0;0
Hoogvliet;Slimpie;wk 01 20;2583;1.55;2.68;1.56;2.68;0;0;0
Hoogvliet;Slimpie;wk 02 20;2509;1.56;2.68;1.55;2.67;0;0;0
Hoogvliet;Slimpie;wk 03 20;2483;1.55;2.68;1.56;2.69;0;0;0
Hoogvliet;Slimpie;wk 04 20;2711;1.55;2.68;1.55;2.67;0;0;0
Hoogvliet;Slimpie;wk 05 20;2631;1.55;2.68;1.55;2.68;0;0;0
Hoogvliet;Slimpie;wk 06 20;2743;1.55;2.68;1.54;2.66;0;0;0
Hoogvliet;Slimpie;wk 07 20;2797;1.56;2.69;1.55;2.67;0;0;0
Hoogvliet;Slimpie;wk 08 20;2723;1.55;2.68;1.56;2.68;0;0;0
Hoogvliet;Slimpie;wk 09 20;2784;1.52;2.62;1.56;2.69;0;0;0
Hoogvliet;Slimpie;wk 10 20;17701;1.04;1.79;1.26;2.17;74;0;88
Hoogvliet;Slimpie;wk 11 20;6635;1.51;2.6;1.56;2.69;0;13;0
Hoogvliet;Slimpie;wk 12 20;3411;1.51;2.6;1.54;2.66;0;0;0
Hoogvliet;Slimpie;wk 13 20;3096;1.51;2.6;1.51;2.61;0;0;0
Hoogvliet;Slimpie;wk 14 20;2934;1.51;2.6;1.5;2.59;0;0;0
Hoogvliet;Slimpie;wk 15 20;3209;1.51;2.6;1.51;2.6;0;0;0
Hoogvliet;Slimpie;wk 16 20;3142;1.51;2.6;1.5;2.59;0;0;0
Hoogvliet;Slimpie;wk 17 20;3714;1.51;2.6;1.51;2.6;0;0;0
Hoogvliet;Slimpie;wk 18 20;3209;1.51;2.6;1.51;2.6;0;0;0
Hoogvliet;Slimpie;wk 19 20;3391;1.51;2.6;1.51;2.6;0;0;0
Hoogvliet;Slimpie;wk 20 20;3368;1.51;2.6;1.51;2.6;0;0;0
Hoogvliet;Slimpie;wk 21 20;3803;1.51;2.6;1.51;2.6;0;0;0
Hoogvliet;Slimpie;wk 22 20;7010;1.51;2.61;1.52;2.62;0;38;0
Hoogvliet;Slimpie;wk 23 20;5829;1.51;2.6;1.51;2.6;0;3;0
Hoogvliet;Slimpie;wk 24 20;4912;1.5;2.58;1.47;2.53;0;3;0
Hoogvliet;Slimpie;wk 25 20;5009;1.5;2.58;1.5;2.59;0;4;0
Hoogvliet;Slimpie;wk 26 20;6028;1.5;2.59;1.5;2.59;0;0;0
Hoogvliet;Slimpie;wk 27 20;4872;1.5;2.59;1.5;2.59;0;0;0
Hoogvliet;Slimpie;wk 28 20;3275;1.5;2.59;1.5;2.59;0;0;0
Hoogvliet;Slimpie;wk 29 20;2953;1.5;2.59;1.5;2.58;0;0;0
Hoogvliet;Slimpie;wk 30 20;3065;1.5;2.59;1.5;2.59;0;0;0
Hoogvliet;Slimpie;wk 31 20;3204;1.5;2.59;1.5;2.59;0;0;0
Hoogvliet;Slimpie;wk 32 20;3777;1.5;2.59;1.5;2.59;0;0;0
Hoogvliet;Slimpie;wk 33 20;4635;1.5;2.59;1.5;2.59;0;0;0
Hoogvliet;Slimpie;wk 34 20;3686;1.5;2.59;1.5;2.59;0;0;0
Hoogvliet;Slimpie;wk 35 20;2949;1.57;2.71;1.5;2.59;0;0;0
Hoogvliet;Slimpie;wk 36 20;10912;1.34;2.31;1.37;2.36;33;35;79
Hoogvliet;Slimpie;wk 37 20;3798;1.59;2.74;1.57;2.7;0;0;0
Hoogvliet;Slimpie;wk 38 20;2509;1.53;2.63;1.59;2.74;0;0;0
Hoogvliet;Slimpie;wk 39 20;2826;1.5;2.58;1.6;2.77;0;0;0
Hoogvliet;Slimpie;wk 40 20;2661;1.5;2.58;1.6;2.76;0;0;0
Hoogvliet;Slimpie;wk 41 20;2719;1.5;2.58;1.6;2.76;0;0;0
Hoogvliet;Slimpie;wk 42 20;2727;1.5;2.58;1.53;2.64;0;0;0
Hoogvliet;Slimpie;wk 43 20;5010;1.5;2.58;1.5;2.58;0;18;0
Hoogvliet;Slimpie;wk 44 20;3220;1.5;2.58;1.5;2.58;0;0;0
Hoogvliet;Slimpie;wk 45 20;2608;1.5;2.58;1.5;2.59;0;0;0
Hoogvliet;Slimpie;wk 46 20;2763;1.5;2.58;1.5;2.58;0;0;0
Hoogvliet;Slimpie;wk 47 20;2765;1.5;2.58;1.5;2.58;0;0;0
Hoogvliet;Slimpie;wk 48 20;2955;1.5;2.58;1.5;2.58;0;0;0
Hoogvliet;Slimpie;wk 49 20;2770;1.5;2.58;1.5;2.58;0;0;0
Hoogvliet;Slimpie;wk 50 20;2814;1.5;2.58;1.5;2.58;0;0;0
Hoogvliet;Slimpie;wk 51 20;3039;1.5;2.58;1.5;2.58;0;0;0
Hoogvliet;Slimpie;wk 52 20;2345;1.5;2.58;1.5;2.58;0;0;0
Hoogvliet;Teisseire;wk 01 17;NA;NA;NA;NA;NA;0;0;0
Hoogvliet;Teisseire;wk 02 17;NA;NA;NA;NA;NA;0;0;0
Hoogvliet;Teisseire;wk 03 17;NA;NA;NA;NA;NA;0;0;0
Hoogvliet;Teisseire;wk 04 17;NA;NA;NA;NA;NA;0;0;0
Hoogvliet;Teisseire;wk 05 17;NA;NA;NA;NA;NA;0;0;0
Hoogvliet;Teisseire;wk 06 17;NA;NA;NA;NA;NA;0;0;0
Hoogvliet;Teisseire;wk 07 17;NA;NA;NA;NA;NA;0;0;0
Hoogvliet;Teisseire;wk 08 17;NA;NA;NA;NA;NA;0;0;0
Hoogvliet;Teisseire;wk 09 17;NA;NA;NA;NA;NA;0;0;0
Hoogvliet;Teisseire;wk 10 17;NA;NA;NA;NA;NA;0;0;0
Hoogvliet;Teisseire;wk 11 17;NA;NA;NA;NA;NA;0;0;0
Hoogvliet;Teisseire;wk 12 17;NA;NA;NA;NA;NA;0;0;0
Hoogvliet;Teisseire;wk 13 17;NA;NA;NA;NA;NA;0;0;0
Hoogvliet;Teisseire;wk 14 17;NA;NA;NA;NA;NA;0;0;0
Hoogvliet;Teisseire;wk 15 17;NA;NA;NA;NA;NA;0;0;0
Hoogvliet;Teisseire;wk 16 17;NA;NA;NA;NA;NA;0;0;0
Hoogvliet;Teisseire;wk 17 17;NA;NA;NA;NA;NA;0;0;0
Hoogvliet;Teisseire;wk 18 17;NA;NA;NA;NA;NA;0;0;0
Hoogvliet;Teisseire;wk 19 17;NA;NA;NA;NA;NA;0;0;0
Hoogvliet;Teisseire;wk 20 17;NA;NA;NA;NA;NA;0;0;0
Hoogvliet;Teisseire;wk 21 17;NA;NA;NA;NA;NA;0;0;0
Hoogvliet;Teisseire;wk 22 17;NA;NA;NA;NA;NA;0;0;0
Hoogvliet;Teisseire;wk 23 17;NA;NA;NA;NA;NA;0;0;0
Hoogvliet;Teisseire;wk 24 17;NA;NA;NA;NA;NA;0;0;0
Hoogvliet;Teisseire;wk 25 17;NA;NA;NA;NA;NA;0;0;0
Hoogvliet;Teisseire;wk 26 17;NA;NA;NA;NA;NA;0;0;0
Hoogvliet;Teisseire;wk 27 17;NA;NA;NA;NA;NA;0;0;0
Hoogvliet;Teisseire;wk 28 17;NA;NA;NA;NA;NA;0;0;0
Hoogvliet;Teisseire;wk 29 17;NA;NA;NA;NA;NA;0;0;0
Hoogvliet;Teisseire;wk 30 17;NA;NA;NA;NA;NA;0;0;0
Hoogvliet;Teisseire;wk 31 17;NA;NA;NA;NA;NA;0;0;0
Hoogvliet;Teisseire;wk 32 17;NA;NA;NA;NA;NA;0;0;0
Hoogvliet;Teisseire;wk 33 17;NA;NA;NA;NA;NA;0;0;0
Hoogvliet;Teisseire;wk 34 17;NA;NA;NA;NA;NA;0;0;0
Hoogvliet;Teisseire;wk 35 17;NA;NA;NA;NA;NA;0;0;0
Hoogvliet;Teisseire;wk 36 17;NA;NA;NA;NA;NA;0;0;0
Hoogvliet;Teisseire;wk 37 17;NA;NA;NA;NA;NA;0;0;0
Hoogvliet;Teisseire;wk 38 17;NA;NA;NA;NA;NA;0;0;0
Hoogvliet;Teisseire;wk 39 17;NA;NA;NA;NA;NA;0;0;0
Hoogvliet;Teisseire;wk 40 17;NA;NA;NA;NA;NA;0;0;0
Hoogvliet;Teisseire;wk 41 17;NA;NA;NA;NA;NA;0;0;0
Hoogvliet;Teisseire;wk 42 17;NA;NA;NA;NA;NA;0;0;0
Hoogvliet;Teisseire;wk 43 17;NA;NA;NA;NA;NA;0;0;0
Hoogvliet;Teisseire;wk 44 17;NA;NA;NA;NA;NA;0;0;0
Hoogvliet;Teisseire;wk 45 17;NA;NA;NA;NA;NA;0;0;0
Hoogvliet;Teisseire;wk 46 17;NA;NA;NA;NA;NA;0;0;0
Hoogvliet;Teisseire;wk 47 17;NA;NA;NA;NA;NA;0;0;0
Hoogvliet;Teisseire;wk 48 17;NA;NA;NA;NA;NA;0;0;0
Hoogvliet;Teisseire;wk 49 17;NA;NA;NA;NA;NA;0;0;0
Hoogvliet;Teisseire;wk 50 17;NA;NA;NA;NA;NA;0;0;0
Hoogvliet;Teisseire;wk 51 17;NA;NA;NA;NA;NA;0;0;0
Hoogvliet;Teisseire;wk 52 17;NA;NA;NA;NA;NA;0;0;0
Hoogvliet;Teisseire;wk 01 18;NA;NA;NA;NA;NA;0;0;0
Hoogvliet;Teisseire;wk 02 18;NA;NA;NA;NA;NA;0;0;0
Hoogvliet;Teisseire;wk 03 18;NA;NA;NA;NA;NA;0;0;0
Hoogvliet;Teisseire;wk 04 18;NA;NA;NA;NA;NA;0;0;0
Hoogvliet;Teisseire;wk 05 18;NA;NA;NA;NA;NA;0;0;0
Hoogvliet;Teisseire;wk 06 18;NA;NA;NA;NA;NA;0;0;0
Hoogvliet;Teisseire;wk 07 18;NA;NA;NA;NA;NA;0;0;0
Hoogvliet;Teisseire;wk 08 18;NA;NA;NA;NA;NA;0;0;0
Hoogvliet;Teisseire;wk 09 18;NA;NA;NA;NA;NA;0;0;0
Hoogvliet;Teisseire;wk 10 18;4;2.6;3.47;2.6;3.47;0;0;0
Hoogvliet;Teisseire;wk 11 18;228;2.59;3.45;2.59;3.45;0;0;0
Hoogvliet;Teisseire;wk 12 18;426;2.59;3.45;2.59;3.45;0;0;0
Hoogvliet;Teisseire;wk 13 18;426;2.59;3.45;2.59;3.45;0;0;0
Hoogvliet;Teisseire;wk 14 18;702;2.45;3.26;2.6;3.46;0;7;0
Hoogvliet;Teisseire;wk 15 18;3411;2.45;3.26;2.59;3.46;56;0;44
Hoogvliet;Teisseire;wk 16 18;1251;2.43;3.24;2.57;3.43;0;0;0
Hoogvliet;Teisseire;wk 17 18;652;2.42;3.23;2.58;3.44;0;0;0
Hoogvliet;Teisseire;wk 18 18;611;2.41;3.22;2.48;3.3;0;0;0
Hoogvliet;Teisseire;wk 19 18;769;2.43;3.24;2.43;3.24;0;0;0
Hoogvliet;Teisseire;wk 20 18;634;2.43;3.24;2.43;3.24;0;0;0
Hoogvliet;Teisseire;wk 21 18;780;2.43;3.23;2.44;3.25;0;0;0
Hoogvliet;Teisseire;wk 22 18;838;2.41;3.22;2.41;3.21;0;0;0
Hoogvliet;Teisseire;wk 23 18;705;2.42;3.23;2.42;3.23;0;0;0
Hoogvliet;Teisseire;wk 24 18;691;2.43;3.24;2.43;3.24;0;0;0
Hoogvliet;Teisseire;wk 25 18;599;2.47;3.29;2.43;3.24;0;0;0
Hoogvliet;Teisseire;wk 26 18;713;2.47;3.29;2.41;3.21;0;0;0
Hoogvliet;Teisseire;wk 27 18;1094;2.47;3.29;2.45;3.27;0;0;0
Hoogvliet;Teisseire;wk 28 18;11074;2.49;3.32;2.47;3.29;62;0;82
Hoogvliet;Teisseire;wk 29 18;3470;2.47;3.29;2.47;3.3;0;0;0
Hoogvliet;Teisseire;wk 30 18;1070;2.45;3.26;2.46;3.28;0;0;0
Hoogvliet;Teisseire;wk 31 18;888;2.44;3.26;2.47;3.29;0;0;0
Hoogvliet;Teisseire;wk 32 18;799;2.45;3.27;2.48;3.31;0;0;0
Hoogvliet;Teisseire;wk 33 18;579;2.46;3.28;2.48;3.31;0;0;0
Hoogvliet;Teisseire;wk 34 18;482;2.46;3.28;2.46;3.29;0;0;0
Hoogvliet;Teisseire;wk 35 18;562;2.47;3.3;2.49;3.31;0;0;0
Hoogvliet;Teisseire;wk 36 18;463;2.46;3.28;2.5;3.33;0;0;0
Hoogvliet;Teisseire;wk 37 18;2563;2.48;3.31;2.47;3.29;49;0;64
Hoogvliet;Teisseire;wk 38 18;982;2.47;3.29;2.46;3.28;0;0;0
Hoogvliet;Teisseire;wk 39 18;500;2.42;3.23;2.5;3.33;0;0;0
Hoogvliet;Teisseire;wk 40 18;528;2.43;3.24;2.47;3.29;0;0;0
Hoogvliet;Teisseire;wk 41 18;561;2.42;3.22;2.46;3.28;0;0;0
Hoogvliet;Teisseire;wk 42 18;618;2.45;3.27;2.45;3.27;0;0;0
Hoogvliet;Teisseire;wk 43 18;964;2.5;3.34;2.45;3.26;0;0;0
Hoogvliet;Teisseire;wk 44 18;6269;2.45;3.27;2.46;3.28;58;0;92
Hoogvliet;Teisseire;wk 45 18;2049;2.46;3.28;2.47;3.29;0;0;0
Hoogvliet;Teisseire;wk 46 18;587;2.45;3.27;2.47;3.3;0;0;0
Hoogvliet;Teisseire;wk 47 18;495;2.44;3.25;2.45;3.26;0;0;0
Hoogvliet;Teisseire;wk 48 18;518;2.43;3.23;2.44;3.26;0;0;0
Hoogvliet;Teisseire;wk 49 18;476;2.44;3.25;2.47;3.3;0;0;0
Hoogvliet;Teisseire;wk 50 18;483;2.44;3.25;2.45;3.27;0;0;0
Hoogvliet;Teisseire;wk 51 18;560;2.44;3.26;2.44;3.25;0;0;0
Hoogvliet;Teisseire;wk 52 18;441;2.44;3.25;2.4;3.21;0;0;0
Hoogvliet;Teisseire;wk 01 19;511;2.5;3.33;2.47;3.29;0;0;0
Hoogvliet;Teisseire;wk 02 19;546;2.56;3.41;2.42;3.22;0;0;0
Hoogvliet;Teisseire;wk 03 19;507;2.57;3.42;2.51;3.35;0;0;0
Hoogvliet;Teisseire;wk 04 19;581;2.58;3.44;2.57;3.43;0;0;0
Hoogvliet;Teisseire;wk 05 19;538;2.55;3.4;2.6;3.47;0;0;0
Hoogvliet;Teisseire;wk 06 19;626;2.57;3.43;2.58;3.43;0;0;0
Hoogvliet;Teisseire;wk 07 19;592;2.62;3.49;2.54;3.38;0;0;0
Hoogvliet;Teisseire;wk 08 19;556;2.52;3.36;2.57;3.42;0;0;0
Hoogvliet;Teisseire;wk 09 19;656;2.49;3.32;2.56;3.42;0;0;0
Hoogvliet;Teisseire;wk 10 19;6447;1.32;1.76;1.67;2.22;86;0;98
Hoogvliet;Teisseire;wk 11 19;1679;2.52;3.35;2.56;3.41;0;0;0
Hoogvliet;Teisseire;wk 12 19;974;2.59;3.45;2.53;3.37;0;0;0
Hoogvliet;Teisseire;wk 13 19;632;2.58;3.44;2.47;3.29;0;0;0
Hoogvliet;Teisseire;wk 14 19;175;2.51;3.34;2.54;3.39;0;0;0
Hoogvliet;Teisseire;wk 15 19;89;2.08;2.77;2.16;2.88;0;0;0
Hoogvliet;Teisseire;wk 16 19;45;1.8;2.4;1.84;2.46;0;0;0
Hoogvliet;Teisseire;wk 17 19;28;1.8;2.4;1.99;2.66;0;0;0
Hoogvliet;Teisseire;wk 18 19;31;1.66;2.21;1.77;2.35;0;0;0
Hoogvliet;Teisseire;wk 19 19;8;1.96;2.62;2.37;3.14;0;0;0
Hoogvliet;Teisseire;wk 20 19;11;2.36;3.13;2.36;3.13;0;0;0
Hoogvliet;Teisseire;wk 21 19;2;1.85;2.47;1.86;2.6;0;0;0
Hoogvliet;Teisseire;wk 22 19;3;1.87;2.43;1.8;2.57;0;0;0
Hoogvliet;Teisseire;wk 23 19;754;2.52;3.36;2.52;3.36;0;7;0
Hoogvliet;Teisseire;wk 24 19;427;2.46;3.27;2.55;3.4;0;0;0
Hoogvliet;Teisseire;wk 25 19;191;2.37;3.16;3.01;4.02;0;0;0
Hoogvliet;Teisseire;wk 26 19;27;1.9;2.53;1.9;2.53;0;0;0
Hoogvliet;Teisseire;wk 27 19;10;1.58;2.11;1.58;2.11;0;0;0
Hoogvliet;Teisseire;wk 28 19;25;1.76;2.34;1.76;2.34;0;0;0
Hoogvliet;Teisseire;wk 29 19;9;2.23;2.96;2.23;2.96;0;0;0
Hoogvliet;Teisseire;wk 30 19;NA;NA;NA;NA;NA;0;0;0
Hoogvliet;Teisseire;wk 31 19;NA;NA;NA;NA;NA;0;0;0
Hoogvliet;Teisseire;wk 32 19;6;1.73;2.31;1.77;2.3;0;0;0
Hoogvliet;Teisseire;wk 33 19;NA;NA;NA;NA;NA;0;0;0
Hoogvliet;Teisseire;wk 34 19;NA;NA;NA;NA;NA;0;0;0
Hoogvliet;Teisseire;wk 35 19;NA;NA;NA;NA;NA;0;0;0
Hoogvliet;Teisseire;wk 36 19;NA;NA;NA;NA;NA;0;0;0
Hoogvliet;Teisseire;wk 37 19;NA;NA;NA;NA;NA;0;0;0
Hoogvliet;Teisseire;wk 38 19;NA;NA;NA;NA;NA;0;0;0
Hoogvliet;Teisseire;wk 39 19;NA;NA;NA;NA;NA;0;0;0
Hoogvliet;Teisseire;wk 40 19;NA;NA;NA;NA;NA;0;0;0
Hoogvliet;Teisseire;wk 41 19;NA;NA;NA;NA;NA;0;0;0
Hoogvliet;Teisseire;wk 42 19;NA;NA;NA;NA;NA;0;0;0
Hoogvliet;Teisseire;wk 43 19;NA;NA;NA;NA;NA;0;0;0
Hoogvliet;Teisseire;wk 44 19;NA;NA;NA;NA;NA;0;0;0
Hoogvliet;Teisseire;wk 45 19;NA;NA;NA;NA;NA;0;0;0
Hoogvliet;Teisseire;wk 46 19;NA;NA;NA;NA;NA;0;0;0
Hoogvliet;Teisseire;wk 47 19;NA;NA;NA;NA;NA;0;0;0
Hoogvliet;Teisseire;wk 48 19;NA;NA;NA;NA;NA;0;0;0
Hoogvliet;Teisseire;wk 49 19;NA;NA;NA;NA;NA;0;0;0
Hoogvliet;Teisseire;wk 50 19;NA;NA;NA;NA;NA;0;0;0
Hoogvliet;Teisseire;wk 51 19;NA;NA;NA;NA;NA;0;0;0
Hoogvliet;Teisseire;wk 52 19;NA;NA;NA;NA;NA;0;0;0
Hoogvliet;Teisseire;wk 01 20;NA;NA;NA;NA;NA;0;0;0
Hoogvliet;Teisseire;wk 02 20;NA;NA;NA;NA;NA;0;0;0
Hoogvliet;Teisseire;wk 03 20;NA;NA;NA;NA;NA;0;0;0
Hoogvliet;Teisseire;wk 04 20;NA;NA;NA;NA;NA;0;0;0
Hoogvliet;Teisseire;wk 05 20;NA;NA;NA;NA;NA;0;0;0
Hoogvliet;Teisseire;wk 06 20;NA;NA;NA;NA;NA;0;0;0
Hoogvliet;Teisseire;wk 07 20;NA;NA;NA;NA;NA;0;0;0
Hoogvliet;Teisseire;wk 08 20;NA;NA;NA;NA;NA;0;0;0
Hoogvliet;Teisseire;wk 09 20;NA;NA;NA;NA;NA;0;0;0
Hoogvliet;Teisseire;wk 10 20;NA;NA;NA;NA;NA;0;0;0
Hoogvliet;Teisseire;wk 11 20;NA;NA;NA;NA;NA;0;0;0
Hoogvliet;Teisseire;wk 12 20;NA;NA;NA;NA;NA;0;0;0
Hoogvliet;Teisseire;wk 13 20;NA;NA;NA;NA;NA;0;0;0
Hoogvliet;Teisseire;wk 14 20;NA;NA;NA;NA;NA;0;0;0
Hoogvliet;Teisseire;wk 15 20;NA;NA;NA;NA;NA;0;0;0
Hoogvliet;Teisseire;wk 16 20;NA;NA;NA;NA;NA;0;0;0
Hoogvliet;Teisseire;wk 17 20;NA;NA;NA;NA;NA;0;0;0
Hoogvliet;Teisseire;wk 18 20;NA;NA;NA;NA;NA;0;0;0
Hoogvliet;Teisseire;wk 19 20;NA;NA;NA;NA;NA;0;0;0
Hoogvliet;Teisseire;wk 20 20;NA;NA;NA;NA;NA;0;0;0
Hoogvliet;Teisseire;wk 21 20;NA;NA;NA;NA;NA;0;0;0
Hoogvliet;Teisseire;wk 22 20;NA;NA;NA;NA;NA;0;0;0
Hoogvliet;Teisseire;wk 23 20;NA;NA;NA;NA;NA;0;0;0
Hoogvliet;Teisseire;wk 24 20;NA;NA;NA;NA;NA;0;0;0
Hoogvliet;Teisseire;wk 25 20;NA;NA;NA;NA;NA;0;0;0
Hoogvliet;Teisseire;wk 26 20;NA;NA;NA;NA;NA;0;0;0
Hoogvliet;Teisseire;wk 27 20;NA;NA;NA;NA;NA;0;0;0
Hoogvliet;Teisseire;wk 28 20;NA;NA;NA;NA;NA;0;0;0
Hoogvliet;Teisseire;wk 29 20;NA;NA;NA;NA;NA;0;0;0
Hoogvliet;Teisseire;wk 30 20;NA;NA;NA;NA;NA;0;0;0
Hoogvliet;Teisseire;wk 31 20;NA;NA;NA;NA;NA;0;0;0
Hoogvliet;Teisseire;wk 32 20;NA;NA;NA;NA;NA;0;0;0
Hoogvliet;Teisseire;wk 33 20;NA;NA;NA;NA;NA;0;0;0
Hoogvliet;Teisseire;wk 34 20;NA;NA;NA;NA;NA;0;0;0
Hoogvliet;Teisseire;wk 35 20;NA;NA;NA;NA;NA;0;0;0
Hoogvliet;Teisseire;wk 36 20;NA;NA;NA;NA;NA;0;0;0
Hoogvliet;Teisseire;wk 37 20;NA;NA;NA;NA;NA;0;0;0
Hoogvliet;Teisseire;wk 38 20;NA;NA;NA;NA;NA;0;0;0
Hoogvliet;Teisseire;wk 39 20;NA;NA;NA;NA;NA;0;0;0
Hoogvliet;Teisseire;wk 40 20;NA;NA;NA;NA;NA;0;0;0
Hoogvliet;Teisseire;wk 41 20;NA;NA;NA;NA;NA;0;0;0
Hoogvliet;Teisseire;wk 42 20;NA;NA;NA;NA;NA;0;0;0
Hoogvliet;Teisseire;wk 43 20;NA;NA;NA;NA;NA;0;0;0
Hoogvliet;Teisseire;wk 44 20;NA;NA;NA;NA;NA;0;0;0
Hoogvliet;Teisseire;wk 45 20;NA;NA;NA;NA;NA;0;0;0
Hoogvliet;Teisseire;wk 46 20;1;3;3.75;3;3.75;0;0;0
Hoogvliet;Teisseire;wk 47 20;213;2.92;4.13;2.92;4.14;0;0;0
Hoogvliet;Teisseire;wk 48 20;253;2.93;4.09;2.93;4.19;0;0;0
Hoogvliet;Teisseire;wk 49 20;272;2.93;4.07;2.93;4.1;0;0;0
Hoogvliet;Teisseire;wk 50 20;271;2.96;4.13;2.96;4.17;0;0;0
Hoogvliet;Teisseire;wk 51 20;296;2.94;4.08;3.01;4.24;0;0;0
Hoogvliet;Teisseire;wk 52 20;247;2.94;4.11;3.03;4.21;0;0;0
TotalOnlineSales;PrivateLabel;wk 01 17;16096;1.45;1.93;2.25;3.01;61;0;0
TotalOnlineSales;PrivateLabel;wk 02 17;7166;2.2;2.94;2.25;3.03;0;0;0
TotalOnlineSales;PrivateLabel;wk 03 17;7869;2.22;2.96;2.25;3.01;0;0;0
TotalOnlineSales;PrivateLabel;wk 04 17;8266;2.2;2.96;2.25;3.01;0;0;0
TotalOnlineSales;PrivateLabel;wk 05 17;7055;2.2;2.94;2.25;3.03;0;0;0
TotalOnlineSales;PrivateLabel;wk 06 17;8632;2.16;2.91;2.22;2.98;4;0;0
TotalOnlineSales;PrivateLabel;wk 07 17;8483;2.2;2.93;2.24;2.99;0;0;0
TotalOnlineSales;PrivateLabel;wk 08 17;8960;2.18;2.91;2.23;2.99;0;0;0
TotalOnlineSales;PrivateLabel;wk 09 17;8090;2.19;2.94;2.24;3.01;0;0;0
TotalOnlineSales;PrivateLabel;wk 10 17;8077;2.19;2.94;2.19;2.94;0;0;0
TotalOnlineSales;PrivateLabel;wk 11 17;8765;2.17;2.9;2.23;2.98;0;0;0
TotalOnlineSales;PrivateLabel;wk 12 17;9030;2.16;2.91;2.19;2.94;0;0;0
TotalOnlineSales;PrivateLabel;wk 13 17;9514;2.17;2.91;2.19;2.94;0;0;0
TotalOnlineSales;PrivateLabel;wk 14 17;10284;2.16;2.91;2.2;2.95;0;0;0
TotalOnlineSales;PrivateLabel;wk 15 17;10258;2.18;2.92;2.17;2.91;0;0;0
TotalOnlineSales;PrivateLabel;wk 16 17;9103;2.17;2.9;2.2;2.98;0;0;0
TotalOnlineSales;PrivateLabel;wk 17 17;7909;2.16;2.88;2.16;2.86;0;0;0
TotalOnlineSales;PrivateLabel;wk 18 17;8028;2.01;2.68;2.14;2.86;4;0;0
TotalOnlineSales;PrivateLabel;wk 19 17;8878;2.18;2.91;2.19;2.92;0;0;0
TotalOnlineSales;PrivateLabel;wk 20 17;9477;2.18;2.93;2.22;2.99;0;0;0
TotalOnlineSales;PrivateLabel;wk 21 17;10032;2.16;2.89;2.17;2.91;0;0;0
TotalOnlineSales;PrivateLabel;wk 22 17;12014;2.18;2.92;2.19;2.93;0;0;0
TotalOnlineSales;PrivateLabel;wk 23 17;9343;2.17;2.9;2.18;2.93;0;0;0
TotalOnlineSales;PrivateLabel;wk 24 17;9252;2.2;2.94;2.2;2.96;0;0;0
TotalOnlineSales;PrivateLabel;wk 25 17;11295;2.18;2.91;2.2;2.93;0;0;0
TotalOnlineSales;PrivateLabel;wk 26 17;10960;2.16;2.89;2.21;2.96;0;0;0
TotalOnlineSales;PrivateLabel;wk 27 17;10477;2.13;2.86;2.14;2.85;0;0;0
TotalOnlineSales;PrivateLabel;wk 28 17;9930;2.12;2.84;2.16;2.92;0;0;0
TotalOnlineSales;PrivateLabel;wk 29 17;7758;2.11;2.81;2.17;2.92;0;0;0
TotalOnlineSales;PrivateLabel;wk 30 17;7567;2.13;2.86;2.22;2.98;0;0;0
TotalOnlineSales;PrivateLabel;wk 31 17;6561;2.12;2.84;2.13;2.86;0;0;0
TotalOnlineSales;PrivateLabel;wk 32 17;11506;2.24;3.47;2.35;3.45;51;0;0
TotalOnlineSales;PrivateLabel;wk 33 17;9325;2.25;3.24;2.25;3.25;0;0;0
TotalOnlineSales;PrivateLabel;wk 34 17;11556;2.32;3.34;2.3;3.35;0;0;0
TotalOnlineSales;PrivateLabel;wk 35 17;13027;2.28;3.28;2.24;3.23;0;0;0
TotalOnlineSales;PrivateLabel;wk 36 17;12424;2.29;3.31;2.3;3.34;0;0;0
TotalOnlineSales;PrivateLabel;wk 37 17;15791;2.25;3.41;2.23;3.21;60;0;0
TotalOnlineSales;PrivateLabel;wk 38 17;12362;2.28;3.28;2.33;3.35;0;0;0
TotalOnlineSales;PrivateLabel;wk 39 17;13372;2.28;3.29;2.31;3.34;0;0;0
TotalOnlineSales;PrivateLabel;wk 40 17;12841;2.3;3.31;2.32;3.34;4;0;0
TotalOnlineSales;PrivateLabel;wk 41 17;11915;2.29;3.33;2.33;3.4;0;0;0
TotalOnlineSales;PrivateLabel;wk 42 17;12082;2.31;3.34;2.32;3.35;0;0;0
TotalOnlineSales;PrivateLabel;wk 43 17;12731;2.31;3.35;2.38;3.46;0;0;0
TotalOnlineSales;PrivateLabel;wk 44 17;13067;2.33;3.36;2.35;3.42;0;0;0
TotalOnlineSales;PrivateLabel;wk 45 17;13242;2.28;3.31;2.29;3.33;0;0;0
TotalOnlineSales;PrivateLabel;wk 46 17;12555;2.3;3.35;2.33;3.38;0;0;0
TotalOnlineSales;PrivateLabel;wk 47 17;13613;2.31;3.34;2.34;3.39;0;0;0
TotalOnlineSales;PrivateLabel;wk 48 17;12587;2.29;3.33;2.32;3.38;0;0;0
TotalOnlineSales;PrivateLabel;wk 49 17;12612;2.32;3.4;2.33;3.39;0;0;0
TotalOnlineSales;PrivateLabel;wk 50 17;13472;2.33;3.39;2.31;3.36;0;0;0
TotalOnlineSales;PrivateLabel;wk 51 17;18116;2.23;3.42;2.26;3.23;0;0;0
TotalOnlineSales;PrivateLabel;wk 52 17;9787;2.24;3.39;2.33;3.45;0;0;0
TotalOnlineSales;PrivateLabel;wk 01 18;9329;2.31;3.38;2.28;3.34;0;0;0
TotalOnlineSales;PrivateLabel;wk 02 18;12230;2.28;3.33;2.25;3.27;0;0;0
TotalOnlineSales;PrivateLabel;wk 03 18;13170;2.28;3.37;2.33;3.43;0;0;0
TotalOnlineSales;PrivateLabel;wk 04 18;14154;2.29;3.34;2.33;3.42;0;0;0
TotalOnlineSales;PrivateLabel;wk 05 18;13785;2.31;3.37;2.34;3.43;0;0;0
TotalOnlineSales;PrivateLabel;wk 06 18;13417;2.26;3.27;2.26;3.3;0;0;0
TotalOnlineSales;PrivateLabel;wk 07 18;13010;2.33;3.4;2.36;3.47;0;0;0
TotalOnlineSales;PrivateLabel;wk 08 18;13722;2.29;3.32;2.33;3.39;0;0;0
TotalOnlineSales;PrivateLabel;wk 09 18;13549;2.3;3.35;2.34;3.41;0;0;0
TotalOnlineSales;PrivateLabel;wk 10 18;13596;2.31;3.36;2.35;3.42;0;0;0
TotalOnlineSales;PrivateLabel;wk 11 18;14085;2.32;3.39;2.35;3.45;0;0;0
TotalOnlineSales;PrivateLabel;wk 12 18;15121;2.28;3.32;2.32;3.4;0;0;0
TotalOnlineSales;PrivateLabel;wk 13 18;14742;2.2;3.19;2.31;3.37;0;0;0
TotalOnlineSales;PrivateLabel;wk 14 18;12456;2.23;3.26;2.32;3.41;0;0;0
TotalOnlineSales;PrivateLabel;wk 15 18;14343;2.3;3.36;2.32;3.38;0;0;0
TotalOnlineSales;PrivateLabel;wk 16 18;15243;2.28;3.29;2.32;3.39;0;0;0
TotalOnlineSales;PrivateLabel;wk 17 18;13343;2.23;3.24;2.27;3.32;0;0;0
TotalOnlineSales;PrivateLabel;wk 18 18;10651;2.24;3.32;2.24;3.38;0;0;0
TotalOnlineSales;PrivateLabel;wk 19 18;15010;2.16;3.3;2.29;3.39;62;0;0
TotalOnlineSales;PrivateLabel;wk 20 18;12815;2.17;3.13;2.24;3.28;0;0;0
TotalOnlineSales;PrivateLabel;wk 21 18;10926;2.09;3.07;2.14;3.19;0;0;0
TotalOnlineSales;PrivateLabel;wk 22 18;13789;2.12;3.1;2.13;3.12;0;0;0
TotalOnlineSales;PrivateLabel;wk 23 18;14826;2.22;3.21;2.21;3.24;0;0;0
TotalOnlineSales;PrivateLabel;wk 24 18;17527;2.21;3.35;2.19;3.24;65;0;0
TotalOnlineSales;PrivateLabel;wk 25 18;13362;2.21;3.2;2.22;3.24;0;0;0
TotalOnlineSales;PrivateLabel;wk 26 18;14567;2.18;3.13;2.22;3.21;0;0;0
TotalOnlineSales;PrivateLabel;wk 27 18;16295;2.13;3.06;2.17;3.13;0;0;0
TotalOnlineSales;PrivateLabel;wk 28 18;25707;1.91;2.77;2.23;3.23;55;0;0
TotalOnlineSales;PrivateLabel;wk 29 18;12910;2.12;3.03;2.16;3.14;0;0;0
TotalOnlineSales;PrivateLabel;wk 30 18;13854;2.13;3.03;2.18;3.18;0;0;0
TotalOnlineSales;PrivateLabel;wk 31 18;14308;2.08;2.96;2.21;3.18;0;0;0
TotalOnlineSales;PrivateLabel;wk 32 18;12102;2.17;3.11;2.24;3.23;0;0;0
TotalOnlineSales;PrivateLabel;wk 33 18;13797;2.18;3.3;2.28;3.3;52;0;0
TotalOnlineSales;PrivateLabel;wk 34 18;12332;2.25;3.26;2.3;3.36;0;0;0
TotalOnlineSales;PrivateLabel;wk 35 18;13979;2.23;3.19;2.3;3.36;0;0;0
TotalOnlineSales;PrivateLabel;wk 36 18;12949;2.33;3.39;2.31;3.39;0;0;0
TotalOnlineSales;PrivateLabel;wk 37 18;15567;2.2;3.33;2.34;3.43;63;0;0
TotalOnlineSales;PrivateLabel;wk 38 18;13140;2.18;3.14;2.22;3.23;0;0;0
TotalOnlineSales;PrivateLabel;wk 39 18;14498;2.18;3.13;2.2;3.18;0;0;0
TotalOnlineSales;PrivateLabel;wk 40 18;14328;2.21;3.21;2.26;3.32;0;0;0
TotalOnlineSales;PrivateLabel;wk 41 18;13195;2.25;3.24;2.29;3.29;0;0;0
TotalOnlineSales;PrivateLabel;wk 42 18;13095;2.28;3.27;2.3;3.28;0;0;0
TotalOnlineSales;PrivateLabel;wk 43 18;13093;2.21;3.16;2.26;3.25;0;0;0
TotalOnlineSales;PrivateLabel;wk 44 18;15708;2.2;3.29;2.27;3.26;63;0;0
TotalOnlineSales;PrivateLabel;wk 45 18;13823;2.2;3.13;2.17;3.12;0;0;0
TotalOnlineSales;PrivateLabel;wk 46 18;15396;2.12;2.97;2.18;3.12;0;0;0
TotalOnlineSales;PrivateLabel;wk 47 18;17411;2.13;3.17;2.14;3.02;61;0;0
TotalOnlineSales;PrivateLabel;wk 48 18;13981;2.19;3.1;2.21;3.14;0;0;0
TotalOnlineSales;PrivateLabel;wk 49 18;12607;2.18;3.11;2.17;3.11;0;0;0
TotalOnlineSales;PrivateLabel;wk 50 18;13894;2.2;3.13;2.18;3.11;0;0;0
TotalOnlineSales;PrivateLabel;wk 51 18;16549;2.17;3.07;2.22;3.16;0;0;0
TotalOnlineSales;PrivateLabel;wk 52 18;7629;2.29;3.29;2.35;3.4;0;0;0
TotalOnlineSales;PrivateLabel;wk 01 19;9606;2.22;3.2;2.22;3.19;0;0;0
TotalOnlineSales;PrivateLabel;wk 02 19;13327;2.27;3.24;2.23;3.23;0;0;0
TotalOnlineSales;PrivateLabel;wk 03 19;14342;2.24;3.21;2.27;3.25;0;0;0
TotalOnlineSales;PrivateLabel;wk 04 19;19738;2.22;3.32;2.28;3.28;0;0;0
TotalOnlineSales;PrivateLabel;wk 05 19;13388;2.2;3.16;2.26;3.24;0;0;0
TotalOnlineSales;PrivateLabel;wk 06 19;13882;2.13;3.04;2.21;3.19;0;0;0
TotalOnlineSales;PrivateLabel;wk 07 19;14019;2.08;2.96;2.23;3.27;0;0;0
TotalOnlineSales;PrivateLabel;wk 08 19;18432;2.07;3.08;2.22;3.21;0;0;0
TotalOnlineSales;PrivateLabel;wk 09 19;15021;2.05;2.9;2.19;3.17;0;0;0
TotalOnlineSales;PrivateLabel;wk 10 19;13945;2.04;2.91;2.12;3.06;0;0;0
TotalOnlineSales;PrivateLabel;wk 11 19;13606;2.09;2.99;2.09;3.03;0;0;0
TotalOnlineSales;PrivateLabel;wk 12 19;15001;2.06;2.93;2.1;3.05;0;0;0
TotalOnlineSales;PrivateLabel;wk 13 19;15512;2.09;2.99;2.13;3.1;0;0;0
TotalOnlineSales;PrivateLabel;wk 14 19;18459;2.01;2.85;2.15;3.12;0;0;0
TotalOnlineSales;PrivateLabel;wk 15 19;16448;2.06;2.92;2.13;3.08;0;0;0
TotalOnlineSales;PrivateLabel;wk 16 19;16300;2.08;2.96;2.12;3.08;0;0;0
TotalOnlineSales;PrivateLabel;wk 17 19;13367;1.99;2.82;2.09;3.01;0;0;0
TotalOnlineSales;PrivateLabel;wk 18 19;14213;2.07;2.96;2.16;3.15;0;0;0
TotalOnlineSales;PrivateLabel;wk 19 19;14295;2.03;2.88;2.16;3.14;0;0;0
TotalOnlineSales;PrivateLabel;wk 20 19;19100;2.14;3.16;2.11;3.03;51;0;0
TotalOnlineSales;PrivateLabel;wk 21 19;16805;1.99;2.8;2.06;2.93;0;0;0
TotalOnlineSales;PrivateLabel;wk 22 19;15700;2;2.82;2.07;2.98;0;0;0
TotalOnlineSales;PrivateLabel;wk 23 19;18002;2;2.82;2.07;2.96;0;0;0
TotalOnlineSales;PrivateLabel;wk 24 19;15286;2.05;2.9;2.09;2.98;0;0;0
TotalOnlineSales;PrivateLabel;wk 25 19;17338;2.01;2.82;2.03;2.86;0;0;0
TotalOnlineSales;PrivateLabel;wk 26 19;19376;1.96;2.75;2.04;2.88;0;0;0
TotalOnlineSales;PrivateLabel;wk 27 19;17451;1.95;2.75;2;2.83;0;0;0
TotalOnlineSales;PrivateLabel;wk 28 19;16508;1.99;2.8;2.07;2.95;0;0;0
TotalOnlineSales;PrivateLabel;wk 29 19;14660;2.01;2.84;2.03;2.87;0;0;0
TotalOnlineSales;PrivateLabel;wk 30 19;15438;2;2.82;2.03;2.87;0;0;0
TotalOnlineSales;PrivateLabel;wk 31 19;12683;2;2.83;2.07;2.94;0;0;0
TotalOnlineSales;PrivateLabel;wk 32 19;11290;1.97;2.79;2.03;2.9;0;0;0
TotalOnlineSales;PrivateLabel;wk 33 19;17033;1.9;2.78;2.06;2.94;47;0;0
TotalOnlineSales;PrivateLabel;wk 34 19;14572;1.94;2.75;1.98;2.83;0;0;0
TotalOnlineSales;PrivateLabel;wk 35 19;17398;1.92;2.71;1.97;2.78;0;0;0
TotalOnlineSales;PrivateLabel;wk 36 19;16920;1.95;2.76;1.97;2.79;0;0;0
TotalOnlineSales;PrivateLabel;wk 37 19;15789;1.98;2.81;2;2.84;0;0;0
TotalOnlineSales;PrivateLabel;wk 38 19;16823;1.98;2.8;1.99;2.83;0;0;0
TotalOnlineSales;PrivateLabel;wk 39 19;16578;1.97;2.8;2;2.85;0;0;0
TotalOnlineSales;PrivateLabel;wk 40 19;15141;2;2.85;2.07;2.98;0;0;0
TotalOnlineSales;PrivateLabel;wk 41 19;15477;2.04;2.89;2.06;2.95;0;0;0
TotalOnlineSales;PrivateLabel;wk 42 19;15222;2.02;2.86;2.09;2.99;0;0;0
TotalOnlineSales;PrivateLabel;wk 43 19;15162;1.99;2.82;1.86;2.61;0;0;0
TotalOnlineSales;PrivateLabel;wk 44 19;15775;1.99;2.81;1.89;2.64;0;0;0
TotalOnlineSales;PrivateLabel;wk 45 19;15899;1.99;2.83;1.96;2.77;42;0;0
TotalOnlineSales;PrivateLabel;wk 46 19;15782;2.02;2.86;1.97;2.8;0;0;0
TotalOnlineSales;PrivateLabel;wk 47 19;16743;1.99;2.8;2.01;2.83;0;0;0
TotalOnlineSales;PrivateLabel;wk 48 19;16509;2.01;2.87;2.05;2.91;0;0;0
TotalOnlineSales;PrivateLabel;wk 49 19;16230;1.99;2.81;2.03;2.88;0;0;0
TotalOnlineSales;PrivateLabel;wk 50 19;16879;2.02;2.88;2.06;2.96;0;0;0
TotalOnlineSales;PrivateLabel;wk 51 19;18651;1.99;2.82;2.05;2.91;0;0;0
TotalOnlineSales;PrivateLabel;wk 52 19;8391;2;2.83;2.02;2.88;0;0;0
TotalOnlineSales;PrivateLabel;wk 01 20;11025;2.05;2.94;2.11;3.03;0;0;0
TotalOnlineSales;PrivateLabel;wk 02 20;15604;2.01;2.84;2.01;2.86;0;0;0
TotalOnlineSales;PrivateLabel;wk 03 20;15917;2.07;2.95;2.11;3;0;0;0
TotalOnlineSales;PrivateLabel;wk 04 20;16633;2.01;2.86;2.03;2.88;0;0;0
TotalOnlineSales;PrivateLabel;wk 05 20;16534;2.02;2.88;2.06;2.95;0;0;0
TotalOnlineSales;PrivateLabel;wk 06 20;16057;2.03;2.88;2.08;2.97;0;0;0
TotalOnlineSales;PrivateLabel;wk 07 20;16429;2.04;2.9;2.1;3;0;0;0
TotalOnlineSales;PrivateLabel;wk 08 20;16400;1.98;2.79;2.08;2.95;0;0;0
TotalOnlineSales;PrivateLabel;wk 09 20;17228;2.01;2.86;2.09;2.97;0;0;0
TotalOnlineSales;PrivateLabel;wk 10 20;23599;2.04;2.98;2.08;2.96;41;0;0
TotalOnlineSales;PrivateLabel;wk 11 20;19063;2;2.83;2.09;2.98;0;0;0
TotalOnlineSales;PrivateLabel;wk 12 20;16721;1.96;2.74;2.06;2.89;0;0;0
TotalOnlineSales;PrivateLabel;wk 13 20;15467;2.01;2.82;2.08;2.92;0;0;0
TotalOnlineSales;PrivateLabel;wk 14 20;14438;2.01;2.82;2.06;2.9;0;0;0
TotalOnlineSales;PrivateLabel;wk 15 20;14486;2.05;2.89;2.1;2.97;0;0;0
TotalOnlineSales;PrivateLabel;wk 16 20;14342;2.1;2.97;2.14;3.02;0;0;0
TotalOnlineSales;PrivateLabel;wk 17 20;15392;2.04;2.89;2.09;2.96;0;0;0
TotalOnlineSales;PrivateLabel;wk 18 20;15856;2.11;3.02;2.19;3.12;0;0;0
TotalOnlineSales;PrivateLabel;wk 19 20;15090;2.09;2.99;2.15;3.07;0;0;0
TotalOnlineSales;PrivateLabel;wk 20 20;16805;2.15;3.08;2.13;3.05;0;0;0
TotalOnlineSales;PrivateLabel;wk 21 20;16564;2.15;3.08;2.15;3.08;0;0;0
TotalOnlineSales;PrivateLabel;wk 22 20;17395;2.11;3.02;2.17;3.13;0;0;0
TotalOnlineSales;PrivateLabel;wk 23 20;17637;2.12;3.02;2.14;3.06;0;0;0
TotalOnlineSales;PrivateLabel;wk 24 20;16280;2.11;3.04;2.16;3.1;0;0;0
TotalOnlineSales;PrivateLabel;wk 25 20;16851;2.09;3;2.13;3.06;0;0;0
TotalOnlineSales;PrivateLabel;wk 26 20;19035;2.08;2.96;2.13;3.07;0;0;0
TotalOnlineSales;PrivateLabel;wk 27 20;19710;2.06;2.94;2.14;3.07;0;0;0
TotalOnlineSales;PrivateLabel;wk 28 20;16691;2.05;2.9;2.13;3.03;0;0;0
TotalOnlineSales;PrivateLabel;wk 29 20;15834;2.04;2.9;2.13;3.03;0;0;0
TotalOnlineSales;PrivateLabel;wk 30 20;14845;2.08;2.98;2.17;3.13;0;0;0
TotalOnlineSales;PrivateLabel;wk 31 20;13573;2.02;2.88;2.1;3.01;0;0;0
TotalOnlineSales;PrivateLabel;wk 32 20;14119;2.01;2.88;2.06;2.94;0;0;0
TotalOnlineSales;PrivateLabel;wk 33 20;17101;2;2.84;2.03;2.91;0;0;0
TotalOnlineSales;PrivateLabel;wk 34 20;17521;1.99;2.82;2.03;2.89;0;0;0
TotalOnlineSales;PrivateLabel;wk 35 20;18035;2.01;2.86;2.07;2.97;0;0;0
TotalOnlineSales;PrivateLabel;wk 36 20;16956;2.07;2.94;2.07;2.95;0;0;0
TotalOnlineSales;PrivateLabel;wk 37 20;16589;2.09;2.98;2.11;3.02;0;0;0
TotalOnlineSales;PrivateLabel;wk 38 20;16362;2.05;2.93;2.11;3.02;0;0;0
TotalOnlineSales;PrivateLabel;wk 39 20;17409;2.06;2.93;2.09;2.99;0;0;0
TotalOnlineSales;PrivateLabel;wk 40 20;16828;2.05;2.9;2.1;3;0;0;0
TotalOnlineSales;PrivateLabel;wk 41 20;16998;2.09;2.97;2.07;2.97;0;0;0
TotalOnlineSales;PrivateLabel;wk 42 20;16265;2.07;2.91;2.1;2.96;0;0;0
TotalOnlineSales;PrivateLabel;wk 43 20;15698;2.06;2.92;2.07;2.95;0;0;0
TotalOnlineSales;PrivateLabel;wk 44 20;16687;2.11;3.05;2.14;3.1;0;0;0
TotalOnlineSales;PrivateLabel;wk 45 20;16969;2.11;3.04;2.15;3.09;0;0;0
TotalOnlineSales;PrivateLabel;wk 46 20;17792;2.11;3.06;2.18;3.16;0;0;0
TotalOnlineSales;PrivateLabel;wk 47 20;17112;2.09;3.02;2.17;3.14;0;0;0
TotalOnlineSales;PrivateLabel;wk 48 20;19031;2.08;2.98;2.15;3.09;0;0;0
TotalOnlineSales;PrivateLabel;wk 49 20;18447;2.09;3;2.14;3.08;0;0;0
TotalOnlineSales;PrivateLabel;wk 50 20;18270;2.09;3;2.15;3.1;0;0;0
TotalOnlineSales;PrivateLabel;wk 51 20;19755;2.08;2.98;2.13;3.05;0;0;0
TotalOnlineSales;PrivateLabel;wk 52 20;11745;2.09;3;2.14;3.08;0;0;0
TotalOnlineSales;EuroShopper;wk 01 17;3473;1.2;1.35;1.21;1.36;0;0;0
TotalOnlineSales;EuroShopper;wk 02 17;4403;1.21;1.36;1.22;1.39;0;0;0
TotalOnlineSales;EuroShopper;wk 03 17;4303;1.24;1.42;1.21;1.38;0;0;0
TotalOnlineSales;EuroShopper;wk 04 17;4368;1.2;1.36;1.21;1.37;0;0;0
TotalOnlineSales;EuroShopper;wk 05 17;4147;1.2;1.35;1.21;1.37;0;0;0
TotalOnlineSales;EuroShopper;wk 06 17;4231;1.23;1.4;1.21;1.37;0;0;0
TotalOnlineSales;EuroShopper;wk 07 17;4467;1.2;1.35;1.2;1.35;0;0;0
TotalOnlineSales;EuroShopper;wk 08 17;5700;1.18;1.36;1.19;1.36;0;0;0
TotalOnlineSales;EuroShopper;wk 09 17;4460;1.19;1.37;1.21;1.41;0;0;0
TotalOnlineSales;EuroShopper;wk 10 17;4867;1.21;1.41;1.2;1.4;0;0;0
TotalOnlineSales;EuroShopper;wk 11 17;5101;1.19;1.37;1.2;1.39;0;0;0
TotalOnlineSales;EuroShopper;wk 12 17;5311;1.19;1.36;1.19;1.37;0;0;0
TotalOnlineSales;EuroShopper;wk 13 17;5346;1.17;1.34;1.19;1.37;0;0;0
TotalOnlineSales;EuroShopper;wk 14 17;5685;1.17;1.34;1.19;1.36;0;0;0
TotalOnlineSales;EuroShopper;wk 15 17;6082;1.21;1.4;1.21;1.39;0;0;0
TotalOnlineSales;EuroShopper;wk 16 17;4466;1.17;1.33;1.17;1.34;0;0;0
TotalOnlineSales;EuroShopper;wk 17 17;4327;1.18;1.34;1.16;1.31;0;0;0
TotalOnlineSales;EuroShopper;wk 18 17;4105;1.15;1.31;1.14;1.3;0;0;0
TotalOnlineSales;EuroShopper;wk 19 17;4553;1.12;1.27;1.13;1.28;0;0;0
TotalOnlineSales;EuroShopper;wk 20 17;5188;1.15;1.3;1.18;1.35;0;0;0
TotalOnlineSales;EuroShopper;wk 21 17;5652;1.16;1.32;1.17;1.33;60;0;0
TotalOnlineSales;EuroShopper;wk 22 17;6470;1.14;1.29;1.16;1.31;0;0;0
TotalOnlineSales;EuroShopper;wk 23 17;5603;1.16;1.3;1.12;1.25;0;0;0
TotalOnlineSales;EuroShopper;wk 24 17;5122;1.19;1.34;1.14;1.28;0;0;0
TotalOnlineSales;EuroShopper;wk 25 17;6469;1.2;1.36;1.21;1.37;0;0;0
TotalOnlineSales;EuroShopper;wk 26 17;6081;1.16;1.3;1.17;1.31;0;0;0
TotalOnlineSales;EuroShopper;wk 27 17;6106;1.21;1.37;1.21;1.37;0;0;0
TotalOnlineSales;EuroShopper;wk 28 17;6192;1.17;1.32;1.19;1.35;0;0;0
TotalOnlineSales;EuroShopper;wk 29 17;4653;1.14;1.28;1.14;1.27;0;0;0
TotalOnlineSales;EuroShopper;wk 30 17;4406;1.15;1.29;1.14;1.28;0;0;0
TotalOnlineSales;EuroShopper;wk 31 17;4127;1.16;1.3;1.16;1.3;0;0;0
TotalOnlineSales;EuroShopper;wk 32 17;3875;1.14;1.27;1.13;1.25;0;0;0
TotalOnlineSales;EuroShopper;wk 33 17;4094;1.13;1.25;1.13;1.25;0;0;0
TotalOnlineSales;EuroShopper;wk 34 17;5146;1.18;1.33;1.2;1.35;0;0;0
TotalOnlineSales;EuroShopper;wk 35 17;5412;1.19;1.35;1.19;1.34;0;0;0
TotalOnlineSales;EuroShopper;wk 36 17;4873;1.18;1.33;1.17;1.32;0;0;0
TotalOnlineSales;EuroShopper;wk 37 17;5215;1.17;1.31;1.18;1.33;61;0;0
TotalOnlineSales;EuroShopper;wk 38 17;5085;1.22;1.39;1.21;1.37;0;0;0
TotalOnlineSales;EuroShopper;wk 39 17;4968;1.22;1.4;1.21;1.37;0;0;0
TotalOnlineSales;EuroShopper;wk 40 17;5138;1.2;1.36;1.2;1.36;0;0;0
TotalOnlineSales;EuroShopper;wk 41 17;4919;1.19;1.34;1.19;1.35;0;0;0
TotalOnlineSales;EuroShopper;wk 42 17;4642;1.19;1.35;1.2;1.37;0;0;0
TotalOnlineSales;EuroShopper;wk 43 17;5121;1.16;1.31;1.18;1.33;0;0;0
TotalOnlineSales;EuroShopper;wk 44 17;4827;1.24;1.42;1.24;1.42;0;0;0
TotalOnlineSales;EuroShopper;wk 45 17;5240;1.19;1.34;1.2;1.36;0;0;0
TotalOnlineSales;EuroShopper;wk 46 17;4915;1.19;1.36;1.2;1.36;0;0;0
TotalOnlineSales;EuroShopper;wk 47 17;5240;1.18;1.34;1.19;1.36;0;0;0
TotalOnlineSales;EuroShopper;wk 48 17;5018;1.23;1.42;1.2;1.37;0;0;0
TotalOnlineSales;EuroShopper;wk 49 17;4650;1.2;1.37;1.21;1.38;0;0;0
TotalOnlineSales;EuroShopper;wk 50 17;5352;1.19;1.34;1.2;1.37;0;0;0
TotalOnlineSales;EuroShopper;wk 51 17;5914;1.17;1.32;1.16;1.31;0;0;0
TotalOnlineSales;EuroShopper;wk 52 17;3276;1.19;1.34;1.19;1.34;0;0;0
TotalOnlineSales;EuroShopper;wk 01 18;3952;1.2;1.37;1.2;1.37;0;0;0
TotalOnlineSales;EuroShopper;wk 02 18;4355;1.23;1.41;1.2;1.36;0;0;0
TotalOnlineSales;EuroShopper;wk 03 18;4900;1.23;1.4;1.2;1.37;0;0;0
TotalOnlineSales;EuroShopper;wk 04 18;4918;1.18;1.33;1.19;1.35;0;0;0
TotalOnlineSales;EuroShopper;wk 05 18;5167;1.2;1.36;1.19;1.36;0;0;0
TotalOnlineSales;EuroShopper;wk 06 18;4926;1.18;1.34;1.19;1.36;0;0;0
TotalOnlineSales;EuroShopper;wk 07 18;4692;1.2;1.38;1.2;1.37;0;0;0
TotalOnlineSales;EuroShopper;wk 08 18;4996;1.18;1.34;1.2;1.36;0;0;0
TotalOnlineSales;EuroShopper;wk 09 18;4859;1.21;1.37;1.19;1.35;0;0;0
TotalOnlineSales;EuroShopper;wk 10 18;4963;1.25;1.43;1.19;1.36;0;0;0
TotalOnlineSales;EuroShopper;wk 11 18;5250;1.23;1.4;1.22;1.39;0;0;0
TotalOnlineSales;EuroShopper;wk 12 18;5597;1.22;1.39;1.23;1.4;0;0;0
TotalOnlineSales;EuroShopper;wk 13 18;5614;1.2;1.35;1.23;1.39;0;0;0
TotalOnlineSales;EuroShopper;wk 14 18;5091;1.22;1.38;1.21;1.37;0;0;0
TotalOnlineSales;EuroShopper;wk 15 18;5194;1.22;1.37;1.21;1.37;0;0;0
TotalOnlineSales;EuroShopper;wk 16 18;5813;1.21;1.37;1.21;1.36;0;0;0
TotalOnlineSales;EuroShopper;wk 17 18;5824;1.21;1.36;1.21;1.36;0;0;0
TotalOnlineSales;EuroShopper;wk 18 18;5548;1.23;1.4;1.22;1.38;0;0;0
TotalOnlineSales;EuroShopper;wk 19 18;4688;1.18;1.32;1.17;1.31;0;0;0
TotalOnlineSales;EuroShopper;wk 20 18;6240;1.2;1.35;1.19;1.33;0;0;0
TotalOnlineSales;EuroShopper;wk 21 18;6466;1.2;1.35;1.19;1.33;0;0;0
TotalOnlineSales;EuroShopper;wk 22 18;7534;1.19;1.33;1.19;1.33;0;0;0
TotalOnlineSales;EuroShopper;wk 23 18;6288;1.22;1.38;1.23;1.39;0;0;0
TotalOnlineSales;EuroShopper;wk 24 18;6136;1.22;1.37;1.22;1.37;0;0;0
TotalOnlineSales;EuroShopper;wk 25 18;6352;1.19;1.33;1.2;1.35;0;0;0
TotalOnlineSales;EuroShopper;wk 26 18;6368;1.18;1.31;1.2;1.34;0;0;0
TotalOnlineSales;EuroShopper;wk 27 18;7305;1.19;1.33;1.19;1.33;0;0;0
TotalOnlineSales;EuroShopper;wk 28 18;6543;1.15;1.27;1.16;1.29;0;0;0
TotalOnlineSales;EuroShopper;wk 29 18;5869;1.14;1.25;1.14;1.25;0;0;0
TotalOnlineSales;EuroShopper;wk 30 18;6289;1.1;1.2;1.11;1.22;0;0;0
TotalOnlineSales;EuroShopper;wk 31 18;6113;1.1;1.2;1.1;1.21;0;0;0
TotalOnlineSales;EuroShopper;wk 32 18;4378;1.29;1.49;1.2;1.35;0;0;0
TotalOnlineSales;EuroShopper;wk 33 18;3956;1.4;1.68;1.19;1.33;0;0;0
TotalOnlineSales;EuroShopper;wk 34 18;5409;1.15;1.29;1.19;1.34;0;0;0
TotalOnlineSales;EuroShopper;wk 35 18;5861;1.16;1.29;1.16;1.28;0;0;0
TotalOnlineSales;EuroShopper;wk 36 18;5669;1.2;1.35;1.2;1.35;0;0;0
TotalOnlineSales;EuroShopper;wk 37 18;5115;1.18;1.33;1.19;1.34;0;0;0
TotalOnlineSales;EuroShopper;wk 38 18;6124;1.17;1.32;1.18;1.32;0;0;0
TotalOnlineSales;EuroShopper;wk 39 18;6104;1.19;1.35;1.17;1.32;0;0;0
TotalOnlineSales;EuroShopper;wk 40 18;5529;1.21;1.37;1.19;1.33;0;0;0
TotalOnlineSales;EuroShopper;wk 41 18;5276;1.25;1.4;1.22;1.36;0;0;0
TotalOnlineSales;EuroShopper;wk 42 18;5232;1.22;1.36;1.22;1.36;0;0;0
TotalOnlineSales;EuroShopper;wk 43 18;4994;1.22;1.37;1.22;1.37;0;0;0
TotalOnlineSales;EuroShopper;wk 44 18;4384;1.22;1.37;1.22;1.36;0;0;0
TotalOnlineSales;EuroShopper;wk 45 18;4631;1.24;1.38;1.23;1.37;0;0;0
TotalOnlineSales;EuroShopper;wk 46 18;4704;1.25;1.4;1.24;1.38;0;0;0
TotalOnlineSales;EuroShopper;wk 47 18;4700;1.23;1.37;1.23;1.37;0;0;0
TotalOnlineSales;EuroShopper;wk 48 18;4615;1.13;1.23;1.15;1.26;0;0;0
TotalOnlineSales;EuroShopper;wk 49 18;4684;1.24;1.39;1.21;1.34;0;0;0
TotalOnlineSales;EuroShopper;wk 50 18;4586;1.16;1.28;1.18;1.3;0;0;0
TotalOnlineSales;EuroShopper;wk 51 18;5722;1.2;1.33;1.19;1.31;0;0;0
TotalOnlineSales;EuroShopper;wk 52 18;3079;1.2;1.33;1.2;1.33;0;0;0
TotalOnlineSales;EuroShopper;wk 01 19;3519;1.23;1.36;1.16;1.27;0;0;0
TotalOnlineSales;EuroShopper;wk 02 19;4723;1.28;1.43;1.25;1.4;0;0;0
TotalOnlineSales;EuroShopper;wk 03 19;4570;1.3;1.46;1.28;1.44;0;0;0
TotalOnlineSales;EuroShopper;wk 04 19;5208;1.29;1.45;1.29;1.45;0;0;0
TotalOnlineSales;EuroShopper;wk 05 19;4659;1.29;1.44;1.28;1.43;0;0;0
TotalOnlineSales;EuroShopper;wk 06 19;4604;1.32;1.49;1.29;1.44;0;0;0
TotalOnlineSales;EuroShopper;wk 07 19;4535;1.29;1.44;1.3;1.45;0;0;0
TotalOnlineSales;EuroShopper;wk 08 19;5195;1.25;1.39;1.3;1.45;0;0;0
TotalOnlineSales;EuroShopper;wk 09 19;4950;1.26;1.4;1.29;1.44;0;0;0
TotalOnlineSales;EuroShopper;wk 10 19;4611;1.31;1.47;1.3;1.46;0;0;0
TotalOnlineSales;EuroShopper;wk 11 19;4557;1.25;1.39;1.28;1.42;0;0;0
TotalOnlineSales;EuroShopper;wk 12 19;4844;1.27;1.41;1.28;1.42;0;0;0
TotalOnlineSales;EuroShopper;wk 13 19;5355;1.25;1.39;1.29;1.44;0;0;0
TotalOnlineSales;EuroShopper;wk 14 19;4987;1.24;1.37;1.26;1.4;0;0;0
TotalOnlineSales;EuroShopper;wk 15 19;5558;1.23;1.37;1.27;1.41;0;0;0
TotalOnlineSales;EuroShopper;wk 16 19;5486;1.22;1.35;1.27;1.41;0;0;0
TotalOnlineSales;EuroShopper;wk 17 19;4417;1.14;1.24;1.16;1.26;0;0;0
TotalOnlineSales;EuroShopper;wk 18 19;4898;1.19;1.32;1.22;1.35;0;0;0
TotalOnlineSales;EuroShopper;wk 19 19;4615;1.2;1.32;1.21;1.34;0;0;0
TotalOnlineSales;EuroShopper;wk 20 19;5278;1.21;1.34;1.23;1.37;0;0;0
TotalOnlineSales;EuroShopper;wk 21 19;5149;1.19;1.3;1.2;1.32;0;0;0
TotalOnlineSales;EuroShopper;wk 22 19;5234;1.19;1.31;1.19;1.31;0;0;0
TotalOnlineSales;EuroShopper;wk 23 19;6234;1.16;1.27;1.13;1.23;0;0;0
TotalOnlineSales;EuroShopper;wk 24 19;4260;1.12;1.22;1.13;1.22;0;0;0
TotalOnlineSales;EuroShopper;wk 25 19;5846;1.17;1.29;1.19;1.31;0;0;0
TotalOnlineSales;EuroShopper;wk 26 19;6735;1.2;1.32;1.18;1.29;0;0;0
TotalOnlineSales;EuroShopper;wk 27 19;6774;1.16;1.27;1.16;1.27;0;0;0
TotalOnlineSales;EuroShopper;wk 28 19;5784;1.18;1.29;1.17;1.28;0;0;0
TotalOnlineSales;EuroShopper;wk 29 19;5509;1.16;1.27;1.16;1.27;0;0;0
TotalOnlineSales;EuroShopper;wk 30 19;5702;1.15;1.26;1.16;1.27;0;0;0
TotalOnlineSales;EuroShopper;wk 31 19;4777;1.1;1.18;1.07;1.15;0;0;0
TotalOnlineSales;EuroShopper;wk 32 19;4077;1.13;1.23;1.13;1.22;0;0;0
TotalOnlineSales;EuroShopper;wk 33 19;4159;1.16;1.27;1.17;1.28;0;0;0
TotalOnlineSales;EuroShopper;wk 34 19;5337;1.1;1.19;1.13;1.23;0;0;0
TotalOnlineSales;EuroShopper;wk 35 19;5859;1.15;1.25;1.16;1.26;0;0;0
TotalOnlineSales;EuroShopper;wk 36 19;5563;1.2;1.33;1.18;1.3;0;0;0
TotalOnlineSales;EuroShopper;wk 37 19;4910;1.16;1.26;1.15;1.26;0;0;0
TotalOnlineSales;EuroShopper;wk 38 19;5347;1.15;1.25;1.16;1.27;0;0;0
TotalOnlineSales;EuroShopper;wk 39 19;4992;1.21;1.34;1.19;1.31;0;0;0
TotalOnlineSales;EuroShopper;wk 40 19;4554;1.2;1.33;1.2;1.32;0;0;0
TotalOnlineSales;EuroShopper;wk 41 19;4902;1.18;1.3;1.18;1.3;0;0;0
TotalOnlineSales;EuroShopper;wk 42 19;4656;1.2;1.33;1.19;1.31;0;0;0
TotalOnlineSales;EuroShopper;wk 43 19;4357;1.15;1.25;1.13;1.22;0;0;0
TotalOnlineSales;EuroShopper;wk 44 19;4555;1.21;1.34;1.14;1.24;0;0;0
TotalOnlineSales;EuroShopper;wk 45 19;4131;1.22;1.35;1.22;1.35;0;0;0
TotalOnlineSales;EuroShopper;wk 46 19;4347;1.21;1.33;1.23;1.36;0;0;0
TotalOnlineSales;EuroShopper;wk 47 19;4916;1.2;1.32;1.18;1.29;0;0;0
TotalOnlineSales;EuroShopper;wk 48 19;4622;1.22;1.35;1.2;1.32;0;0;0
TotalOnlineSales;EuroShopper;wk 49 19;4622;1.21;1.34;1.21;1.34;0;0;0
TotalOnlineSales;EuroShopper;wk 50 19;4672;1.2;1.33;1.22;1.35;0;0;0
TotalOnlineSales;EuroShopper;wk 51 19;5747;1.15;1.26;1.13;1.22;0;0;0
TotalOnlineSales;EuroShopper;wk 52 19;2374;1.12;1.22;1.13;1.22;0;0;0
TotalOnlineSales;EuroShopper;wk 01 20;3111;1.19;1.3;1.19;1.31;0;0;0
TotalOnlineSales;EuroShopper;wk 02 20;4230;1.2;1.32;1.22;1.35;0;0;0
TotalOnlineSales;EuroShopper;wk 03 20;4166;1.24;1.38;1.23;1.36;0;0;0
TotalOnlineSales;EuroShopper;wk 04 20;4744;1.14;1.25;1.13;1.23;0;0;0
TotalOnlineSales;EuroShopper;wk 05 20;4518;1.18;1.3;1.18;1.3;0;0;0
TotalOnlineSales;EuroShopper;wk 06 20;4223;1.19;1.31;1.18;1.3;0;0;0
TotalOnlineSales;EuroShopper;wk 07 20;4674;1.17;1.29;1.18;1.3;0;0;0
TotalOnlineSales;EuroShopper;wk 08 20;4598;1.15;1.26;1.18;1.29;0;0;0
TotalOnlineSales;EuroShopper;wk 09 20;4945;1.16;1.27;1.15;1.25;0;0;0
TotalOnlineSales;EuroShopper;wk 10 20;4560;1.18;1.29;1.17;1.28;0;0;0
TotalOnlineSales;EuroShopper;wk 11 20;4935;1.2;1.33;1.17;1.28;0;0;0
TotalOnlineSales;EuroShopper;wk 12 20;4759;1.19;1.31;1.18;1.3;0;0;0
TotalOnlineSales;EuroShopper;wk 13 20;4682;1.12;1.22;1.13;1.23;0;0;0
TotalOnlineSales;EuroShopper;wk 14 20;3821;1.14;1.24;1.15;1.26;0;0;0
TotalOnlineSales;EuroShopper;wk 15 20;3813;1.19;1.3;1.2;1.32;0;0;0
TotalOnlineSales;EuroShopper;wk 16 20;3441;1.18;1.3;1.19;1.31;0;0;0
TotalOnlineSales;EuroShopper;wk 17 20;3925;1.17;1.28;1.18;1.29;0;0;0
TotalOnlineSales;EuroShopper;wk 18 20;4593;1.18;1.3;1.18;1.3;0;0;0
TotalOnlineSales;EuroShopper;wk 19 20;3921;1.16;1.27;1.17;1.29;0;0;0
TotalOnlineSales;EuroShopper;wk 20 20;4358;1.21;1.34;1.19;1.31;0;0;0
TotalOnlineSales;EuroShopper;wk 21 20;4888;1.17;1.28;1.17;1.29;0;0;0
TotalOnlineSales;EuroShopper;wk 22 20;4471;1.2;1.32;1.18;1.29;0;0;0
TotalOnlineSales;EuroShopper;wk 23 20;4771;1.18;1.3;1.18;1.29;0;0;0
TotalOnlineSales;EuroShopper;wk 24 20;4498;1.19;1.29;1.15;1.26;0;0;0
TotalOnlineSales;EuroShopper;wk 25 20;4871;1.22;1.33;1.15;1.25;0;0;0
TotalOnlineSales;EuroShopper;wk 26 20;5585;1.21;1.32;1.17;1.27;0;0;0
TotalOnlineSales;EuroShopper;wk 27 20;5411;1.22;1.33;1.22;1.33;0;0;0
TotalOnlineSales;EuroShopper;wk 28 20;4886;1.09;1.16;1.11;1.18;0;0;0
TotalOnlineSales;EuroShopper;wk 29 20;5128;1.14;1.23;1.18;1.28;0;0;0
TotalOnlineSales;EuroShopper;wk 30 20;4766;1.12;1.2;1.13;1.21;0;0;0
TotalOnlineSales;EuroShopper;wk 31 20;4228;1.12;1.2;1.12;1.2;0;0;0
TotalOnlineSales;EuroShopper;wk 32 20;4676;1.12;1.2;1.14;1.22;0;0;0
TotalOnlineSales;EuroShopper;wk 33 20;5520;1.08;1.15;1.09;1.16;0;0;0
TotalOnlineSales;EuroShopper;wk 34 20;5195;0.99;1.04;0.99;1.03;0;0;0
TotalOnlineSales;EuroShopper;wk 35 20;4920;0.99;1.04;1.13;1.21;0;0;0
TotalOnlineSales;EuroShopper;wk 36 20;4368;0.99;1.04;1.09;1.16;0;0;0
TotalOnlineSales;EuroShopper;wk 37 20;3834;1.03;1.08;1.01;1.06;0;0;0
TotalOnlineSales;EuroShopper;wk 38 20;4063;0.99;1.04;1.11;1.19;0;0;0
TotalOnlineSales;EuroShopper;wk 39 20;4843;0.99;1.04;0.97;1.01;0;0;0
TotalOnlineSales;EuroShopper;wk 40 20;4644;0.98;1.03;0.99;1.04;0;0;0
TotalOnlineSales;EuroShopper;wk 41 20;4157;1.03;1.08;1.02;1.07;0;0;0
TotalOnlineSales;EuroShopper;wk 42 20;3556;1.03;1.08;1.05;1.12;0;0;0
TotalOnlineSales;EuroShopper;wk 43 20;3980;1.01;1.06;1.01;1.06;0;0;0
TotalOnlineSales;EuroShopper;wk 44 20;3726;0.88;0.91;0.89;0.91;0;0;0
TotalOnlineSales;EuroShopper;wk 45 20;3232;0.73;0.73;0.73;0.73;0;0;0
TotalOnlineSales;EuroShopper;wk 46 20;3590;0.73;0.73;0.73;0.73;0;0;0
TotalOnlineSales;EuroShopper;wk 47 20;3417;0.73;0.73;0.73;0.73;0;0;0
TotalOnlineSales;EuroShopper;wk 48 20;3749;0.73;0.73;0.81;0.83;0;0;0
TotalOnlineSales;EuroShopper;wk 49 20;3796;0.73;0.73;0.73;0.73;0;0;0
TotalOnlineSales;EuroShopper;wk 50 20;3754;0.73;0.73;0.73;0.73;0;0;0
TotalOnlineSales;EuroShopper;wk 51 20;3758;0.73;0.73;0.73;0.73;0;0;0
TotalOnlineSales;EuroShopper;wk 52 20;2809;0.73;0.73;0.73;0.73;0;0;0
TotalOnlineSales;KarvanCevitam;wk 01 17;8121;2.94;4.01;2.92;3.98;0;0;0
TotalOnlineSales;KarvanCevitam;wk 02 17;9975;2.94;3.99;2.92;3.96;0;0;0
TotalOnlineSales;KarvanCevitam;wk 03 17;10789;2.94;4;2.94;4;0;0;0
TotalOnlineSales;KarvanCevitam;wk 04 17;13177;2.8;3.8;2.9;3.93;7;0;0
TotalOnlineSales;KarvanCevitam;wk 05 17;35893;2.09;2.86;2.92;4;74;0;0
TotalOnlineSales;KarvanCevitam;wk 06 17;9576;2.93;3.99;2.93;3.99;0;0;0
TotalOnlineSales;KarvanCevitam;wk 07 17;10182;2.93;4.01;2.93;4.01;0;0;0
TotalOnlineSales;KarvanCevitam;wk 08 17;10715;2.93;3.99;2.91;3.98;0;0;0
TotalOnlineSales;KarvanCevitam;wk 09 17;10391;2.93;3.99;2.93;3.98;0;0;0
TotalOnlineSales;KarvanCevitam;wk 10 17;10958;2.94;3.99;2.94;3.99;0;0;0
TotalOnlineSales;KarvanCevitam;wk 11 17;13303;2.79;3.78;2.94;3.99;8;0;0
TotalOnlineSales;KarvanCevitam;wk 12 17;15130;2.77;3.76;2.99;4.08;35;0;0
TotalOnlineSales;KarvanCevitam;wk 13 17;14805;2.83;3.84;2.92;3.97;0;0;0
TotalOnlineSales;KarvanCevitam;wk 14 17;13464;2.94;3.99;2.94;3.99;0;0;0
TotalOnlineSales;KarvanCevitam;wk 15 17;13559;2.95;4.02;2.94;4;0;0;0
TotalOnlineSales;KarvanCevitam;wk 16 17;10282;2.94;4.02;2.94;4.01;0;0;0
TotalOnlineSales;KarvanCevitam;wk 17 17;9803;2.94;4;2.94;4.02;0;0;0
TotalOnlineSales;KarvanCevitam;wk 18 17;31874;2.09;2.86;2.86;3.9;66;0;0
TotalOnlineSales;KarvanCevitam;wk 19 17;11808;2.9;3.94;2.94;4;0;0;0
TotalOnlineSales;KarvanCevitam;wk 20 17;15349;2.74;3.73;2.88;3.92;8;0;0
TotalOnlineSales;KarvanCevitam;wk 21 17;12329;2.94;4.03;2.93;4.01;0;0;0
TotalOnlineSales;KarvanCevitam;wk 22 17;17342;2.8;3.83;3;4.1;0;0;0
TotalOnlineSales;KarvanCevitam;wk 23 17;15154;2.73;3.73;3.01;4.1;0;0;0
TotalOnlineSales;KarvanCevitam;wk 24 17;37066;2.09;2.9;2.88;3.95;62;0;0
TotalOnlineSales;KarvanCevitam;wk 25 17;14116;2.72;3.74;3;4.11;0;0;0
TotalOnlineSales;KarvanCevitam;wk 26 17;15607;2.74;3.74;2.95;4.01;0;0;0
TotalOnlineSales;KarvanCevitam;wk 27 17;15035;2.73;3.74;2.86;3.9;0;0;0
TotalOnlineSales;KarvanCevitam;wk 28 17;17195;2.61;3.6;2.79;3.87;9;0;0
TotalOnlineSales;KarvanCevitam;wk 29 17;32021;2.08;2.9;2.7;3.73;95;0;0
TotalOnlineSales;KarvanCevitam;wk 30 17;10314;2.71;3.75;2.81;3.91;0;0;0
TotalOnlineSales;KarvanCevitam;wk 31 17;9352;2.73;3.77;2.81;3.87;0;0;0
TotalOnlineSales;KarvanCevitam;wk 32 17;10018;2.73;3.81;2.81;4.02;0;0;0
TotalOnlineSales;KarvanCevitam;wk 33 17;10704;2.73;3.76;2.81;3.88;0;0;0
TotalOnlineSales;KarvanCevitam;wk 34 17;13022;2.84;3.89;2.76;3.77;0;0;0
TotalOnlineSales;KarvanCevitam;wk 35 17;15905;2.75;3.74;2.78;3.8;6;0;0
TotalOnlineSales;KarvanCevitam;wk 36 17;39768;2.11;2.89;2.76;3.8;65;0;0
TotalOnlineSales;KarvanCevitam;wk 37 17;10803;2.93;3.98;2.9;3.98;0;0;0
TotalOnlineSales;KarvanCevitam;wk 38 17;13213;2.75;3.75;2.97;4.07;28;0;0
TotalOnlineSales;KarvanCevitam;wk 39 17;13628;2.8;3.81;2.93;4;0;0;0
TotalOnlineSales;KarvanCevitam;wk 40 17;11891;2.94;4;2.92;3.99;0;0;0
TotalOnlineSales;KarvanCevitam;wk 41 17;36554;2.12;2.88;2.84;3.87;64;0;0
TotalOnlineSales;KarvanCevitam;wk 42 17;10031;2.9;3.96;2.92;3.98;0;0;0
TotalOnlineSales;KarvanCevitam;wk 43 17;11216;2.89;3.94;2.93;3.99;0;0;0
TotalOnlineSales;KarvanCevitam;wk 44 17;12985;2.9;3.95;2.93;4;0;0;0
TotalOnlineSales;KarvanCevitam;wk 45 17;15580;2.7;3.65;2.92;3.96;8;0;0
TotalOnlineSales;KarvanCevitam;wk 46 17;15571;2.73;3.71;2.96;4.06;27;0;0
TotalOnlineSales;KarvanCevitam;wk 47 17;15695;2.81;3.81;2.9;3.96;0;0;0
TotalOnlineSales;KarvanCevitam;wk 48 17;43184;2.1;2.86;2.85;3.89;67;0;0
TotalOnlineSales;KarvanCevitam;wk 49 17;12036;2.88;3.97;2.9;3.97;0;0;0
TotalOnlineSales;KarvanCevitam;wk 50 17;15937;2.67;3.64;2.9;3.95;9;0;0
TotalOnlineSales;KarvanCevitam;wk 51 17;16998;2.76;3.75;2.95;4;25;0;0
TotalOnlineSales;KarvanCevitam;wk 52 17;8750;2.89;3.93;2.9;3.96;0;0;0
TotalOnlineSales;KarvanCevitam;wk 01 18;10030;2.89;3.93;2.89;3.91;0;0;0
TotalOnlineSales;KarvanCevitam;wk 02 18;15984;2.79;3.79;2.9;3.94;7;0;0
TotalOnlineSales;KarvanCevitam;wk 03 18;14537;2.9;3.94;2.9;3.94;0;0;0
TotalOnlineSales;KarvanCevitam;wk 04 18;18133;2.78;3.77;2.94;3.98;28;0;0
TotalOnlineSales;KarvanCevitam;wk 05 18;17833;2.82;3.83;2.92;3.94;0;0;0
TotalOnlineSales;KarvanCevitam;wk 06 18;40816;2.33;3.2;2.89;3.95;68;0;0
TotalOnlineSales;KarvanCevitam;wk 07 18;12475;2.89;3.93;2.91;3.98;0;0;0
TotalOnlineSales;KarvanCevitam;wk 08 18;13783;2.9;3.95;2.9;3.95;0;0;0
TotalOnlineSales;KarvanCevitam;wk 09 18;14350;2.9;3.94;2.9;3.95;0;0;0
TotalOnlineSales;KarvanCevitam;wk 10 18;15397;2.9;3.94;2.9;3.97;0;0;0
TotalOnlineSales;KarvanCevitam;wk 11 18;18291;2.77;3.76;2.9;3.95;6;0;0
TotalOnlineSales;KarvanCevitam;wk 12 18;18174;2.79;3.78;2.95;3.99;28;0;0
TotalOnlineSales;KarvanCevitam;wk 13 18;47969;2.31;3.18;2.87;3.94;85;0;0
TotalOnlineSales;KarvanCevitam;wk 14 18;14113;2.73;3.71;2.91;4.02;27;0;0
TotalOnlineSales;KarvanCevitam;wk 15 18;18302;2.73;3.71;2.92;3.98;29;0;0
TotalOnlineSales;KarvanCevitam;wk 16 18;19869;2.74;3.74;2.9;3.99;30;0;0
TotalOnlineSales;KarvanCevitam;wk 17 18;20949;2.66;3.63;2.86;3.93;33;0;0
TotalOnlineSales;KarvanCevitam;wk 18 18;16577;2.75;3.76;2.86;3.9;30;0;0
TotalOnlineSales;KarvanCevitam;wk 19 18;40696;2.31;3.16;2.8;3.82;86;0;0
TotalOnlineSales;KarvanCevitam;wk 20 18;18775;2.72;3.73;2.85;3.89;30;0;0
TotalOnlineSales;KarvanCevitam;wk 21 18;20728;2.7;3.68;2.85;3.86;31;0;0
TotalOnlineSales;KarvanCevitam;wk 22 18;24147;2.81;3.81;2.83;3.83;0;0;0
TotalOnlineSales;KarvanCevitam;wk 23 18;19834;2.91;3.96;2.83;3.84;0;0;0
TotalOnlineSales;KarvanCevitam;wk 24 18;49486;2.34;3.18;2.82;3.84;66;0;0
TotalOnlineSales;KarvanCevitam;wk 25 18;18998;2.79;3.8;2.86;3.89;6;0;0
TotalOnlineSales;KarvanCevitam;wk 26 18;17730;2.9;3.96;2.9;3.96;0;0;0
TotalOnlineSales;KarvanCevitam;wk 27 18;23279;2.7;3.71;2.92;3.99;32;0;0
TotalOnlineSales;KarvanCevitam;wk 28 18;20246;2.82;3.87;2.89;3.98;0;0;0
TotalOnlineSales;KarvanCevitam;wk 29 18;34856;2.37;3.27;2.86;3.93;60;0;0
TotalOnlineSales;KarvanCevitam;wk 30 18;15106;2.76;3.84;2.86;4;5;0;0
TotalOnlineSales;KarvanCevitam;wk 31 18;16127;2.87;3.92;2.91;3.96;0;0;0
TotalOnlineSales;KarvanCevitam;wk 32 18;15560;2.89;3.93;2.89;3.94;0;0;0
TotalOnlineSales;KarvanCevitam;wk 33 18;14943;2.87;3.88;2.9;3.93;0;0;0
TotalOnlineSales;KarvanCevitam;wk 34 18;19591;2.75;3.74;2.93;4.01;30;0;0
TotalOnlineSales;KarvanCevitam;wk 35 18;19887;2.78;3.79;2.89;3.94;0;0;0
TotalOnlineSales;KarvanCevitam;wk 36 18;19675;2.8;3.82;2.9;3.97;7;0;0
TotalOnlineSales;KarvanCevitam;wk 37 18;42398;2.35;3.19;2.86;3.9;65;0;0
TotalOnlineSales;KarvanCevitam;wk 38 18;15986;2.85;3.88;2.88;3.94;0;0;0
TotalOnlineSales;KarvanCevitam;wk 39 18;17331;2.86;3.88;2.89;3.92;0;0;0
TotalOnlineSales;KarvanCevitam;wk 40 18;19160;2.78;3.77;2.9;3.93;0;0;0
TotalOnlineSales;KarvanCevitam;wk 41 18;22895;2.62;3.57;2.91;3.95;7;0;0
TotalOnlineSales;KarvanCevitam;wk 42 18;19758;2.71;3.68;2.88;3.92;0;0;0
TotalOnlineSales;KarvanCevitam;wk 43 18;18634;2.73;3.71;2.9;3.94;0;0;0
TotalOnlineSales;KarvanCevitam;wk 44 18;44997;2.31;3.14;2.84;3.86;84;0;0
TotalOnlineSales;KarvanCevitam;wk 45 18;16927;2.67;3.62;2.82;3.82;29;0;0
TotalOnlineSales;KarvanCevitam;wk 46 18;17912;2.71;3.67;2.82;3.82;29;0;0
TotalOnlineSales;KarvanCevitam;wk 47 18;44188;2.38;3.23;2.8;3.79;67;0;0
TotalOnlineSales;KarvanCevitam;wk 48 18;17321;2.65;3.6;2.79;3.79;0;0;0
TotalOnlineSales;KarvanCevitam;wk 49 18;18209;2.77;3.77;2.77;3.76;0;0;0
TotalOnlineSales;KarvanCevitam;wk 50 18;18247;2.78;3.77;2.82;3.82;6;0;0
TotalOnlineSales;KarvanCevitam;wk 51 18;42795;2.37;3.22;2.8;3.81;60;0;0
TotalOnlineSales;KarvanCevitam;wk 52 18;12401;2.61;3.54;2.84;3.85;63;0;0
TotalOnlineSales;KarvanCevitam;wk 01 19;12407;2.86;3.88;2.84;3.86;0;0;0
TotalOnlineSales;KarvanCevitam;wk 02 19;17805;2.83;3.84;2.87;3.89;9;0;0
TotalOnlineSales;KarvanCevitam;wk 03 19;17329;2.92;3.96;2.89;3.92;0;0;0
TotalOnlineSales;KarvanCevitam;wk 04 19;20952;2.84;3.85;2.93;4.02;27;0;0
TotalOnlineSales;KarvanCevitam;wk 05 19;49201;2.45;3.32;2.9;3.96;64;0;0
TotalOnlineSales;KarvanCevitam;wk 06 19;18690;2.6;3.54;2.93;4.01;7;0;0
TotalOnlineSales;KarvanCevitam;wk 07 19;31556;2.42;3.29;2.89;3.95;60;0;0
TotalOnlineSales;KarvanCevitam;wk 08 19;16344;2.93;3.98;2.93;3.99;0;0;0
TotalOnlineSales;KarvanCevitam;wk 09 19;38726;2.46;3.35;2.9;3.95;57;0;0
TotalOnlineSales;KarvanCevitam;wk 10 19;19313;2.71;3.73;2.93;4;0;0;0
TotalOnlineSales;KarvanCevitam;wk 11 19;23462;2.67;3.64;2.91;3.97;36;0;0
TotalOnlineSales;KarvanCevitam;wk 12 19;20229;2.76;3.76;2.89;3.93;31;0;0
TotalOnlineSales;KarvanCevitam;wk 13 19;19768;2.88;3.91;2.89;3.91;0;0;0
TotalOnlineSales;KarvanCevitam;wk 14 19;45232;2.46;3.35;2.85;3.89;64;0;0
TotalOnlineSales;KarvanCevitam;wk 15 19;17322;2.89;3.94;2.89;3.96;0;0;0
TotalOnlineSales;KarvanCevitam;wk 16 19;20776;2.82;3.86;2.9;3.98;6;0;0
TotalOnlineSales;KarvanCevitam;wk 17 19;30680;2.25;3.08;2.87;3.92;0;0;0
TotalOnlineSales;KarvanCevitam;wk 18 19;20969;2.78;3.8;2.94;4;0;0;0
TotalOnlineSales;KarvanCevitam;wk 19 19;46675;2.44;3.32;2.9;3.96;60;0;0
TotalOnlineSales;KarvanCevitam;wk 20 19;20518;2.74;3.74;2.91;3.95;0;0;0
TotalOnlineSales;KarvanCevitam;wk 21 19;19949;2.83;3.86;2.88;3.95;0;0;0
TotalOnlineSales;KarvanCevitam;wk 22 19;17061;2.89;3.94;2.86;3.91;0;0;0
TotalOnlineSales;KarvanCevitam;wk 23 19;23965;2.81;3.83;2.88;3.92;6;0;0
TotalOnlineSales;KarvanCevitam;wk 24 19;41859;2.48;3.39;2.86;3.91;61;0;0
TotalOnlineSales;KarvanCevitam;wk 25 19;22947;2.8;3.82;2.88;3.94;0;0;0
TotalOnlineSales;KarvanCevitam;wk 26 19;29323;2.71;3.75;2.9;3.96;5;0;0
TotalOnlineSales;KarvanCevitam;wk 27 19;75617;2.07;2.84;2.86;3.91;90;0;0
TotalOnlineSales;KarvanCevitam;wk 28 19;20739;2.74;3.82;2.9;4;36;0;0
TotalOnlineSales;KarvanCevitam;wk 29 19;16622;2.86;3.98;2.88;3.96;0;0;0
TotalOnlineSales;KarvanCevitam;wk 30 19;17728;2.94;4.04;2.87;3.95;0;0;0
TotalOnlineSales;KarvanCevitam;wk 31 19;34544;2.5;3.46;2.88;3.96;57;0;0
TotalOnlineSales;KarvanCevitam;wk 32 19;14070;2.91;3.95;2.9;3.95;0;0;0
TotalOnlineSales;KarvanCevitam;wk 33 19;16538;2.84;3.85;2.92;3.99;6;0;0
TotalOnlineSales;KarvanCevitam;wk 34 19;19961;2.79;3.78;2.93;4;0;0;0
TotalOnlineSales;KarvanCevitam;wk 35 19;26106;2.73;3.72;2.93;3.99;0;0;0
TotalOnlineSales;KarvanCevitam;wk 36 19;30538;2.4;3.56;2.9;3.98;0;0;0
TotalOnlineSales;KarvanCevitam;wk 37 19;45825;2.47;3.37;2.9;3.95;58;0;0
TotalOnlineSales;KarvanCevitam;wk 38 19;20777;2.74;3.69;2.91;3.98;9;0;0
TotalOnlineSales;KarvanCevitam;wk 39 19;20098;2.85;3.86;2.89;3.91;0;0;0
TotalOnlineSales;KarvanCevitam;wk 40 19;19979;2.85;3.88;2.9;3.95;0;0;0
TotalOnlineSales;KarvanCevitam;wk 41 19;23962;2.75;3.74;2.9;3.95;30;0;0
TotalOnlineSales;KarvanCevitam;wk 42 19;21675;2.84;3.86;2.87;3.93;0;0;0
TotalOnlineSales;KarvanCevitam;wk 43 19;37541;2.15;2.94;2.85;3.91;46;0;0
TotalOnlineSales;KarvanCevitam;wk 44 19;18156;2.91;3.97;2.86;3.91;0;0;0
TotalOnlineSales;KarvanCevitam;wk 45 19;25214;2.64;3.57;2.91;3.94;21;0;0
TotalOnlineSales;KarvanCevitam;wk 46 19;21141;2.83;3.83;2.91;3.96;0;0;0
TotalOnlineSales;KarvanCevitam;wk 47 19;24219;2.81;3.8;2.92;3.95;29;0;0
TotalOnlineSales;KarvanCevitam;wk 48 19;50592;2.47;3.37;2.9;3.97;49;0;0
TotalOnlineSales;KarvanCevitam;wk 49 19;16357;2.84;3.88;2.91;4.01;0;0;0
TotalOnlineSales;KarvanCevitam;wk 50 19;23762;2.8;3.77;2.93;3.95;7;0;0
TotalOnlineSales;KarvanCevitam;wk 51 19;53225;2.46;3.34;2.93;3.97;69;0;0
TotalOnlineSales;KarvanCevitam;wk 52 19;16564;2.6;3.53;2.93;3.99;41;0;0
TotalOnlineSales;KarvanCevitam;wk 01 20;13483;2.85;3.85;2.86;3.88;0;0;0
TotalOnlineSales;KarvanCevitam;wk 02 20;19556;2.85;3.85;2.87;3.89;0;0;0
TotalOnlineSales;KarvanCevitam;wk 03 20;19633;2.91;3.96;2.86;3.9;0;0;0
TotalOnlineSales;KarvanCevitam;wk 04 20;55315;2.55;3.43;2.87;3.87;54;0;0
TotalOnlineSales;KarvanCevitam;wk 05 20;23870;2.78;3.77;2.85;3.89;0;0;0
TotalOnlineSales;KarvanCevitam;wk 06 20;24135;2.77;3.76;2.87;3.91;10;0;0
TotalOnlineSales;KarvanCevitam;wk 07 20;19470;2.92;3.96;2.87;3.91;0;0;0
TotalOnlineSales;KarvanCevitam;wk 08 20;47005;2.57;3.46;2.91;3.96;51;0;0
TotalOnlineSales;KarvanCevitam;wk 09 20;20403;2.92;3.94;2.86;3.88;0;0;0
TotalOnlineSales;KarvanCevitam;wk 10 20;26381;2.81;3.8;2.93;3.97;28;0;0
TotalOnlineSales;KarvanCevitam;wk 11 20;38823;2.67;3.66;2.91;3.93;40;0;0
TotalOnlineSales;KarvanCevitam;wk 12 20;31229;2.77;3.74;2.92;3.97;14;0;0
TotalOnlineSales;KarvanCevitam;wk 13 20;26701;2.86;3.87;2.93;3.98;0;0;0
TotalOnlineSales;KarvanCevitam;wk 14 20;49766;2.55;3.45;2.9;3.98;47;0;0
TotalOnlineSales;KarvanCevitam;wk 15 20;22578;2.71;3.74;2.83;3.97;0;0;0
TotalOnlineSales;KarvanCevitam;wk 16 20;26600;2.78;3.81;2.88;3.97;0;0;0
TotalOnlineSales;KarvanCevitam;wk 17 20;36063;2.73;3.72;2.87;3.91;16;0;0
TotalOnlineSales;KarvanCevitam;wk 18 20;26911;2.91;3.98;2.87;3.92;0;0;0
TotalOnlineSales;KarvanCevitam;wk 19 20;60487;2.57;3.46;2.88;3.95;52;0;0
TotalOnlineSales;KarvanCevitam;wk 20 20;23151;2.91;3.97;2.9;3.96;0;0;0
TotalOnlineSales;KarvanCevitam;wk 21 20;27113;2.84;3.86;2.93;3.99;0;0;0
TotalOnlineSales;KarvanCevitam;wk 22 20;43100;2.54;3.47;2.91;3.95;33;0;0
TotalOnlineSales;KarvanCevitam;wk 23 20;33933;2.79;3.84;2.94;4.02;24;0;0
TotalOnlineSales;KarvanCevitam;wk 24 20;77632;2.53;3.48;2.9;3.96;50;0;0
TotalOnlineSales;KarvanCevitam;wk 25 20;28170;2.94;4.03;2.89;3.96;0;0;0
TotalOnlineSales;KarvanCevitam;wk 26 20;31209;3.03;4.22;2.92;4.06;0;0;0
TotalOnlineSales;KarvanCevitam;wk 27 20;35228;2.95;4.05;3;4.13;23;0;0
TotalOnlineSales;KarvanCevitam;wk 28 20;96750;2.13;2.95;3.01;4.15;65;0;0
TotalOnlineSales;KarvanCevitam;wk 29 20;24697;2.86;3.98;3.06;4.23;29;0;0
TotalOnlineSales;KarvanCevitam;wk 30 20;31207;2.8;3.88;3.04;4.19;28;0;0
TotalOnlineSales;KarvanCevitam;wk 31 20;28319;2.6;3.6;3.03;4.16;33;0;0
TotalOnlineSales;KarvanCevitam;wk 32 20;45701;2.39;3.41;3;4.14;53;0;0
TotalOnlineSales;KarvanCevitam;wk 33 20;33420;2.74;3.78;2.93;4.01;31;0;0
TotalOnlineSales;KarvanCevitam;wk 34 20;31465;2.84;3.89;2.88;3.93;0;0;0
TotalOnlineSales;KarvanCevitam;wk 35 20;31789;2.86;3.89;2.87;3.93;11;0;0
TotalOnlineSales;KarvanCevitam;wk 36 20;71447;2.56;3.52;2.87;3.94;51;0;0
TotalOnlineSales;KarvanCevitam;wk 37 20;29345;2.83;3.83;2.95;3.99;30;0;0
TotalOnlineSales;KarvanCevitam;wk 38 20;32600;2.73;3.74;2.94;4.04;31;0;0
TotalOnlineSales;KarvanCevitam;wk 39 20;43416;2.57;3.53;2.91;4;32;0;0
TotalOnlineSales;KarvanCevitam;wk 40 20;34973;2.73;3.72;2.93;3.98;30;0;0
TotalOnlineSales;KarvanCevitam;wk 41 20;32403;2.81;3.81;2.83;3.85;0;0;0
TotalOnlineSales;KarvanCevitam;wk 42 20;35499;2.79;3.77;2.83;3.85;13;0;0
TotalOnlineSales;KarvanCevitam;wk 43 20;70626;2.57;3.5;2.84;3.86;47;0;0
TotalOnlineSales;KarvanCevitam;wk 44 20;26588;2.9;3.92;2.86;3.89;0;0;0
TotalOnlineSales;KarvanCevitam;wk 45 20;31860;2.84;3.85;2.91;3.95;29;0;0
TotalOnlineSales;KarvanCevitam;wk 46 20;41726;2.81;3.8;2.88;3.9;15;0;0
TotalOnlineSales;KarvanCevitam;wk 47 20;95662;2.12;2.89;2.88;3.91;49;0;0
TotalOnlineSales;KarvanCevitam;wk 48 20;27376;2.95;4;2.95;4;0;0;0
TotalOnlineSales;KarvanCevitam;wk 49 20;37778;2.91;3.89;2.97;3.98;0;0;0
TotalOnlineSales;KarvanCevitam;wk 50 20;41694;2.63;3.57;2.93;3.98;13;0;0
TotalOnlineSales;KarvanCevitam;wk 51 20;79918;2.57;3.51;2.94;4;47;0;0
TotalOnlineSales;KarvanCevitam;wk 52 20;17935;2.93;3.98;2.95;4.01;0;0;0
TotalOnlineSales;Raak;wk 01 17;4701;1.42;1.89;1.36;1.81;0;0;0
TotalOnlineSales;Raak;wk 02 17;5718;1.42;1.89;1.36;1.81;0;0;0
TotalOnlineSales;Raak;wk 03 17;5953;1.46;1.94;1.42;1.89;0;0;0
TotalOnlineSales;Raak;wk 04 17;6424;1.46;1.94;1.43;1.9;0;0;0
TotalOnlineSales;Raak;wk 05 17;6078;1.43;1.91;1.45;1.94;0;0;0
TotalOnlineSales;Raak;wk 06 17;5944;1.43;1.91;1.45;1.94;0;0;0
TotalOnlineSales;Raak;wk 07 17;6373;1.44;1.91;1.45;1.93;0;0;0
TotalOnlineSales;Raak;wk 08 17;6577;1.44;1.91;1.46;1.94;0;0;0
TotalOnlineSales;Raak;wk 09 17;13212;1.14;1.52;1.42;1.9;61;0;0
TotalOnlineSales;Raak;wk 10 17;5824;1.43;1.91;1.43;1.91;0;0;0
TotalOnlineSales;Raak;wk 11 17;6309;1.43;1.91;1.43;1.91;0;0;0
TotalOnlineSales;Raak;wk 12 17;11728;1.15;1.53;1.42;1.89;0;0;0
TotalOnlineSales;Raak;wk 13 17;7377;1.43;1.91;1.44;1.91;0;0;0
TotalOnlineSales;Raak;wk 14 17;7623;1.43;1.9;1.43;1.9;0;0;0
TotalOnlineSales;Raak;wk 15 17;8749;1.35;1.8;1.42;1.89;5;0;0
TotalOnlineSales;Raak;wk 16 17;17744;1.04;1.38;1.39;1.86;57;0;0
TotalOnlineSales;Raak;wk 17 17;5876;1.41;1.88;1.43;1.91;0;0;0
TotalOnlineSales;Raak;wk 18 17;6053;1.4;1.87;1.43;1.9;0;0;0
TotalOnlineSales;Raak;wk 19 17;7590;1.41;1.88;1.42;1.9;0;0;0
TotalOnlineSales;Raak;wk 20 17;8497;1.41;1.88;1.41;1.89;0;0;0
TotalOnlineSales;Raak;wk 21 17;8961;1.41;1.88;1.41;1.89;0;0;0
TotalOnlineSales;Raak;wk 22 17;10752;1.41;1.88;1.41;1.89;0;0;0
TotalOnlineSales;Raak;wk 23 17;8925;1.41;1.88;1.41;1.88;0;0;0
TotalOnlineSales;Raak;wk 24 17;10833;1.31;1.75;1.41;1.88;5;0;0
TotalOnlineSales;Raak;wk 25 17;10385;1.41;1.88;1.41;1.87;0;0;0
TotalOnlineSales;Raak;wk 26 17;9836;1.41;1.88;1.41;1.88;0;0;0
TotalOnlineSales;Raak;wk 27 17;9705;1.41;1.88;1.41;1.88;0;0;0
TotalOnlineSales;Raak;wk 28 17;9209;1.41;1.88;1.41;1.88;0;0;0
TotalOnlineSales;Raak;wk 29 17;7636;1.41;1.88;1.41;1.88;0;0;0
TotalOnlineSales;Raak;wk 30 17;7889;1.41;1.88;1.41;1.88;0;0;0
TotalOnlineSales;Raak;wk 31 17;6444;1.42;1.89;1.42;1.89;0;0;0
TotalOnlineSales;Raak;wk 32 17;6170;1.41;1.88;1.42;1.89;0;0;0
TotalOnlineSales;Raak;wk 33 17;6639;1.41;1.88;1.42;1.89;0;0;0
TotalOnlineSales;Raak;wk 34 17;8254;1.41;1.88;1.41;1.88;0;0;0
TotalOnlineSales;Raak;wk 35 17;9254;1.41;1.88;1.41;1.88;0;0;0
TotalOnlineSales;Raak;wk 36 17;8800;1.41;1.88;1.41;1.88;0;0;0
TotalOnlineSales;Raak;wk 37 17;8453;1.41;1.88;1.41;1.88;0;0;0
TotalOnlineSales;Raak;wk 38 17;8112;1.41;1.88;1.41;1.88;0;0;0
TotalOnlineSales;Raak;wk 39 17;17527;1.14;1.52;1.4;1.86;54;0;0
TotalOnlineSales;Raak;wk 40 17;8141;1.41;1.88;1.41;1.88;0;0;0
TotalOnlineSales;Raak;wk 41 17;7647;1.41;1.88;1.41;1.88;0;0;0
TotalOnlineSales;Raak;wk 42 17;8231;1.4;1.87;1.41;1.88;0;0;0
TotalOnlineSales;Raak;wk 43 17;8854;1.4;1.87;1.41;1.88;0;0;0
TotalOnlineSales;Raak;wk 44 17;8869;1.4;1.87;1.41;1.88;0;0;0
TotalOnlineSales;Raak;wk 45 17;9069;1.4;1.87;1.41;1.88;0;0;0
TotalOnlineSales;Raak;wk 46 17;8970;1.4;1.87;1.41;1.88;0;0;0
TotalOnlineSales;Raak;wk 47 17;9923;1.4;1.87;1.41;1.88;0;0;0
TotalOnlineSales;Raak;wk 48 17;9695;1.39;1.85;1.4;1.87;0;0;0
TotalOnlineSales;Raak;wk 49 17;9272;1.39;1.86;1.4;1.87;0;0;0
TotalOnlineSales;Raak;wk 50 17;9728;1.39;1.86;1.4;1.87;0;0;0
TotalOnlineSales;Raak;wk 51 17;11267;1.39;1.86;1.41;1.87;0;0;0
TotalOnlineSales;Raak;wk 52 17;6763;1.41;1.88;1.4;1.86;0;0;0
TotalOnlineSales;Raak;wk 01 18;7095;1.41;1.88;1.39;1.86;0;0;0
TotalOnlineSales;Raak;wk 02 18;9223;1.43;1.91;1.4;1.87;0;0;0
TotalOnlineSales;Raak;wk 03 18;9672;1.43;1.91;1.41;1.88;0;0;0
TotalOnlineSales;Raak;wk 04 18;10687;1.42;1.9;1.43;1.9;0;0;0
TotalOnlineSales;Raak;wk 05 18;10265;1.42;1.89;1.43;1.91;0;0;0
TotalOnlineSales;Raak;wk 06 18;10267;1.42;1.89;1.42;1.9;0;0;0
TotalOnlineSales;Raak;wk 07 18;9812;1.42;1.9;1.43;1.91;0;0;0
TotalOnlineSales;Raak;wk 08 18;24617;1.06;1.41;1.41;1.88;57;0;0
TotalOnlineSales;Raak;wk 09 18;9496;1.41;1.88;1.42;1.9;0;0;0
TotalOnlineSales;Raak;wk 10 18;10149;1.41;1.88;1.42;1.9;0;0;0
TotalOnlineSales;Raak;wk 11 18;10919;1.41;1.87;1.43;1.9;0;0;0
TotalOnlineSales;Raak;wk 12 18;12009;1.41;1.88;1.42;1.89;0;0;0
TotalOnlineSales;Raak;wk 13 18;11747;1.41;1.88;1.42;1.89;0;0;0
TotalOnlineSales;Raak;wk 14 18;10267;1.42;1.89;1.42;1.9;0;0;0
TotalOnlineSales;Raak;wk 15 18;11727;1.41;1.88;1.42;1.89;0;0;0
TotalOnlineSales;Raak;wk 16 18;12751;1.41;1.88;1.42;1.89;0;0;0
TotalOnlineSales;Raak;wk 17 18;12332;1.41;1.88;1.42;1.89;0;0;0
TotalOnlineSales;Raak;wk 18 18;11093;1.41;1.88;1.43;1.9;0;0;0
TotalOnlineSales;Raak;wk 19 18;10769;1.41;1.88;1.42;1.9;0;0;0
TotalOnlineSales;Raak;wk 20 18;13546;1.41;1.88;1.41;1.88;0;0;0
TotalOnlineSales;Raak;wk 21 18;13377;1.41;1.88;1.42;1.89;0;0;0
TotalOnlineSales;Raak;wk 22 18;15517;1.41;1.88;1.42;1.89;0;0;0
TotalOnlineSales;Raak;wk 23 18;16457;1.31;1.75;1.41;1.88;7;0;0
TotalOnlineSales;Raak;wk 24 18;13754;1.41;1.88;1.41;1.89;0;0;0
TotalOnlineSales;Raak;wk 25 18;13252;1.41;1.88;1.42;1.89;0;0;0
TotalOnlineSales;Raak;wk 26 18;14405;1.41;1.87;1.41;1.88;0;0;0
TotalOnlineSales;Raak;wk 27 18;15791;1.41;1.88;1.42;1.89;0;0;0
TotalOnlineSales;Raak;wk 28 18;13626;1.41;1.88;1.41;1.88;0;0;0
TotalOnlineSales;Raak;wk 29 18;13241;1.41;1.88;1.42;1.89;0;0;0
TotalOnlineSales;Raak;wk 30 18;14429;1.41;1.88;1.41;1.89;0;0;0
TotalOnlineSales;Raak;wk 31 18;12873;1.41;1.88;1.41;1.88;0;0;0
TotalOnlineSales;Raak;wk 32 18;12044;1.41;1.88;1.41;1.88;0;0;0
TotalOnlineSales;Raak;wk 33 18;12434;1.41;1.88;1.41;1.88;0;0;0
TotalOnlineSales;Raak;wk 34 18;12990;1.4;1.87;1.41;1.88;0;0;0
TotalOnlineSales;Raak;wk 35 18;17810;1.29;1.72;1.39;1.86;9;0;0
TotalOnlineSales;Raak;wk 36 18;21730;1.05;1.4;1.39;1.86;52;0;0
TotalOnlineSales;Raak;wk 37 18;12707;1.4;1.87;1.4;1.86;0;0;0
TotalOnlineSales;Raak;wk 38 18;13799;1.4;1.87;1.4;1.87;0;0;0
TotalOnlineSales;Raak;wk 39 18;14333;1.34;1.78;1.41;1.88;7;0;0
TotalOnlineSales;Raak;wk 40 18;13630;1.38;1.84;1.41;1.88;0;0;0
TotalOnlineSales;Raak;wk 41 18;13069;1.38;1.84;1.41;1.88;0;0;0
TotalOnlineSales;Raak;wk 42 18;13770;1.38;1.84;1.41;1.88;0;0;0
TotalOnlineSales;Raak;wk 43 18;23357;1.13;1.51;1.39;1.86;53;0;0
TotalOnlineSales;Raak;wk 44 18;11917;1.38;1.84;1.39;1.86;0;0;0
TotalOnlineSales;Raak;wk 45 18;12196;1.38;1.84;1.39;1.85;0;0;0
TotalOnlineSales;Raak;wk 46 18;12815;1.38;1.84;1.39;1.85;0;0;0
TotalOnlineSales;Raak;wk 47 18;12866;1.38;1.84;1.38;1.84;0;0;0
TotalOnlineSales;Raak;wk 48 18;14165;1.38;1.84;1.38;1.85;0;0;0
TotalOnlineSales;Raak;wk 49 18;13450;1.38;1.85;1.39;1.85;0;0;0
TotalOnlineSales;Raak;wk 50 18;13877;1.4;1.87;1.38;1.84;0;0;0
TotalOnlineSales;Raak;wk 51 18;16069;1.41;1.87;1.39;1.85;0;0;0
TotalOnlineSales;Raak;wk 52 18;8500;1.41;1.88;1.41;1.88;0;0;0
TotalOnlineSales;Raak;wk 01 19;9640;1.43;1.91;1.41;1.88;0;0;0
TotalOnlineSales;Raak;wk 02 19;13676;1.44;1.92;1.4;1.87;0;0;0
TotalOnlineSales;Raak;wk 03 19;14096;1.44;1.92;1.43;1.9;0;0;0
TotalOnlineSales;Raak;wk 04 19;15653;1.44;1.92;1.44;1.92;0;0;0
TotalOnlineSales;Raak;wk 05 19;14820;1.44;1.92;1.43;1.91;0;0;0
TotalOnlineSales;Raak;wk 06 19;14933;1.43;1.91;1.44;1.92;0;0;0
TotalOnlineSales;Raak;wk 07 19;14233;1.43;1.91;1.44;1.92;0;0;0
TotalOnlineSales;Raak;wk 08 19;15993;1.38;1.84;1.43;1.91;6;0;0
TotalOnlineSales;Raak;wk 09 19;15590;1.43;1.91;1.44;1.92;0;0;0
TotalOnlineSales;Raak;wk 10 19;14609;1.43;1.91;1.44;1.92;0;0;0
TotalOnlineSales;Raak;wk 11 19;14628;1.43;1.91;1.44;1.92;0;0;0
TotalOnlineSales;Raak;wk 12 19;15405;1.43;1.9;1.44;1.91;0;0;0
TotalOnlineSales;Raak;wk 13 19;16772;1.42;1.9;1.44;1.92;0;0;0
TotalOnlineSales;Raak;wk 14 19;18448;1.36;1.81;1.43;1.91;5;0;0
TotalOnlineSales;Raak;wk 15 19;16657;1.41;1.89;1.43;1.9;0;0;0
TotalOnlineSales;Raak;wk 16 19;17062;1.42;1.89;1.42;1.89;0;0;0
TotalOnlineSales;Raak;wk 17 19;14944;1.42;1.89;1.43;1.9;0;0;0
TotalOnlineSales;Raak;wk 18 19;15822;1.42;1.89;1.42;1.9;0;0;0
TotalOnlineSales;Raak;wk 19 19;15704;1.42;1.89;1.42;1.89;0;0;0
TotalOnlineSales;Raak;wk 20 19;16240;1.42;1.89;1.42;1.89;0;0;0
TotalOnlineSales;Raak;wk 21 19;30010;1.17;1.56;1.41;1.89;51;0;0
TotalOnlineSales;Raak;wk 22 19;15711;1.49;1.98;1.42;1.89;0;0;0
TotalOnlineSales;Raak;wk 23 19;18341;1.51;2.01;1.42;1.9;0;0;0
TotalOnlineSales;Raak;wk 24 19;17770;1.45;1.94;1.48;1.97;5;0;0
TotalOnlineSales;Raak;wk 25 19;19220;1.55;2.07;1.5;2;0;0;0
TotalOnlineSales;Raak;wk 26 19;21213;1.61;2.15;1.54;2.05;0;0;0
TotalOnlineSales;Raak;wk 27 19;19920;1.62;2.16;1.55;2.07;0;0;0
TotalOnlineSales;Raak;wk 28 19;17430;1.62;2.16;1.62;2.16;0;0;0
TotalOnlineSales;Raak;wk 29 19;16204;1.61;2.15;1.63;2.18;0;0;0
TotalOnlineSales;Raak;wk 30 19;19542;1.62;2.16;1.64;2.18;0;0;0
TotalOnlineSales;Raak;wk 31 19;17468;1.55;2.06;1.63;2.17;5;0;0
TotalOnlineSales;Raak;wk 32 19;13306;1.6;2.13;1.64;2.19;0;0;0
TotalOnlineSales;Raak;wk 33 19;13669;1.6;2.13;1.64;2.18;0;0;0
TotalOnlineSales;Raak;wk 34 19;16445;1.58;2.11;1.62;2.16;0;0;0
TotalOnlineSales;Raak;wk 35 19;20423;1.56;2.08;1.63;2.17;0;0;0
TotalOnlineSales;Raak;wk 36 19;19209;1.5;2;1.61;2.15;0;0;0
TotalOnlineSales;Raak;wk 37 19;17409;1.49;1.98;1.6;2.13;0;0;0
TotalOnlineSales;Raak;wk 38 19;18041;1.48;1.98;1.58;2.11;0;0;0
TotalOnlineSales;Raak;wk 39 19;35777;1.1;1.47;1.56;2.08;51;0;0
TotalOnlineSales;Raak;wk 40 19;19416;1.3;1.74;1.53;2.04;7;0;0
TotalOnlineSales;Raak;wk 41 19;15931;1.47;1.97;1.49;1.99;0;0;0
TotalOnlineSales;Raak;wk 42 19;16409;1.48;1.98;1.48;1.98;0;0;0
TotalOnlineSales;Raak;wk 43 19;16212;1.49;1.98;1.48;1.97;0;0;0
TotalOnlineSales;Raak;wk 44 19;17769;1.49;1.99;1.48;1.97;0;0;0
TotalOnlineSales;Raak;wk 45 19;21762;1.36;1.81;1.48;1.97;43;0;0
TotalOnlineSales;Raak;wk 46 19;17768;1.49;1.98;1.49;1.98;0;0;0
TotalOnlineSales;Raak;wk 47 19;19327;1.49;1.98;1.48;1.97;0;0;0
TotalOnlineSales;Raak;wk 48 19;20218;1.49;1.99;1.49;1.99;0;0;0
TotalOnlineSales;Raak;wk 49 19;18670;1.49;1.99;1.49;1.99;0;0;0
TotalOnlineSales;Raak;wk 50 19;19502;1.49;1.99;1.49;1.99;0;0;0
TotalOnlineSales;Raak;wk 51 19;21776;1.49;1.98;1.49;1.98;0;0;0
TotalOnlineSales;Raak;wk 52 19;10524;1.49;1.99;1.49;1.99;0;0;0
TotalOnlineSales;Raak;wk 01 20;13893;1.49;1.99;1.49;1.99;0;0;0
TotalOnlineSales;Raak;wk 02 20;19138;1.49;1.99;1.5;2;0;0;0
TotalOnlineSales;Raak;wk 03 20;18819;1.49;1.99;1.49;1.98;0;0;0
TotalOnlineSales;Raak;wk 04 20;19809;1.49;1.99;1.49;1.99;0;0;0
TotalOnlineSales;Raak;wk 05 20;20162;1.49;1.98;1.49;1.99;0;0;0
TotalOnlineSales;Raak;wk 06 20;20090;1.49;1.99;1.49;1.99;0;0;0
TotalOnlineSales;Raak;wk 07 20;23044;1.42;1.89;1.5;2.01;9;0;0
TotalOnlineSales;Raak;wk 08 20;19464;1.49;1.99;1.49;1.99;0;0;0
TotalOnlineSales;Raak;wk 09 20;21187;1.49;1.99;1.49;1.99;0;0;0
TotalOnlineSales;Raak;wk 10 20;21311;1.5;2;1.5;1.99;0;0;0
TotalOnlineSales;Raak;wk 11 20;23749;1.49;1.99;1.5;2;0;0;0
TotalOnlineSales;Raak;wk 12 20;23558;1.5;2;1.5;2;0;0;0
TotalOnlineSales;Raak;wk 13 20;22299;1.49;1.99;1.5;2;0;0;0
TotalOnlineSales;Raak;wk 14 20;20448;1.49;1.99;1.5;2.01;0;0;0
TotalOnlineSales;Raak;wk 15 20;21214;1.5;1.99;1.5;2;0;0;0
TotalOnlineSales;Raak;wk 16 20;41704;1.12;1.49;1.5;2;43;0;0
TotalOnlineSales;Raak;wk 17 20;21355;1.5;2;1.5;2;0;0;0
TotalOnlineSales;Raak;wk 18 20;22548;1.49;1.99;1.5;2;0;0;0
TotalOnlineSales;Raak;wk 19 20;21677;1.49;1.99;1.5;1.99;0;0;0
TotalOnlineSales;Raak;wk 20 20;24401;1.5;2;1.5;2.01;0;0;0
TotalOnlineSales;Raak;wk 21 20;24790;1.5;1.99;1.49;1.99;0;0;0
TotalOnlineSales;Raak;wk 22 20;48744;1.23;1.65;1.49;1.99;38;0;0
TotalOnlineSales;Raak;wk 23 20;25652;1.45;1.93;1.49;1.99;0;0;0
TotalOnlineSales;Raak;wk 24 20;24138;1.49;1.99;1.49;1.99;0;0;0
TotalOnlineSales;Raak;wk 25 20;25910;1.5;2;1.5;2;0;0;0
TotalOnlineSales;Raak;wk 26 20;38793;1.75;2.33;1.77;2.36;0;0;0
TotalOnlineSales;Raak;wk 27 20;30735;1.51;2.01;1.52;2.03;0;0;0
TotalOnlineSales;Raak;wk 28 20;27394;1.5;2;1.52;2.02;2;0;0
TotalOnlineSales;Raak;wk 29 20;26744;1.58;2.11;1.5;2;0;0;0
TotalOnlineSales;Raak;wk 30 20;29307;1.43;1.91;1.49;1.99;11;0;0
TotalOnlineSales;Raak;wk 31 20;22208;1.62;2.15;1.52;2.02;0;0;0
TotalOnlineSales;Raak;wk 32 20;23997;1.62;2.16;1.61;2.14;0;0;0
TotalOnlineSales;Raak;wk 33 20;30211;1.61;2.15;1.62;2.16;0;0;0
TotalOnlineSales;Raak;wk 34 20;34511;1.61;2.15;1.63;2.17;0;0;0
TotalOnlineSales;Raak;wk 35 20;29450;1.58;2.11;1.62;2.16;0;0;0
TotalOnlineSales;Raak;wk 36 20;28338;1.57;2.1;1.61;2.15;0;0;0
TotalOnlineSales;Raak;wk 37 20;61385;1.56;2.08;1.9;2.54;35;0;0
TotalOnlineSales;Raak;wk 38 20;25859;1.56;2.08;1.62;2.16;0;0;0
TotalOnlineSales;Raak;wk 39 20;29308;1.55;2.06;1.59;2.12;0;0;0
TotalOnlineSales;Raak;wk 40 20;31442;1.61;2.15;1.67;2.22;0;0;0
TotalOnlineSales;Raak;wk 41 20;36181;1.44;1.92;1.57;2.09;10;0;0
TotalOnlineSales;Raak;wk 42 20;53396;1.32;1.76;1.56;2.08;38;0;0
TotalOnlineSales;Raak;wk 43 20;27150;1.51;2.02;1.56;2.07;48;0;0
TotalOnlineSales;Raak;wk 44 20;28711;1.51;2.02;1.53;2.04;35;0;0
TotalOnlineSales;Raak;wk 45 20;30930;1.6;2.13;1.52;2.03;38;0;0
TotalOnlineSales;Raak;wk 46 20;30451;1.61;2.15;1.52;2.03;0;0;0
TotalOnlineSales;Raak;wk 47 20;30528;1.6;2.14;1.6;2.13;0;0;0
TotalOnlineSales;Raak;wk 48 20;38659;1.57;2.09;1.61;2.15;0;0;0
TotalOnlineSales;Raak;wk 49 20;33302;1.6;2.13;1.61;2.15;0;0;0
TotalOnlineSales;Raak;wk 50 20;32118;1.6;2.13;1.62;2.15;0;0;0
TotalOnlineSales;Raak;wk 51 20;35955;1.59;2.13;1.62;2.16;0;0;0
TotalOnlineSales;Raak;wk 52 20;22148;1.6;2.14;1.62;2.15;0;0;0
TotalOnlineSales;Slimpie;wk 01 17;2128;1.84;3.2;1.75;3.05;0;0;0
TotalOnlineSales;Slimpie;wk 02 17;3073;1.72;3.01;1.75;3.04;35;0;0
TotalOnlineSales;Slimpie;wk 03 17;3080;1.8;3.16;1.84;3.23;0;0;0
TotalOnlineSales;Slimpie;wk 04 17;2511;1.8;3.13;1.83;3.19;0;0;0
TotalOnlineSales;Slimpie;wk 05 17;2454;1.79;3.09;1.84;3.19;0;0;0
TotalOnlineSales;Slimpie;wk 06 17;2613;1.79;3.09;1.84;3.18;0;0;0
TotalOnlineSales;Slimpie;wk 07 17;2508;1.77;3.08;1.84;3.23;0;0;0
TotalOnlineSales;Slimpie;wk 08 17;2786;1.76;3.06;1.78;3.09;0;0;0
TotalOnlineSales;Slimpie;wk 09 17;2376;1.76;3.06;1.77;3.08;0;0;0
TotalOnlineSales;Slimpie;wk 10 17;2598;1.76;3.05;1.77;3.06;0;0;0
TotalOnlineSales;Slimpie;wk 11 17;2891;1.77;3.06;1.76;3.05;0;0;0
TotalOnlineSales;Slimpie;wk 12 17;4681;1.45;2.52;1.72;2.98;61;0;0
TotalOnlineSales;Slimpie;wk 13 17;2727;1.71;2.98;1.75;3.04;0;0;0
TotalOnlineSales;Slimpie;wk 14 17;3177;1.72;3;1.77;3.09;0;0;0
TotalOnlineSales;Slimpie;wk 15 17;3004;1.75;3.06;1.92;3.92;0;0;0
TotalOnlineSales;Slimpie;wk 16 17;2784;1.74;3.04;1.76;3.06;0;0;0
TotalOnlineSales;Slimpie;wk 17 17;2668;1.74;3.03;1.74;3.02;0;0;0
TotalOnlineSales;Slimpie;wk 18 17;2827;1.75;3.05;1.75;3.03;0;0;0
TotalOnlineSales;Slimpie;wk 19 17;2908;1.75;3.05;1.75;3.05;0;0;0
TotalOnlineSales;Slimpie;wk 20 17;3102;1.75;3.05;1.75;3.06;0;0;0
TotalOnlineSales;Slimpie;wk 21 17;3424;1.75;3.08;1.75;3.05;0;0;0
TotalOnlineSales;Slimpie;wk 22 17;3950;1.77;3.09;1.77;3.11;0;0;0
TotalOnlineSales;Slimpie;wk 23 17;3236;1.75;3.05;1.76;3.06;0;0;0
TotalOnlineSales;Slimpie;wk 24 17;3327;1.75;3.05;1.76;3.07;0;0;0
TotalOnlineSales;Slimpie;wk 25 17;3780;1.75;3.04;1.77;3.09;0;0;0
TotalOnlineSales;Slimpie;wk 26 17;4287;1.66;2.93;1.76;3.16;40;0;0
TotalOnlineSales;Slimpie;wk 27 17;3914;1.7;3;1.79;3.18;0;0;0
TotalOnlineSales;Slimpie;wk 28 17;3291;1.76;3.07;1.78;3.1;0;0;0
TotalOnlineSales;Slimpie;wk 29 17;3009;1.75;3.05;1.76;3.08;0;0;0
TotalOnlineSales;Slimpie;wk 30 17;2886;1.75;3.04;1.76;3.05;0;0;0
TotalOnlineSales;Slimpie;wk 31 17;2708;1.75;3.04;1.76;3.05;0;0;0
TotalOnlineSales;Slimpie;wk 32 17;2411;1.74;3.03;1.78;3.17;0;0;0
TotalOnlineSales;Slimpie;wk 33 17;2676;1.76;3.06;1.77;3.09;0;0;0
TotalOnlineSales;Slimpie;wk 34 17;3142;1.75;3.05;1.76;3.06;0;0;0
TotalOnlineSales;Slimpie;wk 35 17;3292;1.77;3.07;1.76;3.06;0;0;0
TotalOnlineSales;Slimpie;wk 36 17;3188;1.77;3.09;1.77;3.1;0;0;0
TotalOnlineSales;Slimpie;wk 37 17;3703;1.68;2.94;1.75;3.06;2;0;0
TotalOnlineSales;Slimpie;wk 38 17;3378;1.74;3.01;1.76;3.04;0;0;0
TotalOnlineSales;Slimpie;wk 39 17;3370;1.75;3.03;1.76;3.05;0;0;0
TotalOnlineSales;Slimpie;wk 40 17;4093;1.67;2.92;1.8;3.14;20;0;0
TotalOnlineSales;Slimpie;wk 41 17;3637;1.7;2.96;1.74;3.01;0;0;0
TotalOnlineSales;Slimpie;wk 42 17;3244;1.76;3.04;1.76;3.06;0;0;0
TotalOnlineSales;Slimpie;wk 43 17;3254;1.75;3.05;1.76;3.06;0;0;0
TotalOnlineSales;Slimpie;wk 44 17;4643;1.48;2.58;1.75;3.07;7;0;0
TotalOnlineSales;Slimpie;wk 45 17;3320;1.76;3.05;1.76;3.04;0;0;0
TotalOnlineSales;Slimpie;wk 46 17;3413;1.77;3.07;1.76;3.06;0;0;0
TotalOnlineSales;Slimpie;wk 47 17;5774;1.53;2.65;1.74;3.02;0;0;0
TotalOnlineSales;Slimpie;wk 48 17;3488;1.73;3.01;1.77;3.09;0;0;0
TotalOnlineSales;Slimpie;wk 49 17;3439;1.74;3.01;1.76;3.06;0;0;0
TotalOnlineSales;Slimpie;wk 50 17;3464;1.74;3.02;1.75;3.04;0;0;0
TotalOnlineSales;Slimpie;wk 51 17;3835;1.75;3.04;1.76;3.06;0;0;0
TotalOnlineSales;Slimpie;wk 52 17;2658;1.74;3.03;1.75;3.02;0;0;0
TotalOnlineSales;Slimpie;wk 01 18;2888;1.74;3.02;1.76;3.06;0;0;0
TotalOnlineSales;Slimpie;wk 02 18;4812;1.63;2.85;1.76;3.06;19;0;0
TotalOnlineSales;Slimpie;wk 03 18;4790;1.67;2.94;1.74;3.04;0;0;0
TotalOnlineSales;Slimpie;wk 04 18;3612;1.74;3.04;1.75;3.05;0;0;0
TotalOnlineSales;Slimpie;wk 05 18;3331;1.75;3.05;1.78;3.13;0;0;0
TotalOnlineSales;Slimpie;wk 06 18;3487;1.74;3.03;1.75;3.07;0;0;0
TotalOnlineSales;Slimpie;wk 07 18;3357;1.74;3.02;1.76;3.1;0;0;0
TotalOnlineSales;Slimpie;wk 08 18;3606;1.73;3.03;1.76;3.09;0;0;0
TotalOnlineSales;Slimpie;wk 09 18;3515;1.73;3;1.76;3.1;0;0;0
TotalOnlineSales;Slimpie;wk 10 18;3776;1.73;2.99;1.74;3.01;0;0;0
TotalOnlineSales;Slimpie;wk 11 18;3521;1.71;2.96;1.73;3;0;0;0
TotalOnlineSales;Slimpie;wk 12 18;3906;1.69;2.93;1.75;3.06;0;0;0
TotalOnlineSales;Slimpie;wk 13 18;3767;1.7;2.95;1.75;3.05;0;0;0
TotalOnlineSales;Slimpie;wk 14 18;3850;1.65;2.87;1.75;3.05;6;0;0
TotalOnlineSales;Slimpie;wk 15 18;3789;1.65;2.87;1.74;3.03;0;0;0
TotalOnlineSales;Slimpie;wk 16 18;4037;1.62;2.82;1.73;3.03;0;0;0
TotalOnlineSales;Slimpie;wk 17 18;4163;1.61;2.79;1.73;3.06;0;0;0
TotalOnlineSales;Slimpie;wk 18 18;3806;1.62;2.81;1.7;2.95;0;0;0
TotalOnlineSales;Slimpie;wk 19 18;3780;1.7;2.95;1.65;2.87;0;0;0
TotalOnlineSales;Slimpie;wk 20 18;4489;1.74;3.02;1.65;2.88;0;0;0
TotalOnlineSales;Slimpie;wk 21 18;4082;1.73;3;1.67;2.89;0;0;0
TotalOnlineSales;Slimpie;wk 22 18;5831;1.73;3;1.74;3.02;0;0;0
TotalOnlineSales;Slimpie;wk 23 18;5296;1.74;3.01;1.75;3.03;0;0;0
TotalOnlineSales;Slimpie;wk 24 18;6496;1.6;2.81;1.75;3.04;15;0;0
TotalOnlineSales;Slimpie;wk 25 18;6138;1.68;2.95;1.73;3.04;0;0;0
TotalOnlineSales;Slimpie;wk 26 18;4819;1.78;3.1;1.78;3.08;0;0;0
TotalOnlineSales;Slimpie;wk 27 18;5346;1.77;3.08;1.82;3.3;0;0;0
TotalOnlineSales;Slimpie;wk 28 18;4878;1.8;3.12;1.77;3.08;0;0;0
TotalOnlineSales;Slimpie;wk 29 18;5560;1.75;3.03;1.77;3.07;6;0;0
TotalOnlineSales;Slimpie;wk 30 18;5921;1.79;3.11;1.8;3.12;0;0;0
TotalOnlineSales;Slimpie;wk 31 18;5210;1.8;3.12;1.8;3.13;0;0;0
TotalOnlineSales;Slimpie;wk 32 18;5174;1.8;3.11;1.8;3.12;0;0;0
TotalOnlineSales;Slimpie;wk 33 18;4415;1.78;3.09;1.82;3.15;0;0;0
TotalOnlineSales;Slimpie;wk 34 18;5180;1.77;3.08;1.81;3.17;0;0;0
TotalOnlineSales;Slimpie;wk 35 18;4655;1.76;3.05;1.88;3.54;0;0;0
TotalOnlineSales;Slimpie;wk 36 18;4323;1.75;3.04;1.79;3.11;0;0;0
TotalOnlineSales;Slimpie;wk 37 18;5521;1.62;2.82;1.8;3.16;15;0;0
TotalOnlineSales;Slimpie;wk 38 18;5332;1.66;2.88;1.76;3.07;0;0;0
TotalOnlineSales;Slimpie;wk 39 18;4543;1.74;3.03;1.78;3.18;0;0;0
TotalOnlineSales;Slimpie;wk 40 18;4222;1.69;2.92;1.76;3.05;0;0;0
TotalOnlineSales;Slimpie;wk 41 18;4145;1.68;2.9;1.76;3.05;0;0;0
TotalOnlineSales;Slimpie;wk 42 18;4368;1.67;2.9;1.74;3.01;0;0;0
TotalOnlineSales;Slimpie;wk 43 18;4713;1.67;2.89;1.73;3;0;0;0
TotalOnlineSales;Slimpie;wk 44 18;5179;1.59;2.75;1.69;2.92;4;0;0
TotalOnlineSales;Slimpie;wk 45 18;4380;1.68;2.91;1.7;2.94;0;0;0
TotalOnlineSales;Slimpie;wk 46 18;4346;1.68;2.9;1.69;2.93;0;0;0
TotalOnlineSales;Slimpie;wk 47 18;6773;1.42;2.46;1.66;2.88;62;0;0
TotalOnlineSales;Slimpie;wk 48 18;4617;1.67;2.89;1.68;2.92;0;0;0
TotalOnlineSales;Slimpie;wk 49 18;4365;1.67;2.89;1.68;2.91;0;0;0
TotalOnlineSales;Slimpie;wk 50 18;4355;1.66;2.88;1.67;2.9;0;0;0
TotalOnlineSales;Slimpie;wk 51 18;5101;1.66;2.87;1.68;2.93;0;0;0
TotalOnlineSales;Slimpie;wk 52 18;2933;1.68;2.9;1.69;2.92;0;0;0
TotalOnlineSales;Slimpie;wk 01 19;3626;1.69;2.92;1.68;2.91;0;0;0
TotalOnlineSales;Slimpie;wk 02 19;4581;1.7;2.95;1.68;2.9;0;0;0
TotalOnlineSales;Slimpie;wk 03 19;4819;1.71;2.97;1.7;2.94;0;0;0
TotalOnlineSales;Slimpie;wk 04 19;5175;1.71;2.97;1.7;2.96;0;0;0
TotalOnlineSales;Slimpie;wk 05 19;4890;1.71;2.97;1.78;3.2;0;0;0
TotalOnlineSales;Slimpie;wk 06 19;5091;1.71;2.96;1.7;2.95;0;0;0
TotalOnlineSales;Slimpie;wk 07 19;4902;1.71;2.96;1.71;2.98;0;0;0
TotalOnlineSales;Slimpie;wk 08 19;5188;1.72;2.98;1.72;2.99;0;0;0
TotalOnlineSales;Slimpie;wk 09 19;4438;1.76;3.06;1.76;3.06;0;0;0
TotalOnlineSales;Slimpie;wk 10 19;4403;1.74;3.01;1.74;3.02;0;0;0
TotalOnlineSales;Slimpie;wk 11 19;5106;1.72;2.99;1.73;3;0;0;0
TotalOnlineSales;Slimpie;wk 12 19;6641;1.65;2.86;1.72;2.97;8;0;0
TotalOnlineSales;Slimpie;wk 13 19;5630;1.72;2.98;1.73;3;0;0;0
TotalOnlineSales;Slimpie;wk 14 19;5366;1.71;2.95;1.72;2.98;0;0;0
TotalOnlineSales;Slimpie;wk 15 19;7727;1.54;2.71;1.72;2.98;21;0;0
TotalOnlineSales;Slimpie;wk 16 19;7310;1.59;2.77;1.72;3;0;0;0
TotalOnlineSales;Slimpie;wk 17 19;4709;1.72;2.99;1.74;3.01;0;0;0
TotalOnlineSales;Slimpie;wk 18 19;9357;1.36;2.35;1.71;2.96;50;0;0
TotalOnlineSales;Slimpie;wk 19 19;4838;1.68;2.91;1.72;2.97;0;0;0
TotalOnlineSales;Slimpie;wk 20 19;5190;1.69;2.93;1.71;2.96;0;0;0
TotalOnlineSales;Slimpie;wk 21 19;5794;1.67;2.89;1.7;2.94;0;0;0
TotalOnlineSales;Slimpie;wk 22 19;5237;1.71;2.96;1.74;3.14;0;0;0
TotalOnlineSales;Slimpie;wk 23 19;10502;1.47;2.56;1.69;2.94;22;0;0
TotalOnlineSales;Slimpie;wk 24 19;6490;1.63;2.85;1.68;2.93;0;0;0
TotalOnlineSales;Slimpie;wk 25 19;6540;1.66;2.87;1.7;2.94;0;0;0
TotalOnlineSales;Slimpie;wk 26 19;7509;1.68;2.91;1.71;2.96;0;0;0
TotalOnlineSales;Slimpie;wk 27 19;7100;1.7;2.95;1.7;2.95;0;0;0
TotalOnlineSales;Slimpie;wk 28 19;6311;1.69;2.92;1.7;2.96;0;0;0
TotalOnlineSales;Slimpie;wk 29 19;4891;1.71;2.98;1.69;2.92;0;0;0
TotalOnlineSales;Slimpie;wk 30 19;6150;1.73;3.03;1.71;2.96;0;0;0
TotalOnlineSales;Slimpie;wk 31 19;6375;1.75;3.04;1.71;2.96;0;0;0
TotalOnlineSales;Slimpie;wk 32 19;8169;1.42;2.46;1.71;2.96;0;0;0
TotalOnlineSales;Slimpie;wk 33 19;5509;1.72;2.99;1.73;3;0;0;0
TotalOnlineSales;Slimpie;wk 34 19;5476;1.75;3.03;1.74;3.01;0;0;0
TotalOnlineSales;Slimpie;wk 35 19;7152;1.74;3.01;1.75;3.03;0;0;0
TotalOnlineSales;Slimpie;wk 36 19;6345;1.74;3.01;1.74;3.02;0;0;0
TotalOnlineSales;Slimpie;wk 37 19;8748;1.57;2.72;1.73;3.01;20;0;0
TotalOnlineSales;Slimpie;wk 38 19;7629;1.64;2.86;1.73;3;0;0;0
TotalOnlineSales;Slimpie;wk 39 19;6646;1.67;2.89;1.75;3.02;0;0;0
TotalOnlineSales;Slimpie;wk 40 19;5859;1.7;2.95;1.76;3.06;0;0;0
TotalOnlineSales;Slimpie;wk 41 19;5968;1.72;2.97;1.76;3.05;0;0;0
TotalOnlineSales;Slimpie;wk 42 19;5763;1.72;2.97;1.75;3.03;0;0;0
TotalOnlineSales;Slimpie;wk 43 19;6174;1.7;2.94;1.71;2.97;0;0;0
TotalOnlineSales;Slimpie;wk 44 19;5923;1.75;3.03;1.71;2.99;0;0;0
TotalOnlineSales;Slimpie;wk 45 19;8991;1.46;2.52;1.73;2.99;44;0;0
TotalOnlineSales;Slimpie;wk 46 19;5887;1.66;2.88;1.71;2.95;0;0;0
TotalOnlineSales;Slimpie;wk 47 19;6291;1.69;2.93;1.71;2.99;0;0;0
TotalOnlineSales;Slimpie;wk 48 19;7695;1.6;2.77;1.7;2.94;5;0;0
TotalOnlineSales;Slimpie;wk 49 19;6461;1.69;2.94;1.71;2.98;0;0;0
TotalOnlineSales;Slimpie;wk 50 19;6571;1.68;2.91;1.7;2.94;0;0;0
TotalOnlineSales;Slimpie;wk 51 19;7018;1.68;2.91;1.7;2.96;0;0;0
TotalOnlineSales;Slimpie;wk 52 19;3806;1.7;2.94;1.72;2.97;0;0;0
TotalOnlineSales;Slimpie;wk 01 20;4962;1.62;2.8;1.72;2.97;0;0;0
TotalOnlineSales;Slimpie;wk 02 20;6492;1.58;2.75;1.74;3.02;0;0;0
TotalOnlineSales;Slimpie;wk 03 20;7203;1.56;2.72;1.72;3.03;0;0;0
TotalOnlineSales;Slimpie;wk 04 20;7516;1.54;2.7;1.68;2.96;0;0;0
TotalOnlineSales;Slimpie;wk 05 20;7267;1.63;2.82;1.67;2.89;0;0;0
TotalOnlineSales;Slimpie;wk 06 20;6504;1.68;2.9;1.68;2.9;0;0;0
TotalOnlineSales;Slimpie;wk 07 20;6564;1.68;2.9;1.68;2.91;0;0;0
TotalOnlineSales;Slimpie;wk 08 20;6800;1.67;2.88;1.69;2.91;0;0;0
TotalOnlineSales;Slimpie;wk 09 20;7449;1.67;2.88;1.68;2.9;0;0;0
TotalOnlineSales;Slimpie;wk 10 20;7515;1.67;2.88;1.69;2.93;0;0;0
TotalOnlineSales;Slimpie;wk 11 20;8009;1.65;2.86;1.68;2.91;0;0;0
TotalOnlineSales;Slimpie;wk 12 20;7244;1.68;2.91;1.68;2.89;0;0;0
TotalOnlineSales;Slimpie;wk 13 20;7809;1.72;2.97;1.68;2.91;0;0;0
TotalOnlineSales;Slimpie;wk 14 20;7165;1.72;2.97;1.69;2.92;0;0;0
TotalOnlineSales;Slimpie;wk 15 20;7721;1.71;2.95;1.72;2.97;0;0;0
TotalOnlineSales;Slimpie;wk 16 20;9025;1.6;2.78;1.72;2.96;15;0;0
TotalOnlineSales;Slimpie;wk 17 20;10033;1.65;2.87;1.71;2.95;0;0;0
TotalOnlineSales;Slimpie;wk 18 20;10980;1.57;2.71;1.71;2.96;10;0;0
TotalOnlineSales;Slimpie;wk 19 20;9490;1.58;2.73;1.73;2.98;0;0;0
TotalOnlineSales;Slimpie;wk 20 20;8959;1.66;2.87;1.71;2.97;0;0;0
TotalOnlineSales;Slimpie;wk 21 20;9351;1.67;2.89;1.71;2.95;0;0;0
TotalOnlineSales;Slimpie;wk 22 20;10232;1.63;2.82;1.7;2.95;0;0;0
TotalOnlineSales;Slimpie;wk 23 20;11047;1.63;2.83;1.69;2.94;0;0;0
TotalOnlineSales;Slimpie;wk 24 20;9904;1.64;2.83;1.65;2.86;0;0;0
TotalOnlineSales;Slimpie;wk 25 20;12862;1.53;2.65;1.67;2.91;9;0;0
TotalOnlineSales;Slimpie;wk 26 20;11300;1.64;2.83;1.68;2.9;0;0;0
TotalOnlineSales;Slimpie;wk 27 20;10923;1.63;2.84;1.65;2.89;0;0;0
TotalOnlineSales;Slimpie;wk 28 20;11076;1.58;2.77;1.65;2.86;13;0;0
TotalOnlineSales;Slimpie;wk 29 20;10514;1.62;2.85;1.65;2.89;0;0;0
TotalOnlineSales;Slimpie;wk 30 20;9919;1.59;2.77;1.69;2.95;0;0;0
TotalOnlineSales;Slimpie;wk 31 20;8842;1.63;2.84;1.69;2.93;0;0;0
TotalOnlineSales;Slimpie;wk 32 20;9379;1.66;2.89;1.69;2.97;0;0;0
TotalOnlineSales;Slimpie;wk 33 20;11430;1.64;2.84;1.69;2.94;0;0;0
TotalOnlineSales;Slimpie;wk 34 20;12398;1.61;2.8;1.65;2.87;0;0;0
TotalOnlineSales;Slimpie;wk 35 20;11272;1.65;2.86;1.63;2.83;0;0;0
TotalOnlineSales;Slimpie;wk 36 20;9620;1.68;2.92;1.64;2.85;0;0;0
TotalOnlineSales;Slimpie;wk 37 20;9729;1.66;2.87;1.67;2.89;0;0;0
TotalOnlineSales;Slimpie;wk 38 20;10169;1.63;2.82;1.67;2.9;0;0;0
TotalOnlineSales;Slimpie;wk 39 20;14789;1.46;2.54;1.66;2.89;26;0;0
TotalOnlineSales;Slimpie;wk 40 20;12002;1.59;2.78;1.66;2.89;0;0;0
TotalOnlineSales;Slimpie;wk 41 20;14570;1.47;2.54;1.67;2.89;37;0;0
TotalOnlineSales;Slimpie;wk 42 20;9164;1.59;2.76;1.64;2.84;0;0;0
TotalOnlineSales;Slimpie;wk 43 20;9062;1.61;2.79;1.63;2.83;0;0;0
TotalOnlineSales;Slimpie;wk 44 20;9979;1.6;2.77;1.65;2.85;0;0;0
TotalOnlineSales;Slimpie;wk 45 20;10064;1.6;2.76;1.64;2.84;0;0;0
TotalOnlineSales;Slimpie;wk 46 20;10939;1.57;2.72;1.63;2.82;0;0;0
TotalOnlineSales;Slimpie;wk 47 20;10571;1.57;2.71;1.61;2.79;0;0;0
TotalOnlineSales;Slimpie;wk 48 20;12123;1.57;2.71;1.61;2.77;0;0;0
TotalOnlineSales;Slimpie;wk 49 20;11054;1.58;2.73;1.61;2.78;0;0;0
TotalOnlineSales;Slimpie;wk 50 20;10776;1.56;2.7;1.59;2.75;0;0;0
TotalOnlineSales;Slimpie;wk 51 20;12276;1.57;2.72;1.58;2.73;0;0;0
TotalOnlineSales;Slimpie;wk 52 20;7731;1.57;2.72;1.58;2.73;0;0;0
TotalOnlineSales;Teisseire;wk 01 17;545;2.68;3.7;2.68;3.72;0;0;0
TotalOnlineSales;Teisseire;wk 02 17;610;2.67;3.66;2.68;3.68;0;0;0
TotalOnlineSales;Teisseire;wk 03 17;643;2.69;3.7;2.69;3.69;0;0;0
TotalOnlineSales;Teisseire;wk 04 17;686;2.68;3.65;2.69;3.64;0;0;0
TotalOnlineSales;Teisseire;wk 05 17;676;2.69;3.63;2.69;3.63;0;0;0
TotalOnlineSales;Teisseire;wk 06 17;638;2.69;3.62;2.7;3.63;0;0;0
TotalOnlineSales;Teisseire;wk 07 17;679;2.69;3.61;2.68;3.6;0;0;0
TotalOnlineSales;Teisseire;wk 08 17;690;2.68;3.64;2.68;3.64;0;0;0
TotalOnlineSales;Teisseire;wk 09 17;636;2.69;3.66;2.7;3.63;0;0;0
TotalOnlineSales;Teisseire;wk 10 17;750;2.67;3.64;2.68;3.64;0;0;0
TotalOnlineSales;Teisseire;wk 11 17;681;2.69;3.64;2.69;3.64;0;0;0
TotalOnlineSales;Teisseire;wk 12 17;1626;2.16;2.9;2.62;3.53;59;0;0
TotalOnlineSales;Teisseire;wk 13 17;701;2.68;3.65;2.68;3.64;0;0;0
TotalOnlineSales;Teisseire;wk 14 17;853;2.67;3.7;2.68;3.73;0;0;0
TotalOnlineSales;Teisseire;wk 15 17;850;2.69;3.67;2.7;3.66;0;0;0
TotalOnlineSales;Teisseire;wk 16 17;747;2.68;3.71;2.69;3.69;0;0;0
TotalOnlineSales;Teisseire;wk 17 17;706;2.68;3.71;2.69;3.68;0;0;0
TotalOnlineSales;Teisseire;wk 18 17;835;2.61;3.6;2.67;3.68;0;0;0
TotalOnlineSales;Teisseire;wk 19 17;882;2.65;3.63;2.66;3.64;0;0;0
TotalOnlineSales;Teisseire;wk 20 17;971;2.66;3.69;2.67;3.73;0;0;0
TotalOnlineSales;Teisseire;wk 21 17;1015;2.66;3.71;2.65;3.94;0;0;0
TotalOnlineSales;Teisseire;wk 22 17;989;2.66;3.68;2.67;3.79;0;0;0
TotalOnlineSales;Teisseire;wk 23 17;705;2.63;3.74;2.65;3.68;0;0;0
TotalOnlineSales;Teisseire;wk 24 17;831;2.66;3.74;2.68;3.72;0;0;0
TotalOnlineSales;Teisseire;wk 25 17;1124;2.68;3.77;2.68;3.83;0;0;0
TotalOnlineSales;Teisseire;wk 26 17;816;2.66;3.74;2.67;3.66;0;0;0
TotalOnlineSales;Teisseire;wk 27 17;827;2.65;3.75;2.67;3.7;0;0;0
TotalOnlineSales;Teisseire;wk 28 17;1057;2.51;3.49;2.73;3.82;26;0;0
TotalOnlineSales;Teisseire;wk 29 17;927;2.56;3.54;2.69;3.9;0;0;0
TotalOnlineSales;Teisseire;wk 30 17;771;2.68;3.76;2.66;4.04;0;0;0
TotalOnlineSales;Teisseire;wk 31 17;699;2.66;3.76;2.66;3.73;0;0;0
TotalOnlineSales;Teisseire;wk 32 17;671;2.71;3.7;2.7;3.7;0;0;0
TotalOnlineSales;Teisseire;wk 33 17;1464;2.66;3.62;2.66;3.68;0;0;0
TotalOnlineSales;Teisseire;wk 34 17;1747;2.66;3.63;2.67;3.65;0;0;0
TotalOnlineSales;Teisseire;wk 35 17;1850;2.66;3.63;2.65;3.62;0;0;0
TotalOnlineSales;Teisseire;wk 36 17;1923;2.67;3.6;2.65;3.62;0;0;0
TotalOnlineSales;Teisseire;wk 37 17;1097;2.53;3.46;2.78;3.8;27;0;0
TotalOnlineSales;Teisseire;wk 38 17;2758;2.15;2.88;2.72;3.71;0;0;0
TotalOnlineSales;Teisseire;wk 39 17;860;2.68;3.59;2.75;3.69;0;0;0
TotalOnlineSales;Teisseire;wk 40 17;893;2.69;3.6;2.7;3.61;0;0;0
TotalOnlineSales;Teisseire;wk 41 17;784;2.69;3.59;2.69;3.62;0;0;0
TotalOnlineSales;Teisseire;wk 42 17;862;2.7;3.6;2.71;3.62;0;0;0
TotalOnlineSales;Teisseire;wk 43 17;976;2.68;3.59;2.71;3.63;0;0;0
TotalOnlineSales;Teisseire;wk 44 17;1274;2.44;3.26;2.75;3.68;29;0;0
TotalOnlineSales;Teisseire;wk 45 17;1977;2.53;3.38;2.66;3.55;0;0;0
TotalOnlineSales;Teisseire;wk 46 17;1982;2.56;3.44;2.64;3.55;3;0;0
TotalOnlineSales;Teisseire;wk 47 17;1779;2.67;3.56;2.67;3.57;0;0;0
TotalOnlineSales;Teisseire;wk 48 17;1701;2.66;3.55;2.67;3.56;0;0;0
TotalOnlineSales;Teisseire;wk 49 17;925;2.68;3.58;2.72;3.63;0;0;0
TotalOnlineSales;Teisseire;wk 50 17;980;2.7;3.6;2.71;3.61;0;0;0
TotalOnlineSales;Teisseire;wk 51 17;1198;2.72;3.64;2.71;3.63;0;0;0
TotalOnlineSales;Teisseire;wk 52 17;650;2.72;3.63;2.72;3.63;0;0;0
TotalOnlineSales;Teisseire;wk 01 18;824;2.71;3.63;2.72;3.63;0;0;0
TotalOnlineSales;Teisseire;wk 02 18;749;2.7;3.63;2.69;3.63;0;0;0
TotalOnlineSales;Teisseire;wk 03 18;694;2.7;3.62;2.7;3.61;0;0;0
TotalOnlineSales;Teisseire;wk 04 18;717;2.7;3.63;2.7;3.62;0;0;0
TotalOnlineSales;Teisseire;wk 05 18;911;2.71;3.62;2.72;3.63;0;0;0
TotalOnlineSales;Teisseire;wk 06 18;1124;2.71;3.78;2.72;3.74;0;0;0
TotalOnlineSales;Teisseire;wk 07 18;1068;2.71;3.79;2.71;3.84;0;0;0
TotalOnlineSales;Teisseire;wk 08 18;1104;2.7;3.7;2.73;3.71;0;0;0
TotalOnlineSales;Teisseire;wk 09 18;1006;2.7;3.71;2.71;3.75;0;0;0
TotalOnlineSales;Teisseire;wk 10 18;1251;2.7;3.7;2.72;3.69;0;0;0
TotalOnlineSales;Teisseire;wk 11 18;1165;2.7;3.74;2.71;3.94;0;0;0
TotalOnlineSales;Teisseire;wk 12 18;1230;2.68;3.67;2.75;3.76;0;0;0
TotalOnlineSales;Teisseire;wk 13 18;1090;2.68;3.68;2.73;3.78;0;0;0
TotalOnlineSales;Teisseire;wk 14 18;1004;2.68;3.71;2.74;3.84;0;0;0
TotalOnlineSales;Teisseire;wk 15 18;1177;2.66;3.68;2.74;3.85;0;0;0
TotalOnlineSales;Teisseire;wk 16 18;1397;2.62;3.69;2.69;3.74;0;0;0
TotalOnlineSales;Teisseire;wk 17 18;1217;2.65;3.66;2.71;3.72;0;0;0
TotalOnlineSales;Teisseire;wk 18 18;1119;2.65;3.68;2.71;3.75;0;0;0
TotalOnlineSales;Teisseire;wk 19 18;1087;2.64;3.68;2.68;3.72;0;0;0
TotalOnlineSales;Teisseire;wk 20 18;1454;2.65;3.66;2.66;3.7;0;0;0
TotalOnlineSales;Teisseire;wk 21 18;1372;2.65;3.68;2.67;3.79;0;0;0
TotalOnlineSales;Teisseire;wk 22 18;2051;2.45;3.44;2.77;3.89;0;0;0
TotalOnlineSales;Teisseire;wk 23 18;1900;2.31;3.25;2.62;3.9;0;0;0
TotalOnlineSales;Teisseire;wk 24 18;1860;2.31;3.26;2.71;3.9;13;0;0
TotalOnlineSales;Teisseire;wk 25 18;1911;2.33;3.26;2.67;3.73;16;0;0
TotalOnlineSales;Teisseire;wk 26 18;8581;1.47;1.98;2.45;3.5;44;0;0
TotalOnlineSales;Teisseire;wk 27 18;2391;2.24;3.18;2.48;3.42;22;0;0
TotalOnlineSales;Teisseire;wk 28 18;1840;2.37;3.4;2.52;3.59;0;0;0
TotalOnlineSales;Teisseire;wk 29 18;2007;2.3;3.3;2.48;3.76;0;0;0
TotalOnlineSales;Teisseire;wk 30 18;2255;2.32;3.3;2.52;3.49;0;0;0
TotalOnlineSales;Teisseire;wk 31 18;2030;2.33;3.4;2.47;3.46;19;0;0
TotalOnlineSales;Teisseire;wk 32 18;2413;2.4;3.34;2.53;3.53;17;0;0
TotalOnlineSales;Teisseire;wk 33 18;2209;2.31;3.2;2.48;3.5;18;0;0
TotalOnlineSales;Teisseire;wk 34 18;9444;1.51;2.03;2.4;3.27;49;0;0
TotalOnlineSales;Teisseire;wk 35 18;1337;2.67;3.71;2.53;3.52;0;0;0
TotalOnlineSales;Teisseire;wk 36 18;1422;2.69;3.71;2.61;3.73;0;0;0
TotalOnlineSales;Teisseire;wk 37 18;1348;2.69;3.77;2.63;3.67;0;0;0
TotalOnlineSales;Teisseire;wk 38 18;1583;2.68;3.68;2.63;3.69;0;0;0
TotalOnlineSales;Teisseire;wk 39 18;2049;2.39;3.32;2.71;3.98;41;0;0
TotalOnlineSales;Teisseire;wk 40 18;2592;2.16;3.01;2.58;3.64;28;0;0
TotalOnlineSales;Teisseire;wk 41 18;6024;1.58;2.12;2.61;3.55;50;0;0
TotalOnlineSales;Teisseire;wk 42 18;1673;2.65;3.68;2.61;3.76;0;0;0
TotalOnlineSales;Teisseire;wk 43 18;1388;2.69;3.68;2.68;3.64;0;0;0
TotalOnlineSales;Teisseire;wk 44 18;1905;2.42;3.37;2.8;4;12;0;0
TotalOnlineSales;Teisseire;wk 45 18;1918;2.54;3.5;2.61;3.7;0;0;0
TotalOnlineSales;Teisseire;wk 46 18;1561;2.71;3.74;2.7;3.71;0;0;0
TotalOnlineSales;Teisseire;wk 47 18;1459;2.7;3.72;2.7;3.8;0;0;0
TotalOnlineSales;Teisseire;wk 48 18;1912;2.47;3.47;2.71;4;42;0;0
TotalOnlineSales;Teisseire;wk 49 18;1904;2.55;3.53;2.67;3.76;50;0;0
TotalOnlineSales;Teisseire;wk 50 18;1521;2.72;3.72;2.68;3.71;51;0;0
TotalOnlineSales;Teisseire;wk 51 18;1831;2.72;3.75;2.68;3.66;60;0;0
TotalOnlineSales;Teisseire;wk 52 18;931;2.71;3.75;2.73;3.74;50;0;0
TotalOnlineSales;Teisseire;wk 01 19;1171;2.74;3.77;2.71;3.74;0;0;0
TotalOnlineSales;Teisseire;wk 02 19;1525;2.76;3.85;2.69;3.81;0;0;0
TotalOnlineSales;Teisseire;wk 03 19;1653;2.76;3.82;2.71;3.72;0;0;0
TotalOnlineSales;Teisseire;wk 04 19;2144;2.58;3.74;2.73;3.84;4;0;0
TotalOnlineSales;Teisseire;wk 05 19;1679;2.73;3.79;2.69;3.78;0;0;0
TotalOnlineSales;Teisseire;wk 06 19;1568;2.74;3.79;2.69;3.88;0;0;0
TotalOnlineSales;Teisseire;wk 07 19;1676;2.74;3.77;2.74;3.79;0;0;0
TotalOnlineSales;Teisseire;wk 08 19;1764;2.76;3.79;2.76;4.81;0;0;0
TotalOnlineSales;Teisseire;wk 09 19;1801;2.76;3.83;2.75;3.88;0;0;0
TotalOnlineSales;Teisseire;wk 10 19;9394;1.56;2.09;2.43;3.31;48;0;0
TotalOnlineSales;Teisseire;wk 11 19;1405;2.72;3.81;2.61;3.65;0;0;0
TotalOnlineSales;Teisseire;wk 12 19;3450;2.34;3.16;2.37;3.27;38;0;0
TotalOnlineSales;Teisseire;wk 13 19;3281;2.49;3.37;2.52;3.44;51;0;0
TotalOnlineSales;Teisseire;wk 14 19;1819;2.78;3.84;2.73;3.73;63;0;0
TotalOnlineSales;Teisseire;wk 15 19;2069;2.77;3.8;2.73;3.74;48;0;0
TotalOnlineSales;Teisseire;wk 16 19;2069;2.75;3.83;2.69;3.75;0;0;0
TotalOnlineSales;Teisseire;wk 17 19;1722;2.82;3.98;2.77;3.89;0;0;0
TotalOnlineSales;Teisseire;wk 18 19;4836;2.15;2.91;2.79;3.82;49;0;0
TotalOnlineSales;Teisseire;wk 19 19;1787;2.75;3.76;2.81;3.93;0;0;0
TotalOnlineSales;Teisseire;wk 20 19;3167;2.25;3.05;2.79;3.89;6;0;0
TotalOnlineSales;Teisseire;wk 21 19;6598;2.17;2.94;2.81;3.94;88;0;0
TotalOnlineSales;Teisseire;wk 22 19;3674;2.46;3.33;2.66;3.65;0;0;0
TotalOnlineSales;Teisseire;wk 23 19;2297;2.79;3.85;2.7;3.82;0;0;0
TotalOnlineSales;Teisseire;wk 24 19;2177;2.79;3.85;2.75;3.81;0;0;0
TotalOnlineSales;Teisseire;wk 25 19;2433;2.89;4.07;2.81;3.98;0;0;0
TotalOnlineSales;Teisseire;wk 26 19;14565;1.66;2.24;2.79;3.95;47;0;0
TotalOnlineSales;Teisseire;wk 27 19;2662;2.77;3.84;2.84;3.92;0;0;0
TotalOnlineSales;Teisseire;wk 28 19;2125;2.81;3.94;2.84;4.01;0;0;0
TotalOnlineSales;Teisseire;wk 29 19;2470;2.63;3.64;2.8;3.9;4;0;0
TotalOnlineSales;Teisseire;wk 30 19;6525;2.09;2.84;2.75;3.79;44;0;0
TotalOnlineSales;Teisseire;wk 31 19;2206;2.79;3.86;2.81;3.88;0;0;0
TotalOnlineSales;Teisseire;wk 32 19;3045;2.41;3.31;2.88;3.97;39;0;0
TotalOnlineSales;Teisseire;wk 33 19;2808;2.52;3.42;2.72;3.74;0;0;0
TotalOnlineSales;Teisseire;wk 34 19;3228;2.39;3.29;2.75;3.81;3;0;0
TotalOnlineSales;Teisseire;wk 35 19;2577;2.91;4.03;2.84;3.91;0;0;0
TotalOnlineSales;Teisseire;wk 36 19;17620;1.62;2.16;2.8;3.85;53;0;0
TotalOnlineSales;Teisseire;wk 37 19;1932;2.93;4.02;2.88;4.04;0;0;0
TotalOnlineSales;Teisseire;wk 38 19;4940;2.28;3.1;2.83;3.96;45;0;0
TotalOnlineSales;Teisseire;wk 39 19;3667;2.41;3.29;2.88;4.1;21;0;0
TotalOnlineSales;Teisseire;wk 40 19;7198;2.12;2.86;2.9;4.09;54;0;0
TotalOnlineSales;Teisseire;wk 41 19;2220;2.74;3.82;2.87;4.01;0;0;0
TotalOnlineSales;Teisseire;wk 42 19;2486;2.69;3.68;2.86;3.99;0;0;0
TotalOnlineSales;Teisseire;wk 43 19;2303;2.73;3.78;2.79;4.13;0;0;0
TotalOnlineSales;Teisseire;wk 44 19;2317;2.87;3.95;2.81;3.87;0;0;0
TotalOnlineSales;Teisseire;wk 45 19;6005;2.22;3;2.81;3.86;42;0;0
TotalOnlineSales;Teisseire;wk 46 19;3565;2.49;3.38;2.77;3.88;33;0;0
TotalOnlineSales;Teisseire;wk 47 19;3542;2.62;3.57;2.76;3.84;0;0;0
TotalOnlineSales;Teisseire;wk 48 19;2700;2.74;3.76;2.81;3.85;0;0;0
TotalOnlineSales;Teisseire;wk 49 19;2508;2.88;4.01;2.78;3.86;0;0;0
TotalOnlineSales;Teisseire;wk 50 19;2508;2.9;3.97;2.81;3.84;0;0;0
TotalOnlineSales;Teisseire;wk 51 19;3237;2.67;3.64;2.86;4.08;0;0;0
TotalOnlineSales;Teisseire;wk 52 19;1814;2.71;3.7;2.89;3.94;0;0;0
TotalOnlineSales;Teisseire;wk 01 20;2292;2.7;3.71;2.9;3.99;0;0;0
TotalOnlineSales;Teisseire;wk 02 20;2939;2.74;3.75;2.9;3.98;0;0;0
TotalOnlineSales;Teisseire;wk 03 20;4768;2.28;3.14;2.82;4.69;5;0;0
TotalOnlineSales;Teisseire;wk 04 20;3046;2.83;3.87;2.76;3.78;0;0;0
TotalOnlineSales;Teisseire;wk 05 20;2635;2.99;4.14;2.8;3.91;0;0;0
TotalOnlineSales;Teisseire;wk 06 20;8509;2.2;2.96;2.82;4.13;41;0;0
TotalOnlineSales;Teisseire;wk 07 20;2747;2.81;3.88;2.86;3.94;0;0;0
TotalOnlineSales;Teisseire;wk 08 20;2702;2.78;3.83;2.87;3.97;0;0;0
TotalOnlineSales;Teisseire;wk 09 20;3375;2.79;3.8;2.85;3.94;0;0;0
TotalOnlineSales;Teisseire;wk 10 20;3290;2.84;3.9;2.82;4.2;0;0;0
TotalOnlineSales;Teisseire;wk 11 20;3333;2.96;4.07;2.86;3.97;0;0;0
TotalOnlineSales;Teisseire;wk 12 20;14457;1.67;2.24;2.85;3.98;42;0;0
TotalOnlineSales;Teisseire;wk 13 20;4839;2.59;3.52;2.86;3.91;12;0;0
TotalOnlineSales;Teisseire;wk 14 20;3367;2.94;4;2.94;4.02;0;0;0
TotalOnlineSales;Teisseire;wk 15 20;3319;2.95;4.02;2.92;4.06;0;0;0
TotalOnlineSales;Teisseire;wk 16 20;3429;2.94;4.04;2.93;4.04;0;0;0
TotalOnlineSales;Teisseire;wk 17 20;7159;2.96;4.03;2.97;4.03;0;0;0
TotalOnlineSales;Teisseire;wk 18 20;4166;2.96;4.05;2.95;4.09;0;0;0
TotalOnlineSales;Teisseire;wk 19 20;5361;2.69;3.67;2.91;4.08;19;0;0
TotalOnlineSales;Teisseire;wk 20 20;5504;2.77;3.78;2.92;3.96;0;0;0
TotalOnlineSales;Teisseire;wk 21 20;15597;2.33;3.13;2.91;4.04;41;0;0
TotalOnlineSales;Teisseire;wk 22 20;3422;2.92;4.05;2.93;4.05;0;0;0
TotalOnlineSales;Teisseire;wk 23 20;4134;2.91;4.08;2.91;4.22;0;0;0
TotalOnlineSales;Teisseire;wk 24 20;4076;2.94;4.09;2.93;4.11;0;0;0
TotalOnlineSales;Teisseire;wk 25 20;6272;2.69;3.74;2.93;4.1;28;0;0
TotalOnlineSales;Teisseire;wk 26 20;9163;2.57;3.58;2.9;4.07;8;0;0
TotalOnlineSales;Teisseire;wk 27 20;31359;1.62;2.2;2.89;4.09;0;0;0
TotalOnlineSales;Teisseire;wk 28 20;3304;2.94;4.21;2.91;4.17;51;0;0
TotalOnlineSales;Teisseire;wk 29 20;3163;2.96;4.26;2.95;4.13;33;0;0
TotalOnlineSales;Teisseire;wk 30 20;9190;2.41;3.33;2.89;4;35;0;0
TotalOnlineSales;Teisseire;wk 31 20;2976;2.95;4.23;2.94;4.16;0;0;0
TotalOnlineSales;Teisseire;wk 32 20;4810;2.66;3.75;2.92;4.14;6;0;0
TotalOnlineSales;Teisseire;wk 33 20;7083;2.68;3.77;3;4.24;36;0;0
TotalOnlineSales;Teisseire;wk 34 20;6583;2.75;3.92;2.88;4.15;0;0;0
TotalOnlineSales;Teisseire;wk 35 20;4821;2.95;4.19;2.97;4.22;0;0;0
TotalOnlineSales;Teisseire;wk 36 20;4216;2.92;4.15;2.96;4.21;0;0;0
TotalOnlineSales;Teisseire;wk 37 20;4325;2.93;4.12;2.99;4.19;0;0;0
TotalOnlineSales;Teisseire;wk 38 20;31702;1.58;2.16;2.92;4.11;22;0;0
TotalOnlineSales;Teisseire;wk 39 20;3812;2.93;4.1;2.92;4.09;0;0;0
TotalOnlineSales;Teisseire;wk 40 20;7951;2.48;3.44;2.88;4.11;0;0;0
TotalOnlineSales;Teisseire;wk 41 20;4050;2.91;4.09;2.93;4.1;0;0;0
TotalOnlineSales;Teisseire;wk 42 20;5797;2.65;3.66;2.98;4.15;29;0;0
TotalOnlineSales;Teisseire;wk 43 20;6344;2.74;3.81;2.91;4.05;0;0;0
TotalOnlineSales;Teisseire;wk 44 20;4954;2.92;4.07;2.92;4.08;0;0;0
TotalOnlineSales;Teisseire;wk 45 20;16171;2.1;2.88;2.87;4.01;37;0;0
TotalOnlineSales;Teisseire;wk 46 20;4114;2.91;4.1;2.92;4.13;0;0;0
TotalOnlineSales;Teisseire;wk 47 20;4011;2.91;4.08;3.02;4.91;0;0;0
TotalOnlineSales;Teisseire;wk 48 20;6063;2.72;3.78;2.96;4.12;33;0;0
TotalOnlineSales;Teisseire;wk 49 20;10963;2.16;2.98;2.87;4.01;6;0;0
TotalOnlineSales;Teisseire;wk 50 20;4576;2.91;4.06;2.92;4.04;0;0;0
TotalOnlineSales;Teisseire;wk 51 20;5226;2.93;4.06;2.93;4.05;0;0;0
TotalOnlineSales;Teisseire;wk 52 20;3603;2.95;4.06;2.94;4.07;0;0;0